Customer_ID,Customer_Name,Email,Phone,Gender,Date_of_Birth,City,State,Country,Join_Date,Loyalty_Status,Created_At,Last_Updated
1003,Ekaraj Bath,bimalabuch@example.org,5255341928,Female,2005-02-28,Ujjain,Manipur,India,2025-01-30,Silver,2026-04-23T10:37:26.000Z,2026-07-27T03:42:26.000Z
1021,Yug Malhotra,rkhare@example.com,5581223623,Male,1959-12-01,Vellore,Karnataka,India,2025-07-25,Gold,2026-01-15T18:57:15.000Z,2026-02-25T20:11:15.000Z
1030,Jonathan Swaminathan,arorabhavani@example.com,0471167190,Female,1965-11-14,Phusro,Jharkhand,India,2023-10-11,Platinum,2026-02-16T14:43:03.000Z,2026-02-25T03:07:03.000Z
1044,Chasmum Rege,deychakradev@example.org,3826758692,Male,1983-10-12,Unnao,Punjab,India,2023-10-25,Platinum,2026-07-08T01:34:30.000Z,2026-10-13T01:18:30.000Z
1088,Bhavini Rege,krishnasalvi@example.com,1825128682,Male,2005-01-28,Delhi,Tripura,India,2023-11-03,Platinum,2025-11-05T08:05:24.000Z,2025-11-10T08:26:24.000Z
1092,Xavier Kumer,gangabrar@example.com,0469901398,Male,1970-04-24,Dhule,West Bengal,India,2025-10-19,Gold,2025-12-10T01:50:06.000Z,2025-12-14T13:27:06.000Z
1108,Tanish Jha,dev91@example.net,7147859696,Male,1995-06-29,Karnal,Kerala,India,2025-05-16,Gold,2026-03-14T00:25:27.000Z,2026-06-22T10:52:27.000Z
1160,Rayaan Nigam,sachdevachakradhar@example.net,8270808697,Male,1990-02-19,Adoni,Goa,India,2025-03-20,Gold,2025-09-03T10:52:46.000Z,2025-10-12T14:29:46.000Z
1195,Qushi Master,abhimanyuprakash@example.org,3266341638,Male,2007-07-28,Anantapuram,Rajasthan,India,2025-07-29,Gold,2025-11-22T08:34:20.000Z,2025-12-24T23:41:20.000Z
1229,Shaurya Nagi,reyanshmangat@example.com,2241098813,Male,1992-06-18,Jamalpur,Karnataka,India,2024-11-15,Platinum,2024-12-02T11:03:44.000Z,2024-12-06T07:41:44.000Z
1238,Lucky Vyas,udyati81@example.net,8949058077,Female,1990-06-07,Chapra,Telangana,India,2025-08-05,Silver,2026-04-30T03:54:03.000Z,2026-06-06T03:13:03.000Z
1250,Ekanta Kala,,2582739021,Female,1998-07-26,Sangli-Miraj & Kupwad,Andhra Pradesh,India,2024-01-22,Platinum,2026-07-04T17:36:23.000Z,2026-09-23T16:32:23.000Z
1256,Urvashi Shere,akshay63@example.org,9290600780,Female,1984-07-06,Nangloi Jat,Uttar Pradesh,India,2025-10-06,Platinum,2026-04-13T23:47:57.000Z,2026-06-08T04:02:57.000Z
1279,Balendra Bali,chavvigala@example.com,7197889778,Male,1966-03-08,Katni,Himachal Pradesh,India,2025-02-22,Gold,2026-01-31T17:50:40.000Z,2026-05-23T04:41:40.000Z
1283,Gayathri Mahajan,walivaishnavi@example.com,8468536649,Female,1990-08-13,Motihari,Goa,India,2023-12-08,Platinum,2026-05-24T04:36:24.000Z,2026-06-08T18:59:24.000Z
1314,Tanish Sehgal,pingleneha@example.net,6776228277,Female,1964-05-07,Rajpur Sonarpur,Manipur,India,2025-05-09,Gold,2025-08-18T00:33:21.000Z,2025-11-05T21:10:21.000Z
1325,Avni Tailor,abhimanyuhayre@example.net,8728399921,Female,1995-07-27,Amritsar,Chhattisgarh,India,2025-08-24,Platinum,2026-01-11T23:23:51.000Z,2026-01-27T12:45:51.000Z
1327,Diya Ahluwalia,vhayer@example.org,3325411076,Male,1957-03-07,Chandrapur,Haryana,India,2024-09-22,Silver,2025-08-14T06:31:28.000Z,2025-08-28T01:03:28.000Z
1342,Dakshesh Pillay,gargeta@example.com,8671632346,Female,2003-11-02,Kozhikode,Punjab,India,2025-10-10,Gold,2025-11-06T04:15:20.000Z,2026-02-10T20:22:20.000Z
1345,Nimrat Seshadri,zayyanjohal@example.net,7656360041,Male,2003-10-19,Khammam,Sikkim,India,2023-12-29,Gold,2026-02-19T13:12:09.000Z,2026-05-06T14:12:09.000Z
1379,Vasudha Memon,tanay09@example.com,7970509754,Female,1979-08-18,Kolkata,Kerala,India,2024-01-18,Silver,2025-04-12T14:23:50.000Z,2025-07-08T09:26:50.000Z
1384,Gavin Behl,hreddy@example.com,7086041454,Female,1979-06-07,Shahjahanpur,Karnataka,India,2025-05-11,Platinum,2025-05-24T17:13:52.000Z,2025-08-09T15:18:52.000Z
1385,Aadi Ben,simon47@example.com,,Female,1980-01-30,Giridih,Mizoram,India,2023-09-30,Silver,2024-07-08T08:11:30.000Z,2024-08-26T05:01:30.000Z
1397,Leena Chacko,kvyas@example.net,0305872105,Male,1980-02-07,Durg,Manipur,India,2025-08-22,Gold,2026-03-16T19:01:17.000Z,2026-06-28T10:58:17.000Z
1405,Praneel Sharma,urvashi47@example.net,0546692758,Male,1998-01-19,Dindigul,Assam,India,2025-01-17,Gold,2025-03-27T07:21:13.000Z,2025-07-18T19:20:13.000Z
1447,Jacob Tara,charanzachariah@example.com,6512418938,Female,1997-02-20,Silchar,Punjab,India,2025-09-29,Gold,2026-01-22T19:40:37.000Z,2026-04-06T00:13:37.000Z
1454,Charles Mody,pallatharv@example.net,0596601864,Female,1991-12-08,Khandwa,Odisha,India,2025-02-27,Platinum,2025-07-20T05:57:52.000Z,2025-09-14T08:48:52.000Z
1479,Upma Bhavsar,muniraghav@example.org,1097921583,Female,1979-01-07,Nellore,Himachal Pradesh,India,2025-04-25,Silver,2025-09-11T05:00:38.000Z,2025-11-06T18:30:38.000Z
1489,Sarthak Oommen,gautam83@example.com,1827279559,Female,1981-04-06,North Dumdum,Tamil Nadu,India,2026-04-17,Silver,2026-07-04T17:33:12.000Z,2026-11-02T06:05:12.000Z
1015,Benjamin Morar,balveer53@example.net,6923226025,Male,1983-07-25,Shimoga,Goa,India,2024-03-05,Gold,2026-01-01T15:36:36.000Z,2026-01-11T23:31:36.000Z
1022,David Jhaveri,xramachandran@example.net,0546688937,Male,1970-06-23,Junagadh,Meghalaya,India,2025-11-07,Platinum,2026-05-06T22:43:45.000Z,2026-06-27T06:47:45.000Z
1025,Jyoti Ganesh,gadedeepa@example.org,6319314919,Female,1958-05-04,Katihar,Maharashtra,India,2025-07-10,Platinum,2026-04-07T15:29:09.000Z,2026-05-10T19:44:09.000Z
1060,Mitesh Gaba,noahsarma@example.org,9473834735,Male,2001-09-14,Surendranagar Dudhrej,Tripura,India,2026-03-05,Silver,2026-03-30T10:43:58.000Z,2026-07-19T13:11:58.000Z
1084,Yutika Narang,rattangirish@example.org,0463745499,Female,1956-04-28,Karimnagar,Tamil Nadu,India,2026-04-06,Platinum,2026-06-23T17:43:19.000Z,2026-09-01T22:00:19.000Z
1089,Panini Wali,pkarpe@example.com,1069033119,Female,1957-10-30,Khora,Sikkim,India,2023-08-23,Platinum,2024-11-28T11:46:42.000Z,2024-12-31T17:33:42.000Z
1094,Samar Prabhakar,odika09@example.org,9964235369,Male,1972-04-07,Jamalpur,Rajasthan,India,2025-07-17,Platinum,2026-05-08T18:53:47.000Z,2026-09-01T06:06:47.000Z
1100,Frederick Merchant,ethanbutala@example.com,5511047541,Female,1964-07-24,Gaya,Maharashtra,India,2025-05-19,Silver,2025-10-10T06:24:15.000Z,2025-10-31T04:30:15.000Z
1122,Jack Kari,basuadvik@example.org,2208635365,Female,1974-01-02,Aurangabad,Kerala,India,2024-08-18,Silver,2026-04-10T15:53:47.000Z,2026-07-23T23:36:47.000Z
1132,Saksham De,peter50@example.org,8515691545,Female,1964-10-30,Junagadh,Uttar Pradesh,India,2025-07-30,Platinum,2025-07-30T06:22:14.000Z,2025-10-17T06:19:14.000Z
1145,Pallavi Puri,tripti43@example.com,919108589944,Female,2002-02-13,Ongole,Assam,India,2024-11-04,Silver,2026-05-11T14:26:44.000Z,2026-06-08T22:53:44.000Z
1155,Nandini Ratta,ymagar@example.net,912021697972,Male,1997-02-22,Secunderabad,Punjab,India,2025-01-01,Silver,2025-05-23T00:55:59.000Z,2025-06-20T20:59:59.000Z
1179,Kalpit Zacharia,sankarosha@example.com,7659916247,Female,2007-08-30,Gwalior,Jharkhand,India,2024-01-17,Platinum,2024-06-09T18:22:25.000Z,2024-08-20T02:06:25.000Z
1184,Upkaar Hayer,kraval@example.org,1818451848,Female,1994-09-01,Mango,Madhya Pradesh,India,2025-01-09,Gold,2025-10-05T21:24:18.000Z,2026-01-03T11:41:18.000Z
1220,Gautami Doctor,maanavgola@example.net,7421230940,Male,1986-10-03,Panchkula,Nagaland,India,2025-03-01,Gold,2025-04-04T02:28:07.000Z,2025-06-28T06:22:07.000Z
1222,Garima Chahal,chopraomaja@example.org,9827950145,Male,1980-08-16,Jabalpur,Tripura,India,2023-09-07,Gold,2026-07-09T03:26:00.000Z,2026-11-06T16:18:00.000Z
1239,Chaitaly Mann,balendramodi@example.net,2904904712,Female,1989-12-13,Alwar,Himachal Pradesh,India,2024-12-14,Gold,2025-11-06T00:18:32.000Z,2026-01-02T17:48:32.000Z
1247,Bimala Jain,balveerrajagopalan@example.net,5717320309,Male,1971-10-10,Pali,Assam,India,2024-12-28,Silver,2025-02-28T11:49:23.000Z,2025-05-31T16:15:23.000Z
1285,Aahana Keer,hkhare@example.org,7786603242,Female,1957-07-12,Alwar,Sikkim,India,2024-10-06,Platinum,2026-02-19T19:06:28.000Z,2026-03-21T10:07:28.000Z
1304,Jackson Ganesan,saisundaram@example.com,3496050166,Female,1989-04-11,Vadodara,Meghalaya,India,2025-07-24,Silver,2026-01-03T20:11:57.000Z,2026-04-15T03:48:57.000Z
1315,Kala Dani,hchoudhary@example.com,,Female,1995-09-02,Nashik,Jharkhand,India,2025-07-23,Platinum,2025-08-04T15:55:22.000Z,2025-10-20T08:13:22.000Z
1330,Ekansh Hari,yashodharakunda@example.com,2320024968,Female,1999-11-23,Bijapur,Odisha,India,2024-01-02,Platinum,2024-06-09T12:32:52.000Z,2024-08-21T20:23:52.000Z
1381,Irya Saraf,parmerrushil@example.org,6650237416,Male,1988-10-28,Warangal,Karnataka,India,2025-05-31,Gold,2025-10-03T16:48:36.000Z,2025-11-05T16:42:36.000Z
1394,Udarsh Bajwa,prisharajan@example.org,1721314519,Female,1978-04-03,Karimnagar,Assam,India,2025-04-24,Platinum,2025-08-12T03:59:47.000Z,2025-10-07T05:25:47.000Z
1424,Suhani Tak,prakashharshil@example.org,1563213580,Male,2002-05-19,Rampur,Uttar Pradesh,India,2023-09-30,Gold,2025-06-02T00:18:42.000Z,2025-09-04T10:26:42.000Z
1455,Nicholas Raj,ikhanna@example.org,918459609454,Female,2000-05-28,Narasaraopet,Andhra Pradesh,India,2025-12-17,Gold,2026-07-06T12:37:06.000Z,2026-08-20T10:41:06.000Z
1471,Sara Rout,ojaswason@example.org,2980061558,Male,1959-11-12,Kadapa,Gujarat,India,2026-04-02,Silver,2026-04-10T20:38:39.000Z,2026-07-02T02:15:39.000Z
1478,Chaitaly Madan,kamya92@example.org,5894773522,Male,1991-03-25,Hyderabad,Karnataka,India,2024-10-21,Silver,2025-01-20T07:54:40.000Z,2025-03-19T10:38:40.000Z
1483,Aryan Pau,upal@example.com,916520375830,Female,1995-06-08,Ozhukarai,Bihar,India,2025-05-25,Gold,2026-02-19T10:33:17.000Z,2026-03-22T00:40:17.000Z
1488,Anjali Iyengar,chakrikalad@example.net,5955872096,Male,1966-02-21,Raebareli,Kerala,India,2025-04-22,Silver,2025-10-14T12:12:24.000Z,2026-02-03T21:43:24.000Z
1490,Nathan Sama,vnatt@example.net,2782079799,Male,2002-10-21,Silchar,Meghalaya,India,2023-12-28,Silver,2025-07-07T12:10:14.000Z,2025-08-04T06:32:14.000Z
1491,Geetika Subramanian,cmital@example.org,9690282498,Female,1969-01-18,Bikaner,Sikkim,India,2024-07-31,Gold,2025-02-12T04:20:05.000Z,2025-03-20T19:58:05.000Z
1002,Nathaniel Sami,arunima23@example.com,,Male,1993-02-10,Tadipatri,West Bengal,India,2024-09-23,Platinum,2026-06-13T16:52:38.000Z,2026-07-11T21:39:38.000Z
1007,Wriddhish Bhardwaj,farhanchada@example.net,912782489638,Male,2006-12-10,Bijapur,Madhya Pradesh,India,2024-01-08,Silver,2025-07-24T20:54:13.000Z,2025-09-20T15:11:13.000Z
1018,Nilima Narain,jmerchant@example.org,9946804436,Male,1995-01-05,Kirari Suleman Nagar,Manipur,India,2024-01-28,Platinum,2025-05-08T12:49:32.000Z,2025-09-05T10:30:32.000Z
1026,Advik Salvi,bcherian@example.com,918498776945,Female,1972-04-01,Alwar,Manipur,India,2025-02-13,Gold,2025-04-07T13:26:48.000Z,2025-06-21T03:23:48.000Z
1041,Rushil Rajagopalan,pchhabra@example.com,0640909743,Male,1996-11-08,Muzaffarnagar,Rajasthan,India,2024-08-10,Silver,2025-07-30T20:02:12.000Z,2025-09-30T22:50:12.000Z
1043,Faqid Dhaliwal,mekhalapau@example.org,1754965137,Male,1957-03-31,Phagwara,Haryana,India,2024-12-26,Platinum,2025-03-25T10:55:08.000Z,2025-06-01T06:22:08.000Z
1048,Ekanta Divan,,4789611836,Male,1986-04-10,Haridwar,Karnataka,India,2025-06-07,Silver,2025-08-03T01:57:58.000Z,2025-10-12T09:34:58.000Z
1076,Krish Lalla,neha50@example.com,5841687849,Female,2001-11-05,Warangal,Bihar,India,2023-07-31,Platinum,2024-01-13T23:46:54.000Z,2024-02-23T01:46:54.000Z
1087,Christopher Setty,yochanasagar@example.com,0640391065,Female,2003-03-17,Hosur,Arunachal Pradesh,India,2023-12-07,Gold,2026-02-06T20:10:20.000Z,2026-06-01T21:15:20.000Z
1098,Victor Kakar,cmadan@example.org,2503926142,Female,1993-12-03,Tezpur,Uttarakhand,India,2023-12-14,Gold,2026-03-13T11:12:05.000Z,2026-04-05T11:11:05.000Z
1111,Bhavya Ganguly,jtandon@example.net,8580783613,Female,1975-10-21,Hospet,Himachal Pradesh,India,2023-09-07,Platinum,2024-11-06T23:15:34.000Z,2025-01-01T01:57:34.000Z
1112,Jacob Khalsa,indalisangha@example.org,9584982544,Male,1994-07-09,Kottayam,Sikkim,India,2025-01-10,Platinum,2025-03-18T13:28:50.000Z,2025-04-28T11:22:50.000Z
1139,Yadavi Varughese,jaisen@example.org,910616329451,Female,1961-06-20,Miryalaguda,Madhya Pradesh,India,2023-11-18,Gold,2025-07-23T07:22:24.000Z,2025-08-19T09:48:24.000Z
1140,Zinal Shanker,virkoni@example.org,9911914856,Male,1973-07-09,Shivpuri,Odisha,India,2025-11-22,Silver,2026-03-28T15:43:19.000Z,2026-06-06T06:09:19.000Z
1143,Bachittar Shan,,911035797279,Female,1993-01-23,Hapur,Goa,India,2024-05-25,Platinum,2024-08-22T12:30:34.000Z,2024-11-27T01:24:34.000Z
1164,Ronith Hari,saumya21@example.org,0648422940,Male,1978-01-15,Bhatpara,Arunachal Pradesh,India,2025-06-06,Platinum,2025-11-28T04:31:43.000Z,2026-03-06T14:25:43.000Z
1185,Harinakshi Shanker,ebala@example.org,3565880434,Male,1961-11-15,Tiruvottiyur,Assam,India,2025-12-09,Gold,2026-06-14T19:45:26.000Z,2026-07-13T23:31:26.000Z
1197,Gautam Dora,takteerth@example.com,7051204618,Male,1987-07-16,Nellore,Uttarakhand,India,2025-05-30,Silver,2025-06-05T08:56:07.000Z,2025-06-25T03:15:07.000Z
1208,Eiravati Zacharia,etathakkar@example.net,7998136462,Male,1964-07-16,Gwalior,Meghalaya,India,2024-11-03,Gold,2025-12-15T07:12:51.000Z,2025-12-30T00:26:51.000Z
1257,Wridesh Chacko,raytejas@example.org,0742799077,Male,2008-01-26,Machilipatnam,Goa,India,2023-12-18,Silver,2025-11-19T20:14:12.000Z,2026-02-15T01:24:12.000Z
1272,Farhan Sandal,brahmbhattanirudh@example.com,0890714014,Male,2000-12-21,Jalandhar,Uttar Pradesh,India,2024-01-29,Gold,2024-12-19T23:26:23.000Z,2025-01-01T20:07:23.000Z
1287,Dhriti Narayan,bkeer@example.org,4764907851,Male,1977-01-30,Fatehpur,Sikkim,India,2024-07-22,Silver,2025-10-30T21:28:47.000Z,2025-12-08T17:54:47.000Z
1297,Pranit Ganguly,simon90@example.net,7150416591,Male,1977-07-24,Bhopal,Assam,India,2023-12-11,Silver,2024-10-22T11:44:35.000Z,2024-11-03T08:57:35.000Z
1298,Sudiksha Luthra,narayancaleb@example.net,3045018961,Male,1982-09-08,Mangalore,Haryana,India,2025-07-02,Platinum,2026-05-20T14:40:40.000Z,2026-08-29T00:55:40.000Z
1308,Chandresh Sarma,gchoudhry@example.net,911213524787,Male,2005-05-24,Jamnagar,Rajasthan,India,2025-09-26,Platinum,2026-05-18T16:23:10.000Z,2026-07-22T00:02:10.000Z
1313,Warinder Walla,,1589357126,Male,1983-08-02,Tiruchirappalli,Arunachal Pradesh,India,2023-07-27,Gold,2025-06-29T22:33:02.000Z,2025-09-15T02:37:02.000Z
1322,Lajita Panchal,yashvimanda@example.org,4161284639,Female,1989-11-24,Tiruvottiyur,Rajasthan,India,2025-08-06,Silver,2025-11-20T03:22:04.000Z,2025-12-01T05:27:04.000Z
1329,Daksh Ben,lakshmi61@example.net,0767699150,Male,1986-06-12,Dharmavaram,Gujarat,India,2025-05-19,Gold,2025-07-09T02:25:09.000Z,2025-10-25T19:48:09.000Z
1331,Upasna More,bishakha50@example.net,8065333153,Male,2000-12-28,Bhind,Punjab,India,2025-11-05,Platinum,2025-12-31T13:19:13.000Z,2026-04-09T08:58:13.000Z
1346,Ekansh Butala,rakshadey@example.com,9124186210,Female,2001-08-22,Jamnagar,Manipur,India,2025-07-09,Gold,2026-01-13T06:17:00.000Z,2026-02-09T11:05:00.000Z
1352,Samesh Zacharia,kotharitristan@example.net,7017130232,Female,1961-10-15,Guntakal,Nagaland,India,2024-12-14,Gold,2025-09-06T04:55:14.000Z,2025-10-30T23:20:14.000Z
1360,Gunbir Kakar,prashadzinal@example.com,6555535669,Male,1959-06-10,Bathinda,Uttar Pradesh,India,2023-07-30,Silver,2026-05-28T13:00:44.000Z,2026-08-30T09:52:44.000Z
1364,Viraj Kapoor,jack41@example.org,1952569040,Female,1995-09-13,Munger,Maharashtra,India,2025-03-02,Platinum,2026-07-13T17:39:09.000Z,2026-10-19T12:07:09.000Z
1370,Veda Saraf,jeremiah15@example.org,8887189813,Female,2000-05-12,Bokaro,West Bengal,India,2026-01-25,Platinum,2026-03-01T03:58:16.000Z,2026-05-16T20:22:16.000Z
1373,Aadhya Lad,zgade@example.com,918314359892,Male,1984-02-08,Satna,Uttar Pradesh,India,2026-03-11,Silver,2026-05-31T22:43:57.000Z,2026-08-17T14:15:57.000Z
1375,Girish Wadhwa,baghyawati84@example.net,6258896792,Male,1973-03-04,Anand,Tamil Nadu,India,2025-10-13,Silver,2026-02-09T01:14:56.000Z,2026-02-19T17:55:56.000Z
1388,Noah Sarma,zramakrishnan@example.net,2939087884,Male,1976-03-11,Sagar,Tamil Nadu,India,2025-10-23,Gold,2026-05-10T10:03:07.000Z,2026-06-25T19:14:07.000Z
1390,Ekta Bhandari,parekhtheodore@example.net,918916498373,Male,1977-08-11,Kurnool,Odisha,India,2024-02-11,Platinum,2025-11-06T08:07:33.000Z,2025-11-25T10:25:33.000Z
1401,Nitesh Bhagat,panini34@example.org,5034281139,Female,1956-04-16,Maheshtala,Nagaland,India,2026-04-11,Platinum,2026-06-28T15:54:08.000Z,2026-07-05T12:24:08.000Z
1407,Rachita Iyengar,enarasimhan@example.com,7147082723,Male,1977-05-02,Ghaziabad,Tripura,India,2024-04-24,Silver,2024-10-09T07:31:06.000Z,2024-11-27T09:54:06.000Z
1416,Yatan Radhakrishnan,charan41@example.org,7911244211,Male,1989-03-06,Dhule,Madhya Pradesh,India,2024-06-27,Platinum,2025-02-12T15:02:12.000Z,2025-02-27T06:40:12.000Z
1438,Nirja Shenoy,balaoviya@example.org,9852989406,Female,1964-02-12,Chennai,Manipur,India,2025-05-13,Silver,2026-05-10T09:10:12.000Z,2026-07-07T04:55:12.000Z
1440,Vedhika Iyer,bhavsaraadi@example.org,3170876014,Female,1983-01-28,Udaipur,Uttarakhand,India,2026-03-20,Gold,2026-05-19T08:51:22.000Z,2026-08-20T20:30:22.000Z
1448,Urishilla Lall,balihamsini@example.com,2385037199,Male,2003-05-23,Sri Ganganagar,Assam,India,2023-10-14,Silver,2026-02-08T02:10:43.000Z,2026-03-20T22:27:43.000Z
1449,Kai Madan,chawlabalendra@example.com,914300038960,Female,1993-02-21,Faridabad,Madhya Pradesh,India,2025-04-25,Platinum,2025-06-26T14:22:17.000Z,2025-06-30T13:33:17.000Z
1459,Azaan Dyal,chaitanya42@example.net,5889536902,Male,1981-06-24,Solapur,Haryana,India,2025-02-20,Platinum,2026-02-20T14:12:17.000Z,2026-05-05T01:41:17.000Z
1462,Sudiksha Aurora,jaisahota@example.com,6021288665,Male,1964-03-20,Proddatur,Haryana,India,2026-03-27,Gold,2026-05-04T11:13:57.000Z,2026-08-18T05:17:57.000Z
1008,Jai Kota,devanshnigam@example.org,1031051834,Female,2001-01-25,Kakinada,Nagaland,India,2025-02-18,Silver,2026-01-24T06:46:38.000Z,2026-04-23T20:07:38.000Z
1011,Ranveer Minhas,dalbirbhat@example.net,7882081219,Female,1960-03-03,Sambhal,Bihar,India,2025-11-28,Platinum,2026-06-05T00:06:22.000Z,2026-07-08T01:52:22.000Z
1024,Zayyan Bumb,vbahl@example.net,0033092327,Female,2001-02-06,Phusro,Gujarat,India,2025-02-26,Silver,2025-09-30T03:04:45.000Z,2025-12-02T16:00:45.000Z
1062,Ikshita Bala,zbera@example.net,5305152204,Female,1987-09-11,Nandyal,Manipur,India,2024-06-27,Gold,2026-03-23T08:27:07.000Z,2026-07-19T15:37:07.000Z
1073,Omaja Balasubramanian,pmann@example.com,7102767735,Female,1996-10-29,Satara,West Bengal,India,2026-04-10,Gold,2026-05-31T09:23:09.000Z,2026-06-10T23:05:09.000Z
1074,Mohini De,yutika81@example.com,7321046963,Female,1966-05-31,Gangtok,Telangana,India,2024-11-26,Silver,2026-06-19T06:28:31.000Z,2026-07-16T04:13:31.000Z
1083,Baljiwan Andra,hredhaan54@example.com,4315274205,Male,1975-08-15,Akola,Punjab,India,2025-08-26,Platinum,2025-11-06T08:33:00.000Z,2025-12-09T12:29:00.000Z
1113,Daniel Malhotra,kevinkrish@example.org,2946671168,Female,2006-07-27,Arrah,Manipur,India,2023-12-13,Platinum,2024-07-10T15:07:14.000Z,2024-11-03T00:39:14.000Z
1119,Orinder Sinha,badalekansh@example.org,6848666188,Male,1997-06-19,Alwar,Assam,India,2025-12-17,Platinum,2026-05-29T10:43:56.000Z,2026-07-25T01:26:56.000Z
1152,Omaja Sawhney,jdasgupta@example.com,4618499261,Female,1990-05-11,Ichalkaranji,Bihar,India,2023-08-18,Gold,2023-10-31T22:19:59.000Z,2023-12-29T08:40:59.000Z
1180,Aarini Gulati,amblejacob@example.net,6512694486,Male,1993-12-20,Pudukkottai,Himachal Pradesh,India,2026-02-02,Silver,2026-05-18T13:58:12.000Z,2026-08-18T05:26:12.000Z
1181,Vasudha Gola,veda44@example.net,3721386589,Male,2002-12-24,Nanded,Madhya Pradesh,India,2025-03-27,Gold,2025-09-01T05:07:30.000Z,2025-10-08T12:32:30.000Z
1188,Diya Anand,kadeladli@example.net,4284347955,Female,1968-01-23,Khandwa,Gujarat,India,2024-01-21,Silver,2026-04-05T00:05:16.000Z,2026-06-19T16:43:16.000Z
1200,Darpan Bhasin,mitesh81@example.org,5730652407,Female,2003-08-19,Karaikudi,Jharkhand,India,2025-09-02,Gold,2025-10-07T11:55:27.000Z,2026-02-01T02:14:27.000Z
1218,Lila Varty,guptabishakha@example.com,2649082771,Female,2004-09-20,Bokaro,Tripura,India,2025-10-31,Silver,2026-04-02T15:21:48.000Z,2026-04-26T09:48:48.000Z
1232,Varenya Shenoy,barkhapall@example.net,1581487696,Male,1971-10-12,Motihari,Goa,India,2025-07-26,Gold,2025-09-07T20:11:01.000Z,2025-09-23T17:04:01.000Z
1309,Jason Jaggi,xsagar@example.org,8214565328,Female,1984-03-29,Durgapur,Uttar Pradesh,India,2025-02-03,Gold,2025-10-20T21:32:10.000Z,2026-01-29T19:05:10.000Z
1321,Yatin Dass,niharika71@example.net,2386870079,Female,1975-03-25,Mumbai,Arunachal Pradesh,India,2024-09-09,Silver,2025-11-13T08:42:41.000Z,2025-12-03T06:41:41.000Z
1326,Anusha Handa,waliazayyan@example.net,915664187758,Female,2007-03-13,Rajahmundry,Arunachal Pradesh,India,2024-08-25,Gold,2025-11-10T15:46:02.000Z,2025-11-17T01:24:02.000Z
1338,Aradhana Kari,daniekbal@example.com,3544439284,Male,1956-02-16,Ichalkaranji,Uttarakhand,India,2023-11-24,Silver,2025-02-23T12:25:12.000Z,2025-04-04T11:45:12.000Z
1344,Ojasvi Krish,rachanashankar@example.com,0324841376,Male,2007-05-23,Arrah,Assam,India,2024-10-23,Gold,2025-08-22T18:27:10.000Z,2025-11-16T03:29:10.000Z
1357,Faris Vasa,pallavigandhi@example.com,6946119524,Female,2006-06-30,Sikar,Tamil Nadu,India,2023-12-09,Silver,2025-07-28T01:31:19.000Z,2025-10-31T11:45:19.000Z
1380,Aditya Chaudhuri,mswamy@example.org,0243765456,Female,1967-12-11,Moradabad,Manipur,India,2024-05-03,Gold,2026-01-17T14:11:05.000Z,2026-02-28T17:46:05.000Z
1383,Zaid Mand,lallyug@example.net,8923923126,Female,1958-02-26,Nellore,Chhattisgarh,India,2024-03-11,Silver,2026-05-14T04:24:09.000Z,2026-06-23T01:08:09.000Z
1389,Onveer Kapur,wallawazir@example.com,4033810595,Male,1977-08-19,Jamalpur,Himachal Pradesh,India,2024-09-08,Silver,2025-11-10T20:50:21.000Z,2026-02-17T12:02:21.000Z
1391,Sanaya Kata,jpillay@example.com,2239724042,Male,1967-08-22,Narasaraopet,Gujarat,India,2026-03-23,Platinum,2026-06-07T18:59:35.000Z,2026-09-14T12:52:35.000Z
1404,Lila Khare,falandua@example.net,4817175242,Male,1960-03-08,Gangtok,Kerala,India,2026-03-13,Gold,2026-06-04T16:08:46.000Z,2026-06-23T05:13:46.000Z
1428,Amol Sharma,amarabalakrishnan@example.com,8156326868,Male,1978-04-04,Gandhidham,Himachal Pradesh,India,2024-01-01,Silver,2024-06-20T04:31:23.000Z,2024-07-27T10:33:23.000Z
1431,Ekaraj Ganesan,gaurangishah@example.org,0241209579,Female,1955-08-13,Shahjahanpur,Meghalaya,India,2024-07-23,Gold,2024-12-02T05:21:54.000Z,2025-01-16T07:16:54.000Z
1456,Aishani Gola,bshere@example.com,917836091498,Male,1976-11-30,Gandhidham,Goa,India,2024-01-28,Gold,2025-05-18T17:52:50.000Z,2025-09-03T23:37:50.000Z
1463,Gayathri Chokshi,borahisha@example.com,7229812099,Female,1980-09-18,Nadiad,Karnataka,India,2024-10-16,Platinum,2025-01-16T10:52:24.000Z,2025-04-08T13:20:24.000Z
1467,Sudiksha Varghese,murtybalvan@example.com,918003296334,Female,1987-07-15,Shivpuri,Uttarakhand,India,2025-09-13,Platinum,2026-01-21T05:34:08.000Z,2026-03-04T03:48:08.000Z
1001,Anvi Konda,liamchaudry@example.net,0133890838,Female,1984-02-04,Sultan Pur Majra,Odisha,India,2026-04-07,Silver,2026-04-28T14:50:25.000Z,2026-07-18T17:51:25.000Z
1017,Ikbal Saraf,dipta69@example.net,4060883561,Female,2000-09-29,Satara,Sikkim,India,2026-01-05,Platinum,2026-04-18T02:19:33.000Z,2026-06-04T13:32:33.000Z
1019,Omkaar Chad,yutika95@example.org,912003791769,Male,1968-10-10,Shimla,Madhya Pradesh,India,2025-06-04,Silver,2025-11-16T23:40:58.000Z,2026-02-06T05:14:58.000Z
1033,Jeet Sidhu,neha48@example.net,0659401399,Female,1956-12-15,Gangtok,Arunachal Pradesh,India,2025-12-19,Silver,2026-04-10T02:02:44.000Z,2026-05-23T05:20:44.000Z
1035,Turvi Sachdev,guhazarna@example.com,4824771093,Male,2003-11-05,Bijapur,Nagaland,India,2024-01-15,Platinum,2025-10-03T20:44:17.000Z,2026-01-09T02:16:17.000Z
1037,Aarnav Mandal,vrishti27@example.net,8675339636,Male,1958-07-07,Bhalswa Jahangir Pur,Tamil Nadu,India,2025-04-23,Platinum,2026-01-11T23:44:01.000Z,2026-02-28T05:18:01.000Z
1040,Onkar Gill,rajawridesh@example.com,7407482175,Male,1995-07-13,Khandwa,Tamil Nadu,India,2025-04-19,Platinum,2026-07-02T13:39:49.000Z,2026-10-23T07:44:49.000Z
1054,Dhriti Sanghvi,ssahni@example.org,9751613696,Female,1991-03-15,Tenali,West Bengal,India,2025-07-02,Gold,2026-06-24T17:51:22.000Z,2026-07-06T21:33:22.000Z
1095,Vritti Sharma,indiragara@example.org,8010062312,Female,1956-03-02,Dibrugarh,Manipur,India,2024-12-24,Platinum,2025-07-11T20:55:06.000Z,2025-07-25T08:44:06.000Z
1096,Vinaya Babu,walinisha@example.org,4086211823,Male,1968-08-09,Raichur,Himachal Pradesh,India,2025-02-17,Silver,2025-04-04T22:52:18.000Z,2025-07-09T03:51:18.000Z
1106,Hemani Bakshi,scheema@example.com,4573875717,Female,2004-09-04,Imphal,Assam,India,2026-01-18,Silver,2026-06-01T01:40:15.000Z,2026-06-15T09:51:15.000Z
1130,Anamika Gole,nagartheodore@example.org,91,Female,2007-07-16,Ramgarh,West Bengal,India,2025-09-06,Platinum,2026-01-08T21:34:13.000Z,2026-03-08T02:25:13.000Z
1147,Jagrati Tripathi,,8251353465,Male,1980-11-02,Bhimavaram,Jharkhand,India,2024-06-28,Platinum,2025-12-13T01:53:48.000Z,2026-01-03T16:51:48.000Z
1165,Charvi Swaminathan,elijah58@example.org,2688615335,Female,1978-01-27,Durg,Gujarat,India,2024-03-13,Platinum,2025-07-27T04:31:09.000Z,2025-11-04T05:53:09.000Z
1211,Bhavna Atwal,indrajit47@example.com,3388487920,Female,1981-03-04,Rohtak,Goa,India,2023-10-11,Platinum,2024-10-22T13:29:51.000Z,2024-11-07T04:13:51.000Z
1214,Lavanya Verma,omishakhosla@example.net,5782329832,Male,1976-07-28,Chinsurah,Tripura,India,2025-03-20,Silver,2025-07-04T14:43:28.000Z,2025-08-15T09:59:28.000Z
1244,Qarin Kulkarni,unni17@example.com,1406650442,Female,1985-07-11,Pallavaram,Gujarat,India,2025-12-14,Silver,2026-02-23T18:10:05.000Z,2026-05-19T14:19:05.000Z
1251,Abhimanyu Gola,manderomaja@example.net,4876329092,Male,2004-05-08,Pudukkottai,Assam,India,2025-08-13,Platinum,2025-09-13T08:23:21.000Z,2025-09-18T03:27:21.000Z
1261,Omaja Deo,apalan@example.com,0385695579,Female,2000-11-08,Berhampore,Jharkhand,India,2026-03-19,Platinum,2026-03-23T09:44:39.000Z,2026-03-25T00:41:39.000Z
1269,Nicholas Bhardwaj,ekajashenoy@example.net,914565044818,Female,1968-09-25,Bareilly,Punjab,India,2025-12-28,Silver,2026-01-03T19:31:55.000Z,2026-04-09T11:24:55.000Z
1294,Gaurangi Keer,,9646528092,Female,1973-04-04,Ambala,Meghalaya,India,2025-11-30,Silver,2025-12-22T19:36:40.000Z,2026-02-17T03:30:40.000Z
1302,Dipta Sha,vlanka@example.org,4168006102,Male,2000-03-04,Jaunpur,Tamil Nadu,India,2023-11-25,Silver,2025-09-01T14:58:58.000Z,2025-11-09T23:49:58.000Z
1362,Ijaya Sangha,uchaudhry@example.com,8980271487,Male,1966-12-24,Bhiwandi,Meghalaya,India,2025-08-09,Silver,2026-01-11T09:48:35.000Z,2026-03-29T14:36:35.000Z
1365,Jonathan Venkatesh,hredhaanrana@example.org,3772942095,Male,1976-07-25,Panipat,West Bengal,India,2024-11-26,Gold,2026-07-18T01:43:05.000Z,2026-08-27T06:11:05.000Z
1402,Amruta Chada,sulechakradev@example.org,5468356521,Male,1978-02-02,Ambala,Bihar,India,2024-05-27,Gold,2024-07-16T06:43:17.000Z,2024-11-12T10:28:17.000Z
1423,Bhavani Deep,ibansal@example.net,7164455618,Male,2008-04-04,Kumbakonam,Punjab,India,2025-12-29,Platinum,2025-12-30T19:18:47.000Z,2026-02-13T03:04:47.000Z
1425,Daksha Borde,forum96@example.com,1252967188,Male,1971-11-30,Unnao,Himachal Pradesh,India,2023-09-23,Platinum,2024-03-13T03:03:27.000Z,2024-05-21T13:55:27.000Z
1457,Aashi Talwar,utkarshghosh@example.org,2879508304,Male,1973-01-23,Nagercoil,Nagaland,India,2024-08-22,Silver,2026-04-08T22:50:34.000Z,2026-06-13T05:57:34.000Z
1485,Fitan Saini,bhallasachi@example.net,4390552958,Male,1956-07-05,Erode,Uttarakhand,India,2024-03-12,Silver,2024-12-11T19:35:45.000Z,2025-01-30T15:01:45.000Z
1498,Meghana Kothari,fradowarrior@example.org,4579389701,Female,1977-10-08,Agra,Chhattisgarh,India,2024-01-08,Platinum,2025-07-15T23:02:22.000Z,2025-09-04T10:52:22.000Z
1500,Anvi Grewal,yachana09@example.com,916306244795,Male,1962-02-26,Kamarhati,Andhra Pradesh,India,2025-07-22,Silver,2025-10-13T13:53:44.000Z,2025-12-30T06:18:44.000Z
1006,Isaac Memon,ddugar@example.org,1489325288,Female,1955-08-02,Unnao,Andhra Pradesh,India,2024-09-05,Silver,2026-04-24T23:43:07.000Z,2026-07-17T22:17:07.000Z
1009,Xavier Solanki,ggupta@example.org,917010651333,Male,1992-01-15,Kolhapur,Maharashtra,India,2024-02-09,Gold,2026-07-15T02:01:46.000Z,2026-08-11T12:07:46.000Z
1028,Vritti Sem,chanderchaitaly@example.org,5788568557,Male,1973-12-24,Chandrapur,Haryana,India,2024-07-26,Silver,2026-01-13T09:53:28.000Z,2026-04-19T11:48:28.000Z
1038,Warhi Bansal,yadavinarula@example.org,0262174596,Male,1999-10-07,Ozhukarai,West Bengal,India,2025-03-02,Gold,2025-12-26T21:01:46.000Z,2026-02-06T12:02:46.000Z
1047,Ishaan Bhatt,xsen@example.com,9084700766,Male,2002-03-27,Pallavaram,Tamil Nadu,India,2023-10-08,Platinum,2024-04-21T21:54:03.000Z,2024-05-20T00:15:03.000Z
1063,Anirudh Kunda,masonwable@example.com,911036971179,Female,1992-01-09,Kottayam,Odisha,India,2026-02-28,Silver,2026-03-01T00:28:20.000Z,2026-05-01T07:23:20.000Z
1067,Ekani Chauhan,,7570596401,Male,2001-03-21,Bharatpur,Mizoram,India,2025-05-17,Platinum,2025-10-04T03:57:09.000Z,2025-10-28T13:10:09.000Z
1107,Arin Oza,galayagnesh@example.net,918673622660,Female,2005-09-21,Hospet,Odisha,India,2024-10-27,Platinum,2024-11-30T16:57:08.000Z,2024-12-14T12:24:08.000Z
1126,Nachiket Cherian,shivanishukla@example.com,3747411249,Female,1958-04-16,Khammam,Chhattisgarh,India,2024-05-28,Silver,2024-12-25T10:37:02.000Z,2025-03-24T23:08:02.000Z
1134,Ekaja Ganesh,nayaksanya@example.org,5410067626,Female,1989-02-05,Etawah,Nagaland,India,2023-11-16,Platinum,2024-11-19T17:07:52.000Z,2024-12-23T01:00:52.000Z
1141,Orinder Majumdar,ndhawan@example.net,3074505444,Male,1988-12-31,Ambattur,Chhattisgarh,India,2026-02-18,Platinum,2026-05-20T20:33:25.000Z,2026-09-04T09:57:25.000Z
1149,Dhriti Bhardwaj,sethanusha@example.org,1296666760,Male,1958-02-10,Dindigul,Andhra Pradesh,India,2024-12-16,Platinum,2026-04-20T03:18:12.000Z,2026-07-02T00:19:12.000Z
1151,Jagrati Guha,netrabahl@example.org,9821506489,Female,1958-11-07,Moradabad,Rajasthan,India,2024-02-11,Silver,2025-07-27T10:00:22.000Z,2025-08-02T18:24:22.000Z
1206,Chasmum Ahuja,tristan35@example.org,9921075224,Male,1980-07-10,Muzaffarpur,Himachal Pradesh,India,2023-08-13,Gold,2025-10-25T01:52:32.000Z,2026-02-12T15:56:32.000Z
1226,Turvi Sachdev,vermachandani@example.net,"",Female,1998-03-07,Aurangabad,Punjab,India,2026-03-19,Platinum,2026-06-16T10:38:06.000Z,2026-07-11T03:01:06.000Z
1249,Xavier De,gerachandresh@example.com,9111799313,Female,1984-07-19,Rewa,Karnataka,India,2023-08-17,Gold,2025-08-18T00:20:28.000Z,2025-08-28T11:14:28.000Z
1275,Bhavya Baria,narangwakeeta@example.org,4738646317,Male,2001-10-04,Mangalore,Andhra Pradesh,India,2025-08-27,Silver,2026-06-19T00:54:20.000Z,2026-09-22T14:05:20.000Z
1284,Xalak Kala,oloyal@example.net,3572324665,Male,1959-12-06,Haridwar,Himachal Pradesh,India,2023-08-16,Platinum,2026-04-17T07:43:06.000Z,2026-06-05T04:06:06.000Z
1343,Yadavi Shanker,saksham02@example.com,8597779014,Female,1999-07-11,Sri Ganganagar,Tamil Nadu,India,2025-12-28,Platinum,2026-04-27T12:20:01.000Z,2026-05-11T22:03:01.000Z
1358,Vyanjana Agarwal,boaseomisha@example.net,2522372817,Male,1994-02-19,Gaya,Gujarat,India,2024-11-08,Platinum,2024-11-12T23:40:59.000Z,2024-11-22T16:20:59.000Z
1411,Rayaan Atwal,januja04@example.com,6558685127,Male,1984-09-11,Belgaum,Nagaland,India,2024-06-18,Silver,2025-03-15T08:47:06.000Z,2025-06-01T09:44:06.000Z
1421,Dipta Das,nagaradvay@example.net,5381649383,Female,1962-07-20,Narasaraopet,Uttar Pradesh,India,2025-02-15,Gold,2025-11-30T21:55:00.000Z,2026-03-22T12:57:00.000Z
1433,Anamika Venkataraman,divannirja@example.org,3965313614,Male,1998-03-16,Hajipur,Goa,India,2026-01-29,Gold,2026-05-03T01:15:25.000Z,2026-06-28T13:36:25.000Z
1436,Gabriel Madan,ronithsankaran@example.net,,Female,1976-09-09,Phusro,Maharashtra,India,2024-10-01,Gold,2026-06-02T22:22:07.000Z,2026-09-16T03:56:07.000Z
1437,Ryan Krishna,omajaiyengar@example.com,7826612875,Female,1989-10-30,Bhind,Kerala,India,2024-11-30,Gold,2026-02-22T01:49:18.000Z,2026-03-07T04:09:18.000Z
1439,Frado Bhakta,hredhaan59@example.org,0198038287,Female,1964-10-29,Bhatpara,Jharkhand,India,2025-09-30,Silver,2026-03-27T17:34:05.000Z,2026-06-24T07:56:05.000Z
1446,Nikita Bora,qasim87@example.org,5598217661,Female,1994-04-11,Warangal,Uttar Pradesh,India,2024-02-22,Silver,2024-03-01T03:13:22.000Z,2024-04-27T14:36:22.000Z
1472,Naksh Wason,skarnik@example.org,8300081867,Female,1958-06-04,Ichalkaranji,Jharkhand,India,2025-01-31,Platinum,2026-03-22T21:56:02.000Z,2026-06-15T17:42:02.000Z
1052,Nakul Bawa,magarsaanvi@example.net,6438156149,Female,1988-08-29,Ranchi,Haryana,India,2023-11-27,Silver,2024-02-16T17:23:57.000Z,2024-04-25T22:09:57.000Z
1065,Hemani Khosla,natarajankiaan@example.org,917722170430,Female,1969-02-12,Satna,Jharkhand,India,2023-08-13,Platinum,2025-02-17T17:25:28.000Z,2025-06-16T07:43:28.000Z
1081,Brijesh Mani,palriya@example.net,8484219933,Male,1958-12-31,Muzaffarpur,Arunachal Pradesh,India,2025-01-05,Platinum,2025-04-28T18:30:46.000Z,2025-08-10T15:03:46.000Z
1090,Neelima Sarna,teerthbhalla@example.org,9953428364,Male,1974-04-08,Proddatur,Odisha,India,2023-10-02,Silver,2024-10-16T04:21:01.000Z,2025-01-14T17:56:01.000Z
1105,Ikbal Kothari,ojas90@example.net,0143888993,Female,1985-11-17,Katni,Manipur,India,2025-01-27,Silver,2026-03-20T00:39:10.000Z,2026-06-10T17:04:10.000Z
1120,Nachiket Yadav,,1617990421,Male,1956-05-28,Hyderabad,Goa,India,2024-11-11,Gold,2025-01-11T09:04:07.000Z,2025-03-13T08:14:07.000Z
1125,Tara Chad,tiwarikiaan@example.net,0623445655,Male,1986-05-10,Muzaffarpur,Assam,India,2025-10-03,Platinum,2026-03-12T09:58:06.000Z,2026-05-05T06:34:06.000Z
1148,Upma Bera,sodhirobert@example.net,6022356972,Female,1977-01-27,Jodhpur,Meghalaya,India,2025-07-08,Platinum,2026-06-03T13:53:18.000Z,2026-08-10T14:51:18.000Z
1161,Ekanta Thaman,msahota@example.net,4722698485,Female,2003-12-27,Kollam,Gujarat,India,2024-02-03,Gold,2024-07-12T20:46:17.000Z,2024-09-24T18:44:17.000Z
1201,Rachit Pall,upadhriti49@example.net,7448570862,Male,1956-10-26,Udupi,Haryana,India,2025-11-08,Silver,2026-05-17T07:59:18.000Z,2026-07-29T03:02:18.000Z
1202,Lila Gupta,ndube@example.com,1810220317,Male,1968-08-01,Patna,Odisha,India,2024-11-28,Silver,2026-06-11T00:28:50.000Z,2026-08-30T06:44:50.000Z
1210,Odika Sampath,ijaya35@example.com,9792703352,Female,2007-02-09,Gorakhpur,Telangana,India,2025-12-29,Gold,2026-02-01T19:04:57.000Z,2026-05-14T04:42:57.000Z
1213,Balveer Kota,gauri76@example.net,915438404608,Female,1974-08-12,Saharanpur,Karnataka,India,2025-06-29,Platinum,2026-02-01T17:59:11.000Z,2026-02-12T13:01:11.000Z
1221,Wazir Kalla,asetty@example.com,913849830220,Female,2000-01-01,Vadodara,Chhattisgarh,India,2023-07-27,Platinum,2026-02-25T11:17:01.000Z,2026-04-19T09:48:01.000Z
1236,Raghav Rajagopalan,omisha24@example.net,0276212679,Male,1984-07-06,Malda,Mizoram,India,2024-04-13,Silver,2026-04-20T16:29:22.000Z,2026-06-25T16:25:22.000Z
1241,Hemani Bhagat,jack02@example.com,8366742860,Male,1975-03-13,Eluru,Sikkim,India,2025-06-01,Platinum,2025-10-08T22:23:09.000Z,2026-01-28T05:07:09.000Z
1262,Onveer Lad,vedaprabhu@example.com,7292842222,Female,1971-09-26,Kalyan-Dombivli,Karnataka,India,2025-12-16,Gold,2026-02-05T05:54:09.000Z,2026-04-15T10:58:09.000Z
1277,Mugdha Parekh,fravel@example.net,1477320101,Male,1989-06-11,Mangalore,Madhya Pradesh,India,2026-01-07,Gold,2026-05-02T06:36:33.000Z,2026-07-05T15:29:33.000Z
1278,Michael Mitter,bosezinal@example.com,7848588006,Female,1963-08-27,Hospet,Karnataka,India,2026-02-12,Platinum,2026-06-23T21:19:18.000Z,2026-10-18T13:10:18.000Z
1289,Naveen Sarna,niharika04@example.org,6124815698,Male,2005-10-01,Malda,Tamil Nadu,India,2024-07-18,Gold,2025-03-06T00:21:53.000Z,2025-03-18T08:17:53.000Z
1318,Jai Wali,anirudhmaharaj@example.org,8956907056,Female,1967-10-30,Nagpur,West Bengal,India,2024-05-08,Gold,2026-05-17T04:26:25.000Z,2026-07-13T11:52:25.000Z
1332,Chandani Sahota,nicholas17@example.org,3793375636,Female,1968-01-31,Mirzapur,Andhra Pradesh,India,2024-12-14,Silver,2026-03-08T06:21:28.000Z,2026-07-05T04:14:28.000Z
1340,Liam Dave,aditya75@example.com,918459090225,Female,1994-03-18,Eluru,Gujarat,India,2025-12-02,Gold,2025-12-13T16:35:25.000Z,2025-12-24T01:03:25.000Z
1347,Bakhshi Walia,riyabatta@example.net,,Female,1961-10-06,Bidar,Andhra Pradesh,India,2025-01-25,Platinum,2025-06-12T05:02:46.000Z,2025-07-23T08:02:46.000Z
1353,Pooja Sibal,nitesh33@example.com,4973471566,Female,1966-12-17,Gandhidham,Maharashtra,India,2024-05-31,Silver,2025-06-02T02:16:48.000Z,2025-06-16T14:17:48.000Z
1356,Yashodhara Suresh,dalbir66@example.net,5024972439,Female,1994-11-25,Ahmedabad,Bihar,India,2025-05-26,Gold,2025-12-10T06:21:42.000Z,2026-01-30T22:26:42.000Z
1371,Abdul Sekhon,jason02@example.net,4011845826,Male,2000-05-01,Kulti,Jharkhand,India,2026-02-03,Gold,2026-06-17T23:56:27.000Z,2026-08-27T23:53:27.000Z
1445,Ayushman Ghosh,hritik76@example.org,7433268319,Male,1957-03-12,Kurnool,Arunachal Pradesh,India,2023-11-09,Platinum,2025-09-24T21:22:25.000Z,2025-11-13T15:24:25.000Z
1474,Chasmum Mahal,gjain@example.com,1368474883,Male,1981-07-26,Mehsana,Telangana,India,2025-09-21,Platinum,2026-07-06T17:46:01.000Z,2026-10-13T12:02:01.000Z
1487,Qabil Chadha,eeshabahri@example.org,911343240642,Female,1974-07-12,Buxar,Karnataka,India,2023-12-02,Gold,2024-05-30T14:32:59.000Z,2024-09-04T20:03:59.000Z
1005,Theodore Devi,wchand@example.org,9166978480,Male,2001-11-02,Jorhat,Tripura,India,2026-01-10,Platinum,2026-03-28T13:20:28.000Z,2026-06-13T13:55:28.000Z
1012,Finn Saini,advika35@example.org,917510799118,Female,1970-01-18,Mira-Bhayandar,Kerala,India,2025-12-19,Platinum,2026-03-24T14:53:36.000Z,2026-04-09T02:58:36.000Z
1039,Vinaya Banik,keerbhavna@example.org,7240050455,Male,1984-11-07,Sambalpur,Mizoram,India,2025-10-24,Silver,2026-03-20T13:56:39.000Z,2026-07-10T23:11:39.000Z
1072,Farhan Krishna,anvidass@example.net,8299229959,Male,1958-05-07,Jodhpur,Arunachal Pradesh,India,2024-07-03,Platinum,2025-03-28T18:20:15.000Z,2025-04-13T12:35:15.000Z
1080,Hema Pandya,veda33@example.com,3757584419,Female,2001-08-03,Tenali,Uttarakhand,India,2024-11-17,Platinum,2025-03-31T12:21:15.000Z,2025-05-27T06:06:15.000Z
1110,Rachit Murty,wbera@example.org,8876767721,Male,1994-01-08,Muzaffarnagar,Jharkhand,India,2025-08-17,Gold,2025-12-07T04:08:06.000Z,2026-03-07T17:08:06.000Z
1128,Falan Bains,horasachi@example.org,7029667066,Male,1967-04-22,Kakinada,Goa,India,2026-03-24,Platinum,2026-04-09T07:39:07.000Z,2026-07-17T20:53:07.000Z
1133,Owen Parikh,parthradhakrishnan@example.com,9690295939,Female,1962-08-18,Ajmer,Karnataka,India,2026-04-07,Gold,2026-07-10T14:30:59.000Z,2026-09-05T20:17:59.000Z
1137,Ryan Chatterjee,jhaverionkar@example.net,4677418625,Male,1981-07-02,Gaya,Manipur,India,2026-03-16,Silver,2026-07-10T13:12:25.000Z,2026-08-22T00:09:25.000Z
1144,Bhavani Bala,kbawa@example.net,4680072290,Male,1970-10-09,Narasaraopet,Uttar Pradesh,India,2024-08-23,Gold,2026-03-27T17:38:50.000Z,2026-07-01T17:12:50.000Z
1174,Sanaya Dutta,madhavsule@example.com,1453038567,Female,1986-06-26,Thane,Rajasthan,India,2024-04-01,Silver,2026-06-08T16:24:17.000Z,2026-08-26T13:48:17.000Z
1176,Siddharth Doctor,nakulpathak@example.net,1777392603,Female,1958-06-25,Chapra,Odisha,India,2023-11-15,Platinum,2026-01-22T07:29:20.000Z,2026-03-08T15:50:20.000Z
1194,Tanmayi Saran,idika78@example.org,6424008254,Male,1987-06-22,Pallavaram,Tripura,India,2024-02-13,Silver,2026-05-30T18:05:52.000Z,2026-07-31T08:26:52.000Z
1196,Raghav Biswas,labanmann@example.org,9735020802,Male,1962-07-04,Agartala,Chhattisgarh,India,2025-10-22,Silver,2026-02-03T09:36:10.000Z,2026-04-06T12:12:10.000Z
1248,Xalak Walla,cbabu@example.com,1387829310,Female,2005-08-04,Unnao,Rajasthan,India,2025-11-04,Platinum,2026-07-11T20:59:37.000Z,2026-09-10T05:20:37.000Z
1268,Jeet Mani,fgola@example.net,7195979647,Male,2002-10-15,Dindigul,Mizoram,India,2024-08-30,Platinum,2025-04-20T03:33:47.000Z,2025-04-21T22:28:47.000Z
1282,Samesh Nayar,zthakkar@example.net,5637183440,Female,1975-10-11,Kamarhati,Punjab,India,2023-12-17,Platinum,2026-01-13T15:19:44.000Z,2026-04-25T03:19:44.000Z
1288,Janani Soman,darika09@example.org,6451837606,Female,1972-12-07,Mysore,Uttarakhand,India,2024-08-04,Silver,2025-03-07T17:19:57.000Z,2025-03-12T18:38:57.000Z
1311,Hemangini Anand,,917563410856,Female,2004-11-20,Saharsa,Nagaland,India,2025-11-25,Platinum,2026-03-23T04:29:46.000Z,2026-05-17T01:35:46.000Z
1320,Aarna Prashad,bensamaksh@example.org,6140578617,Female,1957-07-06,Muzaffarpur,Andhra Pradesh,India,2024-02-25,Gold,2025-11-27T07:08:59.000Z,2026-01-20T17:50:59.000Z
1374,Yug Brahmbhatt,jeet81@example.net,5542340163,Female,1981-04-23,Amravati,Goa,India,2025-05-22,Platinum,2026-03-12T07:59:20.000Z,2026-05-08T11:50:20.000Z
1393,Frederick Jain,varshasawhney@example.org,913084810018,Male,1975-09-27,Sasaram,Uttarakhand,India,2023-12-31,Platinum,2026-04-21T13:01:31.000Z,2026-05-11T18:54:31.000Z
1398,Xavier Kade,dakshdevi@example.org,5019179202,Female,1980-05-26,Vijayawada,Haryana,India,2024-02-27,Gold,2026-07-02T17:25:28.000Z,2026-09-27T11:53:28.000Z
1399,Mason Gopal,vdey@example.net,7041200928,Female,1966-06-16,Tenali,Uttarakhand,India,2023-11-15,Silver,2023-12-04T09:12:08.000Z,2024-03-12T21:44:08.000Z
1435,Nicholas Mitter,,4910740650,Female,1958-12-10,Durgapur,Kerala,India,2024-03-08,Platinum,2026-05-29T17:47:38.000Z,2026-08-31T06:52:38.000Z
1444,Netra Bir,balannathan@example.org,5331266109,Female,1972-08-03,Agra,West Bengal,India,2024-12-03,Gold,2026-03-05T08:59:55.000Z,2026-03-21T11:14:55.000Z
1475,Sneha Kapur,ranganathanvincent@example.com,4521182379,Male,1972-07-22,Ajmer,Madhya Pradesh,India,2025-03-21,Gold,2026-01-04T12:20:01.000Z,2026-02-27T08:00:01.000Z
1476,Daniel Tak,nisha45@example.org,6043878753,Female,1977-06-12,Karawal Nagar,Mizoram,India,2026-03-02,Platinum,2026-06-01T22:44:17.000Z,2026-09-23T19:18:17.000Z
1486,Yachana Divan,,6204485157,Female,1994-03-18,Buxar,Manipur,India,2023-10-22,Silver,2024-01-30T21:41:39.000Z,2024-05-14T08:40:39.000Z
1495,Advika Sama,nihalrao@example.net,1602529867,Female,1956-05-02,Rewa,Maharashtra,India,2025-03-10,Silver,2026-03-18T08:00:13.000Z,2026-05-28T14:23:13.000Z
1029,Jagdish Wason,rehaankalita@example.net,9413435240,Female,2003-09-22,Panipat,Arunachal Pradesh,India,2024-01-22,Platinum,2024-11-16T04:03:46.000Z,2025-02-04T09:53:46.000Z
1032,Bishakha Bali,,9361832421,Female,1959-08-09,Aizawl,Punjab,India,2025-04-13,Platinum,2026-03-28T21:59:51.000Z,2026-06-29T01:42:51.000Z
1034,Arunima Golla,fswamy@example.com,1256746807,Female,1961-07-15,Nizamabad,Karnataka,India,2024-04-16,Platinum,2026-04-16T21:32:31.000Z,2026-06-13T22:18:31.000Z
1046,Sarthak Kalita,falgunidivan@example.net,8421020539,Male,1977-07-30,Akola,Himachal Pradesh,India,2025-12-12,Silver,2026-03-01T16:39:16.000Z,2026-06-25T09:07:16.000Z
1059,Joshua Vyas,sampathyashoda@example.com,3573322141,Female,1990-02-03,Naihati,Tripura,India,2025-02-23,Silver,2026-07-07T19:35:01.000Z,2026-08-31T00:52:01.000Z
1064,Bishakha Sanghvi,panditwridesh@example.net,5188888067,Female,1958-07-05,Dindigul,Himachal Pradesh,India,2024-07-28,Gold,2026-02-06T02:38:13.000Z,2026-02-27T14:38:13.000Z
1066,Zehaan Bansal,,6676527758,Female,1973-09-11,Khandwa,Assam,India,2025-09-26,Silver,2026-02-27T15:43:01.000Z,2026-06-01T09:25:01.000Z
1079,Xavier Balay,halderanirudh@example.com,3689702838,Female,1977-08-31,Hajipur,Madhya Pradesh,India,2026-03-22,Silver,2026-06-03T19:48:55.000Z,2026-09-24T03:11:55.000Z
1093,Siddharth Gupta,srinivasxavier@example.net,5467854458,Female,1989-05-20,Navi Mumbai,Uttar Pradesh,India,2024-12-17,Silver,2025-08-09T11:50:03.000Z,2025-08-25T13:09:03.000Z
1101,Harshil Bal,pandyagirik@example.net,6618398262,Male,1964-12-28,Barasat,Himachal Pradesh,India,2025-06-15,Gold,2026-07-18T00:35:23.000Z,2026-11-04T15:49:23.000Z
1104,Raksha Manne,regexalak@example.org,916617979688,Female,2002-08-13,Tinsukia,Arunachal Pradesh,India,2025-07-05,Gold,2026-07-06T05:09:47.000Z,2026-08-10T07:58:47.000Z
1142,Ekani Luthra,mchakraborty@example.com,5082148628,Female,1994-03-30,Malegaon,Gujarat,India,2024-10-27,Gold,2026-05-27T16:00:48.000Z,2026-07-15T07:00:48.000Z
1153,Ryan Lall,ishitarout@example.com,3753001197,Male,1965-09-11,Sasaram,Assam,India,2023-12-31,Gold,2026-02-11T05:03:26.000Z,2026-05-18T18:19:26.000Z
1156,Vinaya Chowdhury,csastry@example.org,9935889163,Male,1988-05-04,Kharagpur,Chhattisgarh,India,2023-09-01,Platinum,2024-03-21T23:11:01.000Z,2024-04-22T06:04:01.000Z
1158,Jagat Tank,chauhannetra@example.com,1994883755,Female,1959-03-29,Malda,Karnataka,India,2025-08-31,Platinum,2026-02-20T14:58:36.000Z,2026-03-07T09:11:36.000Z
1163,Chakrika Jani,parmersneha@example.org,8406665800,Male,2006-02-25,Panihati,Punjab,India,2024-08-11,Platinum,2024-12-02T17:37:22.000Z,2025-03-01T13:52:22.000Z
1167,Gopal Ganesh,bhattishivansh@example.net,8612075011,Female,1959-03-28,Chandrapur,Nagaland,India,2024-05-13,Silver,2025-09-22T14:07:30.000Z,2026-01-09T03:59:30.000Z
1170,Hemangini Kakar,jvala@example.org,913129087814,Female,2001-04-02,Chandrapur,Bihar,India,2023-11-28,Gold,2025-03-15T07:42:34.000Z,2025-06-27T01:31:34.000Z
1186,Dipta Pandya,amrutagoswami@example.net,3433339521,Male,1963-09-14,Kumbakonam,Punjab,India,2025-11-26,Silver,2026-02-03T07:36:27.000Z,2026-02-19T07:10:27.000Z
1228,Veda Viswanathan,falak21@example.net,6810409157,Female,1958-09-07,Saharsa,Tripura,India,2024-03-14,Silver,2025-01-03T11:36:19.000Z,2025-01-19T21:04:19.000Z
1237,Leena Pant,quincysamra@example.net,8468950097,Female,2003-07-06,Gorakhpur,Odisha,India,2025-05-07,Silver,2026-07-09T18:57:30.000Z,2026-08-14T08:18:30.000Z
1245,Vyanjana Chopra,raaginikamdar@example.net,0119470720,Female,1958-02-13,Shimoga,Chhattisgarh,India,2026-02-21,Silver,2026-05-08T05:48:32.000Z,2026-05-24T22:25:32.000Z
1246,Yutika Swaminathan,zsarin@example.net,916719855460,Female,1998-07-28,Ambarnath,Nagaland,India,2024-12-12,Silver,2025-10-11T22:55:36.000Z,2026-01-31T13:01:36.000Z
1260,Upma Wali,siya95@example.net,1624112412,Female,1989-04-27,Kurnool,Mizoram,India,2025-08-12,Platinum,2026-02-22T17:51:13.000Z,2026-05-15T02:20:13.000Z
1263,Abha Pingle,sameshbanerjee@example.net,7828410672,Female,1986-09-18,Bhatpara,Andhra Pradesh,India,2025-12-27,Platinum,2026-02-14T02:49:06.000Z,2026-04-30T12:29:06.000Z
1266,Darika Sehgal,kalesachi@example.net,6629912347,Female,1991-04-17,Amritsar,Odisha,India,2024-10-03,Platinum,2025-06-27T21:46:43.000Z,2025-09-09T09:22:43.000Z
1292,Gaurav Pillai,jacobatwal@example.net,3334476263,Female,1996-05-19,Ichalkaranji,Telangana,India,2026-02-05,Gold,2026-03-27T12:25:23.000Z,2026-04-09T04:04:23.000Z
1305,Vincent Bhat,,1795760243,Male,1987-06-24,Bahraich,Haryana,India,2025-03-30,Platinum,2026-04-11T13:34:43.000Z,2026-05-03T21:37:43.000Z
1316,Vrinda Agate,pallaekansh@example.org,9756792287,Male,2007-05-18,Sultan Pur Majra,Chhattisgarh,India,2024-10-01,Platinum,2025-03-17T10:43:46.000Z,2025-06-02T23:49:46.000Z
1335,Ranbir Wason,manthan53@example.org,7317912868,Male,1981-01-05,Kadapa,Manipur,India,2025-05-16,Platinum,2025-11-21T22:44:08.000Z,2026-02-14T10:48:08.000Z
1361,Neelima Dewan,dasati@example.net,7863050505,Male,2001-09-05,Muzaffarpur,Punjab,India,2023-12-21,Silver,2023-12-25T19:00:16.000Z,2024-01-07T23:16:16.000Z
1376,Kritika Loke,prabhakarzaid@example.net,5784468341,Female,1976-05-06,Satara,West Bengal,India,2024-03-16,Platinum,2024-09-28T07:21:14.000Z,2024-10-30T05:49:14.000Z
1382,Karan Choudhary,bailjonathan@example.org,0569067447,Male,1961-03-02,Shahjahanpur,Punjab,India,2025-03-31,Gold,2026-04-24T19:19:19.000Z,2026-05-05T14:01:19.000Z
1386,Anya Kade,gchahal@example.org,3711895473,Male,1991-11-08,Varanasi,Chhattisgarh,India,2026-02-12,Platinum,2026-04-25T03:44:44.000Z,2026-07-20T02:37:44.000Z
1430,Anya Kara,zramanathan@example.org,2354940128,Male,2003-03-19,Farrukhabad,West Bengal,India,2024-07-23,Gold,2024-09-12T03:29:03.000Z,2024-11-11T11:31:03.000Z
1464,Gunbir Kata,wakeeta50@example.net,5220368499,Male,1976-12-08,Sri Ganganagar,Jharkhand,India,2025-05-30,Silver,2025-10-14T06:20:30.000Z,2025-12-19T17:28:30.000Z
1465,Anusha Sur,kkapur@example.com,4213882090,Male,1992-04-12,Chennai,Meghalaya,India,2024-04-01,Silver,2024-10-02T03:54:16.000Z,2024-11-26T20:52:16.000Z
1470,Vrinda Sabharwal,ayushmannan@example.com,5456676640,Male,1973-10-21,Muzaffarnagar,Karnataka,India,2025-03-28,Platinum,2025-07-05T11:10:17.000Z,2025-09-23T20:49:17.000Z
1497,Jairaj Suri,dperi@example.net,4084245607,Male,1977-08-20,Vadodara,Punjab,India,2025-07-09,Silver,2025-10-26T09:45:51.000Z,2026-01-22T04:52:51.000Z
1004,Ekta Bhalla,azadmutti@example.com,5376724238,Male,1992-03-22,Bhimavaram,Maharashtra,India,2025-02-27,Platinum,2025-09-24T16:11:31.000Z,2025-09-27T18:24:31.000Z
1061,Yadavi Wable,medwin@example.net,5818141247,Male,1990-06-24,Junagadh,Assam,India,2024-09-28,Silver,2026-05-25T09:17:00.000Z,2026-08-17T03:10:00.000Z
1091,Champak Padmanabhan,,6287334270,Male,1993-10-25,Erode,Nagaland,India,2024-04-16,Platinum,2026-02-08T15:11:31.000Z,2026-02-18T14:08:31.000Z
1097,Nidra Sharaf,upkaarmital@example.net,6687002176,Female,1999-06-07,Buxar,West Bengal,India,2025-03-26,Silver,2025-05-26T09:01:31.000Z,2025-09-05T14:57:31.000Z
1117,Nitesh Sarraf,tanay26@example.net,2196565234,Female,1999-05-31,Kulti,Nagaland,India,2024-02-25,Silver,2024-06-10T06:34:10.000Z,2024-08-19T06:53:10.000Z
1123,Praneel Kapoor,rattanekapad@example.com,8705349493,Male,1987-02-11,Gudivada,Meghalaya,India,2024-01-20,Silver,2026-03-09T21:26:34.000Z,2026-06-21T03:35:34.000Z
1127,Meghana Varghese,mistryabha@example.org,8317121003,Male,1964-06-09,Rewa,Kerala,India,2023-12-07,Silver,2024-12-26T14:16:01.000Z,2025-01-14T11:00:01.000Z
1169,Lakshmi Rana,,4245088210,Female,1955-11-21,Siwan,Nagaland,India,2023-11-30,Platinum,2025-02-09T07:43:51.000Z,2025-02-28T20:54:51.000Z
1182,Maanav Sinha,echakrabarti@example.com,0669849027,Female,1985-06-01,Panihati,West Bengal,India,2026-04-01,Platinum,2026-04-02T00:39:22.000Z,2026-06-25T19:02:22.000Z
1187,Vasatika Prabhu,waida94@example.com,3920867808,Female,1979-03-06,Akola,Manipur,India,2023-07-29,Platinum,2025-11-16T03:36:43.000Z,2025-12-14T03:06:43.000Z
1199,Charles Kamdar,keerradha@example.com,1630097925,Female,2007-12-31,Kulti,Goa,India,2024-10-25,Gold,2025-03-28T08:28:37.000Z,2025-06-13T03:42:37.000Z
1204,Harrison Kashyap,mgupta@example.net,8619576122,Female,1992-12-20,Dibrugarh,Karnataka,India,2024-06-18,Gold,2026-07-04T02:38:05.000Z,2026-07-04T16:06:05.000Z
1212,Anika Bera,eanand@example.com,4636815798,Female,1961-07-14,Davanagere,Mizoram,India,2023-10-20,Gold,2025-01-03T04:47:32.000Z,2025-02-23T13:19:32.000Z
1219,Maya Sachdev,shravya02@example.com,5211175186,Female,2005-01-03,Burhanpur,Nagaland,India,2026-01-13,Gold,2026-07-14T02:39:45.000Z,2026-09-12T14:05:45.000Z
1225,Ekansh Morar,yashawini85@example.org,9902355770,Female,1999-06-25,Ongole,Chhattisgarh,India,2024-05-26,Silver,2025-08-06T11:48:16.000Z,2025-11-26T05:17:16.000Z
1240,Aarini Atwal,ghoshmatthew@example.net,913728051292,Female,1989-04-17,Yamunanagar,Haryana,India,2024-02-09,Gold,2025-04-20T11:23:34.000Z,2025-06-30T04:47:34.000Z
1254,Eshana Kari,khalsanitara@example.org,9706239726,Male,1980-12-17,Berhampore,Telangana,India,2024-12-05,Silver,2025-06-01T16:41:22.000Z,2025-06-23T15:00:22.000Z
1258,Aarav Bobal,hnatarajan@example.org,8931950850,Male,1963-02-05,Ambarnath,Manipur,India,2025-02-13,Gold,2026-06-14T20:36:11.000Z,2026-09-01T09:15:11.000Z
1267,Nimrat Mahajan,jgill@example.com,4870494787,Female,1970-10-28,Delhi,Chhattisgarh,India,2025-02-21,Gold,2025-04-30T16:47:43.000Z,2025-06-06T17:40:43.000Z
1273,Qasim Panchal,chanamadhav@example.net,2893891190,Female,1991-07-14,Nellore,Jharkhand,India,2024-01-27,Platinum,2024-12-11T01:54:40.000Z,2025-03-21T15:56:40.000Z
1276,Meghana Sarma,darluke@example.com,1535396136,Female,2004-11-22,Alwar,Tripura,India,2025-08-20,Platinum,2026-05-08T00:23:02.000Z,2026-08-16T18:19:02.000Z
1299,Sathvik Gaba,srau@example.net,6492515837,Male,1985-11-09,Fatehpur,Himachal Pradesh,India,2025-03-29,Platinum,2025-06-06T06:35:26.000Z,2025-07-02T09:28:26.000Z
1301,Chakrika Batta,bathyochana@example.org,9454918017,Male,1967-10-06,Singrauli,Arunachal Pradesh,India,2024-10-27,Silver,2025-05-08T03:14:14.000Z,2025-05-08T12:08:14.000Z
1307,Jagrati Lal,nathan28@example.org,9318374550,Male,2007-12-13,Saharanpur,West Bengal,India,2025-11-30,Gold,2025-12-18T06:31:53.000Z,2026-02-13T18:03:53.000Z
1337,Zilmil Pandey,benjaminshroff@example.net,6657546027,Male,1971-06-15,Aurangabad,Kerala,India,2023-11-26,Gold,2025-02-26T08:11:14.000Z,2025-04-20T22:32:14.000Z
1367,Barkha Mandal,meerachatterjee@example.org,7292774233,Male,2006-06-22,Bangalore,Kerala,India,2025-03-17,Gold,2026-01-14T17:56:40.000Z,2026-01-22T05:28:40.000Z
1377,Wriddhish Chander,daksheshchad@example.net,6827788160,Female,1997-06-25,Chennai,Tamil Nadu,India,2023-12-06,Gold,2024-04-07T11:02:16.000Z,2024-06-13T06:12:16.000Z
1395,Pranav Sangha,pratyush62@example.net,911475410225,Female,1965-08-08,Amroha,Telangana,India,2023-09-24,Platinum,2026-04-20T01:37:53.000Z,2026-07-21T09:05:53.000Z
1406,Adya Basak,kondaabhiram@example.org,9613671577,Female,1999-04-08,Moradabad,Assam,India,2025-04-20,Silver,2026-05-17T23:27:01.000Z,2026-05-24T11:59:01.000Z
1417,Odika Borah,nbose@example.net,,Male,1979-02-22,Srikakulam,Punjab,India,2023-12-22,Gold,2026-01-22T19:11:04.000Z,2026-03-29T13:26:04.000Z
1453,Ria Setty,bailwishi@example.org,4104967066,Male,1985-10-05,Rajahmundry,Gujarat,India,2024-02-24,Platinum,2024-04-19T17:14:37.000Z,2024-08-06T19:42:37.000Z
1460,Jairaj Wable,sodhizinal@example.com,4353537513,Female,1985-10-29,Mirzapur,Assam,India,2025-12-13,Gold,2026-06-26T12:55:18.000Z,2026-10-17T14:59:18.000Z
1468,Karan Issac,vartytanish@example.org,9320649693,Male,1998-12-10,Karawal Nagar,Mizoram,India,2024-05-04,Gold,2026-06-14T15:18:09.000Z,2026-10-07T01:12:09.000Z
1023,Nidhi Gandhi,ndatta@example.net,0162720465,Male,1969-12-12,Khammam,Karnataka,India,2023-09-02,Platinum,2025-04-28T01:38:50.000Z,2025-08-18T23:58:50.000Z
1042,Gunbir Baral,ridhi09@example.com,6232858842,Male,1973-01-12,Sagar,Telangana,India,2024-05-09,Gold,2025-06-02T08:02:39.000Z,2025-08-25T23:37:39.000Z
1049,Girish Munshi,qmunshi@example.com,1116152809,Male,1993-10-05,Bhilai,Maharashtra,India,2025-06-22,Silver,2026-04-27T16:52:09.000Z,2026-05-07T15:32:09.000Z
1050,Charan Mani,indira19@example.net,1585149368,Female,2007-10-08,Narasaraopet,Sikkim,India,2025-01-18,Silver,2026-06-18T18:50:46.000Z,2026-06-26T20:45:46.000Z
1075,Wishi Varma,ttara@example.com,7339500479,Female,2000-01-25,Baranagar,Nagaland,India,2024-11-15,Gold,2025-04-11T10:45:50.000Z,2025-05-14T22:53:50.000Z
1116,Kevin Kara,aandra@example.net,7136111554,Female,1964-11-16,Guntur,Rajasthan,India,2024-06-14,Gold,2025-06-19T08:19:16.000Z,2025-09-22T13:58:16.000Z
1131,Patrick Khalsa,jagrati90@example.net,9378427010,Female,1971-05-17,Jaipur,Mizoram,India,2025-03-13,Gold,2025-12-13T14:02:15.000Z,2026-02-19T07:40:15.000Z
1154,Tanmayi Minhas,ucchal01@example.org,6110022557,Male,1997-11-10,Tiruchirappalli,Kerala,India,2023-12-23,Gold,2025-01-23T12:20:56.000Z,2025-01-26T11:54:56.000Z
1166,Aditya Contractor,sanaya39@example.net,1648408588,Female,1985-11-12,Varanasi,Jharkhand,India,2026-03-05,Silver,2026-06-16T00:18:14.000Z,2026-08-02T02:50:14.000Z
1252,Omya Agrawal,rehaandalal@example.net,8373403127,Male,1989-05-26,Kozhikode,Sikkim,India,2026-03-19,Gold,2026-05-16T11:41:33.000Z,2026-08-11T20:55:33.000Z
1255,Samaksh Nayak,azadbhasin@example.com,6253492929,Female,1993-02-27,Chandigarh,Maharashtra,India,2024-05-15,Gold,2025-11-23T01:12:39.000Z,2026-01-03T02:30:39.000Z
1264,Chakrika Som,manan97@example.com,8140693751,Female,1977-10-02,Narasaraopet,Rajasthan,India,2025-11-13,Silver,2026-05-29T01:23:41.000Z,2026-06-30T16:17:41.000Z
1270,Charvi Madan,gopal89@example.com,4576521328,Male,1970-08-04,Karaikudi,Punjab,India,2024-04-03,Platinum,2025-08-17T03:39:19.000Z,2025-11-02T14:53:19.000Z
1286,Vedika Bahri,chackodipta@example.net,911623198189,Female,2008-04-16,Mehsana,Assam,India,2025-11-20,Platinum,2026-01-27T08:18:04.000Z,2026-02-25T04:22:04.000Z
1303,Chavvi Patel,fmittal@example.org,0303723683,Male,1961-05-27,Madhyamgram,Chhattisgarh,India,2025-04-08,Gold,2026-07-19T11:59:42.000Z,2026-10-11T12:07:42.000Z
1339,Advik Sodhi,mitalikari@example.org,9877515366,Male,1969-10-22,Hospet,West Bengal,India,2025-01-07,Platinum,2025-11-16T15:35:06.000Z,2025-12-05T21:23:06.000Z
1341,Raghav Soman,,918209702316,Female,1974-11-10,Muzaffarpur,Jharkhand,India,2025-03-16,Silver,2025-05-04T11:37:35.000Z,2025-07-21T02:03:35.000Z
1348,Dev Kannan,ganesholiver@example.org,5839386613,Female,1970-02-03,Raurkela Industrial Township,Karnataka,India,2023-08-10,Platinum,2025-01-14T16:37:09.000Z,2025-03-10T21:45:09.000Z
1351,Darpan Devan,wishi43@example.org,9752450864,Female,2006-08-15,Berhampur,West Bengal,India,2025-05-14,Platinum,2025-11-19T04:01:17.000Z,2026-01-16T06:56:17.000Z
1372,Sai Dey,hmunshi@example.com,0324329839,Male,1979-12-24,Warangal,Telangana,India,2023-09-28,Gold,2025-12-12T22:14:28.000Z,2026-04-08T16:55:28.000Z
1392,Pooja Korpal,grau@example.net,6601002314,Female,1965-04-02,Bangalore,Uttar Pradesh,India,2023-11-03,Silver,2024-06-12T22:54:05.000Z,2024-07-26T18:02:05.000Z
1443,Madhavi Varghese,ghoshmax@example.com,4617679298,Female,2008-04-23,Bikaner,Tamil Nadu,India,2025-09-07,Silver,2025-11-27T20:36:47.000Z,2025-12-16T16:19:47.000Z
1450,Prisha Devi,sarmajacob@example.net,916033190368,Female,1994-03-14,Kanpur,West Bengal,India,2025-02-24,Gold,2025-06-01T06:35:39.000Z,2025-07-20T23:42:39.000Z
1451,Faraj Bhandari,revagole@example.com,3429671114,Female,1992-07-16,Shimla,Tamil Nadu,India,2024-08-10,Platinum,2026-05-03T04:22:12.000Z,2026-08-01T18:35:12.000Z
1480,Damini Pillai,,1342491289,Female,1999-06-05,Bathinda,Odisha,India,2024-10-02,Platinum,2026-07-01T11:58:17.000Z,2026-08-14T07:07:17.000Z
1010,Zaid Borra,dchaudhari@example.net,6773602606,Female,1973-08-04,Baranagar,Maharashtra,India,2024-04-29,Platinum,2025-07-05T16:54:56.000Z,2025-07-18T04:48:56.000Z
1068,Raksha Banerjee,,0927557192,Female,1991-07-29,Sikar,Karnataka,India,2024-03-23,Silver,2024-05-10T09:00:23.000Z,2024-08-13T02:03:23.000Z
1077,Jasmit Dhawan,yashodhararatti@example.net,5787298259,Male,1977-03-22,Singrauli,Punjab,India,2025-03-21,Platinum,2026-01-04T20:55:16.000Z,2026-03-17T23:59:16.000Z
1082,Urmi Chaudhry,abduldugar@example.com,5401938026,Male,1967-07-05,Sikar,Uttar Pradesh,India,2023-12-21,Silver,2025-09-23T00:59:30.000Z,2026-01-05T18:18:30.000Z
1086,Finn Vora,twable@example.com,8839822587,Female,1963-06-16,Ballia,Meghalaya,India,2024-06-22,Gold,2026-02-03T18:05:33.000Z,2026-04-26T02:37:33.000Z
1099,Leena Dey,tellahiral@example.org,5999650477,Male,1971-01-26,Begusarai,Madhya Pradesh,India,2025-03-14,Gold,2026-05-07T20:48:50.000Z,2026-08-18T18:43:50.000Z
1168,Aarna Reddy,oseshadri@example.com,1809190158,Female,1962-10-08,Barasat,Punjab,India,2023-11-05,Platinum,2026-04-16T04:08:52.000Z,2026-06-10T15:48:52.000Z
1172,Rajata Malhotra,krish57@example.com,8129142834,Male,2005-06-18,Aurangabad,Andhra Pradesh,India,2024-08-04,Gold,2026-04-06T05:45:57.000Z,2026-07-24T13:38:57.000Z
1178,Oliver Oommen,obiswas@example.com,3886291279,Female,1996-05-12,Katihar,Mizoram,India,2024-04-26,Gold,2026-06-28T12:11:14.000Z,2026-07-22T14:26:14.000Z
1189,Nandini Mammen,kgole@example.org,8663227026,Male,1989-07-17,Hazaribagh,Nagaland,India,2025-04-30,Gold,2026-02-13T04:21:16.000Z,2026-05-30T10:39:16.000Z
1193,Hemang Lala,fradoramakrishnan@example.com,2282005577,Female,1992-05-01,Motihari,Manipur,India,2023-08-28,Gold,2025-05-05T17:41:58.000Z,2025-08-24T18:17:58.000Z
1198,Advik Dara,lekhasavant@example.org,8376452088,Female,1963-11-09,Ongole,Rajasthan,India,2024-08-10,Platinum,2026-05-06T18:39:27.000Z,2026-05-22T12:27:27.000Z
1207,Teerth Brahmbhatt,vasudha27@example.net,9610556613,Male,2006-06-04,Eluru,Arunachal Pradesh,India,2024-10-27,Gold,2025-01-06T09:14:08.000Z,2025-04-17T05:51:08.000Z
1234,Falak Talwar,chanateerth@example.org,8469973354,Male,1994-05-09,Raebareli,Tamil Nadu,India,2024-01-03,Gold,2026-07-17T11:36:19.000Z,2026-11-01T03:06:19.000Z
1235,Yashvi Raval,chaitalybhatia@example.com,1403696566,Male,1981-07-05,Bongaigaon,Gujarat,India,2025-01-03,Platinum,2025-03-13T08:26:16.000Z,2025-05-22T12:50:16.000Z
1242,Gunbir Wali,rachana94@example.com,9673938525,Female,1992-10-22,Bangalore,Uttarakhand,India,2024-11-20,Silver,2026-01-05T20:38:24.000Z,2026-02-24T04:32:24.000Z
1265,Rohan Bajaj,yohannansanaya@example.net,7599805626,Male,1980-09-12,Serampore,Andhra Pradesh,India,2024-05-17,Gold,2025-04-27T02:07:23.000Z,2025-06-15T17:13:23.000Z
1293,Nilima Dhingra,mannanadweta@example.org,7107256366,Male,2005-08-20,Srinagar,Bihar,India,2024-05-08,Gold,2026-02-16T20:30:35.000Z,2026-02-21T18:53:35.000Z
1336,Vasudha Talwar,lloyal@example.com,7363466925,Male,1972-11-12,Guntur,Tripura,India,2024-04-22,Gold,2025-09-03T22:26:09.000Z,2025-11-23T22:31:09.000Z
1354,Nachiket Subramaniam,rajprisha@example.org,8246747468,Female,1996-10-13,Madurai,Karnataka,India,2025-09-10,Silver,2026-05-04T15:57:56.000Z,2026-08-15T11:26:56.000Z
1366,Warda Manne,zbhargava@example.com,2764208656,Female,2001-09-04,Karnal,Tripura,India,2025-12-26,Platinum,2026-06-29T17:55:05.000Z,2026-08-25T14:14:05.000Z
1403,Arjun Raja,sbarad@example.org,3322889857,Female,1964-06-21,Ramagundam,Kerala,India,2025-09-06,Platinum,2026-07-16T14:23:33.000Z,2026-07-26T19:40:33.000Z
1412,Lakshmi Mane,smander@example.net,0961798178,Male,1995-02-05,Ramagundam,West Bengal,India,2026-01-28,Platinum,2026-02-28T14:02:13.000Z,2026-04-01T20:55:13.000Z
1432,Bina Kari,mananchandra@example.org,5847457054,Female,2003-11-15,Kadapa,Tripura,India,2024-01-04,Platinum,2024-03-14T04:18:09.000Z,2024-03-29T15:45:09.000Z
1452,Chasmum Peri,yash84@example.com,9741328348,Male,1969-11-20,Serampore,Telangana,India,2025-01-23,Silver,2025-07-13T02:27:09.000Z,2025-11-07T17:39:09.000Z
1477,Pavani Brahmbhatt,wdatta@example.org,3710672872,Female,2006-07-07,Silchar,Andhra Pradesh,India,2025-11-26,Gold,2025-12-27T15:01:21.000Z,2026-02-04T06:16:21.000Z
1481,Urvashi Kadakia,aarnavkata@example.org,2705102876,Female,2000-10-14,Khammam,Jharkhand,India,2026-01-23,Gold,2026-05-20T10:27:24.000Z,2026-06-30T10:22:24.000Z
1482,Wridesh Ramaswamy,trajan@example.com,8193242687,Male,1988-11-23,Jamshedpur,Nagaland,India,2025-09-03,Gold,2026-06-25T03:46:57.000Z,2026-07-11T15:18:57.000Z
1493,Urishilla Ramesh,,5265469681,Female,1979-02-24,Dharmavaram,Andhra Pradesh,India,2024-03-22,Gold,2025-09-08T11:47:23.000Z,2025-09-25T20:33:23.000Z
1494,Wahab Pillay,harini80@example.net,7303461562,Male,1984-07-07,Anantapuram,Jharkhand,India,2024-06-27,Platinum,2026-05-15T20:33:33.000Z,2026-06-30T21:58:33.000Z
1020,Hredhaan Sandal,patrickvasa@example.com,7278895798,Male,1984-08-01,Kozhikode,Telangana,India,2024-08-01,Platinum,2024-11-23T14:55:45.000Z,2025-01-22T03:12:45.000Z
1055,Timothy Nath,farajuppal@example.net,5523124329,Male,1965-12-12,Belgaum,Tripura,India,2024-11-11,Platinum,2026-06-13T06:48:34.000Z,2026-08-06T20:17:34.000Z
1069,Atharv Grewal,yvasa@example.net,913947312172,Male,2004-02-02,Chandigarh,Uttar Pradesh,India,2024-09-23,Silver,2025-04-04T21:05:54.000Z,2025-04-11T15:35:54.000Z
1129,Manthan Banerjee,chakrikatara@example.com,6263838065,Male,1988-03-09,Hapur,Odisha,India,2024-09-18,Silver,2025-04-23T08:52:01.000Z,2025-06-28T22:55:01.000Z
1146,Aradhana Lal,raghav28@example.org,2074466609,Female,2003-09-24,Tiruvottiyur,Telangana,India,2024-12-22,Platinum,2025-07-24T18:01:16.000Z,2025-09-12T04:43:16.000Z
1173,Nidhi Kala,ladurmi@example.net,9427881658,Female,1956-04-07,Srikakulam,Sikkim,India,2025-09-13,Platinum,2026-05-16T07:11:08.000Z,2026-09-05T21:26:08.000Z
1183,Bahadurjit Uppal,omkaarbanik@example.com,4656693801,Female,1961-09-06,Karaikudi,Odisha,India,2025-09-30,Gold,2026-01-19T01:46:26.000Z,2026-03-27T13:13:26.000Z
1215,Ekansh Walia,goureesha@example.org,4742312209,Male,1997-07-12,Medininagar,Odisha,India,2024-02-29,Platinum,2024-10-31T12:27:12.000Z,2024-11-30T10:20:12.000Z
1223,Brinda Sinha,jairajmaharaj@example.com,9019817946,Female,1996-12-22,Rampur,Mizoram,India,2025-05-12,Silver,2026-07-13T13:31:29.000Z,2026-07-24T23:47:29.000Z
1230,Yash Garg,mukhopadhyayhamsini@example.net,7016016629,Male,1995-11-19,Tadepalligudem,Kerala,India,2024-09-12,Platinum,2024-12-30T22:48:37.000Z,2025-01-20T08:23:37.000Z
1290,Sachi Deshpande,,1238296577,Female,2005-07-28,Bhilwara,Goa,India,2023-08-30,Platinum,2023-11-18T22:23:05.000Z,2024-01-16T10:05:05.000Z
1300,Pahal Pillay,radhasandhu@example.org,3278814761,Male,1988-01-18,Jalgaon,Chhattisgarh,India,2025-12-09,Platinum,2026-05-22T07:18:13.000Z,2026-06-18T14:39:13.000Z
1310,Tara Varty,ayushman72@example.org,916260602908,Female,1975-09-02,Rewa,Sikkim,India,2025-05-15,Gold,2026-04-01T02:30:36.000Z,2026-06-22T02:33:36.000Z
1317,Lila Kaul,inori@example.org,0948181398,Male,1994-10-19,Jehanabad,Mizoram,India,2024-12-05,Gold,2025-02-12T08:57:06.000Z,2025-05-07T02:43:06.000Z
1355,Mohammed Gupta,aryaxiti@example.net,6567491601,Female,1981-09-24,Jammu,Tripura,India,2024-02-16,Platinum,2026-02-13T23:13:27.000Z,2026-04-10T02:28:27.000Z
1378,Yash Wable,senom@example.net,2850676251,Female,1978-07-18,Panvel,West Bengal,India,2025-05-09,Gold,2026-06-28T00:32:11.000Z,2026-10-23T09:56:11.000Z
1396,Isaiah Sane,maanav15@example.org,7676952366,Male,1992-12-04,Siwan,Nagaland,India,2025-07-31,Gold,2026-06-12T09:05:10.000Z,2026-09-20T23:19:10.000Z
1410,Tara Divan,hnadig@example.net,7279103368,Female,2008-03-29,Ghaziabad,Madhya Pradesh,India,2024-11-21,Gold,2024-12-02T00:27:38.000Z,2025-03-18T05:15:38.000Z
1414,Zilmil Nadkarni,onkar96@example.org,0962626582,Female,1985-04-23,Navi Mumbai,Tamil Nadu,India,2023-08-28,Silver,2024-04-22T06:14:50.000Z,2024-07-30T15:29:50.000Z
1429,Lavanya Sami,chaitalygulati@example.com,9786103131,Female,1959-02-28,Ramgarh,Himachal Pradesh,India,2025-02-12,Platinum,2025-04-28T23:21:39.000Z,2025-06-08T08:53:39.000Z
1484,Anjali Bandi,varenya60@example.net,910797727810,Male,1980-09-09,Pudukkottai,Tamil Nadu,India,2025-02-11,Gold,2025-08-27T02:26:07.000Z,2025-09-27T06:32:07.000Z
1036,Girik Kar,shenoyjacob@example.net,4677378263,Male,1996-05-01,Coimbatore,Himachal Pradesh,India,2023-08-09,Silver,2025-12-13T21:25:29.000Z,2026-01-21T17:57:29.000Z
1053,Abhimanyu Jayaraman,siddharth24@example.com,6226838851,Female,1982-07-26,Junagadh,Andhra Pradesh,India,2025-03-24,Silver,2026-07-02T12:13:37.000Z,2026-10-11T04:04:37.000Z
1057,Turvi Barman,uguha@example.net,7151820377,Male,1991-03-17,Bharatpur,Kerala,India,2026-01-26,Silver,2026-05-04T11:06:26.000Z,2026-08-05T21:57:26.000Z
1102,Oliver Saran,oviya47@example.org,9937124065,Male,1997-09-30,Ozhukarai,Manipur,India,2025-08-23,Silver,2025-10-18T16:12:40.000Z,2025-12-02T02:04:40.000Z
1114,Girik Shanker,dev86@example.org,5458929750,Female,1958-09-02,Jaunpur,Andhra Pradesh,India,2025-08-15,Platinum,2025-12-20T02:33:25.000Z,2026-02-10T12:58:25.000Z
1135,Umang Gaba,zborah@example.org,1152621815,Female,1995-12-20,Ludhiana,Maharashtra,India,2025-02-21,Gold,2025-05-10T18:45:55.000Z,2025-07-12T15:00:55.000Z
1136,Chatresh Chaudhuri,samesh36@example.net,1069872050,Male,1984-08-23,Durg,Uttarakhand,India,2024-03-31,Gold,2026-02-03T12:09:49.000Z,2026-02-13T10:27:49.000Z
1150,Andrew Agrawal,upkaarpadmanabhan@example.com,9421044789,Female,1991-03-19,Raebareli,Sikkim,India,2024-11-30,Silver,2026-07-10T20:39:51.000Z,2026-09-03T01:34:51.000Z
1157,Naksh Tiwari,ktandon@example.org,4083866317,Female,1985-10-09,Hubli–Dharwad,West Bengal,India,2025-12-02,Platinum,2025-12-23T04:35:35.000Z,2026-01-11T11:43:35.000Z
1159,Sneha Comar,kapadiaaarnav@example.com,5102726149,Male,1968-11-16,Jamshedpur,West Bengal,India,2025-12-05,Silver,2026-06-06T17:55:31.000Z,2026-07-09T05:05:31.000Z
1190,Zashil Batta,,1754558845,Male,1956-11-23,Bhilai,Kerala,India,2024-11-20,Gold,2025-12-02T23:15:28.000Z,2025-12-25T08:15:28.000Z
1203,Aahana Bawa,timothy91@example.org,0586509480,Male,2005-07-07,Avadi,Assam,India,2026-04-10,Silver,2026-06-24T11:00:06.000Z,2026-07-24T16:35:06.000Z
1205,Indira Murty,kamya66@example.net,8368457760,Female,2004-12-20,Anantapuram,Punjab,India,2024-03-20,Platinum,2026-06-27T09:15:08.000Z,2026-07-01T16:33:08.000Z
1231,Farhan Shroff,giriksidhu@example.org,3329456255,Male,1986-05-23,Ludhiana,Assam,India,2024-11-15,Gold,2025-07-31T03:07:09.000Z,2025-09-21T05:21:09.000Z
1253,Bhavani Kadakia,vkrishnamurthy@example.net,8220781137,Male,1995-11-17,Gurgaon,Gujarat,India,2023-09-23,Gold,2023-12-15T22:17:43.000Z,2023-12-28T19:02:43.000Z
1259,Jeevika Gill,jayaramanlakshit@example.com,9335548640,Male,1959-11-10,Hapur,Manipur,India,2026-03-06,Gold,2026-03-13T22:29:17.000Z,2026-07-08T16:38:17.000Z
1312,Yasti Muni,,8105485101,Male,1986-01-30,Chapra,Telangana,India,2024-10-02,Gold,2025-03-17T00:18:00.000Z,2025-07-11T14:22:00.000Z
1319,Aarini Chand,chaudharyom@example.com,2462095200,Male,1975-10-29,Navi Mumbai,Karnataka,India,2025-10-16,Gold,2026-02-16T06:13:07.000Z,2026-04-08T19:59:07.000Z
1324,Krisha Parmar,xgoel@example.net,913703045319,Female,1998-02-03,Korba,Haryana,India,2025-06-09,Platinum,2025-09-12T20:38:00.000Z,2025-09-20T15:13:00.000Z
1334,Ladli Choudhry,shivansh47@example.org,9611223386,Male,2002-10-18,Ratlam,Punjab,India,2023-08-20,Platinum,2026-07-07T09:15:19.000Z,2026-08-20T09:26:19.000Z
1350,Kiaan Natarajan,eeshasubramaniam@example.org,7683890309,Female,2007-03-11,Tirupati,Haryana,India,2024-12-03,Silver,2026-04-07T00:20:32.000Z,2026-05-27T23:22:32.000Z
1368,Krisha Sane,dakshchar@example.com,8596263013,Male,1982-07-15,Barasat,Tamil Nadu,India,2025-12-29,Gold,2026-02-06T14:13:21.000Z,2026-04-07T04:15:21.000Z
1387,Idika Pau,bdalal@example.org,0294240903,Female,2005-12-13,Shimla,Sikkim,India,2024-05-11,Silver,2026-02-19T16:05:39.000Z,2026-05-16T05:37:39.000Z
1400,Yachana Mohan,pallavidugar@example.com,3690362891,Male,2002-08-31,Morena,Karnataka,India,2025-05-07,Gold,2026-04-24T20:42:02.000Z,2026-08-07T03:33:02.000Z
1418,Aachal Dara,ayushmanwason@example.org,3052312447,Female,1969-02-07,Karnal,Tamil Nadu,India,2025-11-13,Silver,2025-11-14T22:44:20.000Z,2026-01-07T23:23:20.000Z
1420,Ryan Pandit,devansh72@example.org,9856012562,Male,1979-11-21,Srinagar,Gujarat,India,2024-01-02,Gold,2025-08-19T00:59:03.000Z,2025-10-04T03:32:03.000Z
1422,Radhika Nadkarni,rudra30@example.com,1172959639,Female,1956-12-28,Surat,Rajasthan,India,2023-11-12,Silver,2026-04-21T14:20:49.000Z,2026-05-24T13:21:49.000Z
1427,Devika Setty,yaminicherian@example.org,9836314624,Female,1994-10-29,Siliguri,Manipur,India,2025-10-15,Silver,2026-05-02T14:08:59.000Z,2026-05-11T12:57:59.000Z
1458,Inaya Chopra,tripathisachi@example.org,919561642059,Female,1980-01-23,Vellore,Rajasthan,India,2023-09-26,Platinum,2026-04-15T23:12:07.000Z,2026-05-16T14:13:07.000Z
1492,Dayamai Dhaliwal,tara62@example.com,4412336132,Male,2002-02-20,Kolkata,Meghalaya,India,2024-12-17,Gold,2025-01-27T18:54:23.000Z,2025-04-05T19:48:23.000Z
1499,Lavanya Vala,nazarethchasmum@example.com,1613944988,Male,1972-02-18,Dindigul,Odisha,India,2026-02-19,Silver,2026-07-09T13:12:00.000Z,2026-11-07T01:00:00.000Z
1013,Bhavani Dugar,nmittal@example.net,2411824493,Male,2004-05-18,Kurnool,Sikkim,India,2023-11-02,Platinum,2024-11-15T11:34:59.000Z,2025-02-02T23:10:59.000Z
1014,Zayan Behl,sampatharadhana@example.org,2786801128,Male,1957-12-30,Ballia,Nagaland,India,2026-03-30,Gold,2026-05-20T06:15:14.000Z,2026-05-28T07:57:14.000Z
1031,Omaja Kara,cseshadri@example.com,0913341232,Male,1993-02-08,Sangli-Miraj & Kupwad,Andhra Pradesh,India,2023-11-28,Platinum,2024-12-17T13:13:46.000Z,2025-01-19T07:08:46.000Z
1058,Hamsini Ben,dominic51@example.net,2519254629,Female,2003-10-13,Tirupati,Nagaland,India,2024-09-30,Silver,2025-07-27T21:58:05.000Z,2025-08-21T04:32:05.000Z
1109,Chameli Chad,dhritidalal@example.org,912866929662,Female,1988-08-30,Miryalaguda,Goa,India,2025-06-29,Silver,2026-02-23T18:14:14.000Z,2026-06-19T12:26:14.000Z
1115,Tanmayi Acharya,sjain@example.org,5415206436,Female,2000-02-25,Bareilly,Andhra Pradesh,India,2024-01-27,Platinum,2024-09-28T10:03:08.000Z,2024-10-14T16:29:08.000Z
1118,Avi Mitra,zarnaupadhyay@example.org,917613791805,Female,1977-01-29,Munger,West Bengal,India,2026-02-06,Gold,2026-06-02T12:14:21.000Z,2026-07-28T06:52:21.000Z
1121,Ojas Prabhu,amrutadalal@example.org,911491778507,Female,1994-02-14,Arrah,Goa,India,2025-08-28,Silver,2026-01-09T15:31:33.000Z,2026-03-16T13:11:33.000Z
1171,Ishanvi Dave,harishmane@example.net,917594929955,Female,1984-09-09,Kolkata,Karnataka,India,2024-05-20,Gold,2026-06-15T19:46:29.000Z,2026-08-10T19:23:29.000Z
1175,Adya Ghosh,xradhakrishnan@example.net,3865577908,Female,1965-01-01,Dehradun,Haryana,India,2024-12-03,Silver,2025-02-21T04:15:13.000Z,2025-04-25T14:26:13.000Z
1191,Bhavani Pant,yashvi77@example.org,2256996112,Female,1978-12-05,Satara,Karnataka,India,2026-02-13,Platinum,2026-03-23T15:12:43.000Z,2026-03-28T16:47:43.000Z
1192,Megha Madan,vpatil@example.net,0234132611,Female,1959-11-20,Motihari,Arunachal Pradesh,India,2024-10-13,Silver,2026-04-17T19:26:24.000Z,2026-08-16T00:06:24.000Z
1209,Adweta Chada,bthaker@example.net,3769389833,Male,1960-06-02,Chinsurah,Karnataka,India,2025-12-22,Silver,2026-01-10T03:36:45.000Z,2026-04-25T07:40:45.000Z
1217,Reva Suri,tanvi36@example.com,916999880817,Female,1986-08-21,Sambalpur,Mizoram,India,2024-05-31,Gold,2024-09-10T17:44:27.000Z,2024-11-10T10:25:27.000Z
1280,Ira Mane,darsh09@example.org,0561655650,Male,2000-07-17,Shahjahanpur,Haryana,India,2025-08-25,Platinum,2026-04-11T12:56:23.000Z,2026-04-20T17:44:23.000Z
1281,Dominic Mody,nazarethomkaar@example.org,,Female,1994-05-11,North Dumdum,Odisha,India,2024-11-14,Silver,2026-02-17T05:35:27.000Z,2026-05-21T03:00:27.000Z
1295,Gaurav Nadig,qdhar@example.org,4564494856,Female,1966-10-09,Pallavaram,Tripura,India,2024-12-26,Silver,2025-12-24T13:44:03.000Z,2026-03-22T01:18:03.000Z
1328,Harini Bhagat,zinal31@example.net,911100651207,Male,1959-04-10,Phagwara,Rajasthan,India,2024-01-02,Gold,2026-01-06T16:12:45.000Z,2026-04-01T07:26:45.000Z
1333,Ishwar Dhar,ria39@example.com,4234258323,Female,1957-01-03,Firozabad,Bihar,India,2023-11-10,Gold,2025-05-18T22:58:55.000Z,2025-06-11T07:42:55.000Z
1349,Diya Arora,dkala@example.org,0136497189,Female,1967-03-19,Bareilly,Punjab,India,2024-04-13,Silver,2024-05-06T07:02:17.000Z,2024-08-04T14:34:17.000Z
1359,Aashi Rege,ochopra@example.org,1415093771,Female,1956-03-11,Shimoga,Tripura,India,2023-10-18,Gold,2024-07-27T20:38:44.000Z,2024-10-01T03:35:44.000Z
1363,Siddharth Garde,cherianradhika@example.net,4347128715,Female,1970-10-10,Tiruvottiyur,Madhya Pradesh,India,2025-11-04,Platinum,2026-02-05T13:21:56.000Z,2026-05-15T09:52:56.000Z
1408,Qushi Solanki,chaturakakar@example.org,1214614768,Female,1970-02-11,Udaipur,Uttarakhand,India,2025-02-28,Silver,2025-04-17T11:13:30.000Z,2025-05-27T15:06:30.000Z
1419,Warhi Sarin,qhans@example.org,9942376769,Male,2006-05-20,Imphal,Punjab,India,2025-11-21,Platinum,2026-03-15T07:16:09.000Z,2026-05-27T20:27:09.000Z
1426,Upkaar Chanda,chaman15@example.net,7030376371,Male,1978-09-17,Gudivada,Tripura,India,2024-11-30,Silver,2026-06-20T16:18:11.000Z,2026-08-19T14:48:11.000Z
1434,Garima Raman,tmajumdar@example.org,9167954107,Female,2002-03-12,Kirari Suleman Nagar,Sikkim,India,2024-09-03,Silver,2026-02-12T10:42:52.000Z,2026-05-12T02:05:52.000Z
1441,Reva Dasgupta,odhingra@example.org,,Female,1980-07-17,Katni,Madhya Pradesh,India,2024-07-17,Gold,2026-05-01T18:48:46.000Z,2026-07-21T19:52:46.000Z
1442,Pavani Divan,mandertanvi@example.org,0970527740,Male,1966-04-26,Orai,West Bengal,India,2024-01-01,Silver,2025-12-21T17:49:13.000Z,2026-02-25T17:32:13.000Z
1466,Baghyawati Sandhu,iverma@example.com,6741241513,Male,2005-01-15,Khammam,Goa,India,2023-08-28,Silver,2025-03-24T01:28:14.000Z,2025-05-29T05:47:14.000Z
1469,Brinda Sundaram,mramanathan@example.com,1467536127,Female,1977-03-31,Sri Ganganagar,Tamil Nadu,India,2024-04-23,Silver,2025-08-02T04:33:36.000Z,2025-08-28T01:08:36.000Z
1473,Bahadurjit Magar,purohitnandini@example.org,8600892196,Male,1968-10-06,North Dumdum,Maharashtra,India,2023-08-25,Platinum,2024-08-16T07:13:00.000Z,2024-08-21T07:18:00.000Z
1496,Aarna D’Alia,xthakkar@example.com,2686120594,Female,1968-12-28,Raebareli,Arunachal Pradesh,India,2023-10-11,Platinum,2025-01-23T14:57:46.000Z,2025-03-14T07:25:46.000Z
1016,Upma Kapadia,trivenipalla@example.com,6541458685,Female,1957-06-04,Bhilwara,Goa,India,2024-01-02,Silver,2025-08-18T06:11:20.000Z,2025-09-22T20:51:20.000Z
1027,Ladli Nayar,talwarekta@example.org,5494808313,Female,2004-07-18,Unnao,Nagaland,India,2024-07-31,Silver,2026-03-05T21:53:30.000Z,2026-04-03T02:25:30.000Z
1045,Kamala Kalla,psaxena@example.com,0643171390,Female,1958-12-27,Latur,Chhattisgarh,India,2025-04-12,Gold,2025-11-15T06:44:03.000Z,2025-12-24T19:26:03.000Z
1051,Anjali More,indali02@example.org,1836675254,Female,2004-08-25,Tezpur,Punjab,India,2024-09-06,Silver,2024-09-28T11:43:35.000Z,2024-12-02T19:00:35.000Z
1056,Saumya Naidu,matthew71@example.com,910581477005,Male,1975-01-30,Mysore,Punjab,India,2026-03-20,Gold,2026-06-23T22:45:08.000Z,2026-09-15T18:51:08.000Z
1070,Dhruv Mannan,nakul25@example.net,3705895782,Male,1997-03-10,Amritsar,Jharkhand,India,2024-11-26,Silver,2026-04-28T17:26:09.000Z,2026-07-02T20:20:09.000Z
1071,Nimrat Borah,edhithaborah@example.com,8922680182,Male,1976-03-29,Nanded,Karnataka,India,2025-03-28,Gold,2026-04-03T18:57:51.000Z,2026-06-18T21:40:51.000Z
1078,Yashica Upadhyay,emistry@example.org,9409749930,Female,1995-04-03,Tirunelveli,Mizoram,India,2024-10-25,Silver,2026-01-29T03:49:47.000Z,2026-03-03T08:48:47.000Z
1085,Udyati Mohanty,nidrathakkar@example.net,9332727956,Male,2003-04-24,Siwan,Uttar Pradesh,India,2024-07-20,Platinum,2024-09-06T06:04:53.000Z,2024-10-03T04:25:53.000Z
1103,Charita Nagi,varenyamurthy@example.org,919356465193,Female,1995-11-05,Jamalpur,Andhra Pradesh,India,2024-12-19,Gold,2025-11-18T11:16:05.000Z,2025-11-22T08:28:05.000Z
1124,Abeer Rout,kaulhiral@example.net,914138367024,Male,1961-11-16,Ahmednagar,West Bengal,India,2024-05-17,Gold,2025-06-01T18:59:32.000Z,2025-07-03T10:38:32.000Z
1138,Udyati Lall,amrutabhatia@example.org,6938068687,Male,1994-07-08,Fatehpur,Jharkhand,India,2023-09-26,Platinum,2024-11-08T00:23:06.000Z,2024-11-27T07:47:06.000Z
1162,Kevin Gokhale,jack58@example.com,0810620034,Male,2006-08-05,Baranagar,Sikkim,India,2026-03-14,Platinum,2026-05-09T10:11:54.000Z,2026-09-07T08:23:54.000Z
1177,Manan Bhalla,aarnagole@example.net,4137977236,Male,1996-06-06,Ballia,Uttarakhand,India,2024-03-25,Platinum,2024-10-20T06:52:35.000Z,2025-01-17T15:27:35.000Z
1216,Vihaan Bal,fariq72@example.net,7722330604,Male,1983-08-27,Panihati,Tripura,India,2026-02-24,Silver,2026-04-09T20:07:29.000Z,2026-07-24T04:43:29.000Z
1224,Watika Venkatesh,ztailor@example.org,1071396605,Male,1979-05-04,Hyderabad,Rajasthan,India,2025-12-28,Platinum,2026-05-14T10:09:07.000Z,2026-08-20T23:04:07.000Z
1227,Darika Murty,magarodika@example.org,4384215031,Female,1985-09-29,Karawal Nagar,Mizoram,India,2025-03-15,Platinum,2025-08-07T12:59:45.000Z,2025-10-02T14:12:45.000Z
1233,Harini Joshi,ksaran@example.com,7199758172,Female,1976-07-04,Coimbatore,Punjab,India,2025-08-06,Gold,2026-01-02T01:25:43.000Z,2026-05-01T23:43:43.000Z
1243,Guneet Vohra,sehgalindali@example.org,0910939111,Female,1996-09-10,Gandhinagar,Sikkim,India,2023-11-01,Gold,2023-11-19T13:57:13.000Z,2023-12-30T13:27:13.000Z
1271,Omisha Sharma,dadakaran@example.org,912798524013,Male,1964-04-21,Ambattur,Jharkhand,India,2025-10-12,Platinum,2026-05-06T15:29:27.000Z,2026-06-08T13:17:27.000Z
1274,Tanish Thaman,speri@example.net,5663836151,Female,1987-04-02,Saharsa,Chhattisgarh,India,2024-04-10,Gold,2024-04-16T17:23:38.000Z,2024-05-02T20:21:38.000Z
1291,Baghyawati Issac,sachdevajhalak@example.org,0089317342,Female,1958-12-07,Tadipatri,Maharashtra,India,2026-01-25,Platinum,2026-07-04T13:01:15.000Z,2026-10-08T12:10:15.000Z
1296,Ranbir Dixit,karpeqadim@example.org,6170758777,Male,1963-03-14,Amravati,Kerala,India,2024-03-09,Gold,2026-01-21T12:00:04.000Z,2026-03-12T20:12:04.000Z
1306,Upadhriti Deep,,1722329716,Male,1989-02-21,Noida,Gujarat,India,2025-09-14,Gold,2025-12-08T07:46:27.000Z,2026-01-30T23:53:27.000Z
1323,Anjali Korpal,,9700268768,Male,1961-01-24,Siwan,Andhra Pradesh,India,2024-08-28,Platinum,2026-04-04T15:13:59.000Z,2026-07-09T14:36:59.000Z
1369,Gaurav Sheth,omaharaj@example.net,1117830999,Male,1988-03-04,Bareilly,Uttar Pradesh,India,2026-01-30,Platinum,2026-03-04T11:50:51.000Z,2026-06-18T20:54:51.000Z
1409,Hema Mishra,rushilpalla@example.com,6596089319,Female,1997-07-01,North Dumdum,Sikkim,India,2023-10-10,Platinum,2024-03-01T14:27:35.000Z,2024-03-18T15:45:35.000Z
1413,Suhani Raj,hayreupasna@example.org,0538444463,Female,1955-10-30,Patna,Andhra Pradesh,India,2025-05-02,Silver,2025-10-13T13:33:50.000Z,2026-02-11T13:11:50.000Z
1415,Manya Lad,ekantikajani@example.org,9209819602,Female,1986-06-02,Gaya,Haryana,India,2024-01-31,Silver,2026-03-24T08:03:55.000Z,2026-03-30T15:29:55.000Z
1461,Janaki Sule,saumyasahota@example.org,9294455116,Female,1984-03-12,Ramgarh,Meghalaya,India,2025-01-15,Gold,2026-03-26T07:40:41.000Z,2026-06-26T07:10:41.000Z
CB1006,Saumya Naidu,matthew71@example.com,0581477005,,,Mysore,,,2023-01-31,Silver,,
CB1018,Meghana Sarma,darluke@example.com,911535396136,,,Alwar,,,2023-03-22,Gold,,
CB1071,Niharika Gupta,chatterjeeraagini@example.com,911065133387,,,Surat,,,2023-01-22,Silver,,
CB1077,Anita Manda,hemaljani@example.net,910164005242,,,Indore,,,2023-09-06,Silver,,
CB1084,Dayita Kar,mananbakshi@example.org,7693676320,,,Ahmedabad,,,2024-03-08,Vip,,
CB1104,Deepa Atwal,ochander@example.org,4846773782,,,Jaipur,,,2023-11-20,Vip,,
CB1108,Ekapad Keer,utkarsh16@example.org,910050455623,,,Mumbai,,,2024-01-14,Vip,,
CB1160,Aahana Srinivas,sakshamyohannan@example.com,919330833016,,,Indore,,,2025-01-05,Vip,,
CB1177,Qarin Bhargava,bordechanakya@example.org,2038750997,,,Pune,,,2024-03-01,Vip,,
CB1202,Zashil Butala,,911037129387,,,Kota,,,2024-08-29,Silver,,
CB1209,Jonathan Luthra,balangautami@example.com,9177850792,,,Indore,,,2024-12-25,Silver,,
CB1232,Oliver Kakar,jonathanbasak@example.com,919451168685,,,Nagpur,,,2023-10-11,Gold,,
CB1301,Peter Shan,oviswanathan@example.net,913174564240,,,Jaipur,,,2024-06-22,Silver,,
CB1320,Chandran Rastogi,frederick68@example.com,913769389833,,,Mumbai,,,2024-11-24,Regular,,
CB1322,Chaitanya Kaur,kashvidugal@example.net,919240514770,,,Udaipur,,,2024-10-16,Gold,,
CB1004,Nicholas Mitter,,914910740650,,,Durgapur,,,2024-11-23,Regular,,
CB1007,Anjali Korpal,,919700268768,,,Siwan,,,2023-08-27,Regular,,
CB1036,Ekansh Hari,yashodharakunda@example.com,912320024968,,,Bijapur,,,2023-08-06,Vip,,
CB1042,Yachana Mohan,pallavidugar@example.com,3690362891,,,Morena,,,2023-08-13,Vip,,
CB1058,Hema Pandya,veda33@example.com,913757584419,,,Tenali,,,2023-06-06,Silver,,
CB1064,Janya Gaba,isha34@example.net,913276483503,,,Mumbai,,,2025-02-17,Silver,,
CB1080,Inaya Mody,udantbajwa@example.net,911458685014,,,Jaipur,,,2025-06-03,Regular,,
CB1081,Alka Barad,sarafhemani@example.net,911693406088,,,Udaipur,,,2023-03-04,Gold,,
CB1096,Barkha Chaudhry,chamankaran@example.com,912400842710,,,Delhi,,,2023-02-28,Silver,,
CB1107,Ria Chaudhry,uaurora@example.org,914596158657,,,Delhi,,,2023-05-16,Silver,,
CB1134,Pratyush Gandhi,abassi@example.com,7383473597,,,Indore,,,2024-11-06,Gold,,
CB1162,Balhaar Ranganathan,vgrewal@example.com,9154788728,,,Indore,,,2025-02-07,Silver,,
CB1220,Hemangini Thakkar,lipika42@example.org,914078593213,,,Bhopal,,,2025-01-07,Silver,,
CB1268,Pranav Krishnamurthy,,,,,Nagpur,,,2023-10-12,Vip,,
CB1297,Rushil Yohannan,bhavanipant@example.com,919472256996,,,Udaipur,,,2023-02-14,Vip,,
CB1299,Wahab Krishnamurthy,kadeojas@example.com,8006811492,,,Mumbai,,,2024-05-22,Gold,,
CB1313,Vyanjana Buch,xbhat@example.net,4801413811,,,Surat,,,2023-05-30,Vip,,
CB1319,Eta Thakkar,michaelbedi@example.net,,,,Bhopal,,,2024-11-13,Gold,,
CB1321,Amaira Sani,gaurav16@example.com,915904259792,,,Nagpur,,,2024-03-28,Gold,,
CB1333,Gautam Krishna,nihal11@example.org,916892686025,,,Jaipur,,,2023-11-13,Gold,,
CB1335,Wakeeta Khanna,vamakshisetty@example.com,910384983022,,,Indore,,,2023-12-01,Silver,,
CB1341,Gautami Shere,hbhalla@example.com,913955124056,,,Lucknow,,,2025-05-16,Regular,,
CB1010,Dev Kannan,ganesholiver@example.org,5839386613,,,Raurkela Industrial Township,,,2025-04-08,Silver,,
CB1015,Sanaya Dutta,madhavsule@example.com,911453038567,,,Thane,,,2024-01-03,Gold,,
CB1029,Kai Madan,chawlabalendra@example.com,914300038960,,,Faridabad,,,2024-06-30,Silver,,
CB1044,Ekaraj Bath,bimalabuch@example.org,915255341928,,,Ujjain,,,2023-06-06,Silver,,
CB1067,Ishwar Yadav,harini14@example.com,918281489325,,,Udaipur,,,2023-08-05,Silver,,
CB1070,Thomas Amble,bhargavaveer@example.org,,,,Delhi,,,2023-09-11,Gold,,
CB1090,Anirudh Zacharia,pallaudarsh@example.net,913092327193,,,Bhopal,,,2024-02-04,Gold,,
CB1094,Harini Mammen,advaith83@example.org,913777014363,,,Jaipur,,,2025-02-04,Regular,,
CB1103,Turvi Sachdev,,914824771093,,,Ahmedabad,,,2024-11-18,Vip,,
CB1122,Upkaar Sanghvi,lokeayush@example.org,0229612018,,,Lucknow,,,2024-07-12,Silver,,
CB1146,Yashoda Kapur,iyerliam@example.org,919578291146,,,Surat,,,2025-01-07,Gold,,
CB1169,Keya Buch,ijayadani@example.org,0047868633,,,Kota,,,2025-02-08,Gold,,
CB1171,Reva Kaur,dakshdey@example.net,919953428364,,,Delhi,,,2023-10-09,Gold,,
CB1179,Irya Loke,xbrar@example.com,914101666870,,,Indore,,,2025-05-27,Vip,,
CB1190,Sanaya Prasad,xsheth@example.net,911461125457,,,Lucknow,,,2024-04-10,Vip,,
CB1195,Vidhi Yogi,ojassuri@example.com,9050723688,,,Jaipur,,,2023-09-11,Silver,,
CB1200,Jyoti Sha,lnarang@example.org,8636374545,,,Ahmedabad,,,2024-08-15,Vip,,
CB1205,Yuvraj Mane,mitrasamesh@example.net,913761379180,,,Kota,,,2024-06-29,Gold,,
CB1233,Zinal Shanker,virkoni@example.org,9911914856,,,Ahmedabad,,,2023-04-13,Silver,,
CB1245,Leela Agrawal,,913003354216,,,Nagpur,,,2024-09-12,Silver,,
CB1274,Faraj Borra,tripathiazaan@example.net,8488725639,,,Lucknow,,,2024-04-10,Gold,,
CB1276,Theodore Sura,devlalla@example.com,915677005184,,,Bhopal,,,2024-11-04,Vip,,
CB1323,Shaurya Yogi,samarvirk@example.com,916980420439,,,Pune,,,2024-04-12,Vip,,
CB1331,Ikbal Seth,pbasak@example.net,,,,Kota,,,2024-11-25,Silver,,
CB1005,Gaurav Sheth,omaharaj@example.net,911117830999,,,Bareilly,,,2024-08-27,Regular,,
CB1030,Champak Padmanabhan,,916287334270,,,Erode,,,2023-06-17,Vip,,
CB1043,Bishakha Sanghvi,panditwridesh@example.net,5188888067,,,Dindigul,,,2023-04-04,Regular,,
CB1048,Aahana Keer,hkhare@example.org,917786603242,,,Alwar,,,2024-06-25,Regular,,
CB1049,Odika Sampath,ijaya35@example.com,919792703352,,,Gorakhpur,,,2024-11-27,Regular,,
CB1050,Naksh Wason,skarnik@example.org,918300081867,,,Ichalkaranji,,,2024-11-29,Gold,,
CB1069,Alka Wable,ikakar@example.net,,,,Bhopal,,,2024-03-24,Regular,,
CB1078,Prisha Andra,borramanthan@example.net,2620450533,,,Kota,,,2023-04-07,Vip,,
CB1088,Vansha Ahuja,chanchal66@example.net,916706562729,,,Pune,,,2024-05-12,Vip,,
CB1093,Udyati Sarin,ekantika31@example.com,919650752735,,,Udaipur,,,2023-03-01,Regular,,
CB1099,Oscar Borde,aarnavrege@example.com,914471349361,,,Jaipur,,,2024-08-15,Regular,,
CB1127,Nandini Viswanathan,randhawadayita@example.net,1818835523,,,Mumbai,,,2023-08-31,Vip,,
CB1144,Shivani Prabhakar,sachi19@example.org,913102786814,,,Delhi,,,2024-01-08,Gold,,
CB1152,Yutika Sibal,fmorar@example.org,3395004797,,,Indore,,,2023-10-21,Gold,,
CB1176,Omisha Merchant,rohannarayan@example.org,918547772522,,,Surat,,,2024-02-22,Vip,,
CB1188,Raksha Manne,regexalak@example.org,916617979688,,,Mumbai,,,2025-06-06,Regular,,
CB1192,Ganga Sandhu,zkata@example.com,0937966033,,,Udaipur,,,2024-04-26,Regular,,
CB1196,Nilima Swamy,fsawhney@example.org,4043842797,,,Bhopal,,,2023-09-02,Regular,,
CB1207,Pallavi Ratti,yadavmichael@example.com,913285691463,,,Bhopal,,,2023-01-13,Regular,,
CB1210,Nakul Kumer,daliavedant@example.net,910756220863,,,Kota,,,2025-01-21,Gold,,
CB1219,Yatan Merchant,jsabharwal@example.com,2638380657,,,Delhi,,,2024-06-13,Silver,,
CB1223,Anthony Divan,indrajitvora@example.com,911545226752,,,Udaipur,,,2023-08-15,Silver,,
CB1235,Chavvi Mukhopadhyay,vyanjana13@example.org,916913736785,,,Mumbai,,,2024-12-26,Gold,,
CB1257,Isha Manne,,9331637351,,,Surat,,,2024-03-11,Silver,,
CB1267,Oliver Yogi,bhattishivansh@example.net,,,,Bhopal,,,2025-02-20,Vip,,
CB1334,Nicholas Dhillon,charansaini@example.com,1230940777,,,Delhi,,,2025-01-19,Gold,,
CB1350,Radhika Oommen,oscarbrahmbhatt@example.net,917581724619,,,Delhi,,,2024-10-26,Silver,,
CB1011,Yatan Radhakrishnan,charan41@example.org,917911244211,,,Dhule,,,2024-12-15,Gold,,
CB1017,Anusha Handa,waliazayyan@example.net,5664187758,,,Rajahmundry,,,2024-07-03,Vip,,
CB1020,Nimrat Borah,edhithaborah@example.com,8922680182,,,Nanded,,,2024-08-14,Regular,,
CB1046,Raghav Soman,,8209702316,,,Muzaffarpur,,,2024-09-02,Vip,,
CB1061,Aryan Maharaj,udantdewan@example.net,6001338908,,,Lucknow,,,2023-01-20,Gold,,
CB1079,Irya Ray,warjasgaba@example.org,916342160733,,,Indore,,,2023-12-29,Vip,,
CB1119,Manbir Bhatti,anvinair@example.com,916118367365,,,Mumbai,,,2024-10-14,Vip,,
CB1123,Krisha Saini,kom@example.com,1022901476,,,Jaipur,,,2024-03-16,Gold,,
CB1135,Baghyawati Raja,medwin@example.net,5818141247,,,Ahmedabad,,,2023-10-13,Gold,,
CB1138,Champak Khare,eshankar@example.org,918932460953,,,Jaipur,,,2024-08-17,Regular,,
CB1159,Vrinda Nadig,,918665240415,,,Kota,,,2024-04-11,Silver,,
CB1184,Raagini Sen,bchauhan@example.org,919560466183,,,Indore,,,2024-11-15,Silver,,
CB1187,Peter Rao,bishakha79@example.org,915193982807,,,Indore,,,2023-03-27,Silver,,
CB1193,Dev Chaudry,,8596969155,,,Kota,,,2023-12-25,Regular,,
CB1231,Darsh Ram,rwason@example.com,,,,Udaipur,,,2023-07-16,Vip,,
CB1239,Anvi Sampath,dpalla@example.com,919691085899,,,Bhopal,,,2024-04-25,Gold,,
CB1282,Girik Subramaniam,aaravsankar@example.net,916376599162,,,Pune,,,2024-10-07,Silver,,
CB1293,Meera Ghosh,sdara@example.net,3691559428,,,Bhopal,,,2025-06-05,Vip,,
CB1340,Darika Mital,,2355770272,,,Kota,,,2023-05-25,Vip,,
CB1003,Daniel Tak,nisha45@example.org,6043878753,,,Karawal Nagar,,,2023-08-17,Regular,,
CB1019,Yadavi Shanker,saksham02@example.com,918597779014,,,Sri Ganganagar,,,2025-04-29,Gold,,
CB1034,Mohini De,yutika81@example.com,917321046963,,,Gangtok,,,2024-02-15,Regular,,
CB1060,Aarna Reddy,oseshadri@example.com,911809190158,,,Barasat,,,2024-09-05,Vip,,
CB1089,Meera Bala,sanghakrishna@example.com,5375564641,,,Indore,,,2023-03-02,Regular,,
CB1113,Megha Atwal,,911370985931,,,Surat,,,2023-04-20,Silver,,
CB1140,Kiaan Basu,hamsini27@example.net,917043030548,,,Surat,,,2024-03-22,Regular,,
CB1155,Zilmil Shan,yutikadey@example.com,4958887947,,,Ahmedabad,,,2024-11-05,Gold,,
CB1178,Amol Ahuja,barora@example.net,918621182339,,,Udaipur,,,2024-02-03,Regular,,
CB1181,Divya Babu,maanasrao@example.org,919685621850,,,Surat,,,2025-05-23,Silver,,
CB1183,Yatin Borah,loyalmitesh@example.com,1104754121,,,Indore,,,2024-05-12,Gold,,
CB1186,Tanvi Chhabra,dakshaahuja@example.com,917569245937,,,Nagpur,,,2024-02-08,Regular,,
CB1201,Vedhika Oza,batrahardik@example.net,917706324241,,,Pune,,,2024-02-11,Regular,,
CB1218,Jason Basak,kbedi@example.net,916625324472,,,Ahmedabad,,,2024-09-02,Regular,,
CB1221,Amaira Walla,kandalipika@example.com,915590599293,,,Kota,,,2024-12-08,Vip,,
CB1266,Ekani Raj,rajuaahana@example.net,918877043581,,,Ahmedabad,,,2025-02-22,Regular,,
CB1270,Chanchal Prakash,,918814353682,,,Lucknow,,,2023-12-23,Gold,,
CB1278,Ria Gandhi,farajvarkey@example.net,912591365177,,,Kota,,,2024-09-29,Vip,,
CB1330,Tristan Jain,dominicgoel@example.com,916609656999,,,Pune,,,2023-08-13,Gold,,
CB1347,Sanaya Parekh,gaurangi38@example.org,917174773329,,,Surat,,,2023-01-26,Gold,,
CB1016,Samar Prabhakar,odika09@example.org,9964235369,,,Jamalpur,,,2025-04-06,Vip,,
CB1021,Dominic Mody,nazarethomkaar@example.org,91,,,North Dumdum,,,2023-02-16,Silver,,
CB1026,Chasmum Peri,yash84@example.com,,,,Serampore,,,2024-01-15,Silver,,
CB1028,Omaja Kara,cseshadri@example.com,910913341232,,,Sangli-miraj & Kupwad,,,2024-09-15,Silver,,
CB1045,Pavani Divan,mandertanvi@example.org,910970527740,,,Orai,,,2025-03-22,Vip,,
CB1053,Pranit Ganguly,simon90@example.net,917150416591,,,Bhopal,,,2023-06-11,Regular,,
CB1065,Diya Rattan,dominic39@example.net,917242388496,,,Surat,,,2024-11-06,Silver,,
CB1095,Jyoti Solanki,pavani85@example.com,913135182337,,,Surat,,,2024-08-21,Silver,,
CB1101,Balveer Sankaran,zashil01@example.org,2787429671,,,Kota,,,2023-09-25,Gold,,
CB1102,Ijaya Rege,ekani12@example.com,918071545168,,,Indore,,,2023-09-02,Silver,,
CB1110,Riya Pai,panini47@example.com,913695944064,,,Surat,,,2024-09-18,Regular,,
CB1141,Urvashi Kulkarni,halderbhavika@example.com,915667652775,,,Pune,,,2024-01-30,Gold,,
CB1150,Elijah Bhasin,riasagar@example.com,912555625881,,,Mumbai,,,2024-11-24,Gold,,
CB1154,Ati Dani,gunbirramesh@example.com,913986800025,,,Udaipur,,,2024-06-07,Silver,,
CB1157,Xavier Balay,halderanirudh@example.com,3689702838,,,Mumbai,,,2023-08-19,Regular,,
CB1163,Anjali Hans,narayanannicholas@example.net,915493296685,,,Surat,,,2023-06-30,Vip,,
CB1203,Abhiram Oza,samikevin@example.com,911155426221,,,Ahmedabad,,,2023-04-15,Regular,,
CB1222,Dayamai Gill,fbarad@example.org,8705932525,,,Delhi,,,2024-04-03,Gold,,
CB1229,Chaitaly Srinivasan,gunbirbal@example.org,1467741862,,,Lucknow,,,2025-01-08,Regular,,
CB1241,Chakrika Lad,yravel@example.net,5387584282,,,Indore,,,2023-04-27,Vip,,
CB1243,Chatresh Bobal,ghayer@example.org,0223569725,,,Nagpur,,,2023-06-05,Gold,,
CB1272,Wahab Chaudhry,ekaraj35@example.com,919299556205,,,Bhopal,,,2024-02-26,Gold,,
CB1280,Anirudh Mander,kalitasaumya@example.net,6929298425,,,Ahmedabad,,,2024-07-16,Vip,,
CB1281,Ekapad Karpe,irajan@example.org,916291279908,,,Delhi,,,2024-12-16,Regular,,
CB1285,Mitali Devi,karpesanya@example.net,916589026012,,,Mumbai,,,2023-05-01,Vip,,
CB1304,Bimala Choudhry,rsethi@example.net,2080214427,,,Lucknow,,,2024-10-27,Vip,,
CB1311,Ekani Bhatnagar,hgupta@example.net,4565118102,,,Lucknow,,,2023-01-30,Regular,,
CB1315,Indira Murty,kamya66@example.net,8368457760,,,Nagpur,,,2023-06-29,Vip,,
CB1325,Quincy Issac,cbains@example.org,912055543840,,,Lucknow,,,2024-01-26,Gold,,
CB1339,Bina Hari,daniarjun@example.com,6055830344,,,Bhopal,,,2025-04-03,Regular,,
CB1014,Ekanta Kala,,912582739021,,,Sangli-miraj & Kupwad,,,2023-04-05,Regular,,
CB1056,Upkaar Chanda,chaman15@example.net,917030376371,,,Gudivada,,,2025-06-10,Gold,,
CB1097,Upasna Srinivas,loak@example.org,916719022941,,,Delhi,,,2023-03-12,Silver,,
CB1114,Chasmum Rege,deychakradev@example.org,913826758692,,,Nagpur,,,2023-10-06,Silver,,
CB1132,Inaya Mukherjee,mdayal@example.net,915281685054,,,Lucknow,,,2023-07-24,Gold,,
CB1143,Ira Saran,dakshesh16@example.com,917021355690,,,Kota,,,2024-06-16,Silver,,
CB1158,Vanya Vora,lmurthy@example.com,9733484344,,,Bhopal,,,2023-02-17,Regular,,
CB1167,Jackson Jha,gchand@example.com,916790874064,,,Bhopal,,,2025-04-30,Silver,,
CB1170,Hiral Dubey,,913119079030,,,Bhopal,,,2025-02-23,Silver,,
CB1180,Onveer Butala,psaraf@example.com,913974014890,,,Ahmedabad,,,2023-01-07,Vip,,
CB1206,Edhitha Deo,xsalvi@example.net,919104300684,,,Kota,,,2023-03-12,Gold,,
CB1217,Logan Dara,bhatiatristan@example.org,919941013721,,,Lucknow,,,2025-03-27,Gold,,
CB1248,Urvi Dua,adityamitra@example.com,919261891411,,,Nagpur,,,2023-11-09,Regular,,
CB1250,Gautam Vaidya,chaudhuriaahana@example.net,7012045561,,,Ahmedabad,,,2024-10-02,Regular,,
CB1252,Ojas Chowdhury,danieldutta@example.org,7296590277,,,Indore,,,2023-06-10,Vip,,
CB1289,Elijah Thakur,harini18@example.com,917357790714,,,Surat,,,2023-07-15,Silver,,
CB1298,Fariq Edwin,vedant55@example.net,914759876220,,,Indore,,,2024-12-23,Silver,,
CB1346,Bhanumati Konda,ekavirmukhopadhyay@example.net,912070160166,,,Pune,,,2023-04-21,Vip,,
CB1002,Prisha Devi,sarmajacob@example.net,916033190368,,,Kanpur,,,2025-01-29,Silver,,
CB1013,Avi Mitra,zarnaupadhyay@example.org,917613791805,,,Munger,,,2025-02-20,Regular,,
CB1024,Hema Mishra,rushilpalla@example.com,916596089319,,,North Dumdum,,,2024-01-25,Vip,,
CB1031,Karan Choudhary,bailjonathan@example.org,910569067447,,,Shahjahanpur,,,2023-10-04,Silver,,
CB1068,Aadi Naik,,919117182278,,,Indore,,,2024-12-31,Gold,,
CB1086,Nathan Soman,wlad@example.org,914714345581,,,Surat,,,2023-02-21,Regular,,
CB1091,Aahana Pillay,,919663193149,,,Udaipur,,,2024-03-09,Vip,,
CB1100,Manthan Lata,ekbalbhasin@example.org,917174648877,,,Nagpur,,,2024-03-05,Gold,,
CB1106,Krishna Shah,ranbir39@example.com,7662702895,,,Surat,,,2024-07-04,Gold,,
CB1118,Saumya Pathak,sethyahvi@example.org,0076617711,,,Lucknow,,,2023-02-15,Silver,,
CB1168,Tejas Bora,sampathhemangini@example.net,917046226567,,,Bhopal,,,2025-01-31,Gold,,
CB1173,Ubika Bhardwaj,jsaha@example.net,3517518304,,,Mumbai,,,2024-07-07,Silver,,
CB1185,Lajita Gara,amrutamitra@example.com,916464715437,,,Mumbai,,,2025-05-10,Regular,,
CB1191,Vasudha Pall,cchatterjee@example.net,910105123828,,,Ahmedabad,,,2023-10-12,Regular,,
CB1198,Priya Gandhi,samueljhaveri@example.org,918254494812,,,Mumbai,,,2025-02-24,Regular,,
CB1204,Nitesh Sarraf,tanay26@example.net,912196565234,,,Jaipur,,,2025-03-26,Gold,,
CB1208,Yash Chadha,ddalia@example.net,910202758842,,,Kota,,,2024-03-19,Vip,,
CB1215,Laban Chopra,hiteshgala@example.com,8537474112,,,Bhopal,,,2023-12-11,Gold,,
CB1216,Banjeet Kale,manbir13@example.com,914206788317,,,Pune,,,2023-07-06,Gold,,
CB1244,Faris Sura,peter50@example.org,,,,Delhi,,,2023-03-29,Vip,,
CB1286,Radhika Chakrabarti,lalltristan@example.com,916984902770,,,Surat,,,2025-01-03,Gold,,
CB1312,Azad Jaggi,sunderrehaan@example.org,918994053910,,,Lucknow,,,2023-10-28,Vip,,
CB1337,Balendra Chander,ekantika56@example.org,917214586833,,,Ahmedabad,,,2024-06-27,Silver,,
CB1349,Nidra Chhabra,ekavir48@example.com,919382761539,,,Udaipur,,,2024-10-12,Gold,,
CB1033,Jonathan Venkatesh,hredhaanrana@example.org,3772942095,,,Panipat,,,2023-08-23,Gold,,
CB1040,Nandini Ratta,ymagar@example.net,912021697972,,,Secunderabad,,,2025-02-03,Vip,,
CB1041,Turvi Sachdev,vermachandani@example.net,91,,,Aurangabad,,,2024-08-20,Gold,,
CB1052,Yashica Upadhyay,emistry@example.org,919409749930,,,Tirunelveli,,,2023-04-25,Vip,,
CB1076,Ikshita Biswas,kalamane@example.org,918084124118,,,Mumbai,,,2023-08-08,Vip,,
CB1085,Pavani Kanda,zarnashetty@example.org,,,,Bhopal,,,2023-09-13,Regular,,
CB1098,Jagat Saha,lajitaseshadri@example.com,9909133412,,,Nagpur,,,2024-02-18,Silver,,
CB1109,Pranit Garde,farhanraja@example.net,913747407482,,,Udaipur,,,2025-05-03,Gold,,
CB1124,Riya Sachdeva,,7840369003,,,Lucknow,,,2024-01-09,Silver,,
CB1136,Rajeshri Chand,shravyapalla@example.org,915361530515,,,Indore,,,2024-10-18,Gold,,
CB1153,Abhiram Chokshi,qdesai@example.net,916098358416,,,Bhopal,,,2024-04-21,Silver,,
CB1212,Abhiram Pillay,bishakhamodi@example.net,917383206038,,,Nagpur,,,2024-03-22,Gold,,
CB1242,Gunbir Sinha,aarnagoswami@example.net,913465549471,,,Kota,,,2023-03-17,Regular,,
CB1253,Nisha Sastry,bhatnagaradvika@example.net,919358891637,,,Bhopal,,,2024-12-06,Gold,,
CB1261,Lakshmi Dhillon,bhallaryan@example.com,0438057198,,,Bhopal,,,2024-03-25,Gold,,
CB1275,Krish Shetty,,8272299275,,,Indore,,,2023-11-28,Regular,,
CB1290,Lavanya Kannan,diyasachar@example.com,1651827553,,,Ahmedabad,,,2025-06-03,Vip,,
CB1314,Lekha Gupta,yuvrajgola@example.net,917612286852,,,Mumbai,,,2024-08-02,Silver,,
CB1336,Ikshita Bansal,bachittarmisra@example.com,2249998279,,,Surat,,,2023-07-25,Gold,,
CB1023,Abhimanyu Gola,manderomaja@example.net,4876329092,,,Pudukkottai,,,2025-05-25,Regular,,
CB1025,Suhani Tak,prakashharshil@example.org,911563213580,,,Rampur,,,2024-10-12,Silver,,
CB1027,Nidhi Kala,ladurmi@example.net,919427881658,,,Srikakulam,,,2024-11-17,Regular,,
CB1054,Ria Setty,bailwishi@example.org,914104967066,,,Rajahmundry,,,2025-01-09,Gold,,
CB1062,Oni Kannan,zmall@example.org,2351161559,,,Pune,,,2023-09-03,Regular,,
CB1066,Janaki Kanda,yashodharatak@example.org,916916697848,,,Nagpur,,,2023-09-29,Vip,,
CB1075,Advika Jayaraman,william46@example.org,0799118384,,,Ahmedabad,,,2024-06-10,Vip,,
CB1120,Mohini Sagar,munshiprisha@example.com,911111615280,,,Indore,,,2024-07-18,Regular,,
CB1137,Laksh Barad,urmi27@example.com,3289861434,,,Ahmedabad,,,2023-01-29,Silver,,
CB1156,Jyoti Narula,sahadarika@example.net,9930972896,,,Kota,,,2023-04-06,Gold,,
CB1161,Urmi Chaudhry,abduldugar@example.com,5401938026,,,Mumbai,,,2024-02-14,Regular,,
CB1189,Balhaar Parsa,choprayuvraj@example.net,919656101438,,,Lucknow,,,2023-09-24,Silver,,
CB1194,Orinder Mishra,desaidhriti@example.org,915286692966,,,Jaipur,,,2025-03-10,Regular,,
CB1199,Daniel Malhotra,kevinkrish@example.org,2946671168,,,Ahmedabad,,,2025-03-07,Regular,,
CB1214,Frado Chandran,meeraborde@example.net,4456557431,,,Bhopal,,,2024-04-06,Vip,,
CB1226,Raksha Saini,odikatailor@example.com,917932710405,,,Surat,,,2024-03-11,Gold,,
CB1228,Garima Jha,nimratzachariah@example.com,910698720506,,,Pune,,,2023-11-10,Regular,,
CB1237,Jyoti Shetty,rdasgupta@example.org,7279855241,,,Kota,,,2024-12-15,Vip,,
CB1246,Oliver Bhattacharyya,misrabina@example.com,917532603323,,,Indore,,,2025-03-05,Vip,,
CB1247,Yamini Gara,peribaljiwan@example.com,919010016761,,,Nagpur,,,2024-03-29,Vip,,
CB1265,Ikshita Kant,garimanarula@example.com,7801573993,,,Pune,,,2023-01-27,Regular,,
CB1277,Owen Puri,lpau@example.net,3865577908,,,Surat,,,2023-02-25,Gold,,
CB1283,Vansha Kaul,mandernilima@example.com,918180635651,,,Jaipur,,,2023-11-15,Vip,,
CB1300,Madhavi More,yugmander@example.com,0055778487,,,Bhopal,,,2025-06-09,Regular,,
CB1302,Laban Padmanabhan,upasna80@example.net,916493085368,,,Mumbai,,,2024-02-24,Regular,,
CB1022,Zaid Borra,dchaudhari@example.net,916773602606,,,Baranagar,,,2025-03-02,Regular,,
CB1039,Maya Sachdev,shravya02@example.com,915211175186,,,Burhanpur,,,2023-09-10,Gold,,
CB1072,Pahal Goswami,turvi31@example.com,1326773602,,,Jaipur,,,2024-08-25,Regular,,
CB1074,Dakshesh Trivedi,grewalekapad@example.net,9399091699,,,Lucknow,,,2023-03-11,Regular,,
CB1105,Rayaan Trivedi,ekarajmajumdar@example.com,914499727875,,,Delhi,,,2024-09-28,Regular,,
CB1125,Siddharth Devan,bimala51@example.org,6838851606,,,Kota,,,2024-11-29,Regular,,
CB1128,Madhav Kunda,oscardua@example.net,9979955271,,,Udaipur,,,2023-01-26,Gold,,
CB1131,Kashish Mandal,xrege@example.com,1864492519,,,Bhopal,,,2024-01-27,Silver,,
CB1149,Onveer Nazareth,balakrishnanfinn@example.org,919078447364,,,Kota,,,2023-07-16,Vip,,
CB1175,Lajita Shukla,darika45@example.net,5355609320,,,Delhi,,,2024-12-24,Vip,,
CB1211,Yuvraj Saha,anika19@example.com,913806174451,,,Bhopal,,,2024-09-22,Vip,,
CB1255,Wahab Brar,zsawhney@example.net,915170166088,,,Delhi,,,2024-12-20,Silver,,
CB1284,Pooja Kulkarni,pallavi95@example.net,8872588744,,,Delhi,,,2023-04-06,Vip,,
CB1306,Pratyush Handa,lakshmi01@example.net,910371837645,,,Jaipur,,,2025-06-12,Regular,,
CB1307,Brijesh Verma,kulkarnivasana@example.net,913136502491,,,Kota,,,2023-08-29,Gold,,
CB1317,Nachiket Devi,jeevika93@example.org,6931572791,,,Pune,,,2024-08-20,Vip,,
CB1318,Baljiwan Raj,bhallagaurika@example.com,919060480589,,,Bhopal,,,2024-10-15,Gold,,
CB1338,Ikbal Wadhwa,sulebhavna@example.com,919529978772,,,Ahmedabad,,,2023-09-21,Gold,,
CB1037,Veda Saraf,jeremiah15@example.org,918887189813,,,Bokaro,,,2024-02-10,Vip,,
CB1047,Baljiwan Andra,hredhaan54@example.com,914315274205,,,Akola,,,2024-01-26,Vip,,
CB1051,Maanav Sinha,echakrabarti@example.com,910669849027,,,Panihati,,,2025-02-26,Gold,,
CB1055,Aarna D’Alia,xthakkar@example.com,2686120594,,,Raebareli,,,2024-05-27,Regular,,
CB1082,Januja Sankar,narayanandipta@example.net,6564823662,,,Pune,,,2025-03-30,Silver,,
CB1087,Matthew Kashyap,tdua@example.org,8760366909,,,Mumbai,,,2023-04-06,Vip,,
CB1092,Benjamin Palan,eprabhakar@example.net,1657262849,,,Ahmedabad,,,2023-06-08,Silver,,
CB1111,Chandran Taneja,victor95@example.org,911047095214,,,Ahmedabad,,,2024-11-14,Regular,,
CB1112,Ojasvi Gill,kevinzacharia@example.com,4517123685,,,Ahmedabad,,,2025-06-18,Regular,,
CB1115,Hardik Suri,cmammen@example.net,913515850643,,,Pune,,,2025-01-04,Gold,,
CB1130,Shivani Guha,vamakshi82@example.org,8203778892,,,Udaipur,,,2023-10-01,Regular,,
CB1133,Tanish Om,ohanda@example.org,8880592962,,,Pune,,,2025-04-20,Regular,,
CB1145,Sanaya Kala,vritti31@example.org,911551884422,,,Kota,,,2024-09-30,Regular,,
CB1197,Ishaan Loyal,benjamin78@example.org,0745171339,,,Bhopal,,,2024-07-31,Gold,,
CB1225,Watika Dhaliwal,faras35@example.com,910433154100,,,Surat,,,2024-04-29,Gold,,
CB1260,Sai Kadakia,hemani22@example.net,917996846081,,,Nagpur,,,2024-09-01,Gold,,
CB1279,Shivansh Edwin,pbains@example.org,2809202428,,,Pune,,,2025-02-17,Gold,,
CB1291,Qadim Gupta,piyengar@example.net,913395211179,,,Ahmedabad,,,2023-12-15,Regular,,
CB1296,Mitali Chaudhary,darpankale@example.com,914558845061,,,Pune,,,2024-08-08,Vip,,
CB1305,Viraj Chana,alexandertak@example.org,915705120461,,,Udaipur,,,2023-11-21,Vip,,
CB1309,Viraj Nadig,reva30@example.net,910778487392,,,Udaipur,,,2023-04-11,Regular,,
CB1316,Bhavani Babu,chasmumahuja@example.com,914888992107,,,Pune,,,2024-09-26,Vip,,
CB1327,Karan Jhaveri,samakshdevi@example.com,2518812520,,,Nagpur,,,2023-10-09,Regular,,
CB1008,Jasmit Dhawan,yashodhararatti@example.net,5787298259,,,Singrauli,,,2024-07-28,Vip,,
CB1059,Aachal Dara,ayushmanwason@example.org,913052312447,,,Karnal,,,2024-07-06,Regular,,
CB1063,Caleb Sharaf,radhakrishnanfarhan@example.net,913103413164,,,Bhopal,,,2023-03-29,Regular,,
CB1073,Aarnav Ramakrishnan,suhani46@example.net,913098050097,,,Jaipur,,,2024-12-25,Silver,,
CB1083,Nidra Acharya,bhavini36@example.net,913872148951,,,Bhopal,,,2023-07-14,Silver,,
CB1116,Suhani Chand,anshbedi@example.com,911839335290,,,Ahmedabad,,,2024-06-01,Regular,,
CB1121,Jason Roy,pallavi04@example.net,8327315851,,,Udaipur,,,2023-04-25,Silver,,
CB1129,Riya Mitter,daksh58@example.org,910541199867,,,Kota,,,2025-03-12,Silver,,
CB1142,Fitan Samra,sanipranit@example.net,915447962757,,,Indore,,,2023-02-15,Regular,,
CB1151,Wyatt Shukla,lokeshivani@example.org,916963259532,,,Jaipur,,,2024-02-20,Gold,,
CB1172,Darsh Gill,dtandon@example.com,916246287334,,,Lucknow,,,2023-08-29,Gold,,
CB1174,Balveer Bora,,913173936385,,,Udaipur,,,2023-08-25,Silver,,
CB1224,Udant Gill,umohanty@example.net,919690295939,,,Nagpur,,,2023-11-10,Gold,,
CB1236,Yutika Dutt,mukhopadhyayyashawini@example.com,2330307053,,,Surat,,,2023-02-16,Gold,,
CB1249,Rushil Iyengar,saksham56@example.com,913753001197,,,Delhi,,,2024-09-16,Silver,,
CB1251,Chakradev Andra,onkarnarasimhan@example.com,5521667467,,,Mumbai,,,2023-06-10,Regular,,
CB1256,Gavin Modi,tanmayiom@example.com,918997571130,,,Nagpur,,,2023-09-28,Silver,,
CB1258,Chakradhar Dasgupta,qshankar@example.net,0869782922,,,Ahmedabad,,,2024-10-25,Silver,,
CB1259,Lila Nagy,msahota@example.net,4722698485,,,Mumbai,,,2023-03-15,Gold,,
CB1287,Zarna Mangal,bahadurjituppal@example.net,915302146566,,,Bhopal,,,2024-03-01,Silver,,
CB1288,Zarna Aurora,chanabhavani@example.net,919376904268,,,Mumbai,,,2024-04-12,Vip,,
CB1292,Brijesh Subramaniam,divya79@example.com,916392086780,,,Ahmedabad,,,2023-10-17,Vip,,
CB1308,Xavier Andra,somanmohammed@example.com,911950052812,,,Delhi,,,2023-08-21,Vip,,
CB1326,Lila Balan,umang25@example.com,919363926495,,,Jaipur,,,2024-12-17,Vip,,
CB1328,Odika Sabharwal,saanvi42@example.org,919949993933,,,Bhopal,,,2024-09-12,Gold,,
CB1345,Aradhana Walia,ridhi14@example.org,919881385854,,,Kota,,,2024-08-21,Gold,,
CB1001,Urvashi Kadakia,aarnavkata@example.org,2705102876,,,Khammam,,,2024-10-16,Regular,,
CB1009,Wridesh Ramaswamy,trajan@example.com,918193242687,,,Jamshedpur,,,2023-08-14,Gold,,
CB1035,Bhavna Atwal,indrajit47@example.com,913388487920,,,Rohtak,,,2023-08-05,Gold,,
CB1117,Maanav De,owen10@example.org,915024026811,,,Indore,,,2023-04-05,Gold,,
CB1126,Tripti Brahmbhatt,pushti96@example.net,910529751613,,,Indore,,,2023-12-29,Silver,,
CB1139,Rachit Chada,ekansh88@example.net,916540515319,,,Lucknow,,,2024-09-02,Gold,,
CB1165,David Dani,kmohanty@example.com,9332727956,,,Bhopal,,,2024-04-12,Gold,,
CB1166,Tejas Kota,vorasanya@example.net,910883982258,,,Nagpur,,,2025-02-12,Vip,,
CB1182,Rajeshri Kata,oakmekhala@example.com,3586629619,,,Ahmedabad,,,2024-05-14,Vip,,
CB1227,Henry Borah,onkar62@example.net,919970629620,,,Bhopal,,,2023-12-27,Gold,,
CB1234,Leela Sunder,lbarad@example.com,6065307450,,,Ahmedabad,,,2024-01-05,Regular,,
CB1238,Ayaan Raju,gabatanish@example.org,8007229034,,,Nagpur,,,2023-04-16,Gold,,
CB1240,Chanchal Chokshi,vbhatt@example.com,3283096520,,,Ahmedabad,,,2023-07-08,Vip,,
CB1254,Lekha Dixit,aptenaksh@example.net,7535408386,,,Ahmedabad,,,2023-02-03,Gold,,
CB1263,Chaitaly Sen,falangrover@example.org,4842294057,,,Nagpur,,,2024-03-24,Regular,,
CB1264,Balveer Dube,charan94@example.com,913281826886,,,Lucknow,,,2024-03-18,Gold,,
CB1271,Qarin Kant,rishi12@example.net,1414139755,,,Mumbai,,,2024-11-17,Gold,,
CB1273,Timothy Sarin,jagvi25@example.com,917812914283,,,Surat,,,2024-11-09,Regular,,
CB1294,Warjas Luthra,xoza@example.org,915564729293,,,Surat,,,2023-12-20,Vip,,
CB1295,Anamika Keer,mraj@example.org,916728857448,,,Pune,,,2024-04-11,Silver,,
CB1310,Ekiya Sidhu,naveen18@example.org,5708620959,,,Udaipur,,,2024-03-30,Gold,,
CB1342,Lopa Grover,morardivya@example.net,917357438421,,,Jaipur,,,2025-03-20,Gold,,
CB1343,Baljiwan Jaggi,sawhneyyashawini@example.org,5784521823,,,Bhopal,,,2024-07-03,Gold,,
CB1348,Januja Ramanathan,ganganair@example.com,1577245992,,,Kota,,,2024-09-16,Regular,,
CB1012,Wazir Kalla,,3849830220,,,Vadodara,,,2023-10-12,Silver,,
CB1032,Saksham De,peter50@example.org,918515691545,,,Junagadh,,,2024-12-02,Regular,,
CB1038,Oliver Saran,oviya47@example.org,919937124065,,,Ozhukarai,,,2023-05-27,Silver,,
CB1057,Arunima Golla,fswamy@example.com,911256746807,,,Nizamabad,,,2025-05-11,Silver,,
CB1147,Nirja Rout,dassedhitha@example.net,915289226801,,,Lucknow,,,2024-11-13,Vip,,
CB1148,Daksha Gala,ekantikakar@example.com,918424981829,,,Surat,,,2024-12-14,Silver,,
CB1164,Nandini Chandran,,913745499045,,,Pune,,,2023-02-21,Regular,,
CB1213,Aditya Nayak,puridamyanti@example.org,7024103865,,,Delhi,,,2023-11-27,Gold,,
CB1230,Lakshmi Pingle,sanayabasu@example.com,914902115869,,,Udaipur,,,2025-01-30,Silver,,
CB1262,Lopa Khanna,champak66@example.com,914397359893,,,Ahmedabad,,,2024-12-17,Vip,,
CB1269,Ishita Thakkar,manncharvi@example.net,916072832684,,,Delhi,,,2024-10-12,Vip,,
CB1303,Megha Krish,madhaviradhakrishnan@example.org,918944846312,,,Lucknow,,,2024-04-25,Vip,,
CB1324,Chatresh Shroff,bhavsarlipika@example.net,914636815798,,,Delhi,,,2025-05-23,Silver,,
CB1329,Jagrati Buch,gdesai@example.net,7722330604,,,Nagpur,,,2025-03-05,Gold,,
CB1332,Chaitaly Bhagat,ubikaseth@example.org,2665702793,,,Kota,,,2024-10-05,Regular,,
CB1344,Tripti Ram,agrawaldeepa@example.org,911840943533,,,Kota,,,2024-11-19,Gold,,
