Order_ID,Order_Date,Customer_ID,Product_ID,Store_ID,Quantity,Discount,Payment_Mode,Created_At,Last_Updated
500001,2023-08-17 00:47:00,1115,P1036,S024,2,0.2,UPI,2023-08-17 01:57:00,2023-09-01 01:57:00
500002,2025-05-14 01:01:00,1120,P1130,S020,1,0.2,Credit Card,2025-05-14 01:24:00,2025-05-27 01:24:00
500003,2026-01-21 13:14:00,1143,P1002,S025,3,0.15,Debit Card,2026-01-21 15:08:00,2026-02-27 15:08:00
500004,2024-07-23 04:13:00,1048,P1098,S004,6,0.1,Net Banking,2024-07-23 05:39:00,2024-07-29 05:39:00
500005,2024-06-25 01:46:00,1064,P1097,S003,5,0.2,Debit Card,2024-06-25 03:43:00,2024-07-29 03:43:00
500006,2026-03-28 06:45:00,1339,P1059,S025,5,0.0,Credit Card,2026-03-28 07:02:00,2026-03-30 07:02:00
500007,2023-07-26 12:17:00,1428,P1094,S006,6,0.1,Credit Card,2023-07-26 14:13:00,2023-09-04 14:13:00
500008,2024-06-30 22:59:00,1037,P1044,S018,4,0.05,Cash,2024-07-01 01:53:00,2024-08-11 01:53:00
500009,2025-02-16 08:59:00,1286,P1057,S022,6,0.0,Credit Card,2025-02-16 11:42:00,2025-04-01 11:42:00
500010,2023-03-07 10:25:00,1109,P1146,S023,6,0.05,Wallet,2023-03-07 11:33:00,2023-03-11 11:33:00
500011,2025-10-19 12:56:00,1074,P1068,S005,4,0.2,Net Banking,2025-10-19 15:40:00,2025-11-17 15:40:00
500012,2024-06-22 23:37:00,1299,P1103,S012,4,0.05,Net Banking,2024-06-23 01:26:00,2024-08-19 01:26:00
500013,2025-10-07 02:48:00,1057,P1040,S021,3,0.15,Net Banking,2025-10-07 03:00:00,2025-12-01 03:00:00
500014,2023-05-11 12:24:00,1271,P1065,S018,1,0.0,WALLET,2023-05-11 14:56:00,2023-06-09 14:56:00
500015,2026-01-04 08:49:00,1058,P1076,S014,3,0.15,UPI,2026-01-04 11:33:00,2026-01-25 11:33:00
500016,2024-06-23 16:48:00,1468,P1028,S021,5,0.2,Net Banking,2024-06-23 17:33:00,2024-07-25 17:33:00
500017,2024-02-12 04:23:00,1489,P1136,S001,6,0.15,UPI,2024-02-12 05:04:00,2024-03-17 05:04:00
500018,2023-08-18 11:56:00,1030,P1062,S019,2,0.0,Wallet,2023-08-18 13:14:00,2023-09-02 13:14:00
500019,2025-09-22 02:48:00,1065,P1033,S022,8,0.2,Credit Card,2025-09-22 05:04:00,2025-11-10 05:04:00
500020,2024-06-26 16:55:00,1494,P1055,S018,4,0.1,Cash,2024-06-26 19:30:00,2024-07-23 19:30:00
500021,2025-02-03 14:57:00,1062,P1064,S008,2,0.1,upi,2025-02-03 17:09:00,2025-03-03 17:09:00
500022,2026-02-08 07:37:00,1037,P1016,S008,2,0.0,Debit Card,2026-02-08 08:33:00,2026-02-08 08:33:00
500023,2023-05-26 16:15:00,1249,P1055,S018,3,0.2,Net Banking,2023-05-26 17:26:00,2023-07-07 17:26:00
500024,2025-08-26 07:50:00,1209,P1049,S004,2,0.15,Debit Card,2025-08-26 09:51:00,2025-10-16 09:51:00
500025,2025-05-17 13:29:00,1335,P1026,S002,7,0.1,UPI,2025-05-17 13:42:00,2025-06-29 13:42:00
500026,2024-05-24 06:12:00,1072,P1109,S006,5,0.15,Credit Card,2024-05-24 08:29:00,2024-06-21 08:29:00
500027,2023-06-04 14:51:00,1026,P1139,S001,2,0.05,Credit Card,2023-06-04 17:11:00,2023-06-10 17:11:00
500028,2025-04-12 15:30:00,1206,P1016,S006,7,0.0,Cash,2025-04-12 16:24:00,2025-06-06 16:24:00
500029,2024-06-27 14:18:00,1491,P1143,S022,8,0.05,Credit Card,2024-06-27 16:06:00,2024-08-10 16:06:00
500030,2024-08-30 06:03:00,1278,P1016,S024,6,0.0,UPI,2024-08-30 08:31:00,2024-10-16 08:31:00
500031,2025-09-03 16:58:00,1030,P1131,S003,3,0.0,Net Banking,2025-09-03 19:13:00,2025-09-13 19:13:00
500032,2023-05-20 21:55:00,1062,P1146,S008,1,0.2,UPI,2023-05-20 22:55:00,2023-06-14 22:55:00
500033,2025-05-08 21:37:00,1162,P1067,S007,6,0.05,Debit Card,2025-05-09 00:01:00,2025-06-11 00:01:00
500034,2025-03-21 04:42:00,1235,P1081,S025,2,0.0,Cash,2025-03-21 07:27:00,2025-04-09 07:27:00
500035,2026-02-27 03:04:00,1260,P1068,S005,6,0.0,Credit Card,2026-02-27 05:21:00,2026-03-12 05:21:00
500036,2025-01-26 09:10:00,1279,P1078,S020,1,0.2,Debit Card,2025-01-26 11:02:00,2025-03-20 11:02:00
500037,2023-08-01 04:16:00,1055,P1142,S005,5,0.1,Net Banking,2023-08-01 04:45:00,2023-09-26 04:45:00
500038,2024-03-07 22:21:00,1325,P1068,S017,8,0.1,UPI,2024-03-07 23:13:00,2024-04-19 23:13:00
500039,2023-07-09 20:27:00,1002,P1086,S025,3,0.1,Credit Card,2023-07-09 21:37:00,2023-07-11 21:37:00
500040,2025-06-23 17:45:00,1005,P1029,S003,3,,UPI,2025-06-23 19:34:00,2025-07-28 19:34:00
500041,2025-01-26 18:35:00,1066,P1011,S010,6,0.0,Debit Card,2025-01-26 19:12:00,2025-02-22 19:12:00
500042,2024-03-06 21:15:00,1182,P1144,S014,3,0.05,Credit Card,2024-03-07 00:05:00,2024-03-13 00:05:00
500043,2023-12-29 13:01:00,1474,P1086,S014,4,0.1,Credit Card,2023-12-29 13:46:00,2024-02-14 13:46:00
500044,2023-08-10 12:55:00,1241,P1057,S007,8,0.1,Debit Card,2023-08-10 13:04:00,2023-10-03 13:04:00
500045,2024-04-11 07:01:00,1205,P1085,S009,2,0.1,Debit Card,2024-04-11 09:49:00,2024-04-23 09:49:00
500046,2025-11-09 12:43:00,1481,P1008,S004,5,0.05,Net Banking,2025-11-09 15:00:00,2025-11-30 15:00:00
500047,2024-06-27 01:06:00,1177,P1081,S014,2,0.15,Net Banking,2024-06-27 03:38:00,2024-07-24 03:38:00
500048,2024-01-25 08:02:00,1267,P1138,S022,4,0.1,Cash,2024-01-25 09:53:00,2024-01-25 09:53:00
500049,2023-05-24 21:58:00,1161,P1032,S024,5,0.2,Debit Card,2023-05-24 23:22:00,2023-07-02 23:22:00
500050,2025-04-16 10:25:00,1284,P1033,S007,7,0.15,Wallet,2025-04-16 13:23:00,2025-05-04 13:23:00
500051,2023-12-23 19:36:00,1281,P1001,S010,5,0.05,Cash,2023-12-23 20:53:00,2024-01-17 20:53:00
500052,2024-10-21 14:28:00,1110,P1131,S016,3,0.0,Debit Card,2024-10-21 16:21:00,2024-12-03 16:21:00
500053,2025-11-21 21:40:00,1048,P1061,S022,5,0.05,Credit Card,2025-11-22 00:18:00,2025-12-13 00:18:00
500054,2023-10-29 00:02:00,1313,P1019,S015,7,0.2,Credit Card,2023-10-29 01:04:00,2023-11-28 01:04:00
500055,2025-02-25 15:25:00,1336,P1002,S025,2,0.15,Credit Card,2025-02-25 16:27:00,2025-03-06 16:27:00
500056,2023-12-27 22:33:00,1286,P1064,S004,8,0.05,CASH,2023-12-28 00:31:00,2023-12-31 00:31:00
500057,2025-12-23 17:38:00,1387,P1114,S020,7,0.2,Cash,2025-12-23 18:59:00,2026-02-21 18:59:00
500058,2023-11-22 23:55:00,1133,P1064,S021,5,0.2,Cash,2023-11-23 01:56:00,2023-12-21 01:56:00
500059,2024-05-04 08:28:00,1147,P1061,S009,6,0.1,Net Banking,2024-05-04 08:47:00,2024-06-18 08:47:00
500060,2023-06-15 04:09:00,1356,P1040,S023,4,0.0,Cash,2023-06-15 05:08:00,2023-07-09 05:08:00
500061,2025-04-14 10:34:00,1032,P1053,S014,7,0.2,Wallet,2025-04-14 12:33:00,2025-05-10 12:33:00
500062,2023-02-10 18:24:00,1483,P1091,S010,7,0.15,Net Banking,2023-02-10 20:26:00,2023-02-10 20:26:00
500063,2026-01-23 19:57:00,1113,P1070,S014,8,0.0,Cash,2026-01-23 20:53:00,2026-02-23 20:53:00
500064,2024-11-19 21:43:00,1085,P1120,S005,1,0.15,Net Banking,2024-11-19 23:26:00,2025-01-04 23:26:00
500065,2026-03-01 21:01:00,1220,P1035,S015,3,0.0,Debit Card,2026-03-01 21:22:00,2026-04-11 21:22:00
500066,2025-02-15 10:13:00,1173,P1098,S009,7,0.1,UPI,2025-02-15 12:09:00,2025-03-07 12:09:00
500067,2025-08-21 00:47:00,1488,P1090,S008,2,0.0,UPI,2025-08-21 03:05:00,2025-08-24 03:05:00
500068,2024-05-21 06:53:00,1079,P1062,S005,8,0.0,Net Banking,2024-05-21 06:58:00,2024-06-29 06:58:00
500069,2024-03-22 14:44:00,1189,P1043,S020,2,0.05,Debit Card,2024-03-22 15:49:00,2024-05-10 15:49:00
500070,2023-08-10 18:01:00,1347,P1097,S013,4,0.0,Net Banking,2023-08-10 19:20:00,2023-09-15 19:20:00
500071,2024-05-12 03:44:00,1351,P1031,S019,1,0.1,Net Banking,2024-05-12 05:01:00,2024-07-05 05:01:00
500072,2025-05-27 21:23:00,1332,P1088,S001,7,0.15,UPI,2025-05-27 21:40:00,2025-06-28 21:40:00
500073,2025-06-06 11:40:00,1079,P1112,S006,5,0.2,Net Banking,2025-06-06 13:37:00,2025-07-21 13:37:00
500074,2025-09-17 14:27:00,1166,P1063,S003,5,0.15,Credit Card,2025-09-17 16:58:00,2025-10-04 16:58:00
500075,2025-08-09 18:39:00,1173,P1008,S016,6,0.05,Cash,2025-08-09 21:30:00,2025-09-02 21:30:00
500076,2024-03-10 11:51:00,1144,P1071,S018,1,0.2,Credit Card,2024-03-10 12:57:00,2024-03-31 12:57:00
500077,2023-06-25 07:46:00,1285,P1062,S023,8,0.15,Cash,2023-06-25 09:30:00,2023-07-26 09:30:00
500078,2023-02-05 02:18:00,1355,P1063,S010,6,0.15,Net Banking,2023-02-05 03:14:00,2023-03-02 03:14:00
500079,2025-12-23 11:27:00,1181,P1117,S009,5,0.1,Credit Card,2025-12-23 13:47:00,2026-01-13 13:47:00
500080,2023-09-05 23:12:00,1381,P1138,S025,3,0.05,Credit Card,2023-09-06 00:32:00,2023-09-13 00:32:00
500081,2025-09-18 08:46:00,1269,P1073,S004,4,0.1,Credit Card,2025-09-18 11:16:00,2025-11-05 11:16:00
500082,2025-01-09 05:19:00,1274,P1033,S009,1,0.0,Net Banking,2025-01-09 05:22:00,2025-02-23 05:22:00
500083,2024-08-21 22:08:00,1386,P1126,S004,1,0.2,Debit Card,2024-08-22 00:51:00,2024-10-16 00:51:00
500084,2025-08-19 15:28:00,1495,P1014,S009,8,0.0,UPI,2025-08-19 16:55:00,2025-08-30 16:55:00
500085,2025-03-31 15:04:00,1352,P1014,S005,3,0.2,Debit Card,2025-03-31 17:31:00,2025-05-10 17:31:00
500086,2023-06-24 07:07:00,1214,P1058,S025,7,0.15,Cash,2023-06-24 09:29:00,2023-08-11 09:29:00
500087,2024-08-31 18:27:00,1318,P1016,S020,2,0.05,Wallet,2024-08-31 19:45:00,2024-10-06 19:45:00
500088,2024-03-08 08:42:00,1123,P1045,S018,2,0.05,UPI,2024-03-08 09:02:00,2024-03-18 09:02:00
500089,2025-04-16 14:44:00,1150,P1009,S008,5,0.1,Wallet,2025-04-16 17:16:00,2025-05-16 17:16:00
500090,2025-07-18 02:43:00,1136,P1051,S014,2,0.2,Credit Card,2025-07-18 03:42:00,2025-09-15 03:42:00
500091,2023-11-02 08:52:00,1031,P1043,S010,5,0.15,UPI,2023-11-02 09:28:00,2023-11-06 09:28:00
500092,2025-08-17 22:19:00,1483,P1070,S017,8,0.15,UPI,2025-08-18 01:18:00,2025-09-12 01:18:00
500093,2023-03-23 13:47:00,1129,P1007,S003,4,0.2,Net Banking,2023-03-23 15:09:00,2023-04-30 15:09:00
500094,2023-02-12 21:52:00,1021,P1045,S016,8,0.1,Credit Card,2023-02-12 23:00:00,2023-03-20 23:00:00
500095,2025-06-11 20:52:00,1241,P1090,S014,6,0.1,Wallet,2025-06-11 22:57:00,2025-06-16 22:57:00
500096,2023-08-03 05:21:00,1254,P1074,S022,7,0.2,UPI,2023-08-03 07:06:00,2023-09-16 07:06:00
500097,2025-07-20 02:20:00,1060,P1104,S017,1,0.2,Cash,2025-07-20 03:24:00,2025-08-09 03:24:00
500098,2025-04-26 01:12:00,1319,P1128,S021,8,0.0,Credit Card,2025-04-26 03:24:00,2025-05-19 03:24:00
500099,2024-06-30 17:08:00,1451,P1125,S004,1,0.2,Credit Card,2024-06-30 18:21:00,2024-07-28 18:21:00
500100,2023-11-21 09:35:00,1209,P1024,S008,2,0.15,UPI,2023-11-21 09:38:00,2023-12-26 09:38:00
500101,2023-11-12 15:59:00,1362,P1070,S014,8,0.15,Credit Card,2023-11-12 17:13:00,2023-12-14 17:13:00
500102,2025-07-24 17:09:00,1472,P1131,S024,3,0.0,Debit Card,2025-07-24 18:47:00,2025-08-05 18:47:00
500103,2025-04-29 10:59:00,1421,P1001,S010,5,0.2,Net Banking,2025-04-29 13:08:00,2025-05-16 13:08:00
500104,2025-09-29 04:28:00,1177,P1086,S018,7,0.15,Debit Card,2025-09-29 06:45:00,2025-10-29 06:45:00
500105,2024-01-22 22:15:00,1120,P1106,S002,6,0.15,Wallet,2024-01-23 00:41:00,2024-02-16 00:41:00
500106,2025-02-19 12:42:00,1254,P1010,S005,6,0.0,Cash,2025-02-19 15:28:00,2025-02-28 15:28:00
500107,2023-07-24 16:58:00,1370,P1037,S014,3,0.0,Cash,2023-07-24 18:54:00,2023-07-24 18:54:00
500108,2024-06-26 10:39:00,1333,P1021,S011,7,0.1,Wallet,2024-06-26 13:36:00,2024-07-21 13:36:00
500109,2025-09-26 17:02:00,1121,P1074,S008,2,0.15,UPI,2025-09-26 19:40:00,2025-09-30 19:40:00
500110,2023-07-25 14:10:00,1463,P1008,S002,6,0.0,Debit Card,2023-07-25 17:07:00,2023-08-13 17:07:00
500111,2025-01-04 11:27:00,1272,P1106,S019,3,,Credit Card,2025-01-04 12:04:00,2025-01-19 12:04:00
500112,2023-06-11 19:55:00,1350,P1062,S016,3,0.05,Cash,2023-06-11 21:32:00,2023-07-20 21:32:00
500113,2024-06-04 14:16:00,1461,P1120,S010,3,0.0,Cash,2024-06-04 17:06:00,2024-06-04 17:06:00
500114,2024-12-08 18:19:00,1354,P1065,S015,5,0.05,Cash,2024-12-08 21:02:00,2025-01-04 21:02:00
500115,2025-09-16 03:15:00,1184,P1148,S010,5,0.0,Wallet,2025-09-16 04:52:00,2025-10-22 04:52:00
500116,2025-03-21 08:00:00,1352,P1013,S020,8,0.1,Credit Card,2025-03-21 10:24:00,2025-05-15 10:24:00
500117,2024-12-22 07:40:00,1129,P1036,S021,2,0.0,Debit Card,2024-12-22 08:28:00,2025-01-30 08:28:00
500118,2025-06-21 01:37:00,1068,P1024,S010,6,0.15,Credit Card,2025-06-21 03:10:00,2025-08-06 03:10:00
500119,2024-02-16 04:50:00,1498,P1094,S017,5,0.05,Debit Card,2024-02-16 07:08:00,2024-04-12 07:08:00
500120,2025-09-13 09:47:00,1059,P1120,S003,3,0.05,Wallet,2025-09-13 11:13:00,2025-11-03 11:13:00
500121,2025-03-24 17:23:00,1203,P1004,S009,2,,Debit Card,2025-03-24 17:46:00,2025-05-13 17:46:00
500122,2024-06-20 18:24:00,1191,P1028,S022,4,0.15,UPI,2024-06-20 21:07:00,2024-08-19 21:07:00
500123,2026-02-23 10:58:00,1332,P1017,S021,8,0.1,Wallet,2026-02-23 13:34:00,2026-03-09 13:34:00
500124,2025-04-16 03:08:00,1020,P1078,S016,2,0.0,Credit Card,2025-04-16 03:19:00,2025-06-15 03:19:00
500125,2026-01-05 04:24:00,1344,P1139,S014,3,0.15,Wallet,2026-01-05 06:20:00,2026-01-28 06:20:00
500126,2023-07-22 15:39:00,1488,P1072,S002,6,0.05,Cash,2023-07-22 17:23:00,2023-09-20 17:23:00
500127,2025-06-29 07:54:00,1352,P1095,S018,6,0.0,Cash,2025-06-29 09:26:00,2025-07-05 09:26:00
500128,2024-07-19 06:07:00,1340,P1055,S021,1,,Debit Card,2024-07-19 08:03:00,2024-07-24 08:03:00
500129,2024-05-13 04:50:00,1036,P1142,S007,4,0.05,Debit Card,2024-05-13 07:14:00,2024-05-26 07:14:00
500130,2023-10-30 19:00:00,1075,P1034,S018,5,0.05,UPI,2023-10-30 20:10:00,2023-12-23 20:10:00
500131,2023-02-22 04:00:00,1404,P1061,S019,6,0.0,Credit Card,2023-02-22 05:31:00,2023-04-13 05:31:00
500132,2024-06-27 01:08:00,1059,P1017,S016,8,0.1,Net Banking,2024-06-27 02:55:00,2024-07-30 02:55:00
500133,2023-08-12 14:32:00,1315,P1012,S024,5,0.15,Wallet,2023-08-12 15:28:00,2023-10-11 15:28:00
500134,2023-03-05 01:30:00,1352,P1028,S016,8,0.0,UPI,2023-03-05 03:12:00,2023-04-01 03:12:00
500135,2024-10-21 19:09:00,1141,P1150,S018,6,0.15,Net Banking,2024-10-21 19:25:00,2024-10-29 19:25:00
500136,2025-12-22 09:29:00,1221,P1026,S023,2,0.2,Wallet,2025-12-22 11:38:00,2026-01-29 11:38:00
500137,2024-03-16 13:28:00,1174,P1117,S013,7,0.0,Debit Card,2024-03-16 14:26:00,2024-04-11 14:26:00
500138,2025-05-24 10:42:00,1489,P1040,S022,8,0.0,UPI,2025-05-24 11:47:00,2025-06-16 11:47:00
500139,2023-06-24 02:27:00,1379,P1096,S005,1,0.2,Net Banking,2023-06-24 02:51:00,2023-08-10 02:51:00
500140,2026-02-24 10:42:00,1182,P1109,S024,1,0.1,Net Banking,2026-02-24 11:13:00,2026-03-22 11:13:00
500141,2024-10-01 11:06:00,1109,P1040,S022,8,0.05,UPI,2024-10-01 13:33:00,2024-11-02 13:33:00
500142,2024-12-18 17:23:00,1143,P1147,S008,7,0.2,Net Banking,2024-12-18 17:52:00,2025-02-04 17:52:00
500143,2026-02-14 00:38:00,1356,P1069,S001,3,0.1,Wallet,2026-02-14 03:26:00,2026-04-08 03:26:00
500144,2024-09-24 10:22:00,1446,P1037,S019,7,0.0,Credit Card,2024-09-24 10:23:00,2024-10-05 10:23:00
500145,2023-03-04 02:47:00,1193,P1108,S015,6,0.05,Debit Card,2023-03-04 05:02:00,2023-03-17 05:02:00
500146,2024-09-30 23:20:00,1044,P1014,S005,3,0.2,UPI,2024-10-01 01:45:00,2024-11-08 01:45:00
500147,2023-06-17 08:28:00,1249,P1114,S014,5,0.05,NET BANKING,2023-06-17 11:17:00,2023-07-14 11:17:00
500148,2023-08-22 11:27:00,1348,P1125,S017,5,0.0,Credit Card,2023-08-22 11:55:00,2023-09-09 11:55:00
500149,2025-03-20 19:03:00,1155,P1055,S025,3,0.1,Debit Card,2025-03-20 19:04:00,2025-04-02 19:04:00
500150,2024-11-02 03:00:00,1221,P1045,S005,7,0.2,Wallet,2024-11-02 05:07:00,2024-12-19 05:07:00
500151,2024-04-16 16:35:00,1182,P1019,S013,1,0.15,UPI,2024-04-16 19:26:00,2024-06-06 19:26:00
500152,2025-07-30 02:55:00,1220,P1147,S013,7,0.1,UPI,2025-07-30 04:15:00,2025-09-04 04:15:00
500153,2025-04-09 00:20:00,1486,P1118,S023,6,0.0,Cash,2025-04-09 01:03:00,2025-05-30 01:03:00
500154,2023-08-05 07:27:00,1269,P1021,S013,5,0.1,Credit Card,2023-08-05 09:57:00,2023-08-30 09:57:00
500155,2024-11-13 05:04:00,1059,P1136,S017,4,0.1,Debit Card,2024-11-13 07:14:00,2024-12-23 07:14:00
500156,2023-10-30 07:06:00,1102,P1045,S020,3,0.0,Credit Card,2023-10-30 07:43:00,2023-11-15 07:43:00
500157,2025-10-08 14:48:00,1297,P1115,S022,6,0.1,Credit Card,2025-10-08 17:12:00,2025-11-25 17:12:00
500158,2025-06-19 02:30:00,1156,P1071,S019,1,0.1,Net Banking,2025-06-19 04:23:00,2025-07-29 04:23:00
500159,2023-06-01 09:29:00,1030,P1095,S010,2,0.0,Net Banking,2023-06-01 11:24:00,2023-06-03 11:24:00
500160,2025-11-04 12:29:00,1489,P1011,S015,4,0.1,Net Banking,2025-11-04 14:57:00,2025-12-09 14:57:00
500161,2025-09-01 16:09:00,1053,P1088,S023,2,0.2,Wallet,2025-09-01 16:24:00,2025-09-29 16:24:00
500162,2023-12-20 01:15:00,1269,P1134,S020,3,0.1,Debit Card,2023-12-20 03:07:00,2024-01-17 03:07:00
500163,2024-08-02 12:26:00,1307,P1014,S021,6,0.0,Debit Card,2024-08-02 13:52:00,2024-09-14 13:52:00
500164,2023-07-13 17:43:00,1130,P1039,S011,2,0.2,Wallet,2023-07-13 19:21:00,2023-07-31 19:21:00
500165,2023-10-17 11:19:00,1340,P1101,S005,2,0.1,Net Banking,2023-10-17 14:06:00,2023-11-30 14:06:00
500166,2025-02-10 20:50:00,1066,P1135,S003,7,0.2,Debit Card,2025-02-10 22:14:00,2025-04-03 22:14:00
500167,2023-02-07 11:19:00,1110,P1088,S025,8,0.05,Credit Card,2023-02-07 12:05:00,2023-04-08 12:05:00
500168,2023-10-09 04:04:00,1404,P1026,S017,1,0.1,Net Banking,2023-10-09 05:19:00,2023-12-02 05:19:00
500169,2023-09-26 19:24:00,1093,P1043,S024,8,0.0,Cash,2023-09-26 20:03:00,2023-10-06 20:03:00
500170,2025-01-16 21:46:00,1313,P1073,S025,8,0.05,Net Banking,2025-01-16 22:46:00,2025-02-13 22:46:00
500171,2024-05-04 09:51:00,1428,P1050,S012,8,0.15,Debit Card,2024-05-04 11:51:00,2024-06-30 11:51:00
500172,2025-02-21 16:33:00,1419,P1052,S020,3,0.1,UPI,2025-02-21 18:20:00,2025-03-03 18:20:00
500173,2025-09-11 11:35:00,1434,P1133,S004,5,0.0,Credit Card,2025-09-11 12:01:00,2025-10-26 12:01:00
500174,2024-07-12 14:57:00,1426,P1112,S003,4,0.15,Debit Card,2024-07-12 17:08:00,2024-07-21 17:08:00
500175,2023-02-24 13:03:00,1192,P1061,S013,2,0.1,Credit Card,2023-02-24 14:44:00,2023-03-28 14:44:00
500176,2023-02-27 10:59:00,1366,P1086,S005,3,0.0,Debit Card,2023-02-27 11:24:00,2023-04-21 11:24:00
500177,2025-08-25 22:53:00,1362,P1121,S015,1,0.0,UPI,2025-08-25 23:28:00,2025-10-12 23:28:00
500178,2024-06-08 06:53:00,1482,P1136,S014,2,0.1,Credit Card,2024-06-08 07:31:00,2024-07-13 07:31:00
500179,2024-09-08 03:03:00,1328,P1118,S003,2,0.15,Net Banking,2024-09-08 04:04:00,2024-10-04 04:04:00
500180,2026-01-02 00:40:00,1124,P1037,S010,7,0.0,Net Banking,2026-01-02 02:51:00,2026-02-07 02:51:00
500181,2024-12-23 07:36:00,1341,P1022,S017,6,,Net Banking,2024-12-23 09:22:00,2025-01-03 09:22:00
500182,2026-01-19 16:50:00,1011,P1100,S016,1,0.15,Debit Card,2026-01-19 18:59:00,2026-02-23 18:59:00
500183,2024-06-03 23:01:00,1035,P1089,S008,2,0.2,Wallet,2024-06-04 00:32:00,2024-07-24 00:32:00
500184,2024-11-11 04:02:00,1174,P1045,S025,8,0.15,Wallet,2024-11-11 05:32:00,2024-12-15 05:32:00
500185,2024-01-09 04:04:00,1151,P1052,S002,4,,Debit Card,2024-01-09 06:01:00,2024-01-11 06:01:00
500186,2024-09-27 16:25:00,1130,P1010,S025,4,0.1,Debit Card,2024-09-27 18:44:00,2024-10-27 18:44:00
500187,2023-04-08 20:21:00,1410,P1095,S014,7,0.15,Cash,2023-04-08 21:30:00,2023-04-15 21:30:00
500188,2024-11-25 05:31:00,1189,P1133,S009,2,0.15,UPI,2024-11-25 08:28:00,2024-12-26 08:28:00
500189,2025-05-31 19:52:00,1151,P1083,S004,2,,Wallet,2025-05-31 20:38:00,2025-07-04 20:38:00
500190,2024-08-28 09:28:00,1219,P1043,S023,8,0.1,Cash,2024-08-28 12:02:00,2024-10-12 12:02:00
500191,2023-03-28 23:55:00,1223,P1071,S021,1,0.0,Wallet,2023-03-29 01:25:00,2023-05-07 01:25:00
500192,2025-04-11 11:32:00,1488,P1008,S005,8,0.0,Credit Card,2025-04-11 14:25:00,2025-04-21 14:25:00
500193,2023-05-18 07:49:00,1186,P1099,S019,1,0.2,Credit Card,2023-05-18 10:34:00,2023-06-10 10:34:00
500194,2025-07-10 11:23:00,1040,P1147,S005,6,0.15,Debit Card,2025-07-10 13:16:00,2025-08-27 13:16:00
500195,2024-07-24 07:07:00,1096,P1128,S017,7,0.2,upi,2024-07-24 07:13:00,2024-09-09 07:13:00
500196,2024-06-20 08:45:00,1314,P1074,S023,8,0.05,UPI,2024-06-20 10:39:00,2024-07-03 10:39:00
500197,2023-10-05 02:28:00,1366,P1114,S003,6,0.1,Wallet,2023-10-05 03:12:00,2023-12-01 03:12:00
500198,2023-05-13 17:34:00,1154,P1041,S023,3,0.1,Net Banking,2023-05-13 18:48:00,2023-07-09 18:48:00
500199,2024-04-04 03:12:00,1405,P1127,S001,6,0.2,Net Banking,2024-04-04 03:47:00,2024-04-19 03:47:00
500200,2025-01-25 14:51:00,1314,P1023,S003,5,0.15,Wallet,2025-01-25 17:12:00,2025-02-02 17:12:00
500201,2025-09-07 16:26:00,1295,P1019,S005,6,0.0,Cash,2025-09-07 18:10:00,2025-10-29 18:10:00
500202,2025-08-12 21:33:00,1450,P1142,S021,3,0.05,Cash,2025-08-12 23:01:00,2025-08-20 23:01:00
500203,2025-10-26 01:53:00,1079,P1078,S006,3,0.1,Wallet,2025-10-26 02:24:00,2025-11-28 02:24:00
500204,2024-04-06 11:33:00,1041,P1065,S007,5,0.05,Wallet,2024-04-06 12:45:00,2024-05-30 12:45:00
500205,2024-09-12 19:34:00,1329,P1044,S019,3,0.05,Wallet,2024-09-12 19:57:00,2024-10-14 19:57:00
500206,2024-11-22 18:02:00,1024,P1148,S009,4,0.2,Cash,2024-11-22 18:09:00,2024-11-27 18:09:00
500207,2023-03-04 15:56:00,1149,P1078,S016,4,0.15,Debit Card,2023-03-04 18:36:00,2023-04-07 18:36:00
500208,2025-07-17 02:44:00,1226,P1107,S016,8,0.05,Debit Card,2025-07-17 02:59:00,2025-07-27 02:59:00
500209,2023-10-22 10:55:00,1441,P1089,S013,3,0.1,Net Banking,2023-10-22 12:16:00,2023-12-07 12:16:00
500210,2026-02-24 03:20:00,1063,P1069,S015,4,0.05,UPI,2026-02-24 04:21:00,2026-03-25 04:21:00
500211,2023-04-14 09:24:00,1128,P1041,S011,6,0.05,Credit Card,2023-04-14 12:01:00,2023-05-10 12:01:00
500212,2025-10-17 16:29:00,1158,P1128,S001,2,0.15,Net Banking,2025-10-17 18:36:00,2025-12-12 18:36:00
500213,2025-07-25 07:13:00,1025,P1013,S010,8,0.2,Wallet,2025-07-25 09:42:00,2025-08-16 09:42:00
500214,2025-08-21 09:34:00,1056,P1111,S005,5,,cash,2025-08-21 09:36:00,2025-10-14 09:36:00
500215,2025-01-19 01:25:00,1288,P1050,S012,5,0.0,Cash,2025-01-19 01:38:00,2025-02-24 01:38:00
500216,2025-10-29 14:48:00,1423,P1031,S005,2,0.15,Debit Card,2025-10-29 17:08:00,2025-11-15 17:08:00
500217,2024-11-25 17:23:00,1309,P1131,S013,1,0.0,UPI,2024-11-25 17:59:00,2024-12-07 17:59:00
500218,2023-10-08 22:21:00,1234,P1039,S020,3,0.1,Net Banking,2023-10-09 00:22:00,2023-11-11 00:22:00
500219,2024-10-14 05:25:00,1432,P1077,S019,6,0.2,Net Banking,2024-10-14 08:02:00,2024-11-30 08:02:00
500220,2025-12-26 15:45:00,1244,P1005,S012,6,0.0,Cash,2025-12-26 18:09:00,2026-01-14 18:09:00
500221,2024-09-22 23:55:00,1014,P1122,S009,4,0.0,Net Banking,2024-09-23 02:51:00,2024-11-02 02:51:00
500222,2025-09-10 05:33:00,1318,P1098,S005,4,0.0,Net Banking,2025-09-10 08:14:00,2025-10-26 08:14:00
500223,2023-08-14 06:01:00,1215,P1039,S014,4,0.15,Net Banking,2023-08-14 07:53:00,2023-09-03 07:53:00
500224,2025-08-23 23:46:00,1071,P1133,S007,6,0.15,Net Banking,2025-08-24 00:01:00,2025-10-08 00:01:00
500225,2025-02-10 10:11:00,1273,P1088,S018,6,0.1,Net Banking,2025-02-10 12:08:00,2025-04-09 12:08:00
500226,2025-09-18 06:15:00,1153,P1058,S010,5,0.05,Wallet,2025-09-18 07:26:00,2025-10-23 07:26:00
500227,2025-09-28 10:30:00,1479,P1071,S010,2,0.2,Wallet,2025-09-28 11:59:00,2025-11-02 11:59:00
500228,2026-01-17 12:57:00,1177,P1038,S010,1,0.1,Wallet,2026-01-17 14:38:00,2026-03-10 14:38:00
500229,2023-06-11 11:59:00,1132,P1123,S007,4,0.2,Debit Card,2023-06-11 13:52:00,2023-07-22 13:52:00
500230,2026-02-25 22:17:00,1316,P1062,S008,1,0.2,Credit Card,2026-02-25 22:52:00,2026-03-03 22:52:00
500231,2024-04-21 01:06:00,1368,P1121,S004,3,0.0,Net Banking,2024-04-21 02:51:00,2024-05-12 02:51:00
500232,2023-11-20 13:41:00,1334,P1052,S025,5,0.1,debit card,2023-11-20 15:42:00,2023-12-20 15:42:00
500233,2023-05-02 02:41:00,1274,P1010,S006,7,0.05,upi,2023-05-02 05:07:00,2023-05-16 05:07:00
500234,2025-03-24 15:11:00,1020,P1003,S010,2,0.1,Debit Card,2025-03-24 16:25:00,2025-05-19 16:25:00
500235,2025-07-19 20:34:00,1456,P1035,S017,8,0.1,Credit Card,2025-07-19 22:48:00,2025-08-19 22:48:00
500236,2023-08-19 10:10:00,1132,P1048,S001,6,0.1,Net Banking,2023-08-19 12:07:00,2023-09-29 12:07:00
500237,2024-01-31 05:39:00,1208,P1110,S017,6,0.0,Cash,2024-01-31 08:22:00,2024-03-28 08:22:00
500238,2023-07-15 05:08:00,1480,P1064,S001,5,0.15,Credit Card,2023-07-15 07:10:00,2023-08-04 07:10:00
500239,2025-07-03 08:21:00,1371,P1147,S001,5,0.1,Wallet,2025-07-03 09:38:00,2025-08-09 09:38:00
500240,2024-04-28 01:42:00,1158,P1041,S013,5,0.0,Wallet,2024-04-28 02:12:00,2024-05-27 02:12:00
500241,2024-08-27 11:39:00,1491,P1035,S016,3,0.15,Wallet,2024-08-27 12:35:00,2024-09-10 12:35:00
500242,2025-02-04 13:44:00,1242,P1138,S022,4,0.05,Wallet,2025-02-04 16:04:00,2025-04-03 16:04:00
500243,2023-06-17 16:28:00,1186,P1020,S019,2,0.0,Net Banking,2023-06-17 18:43:00,2023-08-01 18:43:00
500244,2025-11-01 06:36:00,1085,P1084,S017,8,0.0,Wallet,2025-11-01 08:53:00,2025-11-10 08:53:00
500245,2024-02-25 22:37:00,1461,P1131,S015,1,0.15,Credit Card,2024-02-26 00:42:00,2024-03-02 00:42:00
500246,2025-11-17 13:29:00,1287,P1119,S022,5,0.0,Cash,2025-11-17 15:53:00,2025-11-20 15:53:00
500247,2024-06-05 00:47:00,1038,P1012,S014,6,0.0,Net Banking,2024-06-05 01:42:00,2024-07-12 01:42:00
500248,2023-05-04 02:59:00,1147,P1105,S006,3,0.15,debit card,2023-05-04 04:59:00,2023-05-06 04:59:00
500249,2025-02-22 14:55:00,1042,P1139,S005,6,0.0,Credit Card,2025-02-22 16:31:00,2025-03-18 16:31:00
500250,2026-01-05 12:33:00,1115,P1001,S025,1,,Cash,2026-01-05 13:05:00,2026-02-20 13:05:00
500251,2026-01-20 13:34:00,1118,P1064,S015,6,0.05,Debit Card,2026-01-20 15:11:00,2026-03-13 15:11:00
500252,2024-01-22 23:48:00,1415,P1108,S020,1,0.05,Credit Card,2024-01-23 00:16:00,2024-01-25 00:16:00
500253,2023-05-18 03:38:00,1307,P1013,S008,1,0.15,Cash,2023-05-18 03:46:00,2023-06-15 03:46:00
500254,2024-04-24 17:13:00,1258,P1075,S008,6,0.2,Net Banking,2024-04-24 17:27:00,2024-05-02 17:27:00
500255,2024-10-18 07:19:00,1267,P1057,S014,5,0.1,UPI,2024-10-18 07:55:00,2024-11-29 07:55:00
500256,2026-02-14 18:56:00,1348,P1110,S018,8,0.0,Debit Card,2026-02-14 19:40:00,2026-03-26 19:40:00
500257,2025-02-19 16:20:00,1210,P1039,S010,7,0.05,Net Banking,2025-02-19 19:18:00,2025-03-17 19:18:00
500258,2025-08-27 07:54:00,1440,P1037,S015,1,0.2,Cash,2025-08-27 08:51:00,2025-09-15 08:51:00
500259,2025-05-03 17:33:00,1125,P1066,S007,6,0.0,Cash,2025-05-03 18:07:00,2025-05-27 18:07:00
500260,2025-01-29 02:34:00,1138,P1097,S022,1,0.0,Credit Card,2025-01-29 03:22:00,2025-02-01 03:22:00
500261,2026-02-18 06:30:00,1465,P1086,S010,1,0.05,Credit Card,2026-02-18 07:23:00,2026-04-14 07:23:00
500262,2023-08-29 23:48:00,1125,P1053,S013,4,0.2,Debit Card,2023-08-30 01:50:00,2023-10-27 01:50:00
500263,2024-08-02 12:29:00,1184,P1079,S009,6,0.2,Cash,2024-08-02 14:45:00,2024-09-12 14:45:00
500264,2025-08-12 03:51:00,1430,P1082,S007,6,0.1,Cash,2025-08-12 05:51:00,2025-09-29 05:51:00
500265,2023-04-04 18:55:00,1075,P1005,S009,7,0.1,Credit Card,2023-04-04 19:51:00,2023-05-21 19:51:00
500266,2024-02-06 10:14:00,1427,P1063,S016,6,0.1,Cash,2024-02-06 11:51:00,2024-03-13 11:51:00
500267,2025-10-01 14:10:00,1072,P1140,S016,3,0.2,Wallet,2025-10-01 15:40:00,2025-10-11 15:40:00
500268,2023-05-01 16:02:00,1419,P1013,S025,1,0.15,Credit Card,2023-05-01 16:21:00,2023-06-30 16:21:00
500269,2024-04-18 02:45:00,1112,P1130,S015,6,0.0,Net Banking,2024-04-18 03:23:00,2024-04-18 03:23:00
500270,2025-09-16 21:31:00,1273,P1142,S014,1,0.0,Net Banking,2025-09-16 21:35:00,2025-09-16 21:35:00
500271,2024-07-16 17:18:00,1417,P1111,S006,2,0.0,Net Banking,2024-07-16 17:22:00,2024-08-17 17:22:00
500272,2023-11-01 07:12:00,1130,P1091,S009,7,0.0,Debit Card,2023-11-01 09:50:00,2023-12-04 09:50:00
500273,2025-04-11 14:36:00,1116,P1077,S022,2,0.0,UPI,2025-04-11 15:38:00,2025-05-25 15:38:00
500274,2025-04-10 12:24:00,1029,P1003,S023,3,0.0,Cash,2025-04-10 14:45:00,2025-05-10 14:45:00
500275,2025-06-07 20:50:00,1440,P1025,S017,1,0.05,Credit Card,2025-06-07 22:14:00,2025-07-13 22:14:00
500276,2026-03-06 15:17:00,1039,P1072,S018,1,0.05,Debit Card,2026-03-06 15:28:00,2026-05-04 15:28:00
500277,2023-02-02 06:37:00,1421,P1102,S003,5,0.05,Net Banking,2023-02-02 07:13:00,2023-03-22 07:13:00
500278,2024-05-07 18:53:00,1460,P1139,S011,7,0.05,Wallet,2024-05-07 20:32:00,2024-06-19 20:32:00
500279,2023-06-10 16:47:00,1051,P1112,S008,2,0.1,Net Banking,2023-06-10 18:15:00,2023-06-13 18:15:00
500280,2025-03-23 10:01:00,1402,P1116,S016,4,0.1,Net Banking,2025-03-23 12:43:00,2025-04-09 12:43:00
500281,2025-02-07 13:11:00,1339,P1098,S003,5,0.05,Wallet,2025-02-07 16:05:00,2025-03-16 16:05:00
500282,2023-05-31 02:17:00,1365,P1040,S024,7,0.1,Debit Card,2023-05-31 02:56:00,2023-06-24 02:56:00
500283,2023-08-07 02:00:00,1185,P1070,S004,3,0.0,Credit Card,2023-08-07 03:18:00,2023-09-04 03:18:00
500284,2025-06-01 14:35:00,1209,P1027,S001,2,0.1,Net Banking,2025-06-01 16:57:00,2025-07-03 16:57:00
500285,2023-07-10 19:38:00,1198,P1004,S010,7,0.15,UPI,2023-07-10 21:01:00,2023-09-03 21:01:00
500286,2026-02-19 07:36:00,1351,P1098,S006,3,0.1,Debit Card,2026-02-19 09:49:00,2026-03-01 09:49:00
500287,2024-07-03 15:09:00,1223,P1071,S014,5,0.15,UPI,2024-07-03 15:25:00,2024-07-13 15:25:00
500288,2025-01-09 08:15:00,1305,P1051,S015,2,0.05,Debit Card,2025-01-09 10:55:00,2025-02-09 10:55:00
500289,2023-01-14 12:21:00,1412,P1085,S015,6,0.15,Wallet,2023-01-14 14:59:00,2023-02-07 14:59:00
500290,2023-10-06 09:20:00,1356,P1052,S016,6,0.05,Cash,2023-10-06 11:54:00,2023-12-05 11:54:00
500291,2024-10-15 09:47:00,1252,P1148,S008,6,0.15,Debit Card,2024-10-15 12:44:00,2024-11-24 12:44:00
500292,2025-03-15 11:07:00,1304,P1140,S006,1,0.15,Wallet,2025-03-15 13:31:00,2025-03-27 13:31:00
500293,2024-03-05 14:51:00,1355,P1018,S014,8,0.05,Wallet,2024-03-05 16:05:00,2024-04-27 16:05:00
500294,2024-09-12 07:16:00,1367,P1109,S013,2,0.15,Net Banking,2024-09-12 10:04:00,2024-09-21 10:04:00
500295,2025-09-08 18:25:00,1473,P1108,S018,1,0.1,Wallet,2025-09-08 20:41:00,2025-10-10 20:41:00
500296,2026-01-04 19:40:00,1394,P1064,S022,6,0.05,WALLET,2026-01-04 20:01:00,2026-01-10 20:01:00
500297,2023-04-01 18:41:00,1205,P1085,S014,2,0.0,UPI,2023-04-01 21:34:00,2023-05-12 21:34:00
500298,2024-06-13 07:32:00,1298,P1148,S008,8,0.1,Cash,2024-06-13 09:44:00,2024-07-18 09:44:00
500299,2025-08-06 21:37:00,1078,P1089,S001,8,0.0,Debit Card,2025-08-07 00:33:00,2025-09-08 00:33:00
500300,2025-05-01 02:07:00,1160,P1088,S015,4,0.2,Cash,2025-05-01 02:43:00,2025-05-23 02:43:00
500301,2024-12-14 15:06:00,1357,P1116,S011,2,0.1,UPI,2024-12-14 16:58:00,2025-01-29 16:58:00
500302,2023-08-24 00:54:00,1056,P1043,S024,4,0.2,Credit Card,2023-08-24 02:21:00,2023-10-04 02:21:00
500303,2026-02-04 05:21:00,1491,P1119,S008,7,0.05,Credit Card,2026-02-04 07:44:00,2026-03-03 07:44:00
500304,2025-06-04 12:01:00,1102,P1116,S019,7,0.15,UPI,2025-06-04 14:38:00,2025-07-30 14:38:00
500305,2024-03-15 06:17:00,1408,P1017,S019,2,0.2,Credit Card,2024-03-15 09:17:00,2024-05-05 09:17:00
500306,2025-01-19 10:12:00,1135,P1126,S017,6,0.2,Cash,2025-01-19 12:09:00,2025-01-26 12:09:00
500307,2025-03-14 18:07:00,1433,P1118,S020,3,0.1,Net Banking,2025-03-14 19:36:00,2025-04-05 19:36:00
500308,2023-06-23 21:08:00,1123,P1079,S004,3,0.1,Wallet,2023-06-23 22:28:00,2023-06-30 22:28:00
500309,2023-10-17 16:24:00,1071,P1148,S013,7,0.05,Cash,2023-10-17 18:11:00,2023-11-24 18:11:00
500310,2026-01-05 22:58:00,1089,P1143,S006,8,0.1,credit card,2026-01-06 01:43:00,2026-03-06 01:43:00
500311,2024-01-19 10:53:00,1028,P1092,S001,8,0.05,Credit Card,2024-01-19 12:48:00,2024-02-27 12:48:00
500312,2025-02-25 17:32:00,1210,P1126,S014,8,0.15,Credit Card,2025-02-25 20:19:00,2025-03-28 20:19:00
500313,2023-06-19 18:01:00,1017,P1071,S008,5,0.05,Cash,2023-06-19 18:57:00,2023-07-07 18:57:00
500314,2026-03-04 23:49:00,1262,P1029,S019,2,0.1,net banking,2026-03-05 01:55:00,2026-04-09 01:55:00
500315,2025-01-21 17:52:00,1369,P1113,S018,4,0.15,UPI,2025-01-21 18:02:00,2025-03-10 18:02:00
500316,2024-05-21 09:55:00,1135,P1090,S003,8,0.0,Credit Card,2024-05-21 10:03:00,2024-06-18 10:03:00
500317,2024-03-05 23:37:00,1441,P1110,S006,3,0.05,Credit Card,2024-03-06 02:33:00,2024-03-28 02:33:00
500318,2023-05-02 18:22:00,1306,P1138,S006,6,0.1,Debit Card,2023-05-02 20:38:00,2023-05-19 20:38:00
500319,2026-03-18 08:54:00,1348,P1025,S005,7,0.0,Debit Card,2026-03-18 11:05:00,2026-05-14 11:05:00
500320,2023-09-17 22:55:00,1075,P1083,S008,7,0.15,Credit Card,2023-09-17 23:28:00,2023-10-02 23:28:00
500321,2026-03-28 20:17:00,1193,P1116,S003,2,0.15,Net Banking,2026-03-28 22:57:00,2026-04-23 22:57:00
500322,2024-07-23 22:59:00,1487,P1125,S011,1,0.0,Wallet,2024-07-24 00:33:00,2024-08-22 00:33:00
500323,2025-07-27 20:42:00,1436,P1017,S018,7,0.05,Cash,2025-07-27 23:40:00,2025-08-18 23:40:00
500324,2024-03-09 15:17:00,1146,P1087,S018,3,0.2,Cash,2024-03-09 16:39:00,2024-05-01 16:39:00
500325,2024-12-04 21:48:00,1051,P1118,S001,2,0.05,Cash,2024-12-04 22:00:00,2024-12-06 22:00:00
500326,2025-07-23 00:27:00,1466,P1034,S021,5,0.05,Debit Card,2025-07-23 01:18:00,2025-09-05 01:18:00
500327,2023-07-11 20:23:00,1191,P1043,S002,7,0.1,Wallet,2023-07-11 21:27:00,2023-07-16 21:27:00
500328,2024-04-24 13:41:00,1049,P1001,S007,8,0.0,Credit Card,2024-04-24 14:04:00,2024-06-08 14:04:00
500329,2024-04-08 16:43:00,1005,P1088,S004,7,0.05,Cash,2024-04-08 18:36:00,2024-04-08 18:36:00
500330,2023-05-26 07:24:00,1413,P1027,S004,6,0.1,Debit Card,2023-05-26 07:46:00,2023-07-11 07:46:00
500331,2023-10-08 12:49:00,1347,P1037,S003,1,0.2,Wallet,2023-10-08 13:23:00,2023-11-18 13:23:00
500332,2023-12-03 14:22:00,1384,P1039,S014,8,0.05,UPI,2023-12-03 15:16:00,2024-01-12 15:16:00
500333,2023-07-25 04:48:00,1374,P1099,S012,7,0.1,Credit Card,2023-07-25 05:19:00,2023-08-31 05:19:00
500334,2024-05-22 08:41:00,1284,P1073,S025,1,0.1,Credit Card,2024-05-22 09:02:00,2024-06-06 09:02:00
500335,2025-11-26 19:32:00,1201,P1076,S021,1,0.05,Cash,2025-11-26 20:20:00,2026-01-12 20:20:00
500336,2025-03-01 03:15:00,1305,P1019,S017,1,0.1,Debit Card,2025-03-01 05:22:00,2025-04-10 05:22:00
500337,2023-09-28 12:55:00,1188,P1140,S022,3,0.15,UPI,2023-09-28 15:20:00,2023-10-24 15:20:00
500338,2023-02-04 18:04:00,1111,P1011,S002,7,0.2,Debit Card,2023-02-04 18:07:00,2023-02-20 18:07:00
500339,2025-10-23 13:27:00,1043,P1138,S018,3,,UPI,2025-10-23 16:26:00,2025-11-17 16:26:00
500340,2024-09-26 02:32:00,1080,P1138,S011,7,0.2,WALLET,2024-09-26 03:24:00,2024-11-16 03:24:00
500341,2023-05-16 09:44:00,1489,P1062,S002,4,0.0,Cash,2023-05-16 11:35:00,2023-07-01 11:35:00
500342,2023-08-26 14:39:00,1159,P1045,S004,1,0.05,Wallet,2023-08-26 17:14:00,2023-08-29 17:14:00
500343,2023-01-24 05:31:00,1265,P1067,S006,6,0.05,Wallet,2023-01-24 06:59:00,2023-02-26 06:59:00
500344,2024-07-04 23:56:00,1461,P1008,S011,7,0.1,Net Banking,2024-07-05 00:26:00,2024-08-23 00:26:00
500345,2023-05-11 08:45:00,1040,P1128,S015,6,0.0,Cash,2023-05-11 11:12:00,2023-06-20 11:12:00
500346,2026-03-06 05:23:00,1396,P1027,S019,2,0.05,Wallet,2026-03-06 06:03:00,2026-03-22 06:03:00
500347,2025-11-08 00:02:00,1024,P1121,S012,7,0.05,Credit Card,2025-11-08 00:05:00,2025-11-23 00:05:00
500348,2023-03-14 17:51:00,1115,P1083,S008,7,0.1,Debit Card,2023-03-14 20:38:00,2023-04-09 20:38:00
500349,2023-06-09 18:23:00,1345,P1014,S006,4,0.2,UPI,2023-06-09 18:53:00,2023-07-11 18:53:00
500350,2025-04-01 02:56:00,1145,P1080,S011,2,0.2,Cash,2025-04-01 04:55:00,2025-05-26 04:55:00
500351,2023-01-17 11:12:00,1402,P1078,S024,4,0.15,Debit Card,2023-01-17 12:26:00,2023-02-22 12:26:00
500352,2025-10-07 06:46:00,1408,P1063,S005,1,0.15,UPI,2025-10-07 09:05:00,2025-11-24 09:05:00
500353,2024-04-22 17:22:00,1356,P1003,S011,1,0.15,Wallet,2024-04-22 20:04:00,2024-06-14 20:04:00
500354,2024-09-21 03:13:00,1215,P1126,S002,3,0.1,UPI,2024-09-21 05:28:00,2024-10-06 05:28:00
500355,2023-03-31 07:57:00,1359,P1096,S015,2,0.2,UPI,2023-03-31 10:10:00,2023-04-26 10:10:00
500356,2025-11-01 04:40:00,1304,P1146,S002,7,0.05,Credit Card,2025-11-01 06:20:00,2025-11-05 06:20:00
500357,2024-08-20 08:54:00,1411,P1101,S023,6,0.1,Cash,2024-08-20 10:14:00,2024-10-18 10:14:00
500358,2024-07-10 07:04:00,1400,P1150,S004,3,0.0,Credit Card,2024-07-10 07:55:00,2024-07-18 07:55:00
500359,2025-07-09 14:20:00,1275,P1092,S025,4,0.15,Debit Card,2025-07-09 16:04:00,2025-07-16 16:04:00
500360,2025-08-06 08:54:00,1081,P1078,S023,1,0.05,Debit Card,2025-08-06 09:24:00,2025-08-11 09:24:00
500361,2023-10-31 02:45:00,1203,P1132,S002,5,0.1,Credit Card,2023-10-31 03:48:00,2023-11-22 03:48:00
500362,2023-03-05 12:54:00,1384,P1141,S008,2,0.15,UPI,2023-03-05 14:49:00,2023-04-09 14:49:00
500363,2023-10-14 03:00:00,1400,P1057,S005,4,0.15,Debit Card,2023-10-14 03:15:00,2023-12-06 03:15:00
500364,2023-06-22 18:37:00,1417,P1020,S001,2,0.05,Wallet,2023-06-22 19:43:00,2023-08-19 19:43:00
500365,2025-06-27 04:05:00,1022,P1119,S002,3,0.2,Cash,2025-06-27 05:29:00,2025-07-04 05:29:00
500366,2025-03-19 15:01:00,1219,P1045,S012,4,0.05,Debit Card,2025-03-19 16:38:00,2025-05-01 16:38:00
500367,2024-07-27 14:56:00,1315,P1063,S021,5,0.15,Cash,2024-07-27 15:34:00,2024-07-29 15:34:00
500368,2026-02-01 15:03:00,1197,P1036,S014,4,0.2,credit card,2026-02-01 15:25:00,2026-02-18 15:25:00
500369,2026-01-18 00:24:00,1279,P1125,S012,6,0.15,debit card,2026-01-18 01:55:00,2026-02-17 01:55:00
500370,2024-01-04 00:20:00,1016,P1072,S002,8,0.2,Debit Card,2024-01-04 02:52:00,2024-01-18 02:52:00
500371,2024-04-21 05:06:00,1124,P1069,S018,1,0.05,Net Banking,2024-04-21 06:09:00,2024-06-02 06:09:00
500372,2025-03-06 11:59:00,1122,P1082,S024,6,0.2,UPI,2025-03-06 12:43:00,2025-03-17 12:43:00
500373,2024-12-21 18:36:00,1486,P1049,S016,5,0.05,Cash,2024-12-21 19:12:00,2025-01-26 19:12:00
500374,2023-03-19 02:03:00,1113,P1006,S017,8,0.0,Debit Card,2023-03-19 03:02:00,2023-04-26 03:02:00
500375,2024-02-17 04:21:00,1411,P1083,S002,1,0.05,Net Banking,2024-02-17 05:06:00,2024-04-15 05:06:00
500376,2023-10-18 03:54:00,1187,P1019,S012,7,0.2,UPI,2023-10-18 06:08:00,2023-12-12 06:08:00
500377,2024-11-20 09:20:00,1375,P1112,S021,8,0.1,Credit Card,2024-11-20 09:54:00,2024-11-30 09:54:00
500378,2026-02-24 22:56:00,1183,P1058,S022,3,0.15,Debit Card,2026-02-25 01:33:00,2026-04-16 01:33:00
500379,2024-08-26 04:11:00,1360,P1147,S013,1,0.05,Net Banking,2024-08-26 04:11:00,2024-10-25 04:11:00
500380,2024-10-13 19:14:00,1054,P1128,S005,6,0.0,Credit Card,2024-10-13 21:57:00,2024-11-18 21:57:00
500381,2024-12-11 10:10:00,1494,P1023,S023,6,0.15,upi,2024-12-11 12:52:00,2025-02-05 12:52:00
500382,2024-06-27 06:15:00,1180,P1066,S004,1,0.0,Cash,2024-06-27 09:12:00,2024-07-01 09:12:00
500383,2025-06-16 23:26:00,1212,P1127,S013,6,0.2,Cash,2025-06-17 00:08:00,2025-08-12 00:08:00
500384,2023-07-27 15:50:00,1389,P1058,S006,8,0.0,UPI,2023-07-27 18:17:00,2023-09-06 18:17:00
500385,2024-08-26 00:20:00,1054,P1019,S011,3,0.15,Credit Card,2024-08-26 01:26:00,2024-10-25 01:26:00
500386,2023-06-03 17:57:00,1305,P1124,S023,-1,0.15,Wallet,2023-06-03 18:20:00,2023-06-24 18:20:00
500387,2023-12-04 19:56:00,1028,P1026,S011,4,0.05,Cash,2023-12-04 21:47:00,2023-12-14 21:47:00
500388,2026-02-08 23:59:00,1339,P1073,S010,4,0.0,upi,2026-02-09 02:17:00,2026-02-25 02:17:00
500389,2025-03-15 18:35:00,1028,P1093,S001,7,0.0,Debit Card,2025-03-15 20:40:00,2025-03-24 20:40:00
500390,2025-09-10 06:06:00,1088,P1075,S003,8,0.0,Debit Card,2025-09-10 06:12:00,2025-09-23 06:12:00
500391,2025-03-25 15:31:00,1047,P1140,S013,3,0.1,Cash,2025-03-25 18:20:00,2025-04-10 18:20:00
500392,2025-01-26 05:28:00,1226,P1120,S009,4,0.1,Net Banking,2025-01-26 05:39:00,2025-02-11 05:39:00
500393,2023-05-07 04:48:00,1050,P1022,S022,6,0.2,Cash,2023-05-07 07:46:00,2023-06-18 07:46:00
500394,2024-04-10 17:03:00,1268,P1108,S018,8,0.2,Credit Card,2024-04-10 18:42:00,2024-06-01 18:42:00
500395,2025-09-02 09:05:00,1438,P1009,S017,3,0.0,Cash,2025-09-02 10:46:00,2025-10-29 10:46:00
500396,2023-12-21 05:13:00,1022,P1109,S003,7,0.05,Wallet,2023-12-21 06:02:00,2023-12-29 06:02:00
500397,2023-10-30 19:16:00,1373,P1018,S003,7,0.2,Cash,2023-10-30 20:37:00,2023-12-27 20:37:00
500398,2026-02-04 10:54:00,1235,P1004,S023,7,0.0,Cash,2026-02-04 12:04:00,2026-03-09 12:04:00
500399,2023-11-03 04:36:00,1389,P1026,S004,2,0.1,Net Banking,2023-11-03 07:06:00,2023-12-10 07:06:00
500400,2024-12-05 13:16:00,1249,P1147,S020,8,0.0,Credit Card,2024-12-05 14:54:00,2025-01-15 14:54:00
500401,2024-07-18 12:09:00,1349,P1103,S002,7,,Wallet,2024-07-18 14:47:00,2024-08-25 14:47:00
500402,2024-05-01 01:47:00,1138,P1096,S001,6,0.1,Debit Card,2024-05-01 03:48:00,2024-06-28 03:48:00
500403,2024-07-28 15:54:00,1051,P1059,S005,5,0.15,Debit Card,2024-07-28 18:52:00,2024-09-09 18:52:00
500404,2024-07-05 23:26:00,1046,P1049,S015,4,0.15,Wallet,2024-07-06 02:00:00,2024-08-16 02:00:00
500405,2025-09-19 16:55:00,1029,P1132,S006,2,0.1,Wallet,2025-09-19 18:30:00,2025-11-10 18:30:00
500406,2025-11-03 12:08:00,1292,P1008,S006,4,0.05,UPI,2025-11-03 14:22:00,2025-12-29 14:22:00
500407,2024-05-25 01:29:00,1185,P1051,S009,6,0.15,Net Banking,2024-05-25 01:41:00,2024-07-22 01:41:00
500408,2025-03-23 20:59:00,1016,P1062,S012,8,0.2,Cash,2025-03-23 21:30:00,2025-05-05 21:30:00
500409,2023-12-30 15:37:00,1177,P1042,S009,2,0.1,UPI,2023-12-30 17:58:00,2024-01-21 17:58:00
500410,2025-03-02 01:10:00,1495,P1055,S008,4,0.05,Debit Card,2025-03-02 03:36:00,2025-04-20 03:36:00
500411,2025-04-18 16:01:00,1243,P1034,S021,3,0.2,UPI,2025-04-18 18:55:00,2025-04-18 18:55:00
500412,2024-04-03 08:38:00,1496,P1071,S014,7,0.1,Cash,2024-04-03 09:56:00,2024-05-18 09:56:00
500413,2024-05-31 06:29:00,1267,P1102,S019,2,0.0,Net Banking,2024-05-31 07:46:00,2024-07-13 07:46:00
500414,2025-02-05 17:41:00,1145,P1077,S022,2,0.15,UPI,2025-02-05 20:13:00,2025-03-15 20:13:00
500415,2024-11-19 08:40:00,1142,P1067,S021,5,0.05,Credit Card,2024-11-19 10:03:00,2025-01-13 10:03:00
500416,2025-11-25 07:57:00,1439,P1104,S022,6,0.05,Wallet,2025-11-25 08:11:00,2026-01-15 08:11:00
500417,2023-02-22 20:31:00,1465,P1108,S013,7,0.0,Net Banking,2023-02-22 21:46:00,2023-03-10 21:46:00
500418,2026-03-17 06:21:00,1274,P1122,S022,6,0.2,Debit Card,2026-03-17 07:17:00,2026-04-29 07:17:00
500419,2023-12-15 21:56:00,1151,P1025,S016,3,0.1,Wallet,2023-12-16 00:18:00,2023-12-27 00:18:00
500420,2026-02-18 05:43:00,1046,P1057,S012,4,0.1,Cash,2026-02-18 07:08:00,2026-03-31 07:08:00
500421,2024-11-09 11:16:00,1238,P1031,S016,1,0.2,Net Banking,2024-11-09 13:45:00,2024-11-27 13:45:00
500422,2023-05-26 15:56:00,1062,P1098,S017,5,0.15,UPI,2023-05-26 16:45:00,2023-06-27 16:45:00
500423,2023-11-05 04:12:00,1292,P1118,S005,6,0.05,UPI,2023-11-05 05:39:00,2023-12-01 05:39:00
500424,2025-09-25 10:40:00,1325,P1015,S001,8,0.1,Credit Card,2025-09-25 11:25:00,2025-10-15 11:25:00
500425,2023-12-12 18:48:00,1403,P1023,S005,7,0.15,Cash,2023-12-12 19:28:00,2024-01-12 19:28:00
500426,2025-05-28 15:24:00,1274,P1052,S024,6,0.0,Debit Card,2025-05-28 15:25:00,2025-05-30 15:25:00
500427,2025-12-23 06:01:00,1321,P1064,S008,6,0.1,Credit Card,2025-12-23 08:54:00,2025-12-23 08:54:00
500428,2023-07-30 12:32:00,1086,P1017,S002,5,0.1,Cash,2023-07-30 15:02:00,2023-08-18 15:02:00
500429,2025-12-01 19:33:00,1455,P1035,S011,8,0.1,Credit Card,2025-12-01 20:59:00,2025-12-28 20:59:00
500430,2023-12-04 12:01:00,1373,P1034,S007,1,0.2,Net Banking,2023-12-04 12:59:00,2023-12-18 12:59:00
500431,2023-12-13 03:23:00,1020,P1097,S021,5,0.2,Net Banking,2023-12-13 06:09:00,2024-02-01 06:09:00
500432,2023-04-10 19:03:00,1335,P1006,S002,2,0.15,Cash,2023-04-10 21:52:00,2023-04-16 21:52:00
500433,2025-02-17 03:35:00,1360,P1040,S007,1,0.1,Cash,2025-02-17 04:39:00,2025-03-19 04:39:00
500434,2023-07-26 21:33:00,1311,P1036,S014,2,0.2,Wallet,2023-07-26 22:42:00,2023-09-03 22:42:00
500435,2023-08-30 09:07:00,1102,P1052,S025,5,0.2,Credit Card,2023-08-30 09:34:00,2023-09-30 09:34:00
500436,2025-01-03 22:26:00,1021,P1141,S016,4,0.15,Debit Card,2025-01-03 23:41:00,2025-01-13 23:41:00
500437,2024-04-25 00:00:00,1465,P1029,S019,8,0.05,UPI,2024-04-25 02:51:00,2024-04-30 02:51:00
500438,2025-11-13 02:46:00,1132,P1060,S015,5,0.1,Cash,2025-11-13 03:11:00,2026-01-09 03:11:00
500439,2023-04-13 03:52:00,1021,P1075,S012,6,0.15,Wallet,2023-04-13 04:36:00,2023-06-07 04:36:00
500440,2023-08-26 03:54:00,1437,P1036,S022,3,0.1,Debit Card,2023-08-26 04:05:00,2023-08-26 04:05:00
500441,2025-06-15 19:17:00,1418,P1088,S006,2,0.15,Cash,2025-06-15 19:40:00,2025-07-08 19:40:00
500442,2025-07-23 08:53:00,1436,P1123,S014,3,0.0,Credit Card,2025-07-23 10:31:00,2025-09-05 10:31:00
500443,2023-05-01 05:06:00,1303,P1124,S019,8,0.05,Net Banking,2023-05-01 06:52:00,2023-06-28 06:52:00
500444,2025-02-16 11:39:00,1351,P1034,S016,8,0.0,Cash,2025-02-16 11:46:00,2025-04-12 11:46:00
500445,2025-06-21 01:04:00,1161,P1004,S023,4,0.1,Net Banking,2025-06-21 02:10:00,2025-08-01 02:10:00
500446,2025-12-07 22:44:00,1222,P1064,S016,6,0.15,Credit Card,2025-12-08 01:22:00,2025-12-14 01:22:00
500447,2026-02-17 19:03:00,1479,P1041,S017,8,0.15,Credit Card,2026-02-17 19:05:00,2026-03-30 19:05:00
500448,2023-06-03 15:20:00,1497,P1072,S002,4,0.2,Wallet,2023-06-03 16:21:00,2023-06-24 16:21:00
500449,2025-02-14 12:52:00,1236,P1114,S019,8,0.0,cash,2025-02-14 13:52:00,2025-02-19 13:52:00
500450,2025-07-04 10:07:00,1335,P1005,S004,7,0.15,UPI,2025-07-04 12:14:00,2025-08-20 12:14:00
500451,2026-02-15 17:00:00,1310,P1078,S017,4,0.15,Debit Card,2026-02-15 17:23:00,2026-04-06 17:23:00
500452,2025-01-14 01:52:00,1233,P1085,S018,8,0.1,Wallet,2025-01-14 02:49:00,2025-03-09 02:49:00
500453,2025-07-15 03:06:00,1002,P1088,S012,5,0.2,Net Banking,2025-07-15 05:54:00,2025-07-29 05:54:00
500454,2025-02-04 22:06:00,1085,P1127,S005,7,0.0,debit card,2025-02-04 22:17:00,2025-04-02 22:17:00
500455,2024-02-06 06:07:00,1235,P1049,S023,6,0.0,cash,2024-02-06 07:47:00,2024-02-19 07:47:00
500456,2023-04-06 20:53:00,1064,P1116,S015,3,0.15,upi,2023-04-06 23:45:00,2023-05-13 23:45:00
500457,2025-12-22 23:03:00,1222,P1150,S016,3,0.2,Credit Card,2025-12-23 01:24:00,2026-02-20 01:24:00
500458,2023-09-20 03:24:00,1311,P1083,S017,7,0.15,Net Banking,2023-09-20 06:12:00,2023-10-28 06:12:00
500459,2024-05-23 08:25:00,1232,P1035,S005,7,0.2,Wallet,2024-05-23 09:52:00,2024-06-10 09:52:00
500460,2025-11-15 09:53:00,1441,P1081,S023,4,0.05,Credit Card,2025-11-15 12:52:00,2025-12-20 12:52:00
500461,2024-08-18 21:22:00,1364,P1046,S017,6,0.0,DEBIT CARD,2024-08-19 00:14:00,2024-08-27 00:14:00
500462,2026-02-25 15:37:00,1342,P1107,S022,5,0.15,UPI,2026-02-25 18:03:00,2026-04-26 18:03:00
500463,2025-12-06 03:01:00,1028,P1015,S007,5,0.05,Debit Card,2025-12-06 04:38:00,2025-12-15 04:38:00
500464,2024-05-28 04:53:00,1402,P1076,S007,1,0.1,Cash,2024-05-28 05:08:00,2024-07-11 05:08:00
500465,2023-07-29 19:55:00,1288,P1058,S024,7,0.05,Net Banking,2023-07-29 22:47:00,2023-09-14 22:47:00
500466,2024-08-12 22:42:00,1196,P1100,S014,6,0.2,UPI,2024-08-12 22:54:00,2024-10-10 22:54:00
500467,2023-01-27 23:16:00,1445,P1114,S008,6,0.2,Net Banking,2023-01-28 00:07:00,2023-03-08 00:07:00
500468,2024-02-07 23:12:00,1091,P1020,S006,3,0.2,UPI,2024-02-08 00:27:00,2024-03-07 00:27:00
500469,2025-02-11 01:27:00,1136,P1034,S006,5,0.0,Debit Card,2025-02-11 02:38:00,2025-03-18 02:38:00
500470,2025-08-13 22:59:00,1079,P1083,S020,1,0.2,Wallet,2025-08-13 23:38:00,2025-08-15 23:38:00
500471,2024-09-08 15:50:00,1184,P1019,S023,6,0.2,Credit Card,2024-09-08 18:16:00,2024-10-13 18:16:00
500472,2024-01-12 16:04:00,1213,P1140,S018,7,0.0,Debit Card,2024-01-12 18:13:00,2024-01-22 18:13:00
500473,2024-03-29 06:42:00,1185,P1076,S007,8,0.2,Wallet,2024-03-29 08:06:00,2024-04-19 08:06:00
500474,2023-01-19 03:42:00,1124,P1063,S002,6,0.15,UPI,2023-01-19 05:10:00,2023-02-16 05:10:00
500475,2025-03-01 08:34:00,1467,P1133,S025,6,0.2,Net Banking,2025-03-01 09:46:00,2025-03-02 09:46:00
500476,2025-07-01 15:02:00,1334,P1050,S011,2,0.0,Credit Card,2025-07-01 16:17:00,2025-08-27 16:17:00
500477,2026-01-06 17:00:00,1108,P1055,S022,7,0.0,Credit Card,2026-01-06 19:40:00,2026-01-10 19:40:00
500478,2026-01-06 22:56:00,1419,P1019,S024,3,0.0,Cash,2026-01-07 00:47:00,2026-02-17 00:47:00
500479,2024-11-10 01:05:00,1092,P1065,S018,2,0.2,Credit Card,2024-11-10 01:23:00,2024-11-13 01:23:00
500480,2024-06-13 13:24:00,1208,P1111,S011,1,0.15,Wallet,2024-06-13 15:19:00,2024-07-23 15:19:00
500481,2023-08-31 17:00:00,1317,P1017,S025,1,0.0,Debit Card,2023-08-31 19:44:00,2023-10-16 19:44:00
500482,2025-10-26 03:18:00,1311,P1023,S010,8,0.15,Cash,2025-10-26 06:13:00,2025-11-14 06:13:00
500483,2023-03-05 15:10:00,1070,P1101,S018,5,0.05,Debit Card,2023-03-05 17:26:00,2023-03-19 17:26:00
500484,2025-02-03 00:35:00,1064,P1011,S001,7,0.2,Net Banking,2025-02-03 02:57:00,2025-02-12 02:57:00
500485,2023-06-24 09:13:00,1212,P1132,S005,3,0.05,Credit Card,2023-06-24 10:41:00,2023-07-07 10:41:00
500486,2024-06-01 06:07:00,1410,P1146,S002,8,0.2,UPI,2024-06-01 06:53:00,2024-07-13 06:53:00
500487,2024-08-18 21:04:00,1102,P1149,S016,6,0.1,Credit Card,2024-08-18 22:08:00,2024-08-24 22:08:00
500488,2024-04-25 03:18:00,1461,P1050,S011,8,0.15,Debit Card,2024-04-25 05:56:00,2024-04-29 05:56:00
500489,2024-09-18 22:37:00,1291,P1094,S011,7,0.05,UPI,2024-09-18 23:16:00,2024-10-24 23:16:00
500490,2024-10-03 07:50:00,1379,P1112,S009,6,,Wallet,2024-10-03 08:46:00,2024-11-17 08:46:00
500491,2024-11-10 15:29:00,1397,P1079,S016,2,0.05,Wallet,2024-11-10 17:23:00,2024-12-02 17:23:00
500492,2023-06-17 08:54:00,1276,P1051,S009,2,0.0,UPI,2023-06-17 09:29:00,2023-08-13 09:29:00
500493,2025-11-04 20:01:00,1208,P1055,S002,5,0.2,Net Banking,2025-11-04 22:29:00,2025-12-11 22:29:00
500494,2025-08-24 20:49:00,1201,P1058,S025,5,0.05,Cash,2025-08-24 21:27:00,2025-09-16 21:27:00
500495,2025-10-23 16:05:00,1258,P1003,S022,4,0.2,Wallet,2025-10-23 17:46:00,2025-11-15 17:46:00
500496,2023-12-06 16:08:00,1092,P1145,S019,3,0.15,Debit Card,2023-12-06 18:02:00,2023-12-16 18:02:00
500497,2023-03-24 07:48:00,1033,P1068,S012,4,0.0,Wallet,2023-03-24 09:52:00,2023-04-07 09:52:00
500498,2024-02-28 16:58:00,1241,P1117,S002,1,0.1,UPI,2024-02-28 18:30:00,2024-03-23 18:30:00
500499,2025-12-03 20:53:00,1380,P1068,S019,3,0.15,Wallet,2025-12-03 22:03:00,2026-01-25 22:03:00
500500,2025-02-14 11:37:00,1428,P1020,S017,5,0.15,Credit Card,2025-02-14 14:24:00,2025-04-12 14:24:00
500501,2025-11-23 12:22:00,1406,P1124,S020,1,0.2,Credit Card,2025-11-23 13:50:00,2025-12-24 13:50:00
500502,2025-06-19 05:14:00,1330,P1072,S007,3,0.05,Credit Card,2025-06-19 05:33:00,2025-07-21 05:33:00
500503,2025-01-11 19:45:00,1118,P1107,S011,2,0.15,Wallet,2025-01-11 20:15:00,2025-02-22 20:15:00
500504,2025-09-07 15:13:00,1332,P1106,S001,4,0.0,Credit Card,2025-09-07 17:44:00,2025-09-17 17:44:00
500505,2026-03-20 18:10:00,1263,P1011,S019,3,0.0,Credit Card,2026-03-20 18:44:00,2026-04-29 18:44:00
500506,2024-06-12 05:33:00,1497,P1145,S021,1,0.1,UPI,2024-06-12 07:16:00,2024-07-20 07:16:00
500507,2024-03-19 14:38:00,1247,P1044,S008,7,0.2,Credit Card,2024-03-19 16:38:00,2024-05-13 16:38:00
500508,2024-01-08 19:42:00,1086,P1088,S015,2,0.05,Cash,2024-01-08 21:52:00,2024-01-24 21:52:00
500509,2025-02-28 04:06:00,1268,P1130,S022,7,0.05,Net Banking,2025-02-28 04:10:00,2025-03-12 04:10:00
500510,2023-07-17 05:30:00,1020,P1137,S017,2,,Cash,2023-07-17 08:07:00,2023-08-24 08:07:00
500511,2023-09-24 19:34:00,1481,P1111,S017,7,0.1,UPI,2023-09-24 19:34:00,2023-11-20 19:34:00
500512,2025-12-21 13:14:00,1394,P1098,S012,2,0.15,Credit Card,2025-12-21 15:17:00,2026-02-09 15:17:00
500513,2024-06-05 15:49:00,1440,P1022,S010,7,0.1,Credit Card,2024-06-05 16:48:00,2024-08-02 16:48:00
500514,2023-01-12 22:47:00,1268,P1031,S017,1,0.15,Wallet,2023-01-12 22:48:00,2023-02-17 22:48:00
500515,2024-02-25 22:51:00,1186,P1028,S005,7,0.2,Debit Card,2024-02-26 00:11:00,2024-03-23 00:11:00
500516,2024-06-19 17:27:00,1314,P1071,S022,7,0.05,Cash,2024-06-19 19:51:00,2024-07-12 19:51:00
500517,2026-02-04 17:30:00,1287,P1143,S016,5,0.1,Net Banking,2026-02-04 18:15:00,2026-02-27 18:15:00
500518,2024-12-06 22:25:00,1443,P1031,S024,4,0.15,Wallet,2024-12-06 23:00:00,2025-01-29 23:00:00
500519,2023-11-28 03:13:00,1403,P1087,S018,1,0.05,Cash,2023-11-28 05:23:00,2023-12-23 05:23:00
500520,2023-01-11 02:52:00,1475,P1112,S003,2,0.1,Credit Card,2023-01-11 03:29:00,2023-02-10 03:29:00
500521,2025-01-29 02:38:00,1197,P1103,S020,5,0.2,UPI,2025-01-29 02:47:00,2025-03-16 02:47:00
500522,2023-12-25 20:31:00,1104,P1133,S010,4,0.0,net banking,2023-12-25 22:23:00,2023-12-25 22:23:00
500523,2025-11-11 16:44:00,1087,P1010,S012,4,0.0,Credit Card,2025-11-11 17:43:00,2025-12-20 17:43:00
500524,2023-06-27 08:49:00,1343,P1102,S013,4,0.2,UPI,2023-06-27 10:31:00,2023-07-19 10:31:00
500525,2023-05-21 02:35:00,1425,P1144,S019,6,0.1,Debit Card,2023-05-21 03:47:00,2023-07-06 03:47:00
500526,2024-04-08 19:12:00,1207,P1148,S001,5,0.05,Cash,2024-04-08 21:08:00,2024-06-06 21:08:00
500527,2025-11-02 03:35:00,1151,P1088,S004,5,0.2,Net Banking,2025-11-02 03:53:00,2025-12-04 03:53:00
500528,2024-05-27 22:28:00,1248,P1063,S025,6,0.15,Wallet,2024-05-28 00:04:00,2024-07-03 00:04:00
500529,2025-08-01 18:55:00,1060,P1067,S003,7,0.05,Wallet,2025-08-01 19:02:00,2025-08-31 19:02:00
500530,2024-04-15 10:26:00,1275,P1003,S023,5,0.05,Debit Card,2024-04-15 11:56:00,2024-05-18 11:56:00
500531,2023-07-10 12:43:00,1284,P1046,S016,6,0.1,Credit Card,2023-07-10 14:10:00,2023-07-14 14:10:00
500532,2026-03-20 08:11:00,1466,P1049,S016,4,0.05,WALLET,2026-03-20 11:05:00,2026-05-18 11:05:00
500533,2024-05-10 08:13:00,1428,P1064,S020,6,0.05,UPI,2024-05-10 09:11:00,2024-05-22 09:11:00
500534,2023-09-03 02:43:00,1315,P1002,S025,1,0.15,Debit Card,2023-09-03 05:32:00,2023-10-04 05:32:00
500535,2024-10-07 15:57:00,1141,P1126,S006,5,0.15,Credit Card,2024-10-07 18:24:00,2024-12-01 18:24:00
500536,2026-03-27 04:03:00,1217,P1123,S018,1,0.2,Debit Card,2026-03-27 06:17:00,2026-05-17 06:17:00
500537,2025-03-17 21:49:00,1500,P1031,S023,8,0.1,Wallet,2025-03-17 22:33:00,2025-04-15 22:33:00
500538,2023-01-18 00:43:00,1298,P1026,S011,6,0.2,Debit Card,2023-01-18 01:36:00,2023-02-11 01:36:00
500539,2024-01-19 17:16:00,1242,P1088,S012,3,0.15,cash,2024-01-19 18:16:00,2024-02-05 18:16:00
500540,2024-03-07 13:44:00,1438,P1103,S009,8,0.05,Net Banking,2024-03-07 15:19:00,2024-03-30 15:19:00
500541,2023-09-26 18:43:00,1052,P1070,S008,7,0.15,Credit Card,2023-09-26 19:41:00,2023-11-17 19:41:00
500542,2023-10-26 23:09:00,1005,P1046,S014,8,0.05,Wallet,2023-10-27 01:10:00,2023-12-17 01:10:00
500543,2025-11-24 17:46:00,1250,P1077,S009,1,0.15,UPI,2025-11-24 19:06:00,2026-01-13 19:06:00
500544,2023-12-01 01:13:00,1430,P1025,S015,6,0.1,Debit Card,2023-12-01 02:18:00,2023-12-31 02:18:00
500545,2025-01-07 17:35:00,1011,P1106,S004,6,0.2,Credit Card,2025-01-07 18:40:00,2025-01-29 18:40:00
500546,2026-03-27 18:41:00,1090,P1073,S012,6,0.2,Cash,2026-03-27 21:27:00,2026-04-30 21:27:00
500547,2025-07-04 02:24:00,1238,P1038,S006,6,0.15,Wallet,2025-07-04 05:01:00,2025-07-22 05:01:00
500548,2026-03-16 12:54:00,1083,P1088,S008,6,0.1,Wallet,2026-03-16 13:12:00,2026-03-21 13:12:00
500549,2024-08-19 22:17:00,1203,P1070,S015,6,0.2,Net Banking,2024-08-20 00:51:00,2024-09-30 00:51:00
500550,2025-07-11 13:10:00,1012,P1033,S024,4,0.1,Wallet,2025-07-11 13:57:00,2025-09-03 13:57:00
500551,2023-06-13 06:10:00,1049,P1017,S016,1,0.0,Cash,2023-06-13 07:51:00,2023-06-19 07:51:00
500552,2025-12-09 02:06:00,1080,P1022,S021,7,0.1,Credit Card,2025-12-09 03:13:00,2026-01-17 03:13:00
500553,2024-05-21 23:18:00,1065,P1034,S017,3,0.0,UPI,2024-05-22 01:11:00,2024-07-01 01:11:00
500554,2024-12-31 10:55:00,1500,P1139,S009,8,0.05,Wallet,2024-12-31 12:56:00,2025-01-29 12:56:00
500555,2026-01-09 05:37:00,1324,P1145,S014,5,0.1,Cash,2026-01-09 08:09:00,2026-02-07 08:09:00
500556,2026-01-10 07:51:00,1158,P1094,S014,5,0.05,Debit Card,2026-01-10 08:13:00,2026-02-07 08:13:00
500557,2023-01-22 00:33:00,1147,P1121,S018,1,0.15,Cash,2023-01-22 01:07:00,2023-02-13 01:07:00
500558,2024-09-05 00:49:00,1150,P1060,S001,6,0.05,Cash,2024-09-05 02:39:00,2024-10-26 02:39:00
500559,2026-02-22 13:25:00,1367,P1100,S013,4,0.1,UPI,2026-02-22 14:28:00,2026-03-04 14:28:00
500560,2025-05-14 20:15:00,1410,P1070,S010,5,0.15,Credit Card,2025-05-14 22:27:00,2025-07-01 22:27:00
500561,2023-05-21 05:08:00,1327,P1117,S020,8,0.1,Wallet,2023-05-21 06:22:00,2023-05-28 06:22:00
500562,2025-10-04 06:20:00,1026,P1137,S001,3,0.0,Debit Card,2025-10-04 06:24:00,2025-10-13 06:24:00
500563,2024-07-05 04:45:00,1005,P1060,S003,3,0.0,Cash,2024-07-05 06:37:00,2024-08-20 06:37:00
500564,2024-03-20 10:26:00,1410,P1128,S012,8,0.0,Debit Card,2024-03-20 11:45:00,2024-05-09 11:45:00
500565,2023-06-14 04:03:00,1201,P1019,S018,8,0.05,credit card,2023-06-14 05:11:00,2023-08-02 05:11:00
500566,2024-05-27 12:53:00,1499,P1064,S013,8,0.05,Wallet,2024-05-27 12:56:00,2024-06-03 12:56:00
500567,2023-03-10 06:29:00,1341,P1054,S016,7,0.1,Debit Card,2023-03-10 06:53:00,2023-04-12 06:53:00
500568,2023-11-21 20:46:00,1480,P1141,S017,2,0.1,Cash,2023-11-21 20:56:00,2024-01-07 20:56:00
500569,2024-09-03 06:23:00,1342,P1056,S004,4,0.15,Debit Card,2024-09-03 06:36:00,2024-10-28 06:36:00
500570,2023-01-31 05:50:00,1062,P1102,S008,1,0.0,NET BANKING,2023-01-31 07:00:00,2023-03-09 07:00:00
500571,2025-08-31 22:38:00,1395,P1023,S008,3,0.15,UPI,2025-08-31 23:17:00,2025-09-23 23:17:00
500572,2024-11-24 20:03:00,1331,P1040,S023,2,0.05,Cash,2024-11-24 20:18:00,2024-12-16 20:18:00
500573,2024-04-21 10:35:00,1178,P1113,S024,4,0.0,Wallet,2024-04-21 13:20:00,2024-06-08 13:20:00
500574,2025-02-12 11:46:00,1461,P1011,S016,8,0.2,Debit Card,2025-02-12 12:20:00,2025-02-28 12:20:00
500575,2026-01-16 22:31:00,1096,P1140,S012,6,0.15,Debit Card,2026-01-16 23:19:00,2026-02-21 23:19:00
500576,2026-02-09 05:04:00,1231,P1076,S009,6,0.15,UPI,2026-02-09 07:19:00,2026-02-18 07:19:00
500577,2025-11-02 12:46:00,1010,P1094,S025,4,0.1,Wallet,2025-11-02 13:33:00,2025-12-28 13:33:00
500578,2023-05-10 21:34:00,1269,P1128,S025,3,0.2,debit card,2023-05-10 23:13:00,2023-05-22 23:13:00
500579,2024-10-22 13:41:00,1050,P1134,S022,2,0.0,Credit Card,2024-10-22 15:03:00,2024-10-29 15:03:00
500580,2024-01-01 01:12:00,1099,P1026,S002,7,0.15,Net Banking,2024-01-01 01:39:00,2024-02-01 01:39:00
500581,2024-06-08 01:23:00,1368,P1019,S001,4,0.15,UPI,2024-06-08 02:19:00,2024-07-16 02:19:00
500582,2025-08-16 20:03:00,1381,P1107,S012,1,0.2,Debit Card,2025-08-16 21:35:00,2025-09-20 21:35:00
500583,2025-12-19 01:46:00,1156,P1020,S007,2,0.0,Wallet,2025-12-19 02:04:00,2026-02-10 02:04:00
500584,2024-04-18 17:24:00,1270,P1064,S019,3,0.2,Wallet,2024-04-18 18:12:00,2024-04-30 18:12:00
500585,2026-02-17 13:47:00,1327,P1148,S012,8,0.15,UPI,2026-02-17 14:14:00,2026-04-07 14:14:00
500586,2023-12-08 05:35:00,1173,P1041,S018,8,0.1,Debit Card,2023-12-08 07:17:00,2024-01-09 07:17:00
500587,2026-01-31 10:54:00,1392,P1111,S024,6,0.2,Credit Card,2026-01-31 12:29:00,2026-02-26 12:29:00
500588,2026-02-27 17:13:00,1282,P1066,S012,8,0.15,Cash,2026-02-27 18:49:00,2026-04-17 18:49:00
500589,2023-01-01 23:02:00,1009,P1133,S005,5,0.0,Debit Card,2023-01-02 00:14:00,2023-02-09 00:14:00
500590,2024-03-30 06:54:00,1396,P1071,S018,3,0.0,UPI,2024-03-30 08:14:00,2024-03-31 08:14:00
500591,2025-07-31 11:09:00,1188,P1150,S008,4,0.1,DEBIT CARD,2025-07-31 11:44:00,2025-08-16 11:44:00
500592,2023-07-08 18:25:00,1112,P1020,S024,6,0.15,CREDIT CARD,2023-07-08 20:50:00,2023-09-04 20:50:00
500593,2025-09-26 22:44:00,1465,P1025,S020,5,0.0,Wallet,2025-09-27 01:11:00,2025-11-18 01:11:00
500594,2026-03-26 12:05:00,1395,P1086,S012,7,0.15,UPI,2026-03-26 12:19:00,2026-05-23 12:19:00
500595,2024-04-09 23:41:00,1006,P1098,S002,5,0.2,UPI,2024-04-10 02:15:00,2024-06-08 02:15:00
500596,2024-10-15 17:36:00,1258,P1057,S005,1,0.15,Cash,2024-10-15 18:14:00,2024-11-04 18:14:00
500597,2026-03-24 16:05:00,1149,P1101,S005,3,0.1,UPI,2026-03-24 17:01:00,2026-04-20 17:01:00
500598,2025-09-01 18:47:00,1205,P1068,S003,7,0.2,Cash,2025-09-01 18:59:00,2025-10-06 18:59:00
500599,2023-09-25 04:30:00,1250,P1102,S021,4,0.2,Net Banking,2023-09-25 06:53:00,2023-10-07 06:53:00
500600,2025-12-09 07:15:00,1398,P1111,S011,2,0.0,Wallet,2025-12-09 07:33:00,2025-12-26 07:33:00
500601,2025-04-27 13:23:00,1165,P1089,S020,1,0.1,Credit Card,2025-04-27 14:52:00,2025-05-09 14:52:00
500602,2024-12-17 19:52:00,1075,P1113,S002,4,0.05,Wallet,2024-12-17 21:45:00,2025-01-25 21:45:00
500603,2025-02-04 04:48:00,1379,P1014,S008,3,0.1,UPI,2025-02-04 05:09:00,2025-02-11 05:09:00
500604,2024-12-04 22:51:00,1231,P1121,S001,6,0.05,Wallet,2024-12-04 23:19:00,2024-12-23 23:19:00
500605,2026-01-06 06:13:00,1385,P1067,S018,8,0.2,Wallet,2026-01-06 08:32:00,2026-02-08 08:32:00
500606,2023-10-17 22:44:00,1193,P1150,S022,1,0.1,Credit Card,2023-10-18 01:35:00,2023-10-19 01:35:00
500607,2023-05-04 09:12:00,1139,P1014,S015,1,0.0,Cash,2023-05-04 12:10:00,2023-06-12 12:10:00
500608,2024-07-09 21:54:00,1443,P1028,S001,5,0.15,Credit Card,2024-07-10 00:42:00,2024-08-02 00:42:00
500609,2025-02-18 16:45:00,1162,P1125,S020,2,0.05,Credit Card,2025-02-18 17:10:00,2025-04-16 17:10:00
500610,2025-10-22 14:35:00,1127,P1136,S010,6,0.15,Cash,2025-10-22 14:40:00,2025-10-24 14:40:00
500611,2023-11-18 00:22:00,1182,P1078,S008,5,0.0,WALLET,2023-11-18 03:17:00,2023-12-10 03:17:00
500612,2024-06-11 12:56:00,1285,P1072,S008,3,0.1,Cash,2024-06-11 13:03:00,2024-08-10 13:03:00
500613,2023-10-09 02:46:00,1492,P1059,S014,4,0.2,Credit Card,2023-10-09 04:23:00,2023-11-11 04:23:00
500614,2025-05-23 09:58:00,1230,P1139,S005,4,0.05,Net Banking,2025-05-23 12:32:00,2025-06-13 12:32:00
500615,2026-01-13 21:51:00,1071,P1080,S023,3,0.15,Credit Card,2026-01-13 22:42:00,2026-03-09 22:42:00
500616,2026-03-02 05:20:00,1273,P1031,S006,6,0.05,wallet,2026-03-02 05:37:00,2026-04-06 05:37:00
500617,2023-03-02 10:56:00,1156,P1114,S024,5,,Credit Card,2023-03-02 12:41:00,2023-03-28 12:41:00
500618,2023-08-07 04:11:00,1314,P1069,S020,4,0.2,Credit Card,2023-08-07 04:17:00,2023-09-24 04:17:00
500619,2024-04-17 21:01:00,1353,P1123,S005,8,0.1,Credit Card,2024-04-17 22:32:00,2024-04-22 22:32:00
500620,2025-03-04 15:30:00,1099,P1058,S002,7,0.0,Debit Card,2025-03-04 16:05:00,2025-03-14 16:05:00
500621,2025-04-25 07:47:00,1388,P1053,S003,3,0.15,Net Banking,2025-04-25 10:38:00,2025-05-07 10:38:00
500622,2025-09-30 22:20:00,1127,P1110,S013,1,0.2,Wallet,2025-10-01 00:17:00,2025-11-26 00:17:00
500623,2025-02-18 23:20:00,1481,P1147,S020,1,0.2,UPI,2025-02-19 01:00:00,2025-03-30 01:00:00
500624,2025-07-13 14:52:00,1126,P1133,S018,7,0.0,Net Banking,2025-07-13 15:02:00,2025-09-07 15:02:00
500625,2025-03-04 16:48:00,1098,P1075,S015,7,0.1,Debit Card,2025-03-04 19:29:00,2025-03-07 19:29:00
500626,2025-08-02 05:27:00,1471,P1014,S023,3,0.15,Wallet,2025-08-02 06:42:00,2025-09-10 06:42:00
500627,2025-07-14 02:46:00,1093,P1150,S023,3,0.15,Cash,2025-07-14 04:54:00,2025-07-21 04:54:00
500628,2024-10-24 14:01:00,1303,P1052,S015,2,0.1,Debit Card,2024-10-24 14:46:00,2024-11-22 14:46:00
500629,2023-12-02 22:46:00,1059,P1116,S021,6,0.0,Net Banking,2023-12-02 23:17:00,2023-12-07 23:17:00
500630,2025-02-25 23:50:00,1487,P1041,S013,7,0.0,Credit Card,2025-02-26 02:00:00,2025-04-06 02:00:00
500631,2024-11-17 18:55:00,1077,P1042,S005,3,0.0,Cash,2024-11-17 21:43:00,2025-01-11 21:43:00
500632,2024-09-22 09:46:00,1321,P1047,S004,3,0.05,UPI,2024-09-22 11:40:00,2024-10-10 11:40:00
500633,2024-06-02 00:29:00,1256,P1140,S001,8,0.05,Credit Card,2024-06-02 02:36:00,2024-07-26 02:36:00
500634,2025-09-01 14:26:00,1308,P1002,S008,5,0.2,Wallet,2025-09-01 16:19:00,2025-09-06 16:19:00
500635,2026-02-15 06:03:00,1029,P1090,S002,3,0.0,Wallet,2026-02-15 06:50:00,2026-02-24 06:50:00
500636,2026-03-29 19:19:00,1045,P1013,S004,7,0.05,Credit Card,2026-03-29 20:43:00,2026-05-26 20:43:00
500637,2024-08-05 19:42:00,1305,P1147,S018,3,0.15,Wallet,2024-08-05 22:39:00,2024-09-18 22:39:00
500638,2026-03-31 11:59:00,1394,P1077,S011,6,0.15,UPI,2026-03-31 12:08:00,2026-04-05 12:08:00
500639,2025-05-25 17:04:00,1069,P1032,S023,5,0.1,Net Banking,2025-05-25 18:18:00,2025-06-24 18:18:00
500640,2025-04-27 16:13:00,1314,P1015,S004,2,0.15,Wallet,2025-04-27 19:11:00,2025-05-10 19:11:00
500641,2024-08-11 13:38:00,1270,P1148,S020,6,0.05,Net Banking,2024-08-11 14:59:00,2024-08-27 14:59:00
500642,2026-02-26 15:33:00,1253,P1047,S020,4,0.1,credit card,2026-02-26 18:14:00,2026-03-29 18:14:00
500643,2023-01-04 03:01:00,1408,P1031,S024,4,0.2,Cash,2023-01-04 05:00:00,2023-02-13 05:00:00
500644,2025-04-27 01:21:00,1413,P1055,S001,4,0.1,Debit Card,2025-04-27 02:50:00,2025-06-01 02:50:00
500645,2023-05-19 09:19:00,1166,P1002,S004,6,0.1,Cash,2023-05-19 11:28:00,2023-06-23 11:28:00
500646,2026-03-11 19:01:00,1170,P1087,S022,8,0.15,UPI,2026-03-11 19:45:00,2026-03-23 19:45:00
500647,2023-10-06 15:09:00,1457,P1138,S011,8,0.15,Wallet,2023-10-06 17:49:00,2023-11-04 17:49:00
500648,2023-04-25 16:19:00,1348,P1081,S018,1,0.05,Net Banking,2023-04-25 18:43:00,2023-06-10 18:43:00
500649,2024-11-10 11:04:00,1431,P1008,S011,7,0.2,Credit Card,2024-11-10 11:42:00,2024-11-27 11:42:00
500650,2026-03-15 19:24:00,1060,P1079,S023,6,0.0,Debit Card,2026-03-15 20:11:00,2026-04-22 20:11:00
500651,2025-04-27 02:31:00,1232,P1078,S007,5,0.05,UPI,2025-04-27 03:31:00,2025-05-20 03:31:00
500652,2025-02-05 01:49:00,1048,P1114,S017,1,0.15,Net Banking,2025-02-05 02:40:00,2025-04-04 02:40:00
500653,2023-11-12 06:21:00,1448,P1135,S010,6,0.05,UPI,2023-11-12 08:24:00,2023-12-28 08:24:00
500654,2025-11-23 21:08:00,1019,P1118,S013,2,0.0,Debit Card,2025-11-23 22:00:00,2026-01-08 22:00:00
500655,2023-04-01 21:54:00,1045,P1086,S015,1,0.0,Net Banking,2023-04-02 00:26:00,2023-05-27 00:26:00
500656,2024-10-01 00:36:00,1457,P1054,S011,4,0.05,Debit Card,2024-10-01 01:55:00,2024-11-10 01:55:00
500657,2024-07-20 17:20:00,1061,P1070,S005,3,0.1,UPI,2024-07-20 19:12:00,2024-08-31 19:12:00
500658,2023-02-01 19:35:00,1106,P1139,S012,6,0.1,Credit Card,2023-02-01 21:46:00,2023-02-07 21:46:00
500659,2024-08-03 18:15:00,1160,P1087,S018,8,0.0,Credit Card,2024-08-03 18:58:00,2024-08-07 18:58:00
500660,2023-03-01 15:57:00,1055,P1099,S002,2,,Cash,2023-03-01 18:49:00,2023-03-04 18:49:00
500661,2024-01-02 22:38:00,1429,P1115,S020,6,0.1,Debit Card,2024-01-03 01:09:00,2024-02-12 01:09:00
500662,2024-02-10 22:48:00,1274,P1021,S025,8,0.2,Credit Card,2024-02-11 01:39:00,2024-04-02 01:39:00
500663,2023-07-10 22:29:00,1159,P1120,S016,4,0.05,Credit Card,2023-07-10 22:53:00,2023-08-08 22:53:00
500664,2024-06-12 11:25:00,1470,P1085,S011,8,0.15,UPI,2024-06-12 12:11:00,2024-07-26 12:11:00
500665,2023-05-14 15:07:00,1237,P1044,S010,6,0.2,Net Banking,2023-05-14 16:36:00,2023-06-13 16:36:00
500666,2023-09-18 16:06:00,1366,P1028,S011,2,0.1,Net Banking,2023-09-18 17:49:00,2023-11-09 17:49:00
500667,2025-08-02 12:37:00,1318,P1063,S018,3,0.15,Cash,2025-08-02 14:22:00,2025-08-17 14:22:00
500668,2023-05-16 10:13:00,1221,P1112,S019,6,0.2,Wallet,2023-05-16 13:10:00,2023-06-22 13:10:00
500669,2024-04-28 05:42:00,1379,P1147,S016,2,0.2,Net Banking,2024-04-28 08:33:00,2024-05-02 08:33:00
500670,2025-08-06 10:35:00,1228,P1046,S010,7,0.0,Net Banking,2025-08-06 10:59:00,2025-09-27 10:59:00
500671,2023-08-11 21:52:00,1420,P1098,S011,8,0.0,UPI,2023-08-12 00:24:00,2023-09-30 00:24:00
500672,2024-03-21 04:56:00,1387,P1001,S025,3,0.05,Cash,2024-03-21 07:24:00,2024-05-17 07:24:00
500673,2025-12-24 09:24:00,1229,P1051,S007,6,0.1,Net Banking,2025-12-24 12:01:00,2026-01-29 12:01:00
500674,2024-09-15 13:45:00,1299,P1003,S020,7,0.05,Debit Card,2024-09-15 15:13:00,2024-09-20 15:13:00
500675,2023-05-08 11:57:00,1001,P1144,S012,2,0.1,UPI,2023-05-08 14:17:00,2023-05-11 14:17:00
500676,2024-04-26 13:44:00,1321,P1082,S023,7,0.15,Cash,2024-04-26 16:15:00,2024-05-21 16:15:00
500677,2025-06-10 17:13:00,1244,P1036,S007,7,0.1,Cash,2025-06-10 20:02:00,2025-06-21 20:02:00
500678,2023-11-12 09:55:00,1069,P1003,S003,1,0.05,Wallet,2023-11-12 12:46:00,2023-11-20 12:46:00
500679,2025-09-23 21:27:00,1071,P1107,S015,7,0.2,Credit Card,2025-09-23 22:01:00,2025-09-28 22:01:00
500680,2025-07-19 16:27:00,1231,P1099,S012,4,0.05,cash,2025-07-19 18:48:00,2025-09-09 18:48:00
500681,2023-01-16 18:31:00,1257,P1069,S014,6,0.0,UPI,2023-01-16 19:31:00,2023-03-02 19:31:00
500682,2026-03-09 15:45:00,1298,P1124,S023,2,0.05,Wallet,2026-03-09 17:19:00,2026-03-16 17:19:00
500683,2025-12-14 08:29:00,1268,P1023,S008,8,0.0,Wallet,2025-12-14 10:41:00,2025-12-19 10:41:00
500684,2026-01-09 18:19:00,1463,P1088,S018,1,0.15,Cash,2026-01-09 20:55:00,2026-01-12 20:55:00
500685,2025-11-15 15:36:00,1181,P1076,S010,3,0.0,Wallet,2025-11-15 17:00:00,2025-12-11 17:00:00
500686,2024-09-14 23:50:00,1032,P1122,S019,3,0.2,UPI,2024-09-15 02:14:00,2024-10-01 02:14:00
500687,2024-08-20 23:39:00,1249,P1022,S005,2,0.1,Debit Card,2024-08-20 23:45:00,2024-09-07 23:45:00
500688,2023-09-29 19:17:00,1132,P1004,S024,2,0.2,Credit Card,2023-09-29 20:27:00,2023-11-22 20:27:00
500689,2023-11-06 21:28:00,1090,P1067,S023,4,0.15,Credit Card,2023-11-06 23:02:00,2023-12-27 23:02:00
500690,2025-12-16 01:21:00,1305,P1040,S016,7,0.15,Credit Card,2025-12-16 01:42:00,2025-12-25 01:42:00
500691,2025-06-20 23:40:00,1296,P1089,S002,5,0.0,UPI,2025-06-21 00:22:00,2025-07-04 00:22:00
500692,2023-12-10 14:25:00,1244,P1137,S008,7,0.15,Cash,2023-12-10 16:26:00,2023-12-29 16:26:00
500693,2024-06-21 04:33:00,1148,P1115,S013,6,0.2,Wallet,2024-06-21 06:24:00,2024-06-21 06:24:00
500694,2023-03-26 03:58:00,1182,P1111,S020,5,0.1,Debit Card,2023-03-26 06:14:00,2023-05-05 06:14:00
500695,2024-06-30 03:16:00,1201,P1119,S025,4,0.2,Credit Card,2024-06-30 06:03:00,2024-08-06 06:03:00
500696,2025-11-30 10:43:00,1161,P1141,S001,1,0.0,UPI,2025-11-30 13:39:00,2025-12-11 13:39:00
500697,2025-04-22 03:33:00,1229,P1090,S008,5,0.1,Credit Card,2025-04-22 03:59:00,2025-06-04 03:59:00
500698,2023-03-11 00:39:00,1481,P1056,S020,2,0.0,UPI,2023-03-11 01:02:00,2023-03-14 01:02:00
500699,2023-09-24 12:42:00,1412,P1048,S004,3,0.1,Debit Card,2023-09-24 15:27:00,2023-10-30 15:27:00
500700,2025-08-14 21:59:00,1233,P1071,S025,7,0.1,Debit Card,2025-08-14 22:18:00,2025-09-23 22:18:00
500701,2023-11-28 02:17:00,1199,P1086,S002,5,0.1,Credit Card,2023-11-28 02:32:00,2023-12-22 02:32:00
500702,2025-06-21 02:31:00,1202,P1046,S021,8,0.0,Credit Card,2025-06-21 03:22:00,2025-07-30 03:22:00
500703,2026-01-12 13:13:00,1055,P1114,S023,5,0.0,UPI,2026-01-12 15:50:00,2026-02-22 15:50:00
500704,2023-05-30 02:36:00,1229,P1005,S016,3,0.0,UPI,2023-05-30 03:40:00,2023-07-18 03:40:00
500705,2025-03-10 08:09:00,1464,P1101,S019,1,0.2,Wallet,2025-03-10 11:08:00,2025-03-31 11:08:00
500706,2025-10-01 15:27:00,1373,P1018,S018,4,0.0,Cash,2025-10-01 17:10:00,2025-11-24 17:10:00
500707,2025-09-14 03:36:00,1184,P1086,S022,5,0.15,UPI,2025-09-14 05:53:00,2025-11-12 05:53:00
500708,2023-07-05 11:34:00,1431,P1118,S025,5,0.05,Credit Card,2023-07-05 13:01:00,2023-07-10 13:01:00
500709,2026-02-09 01:24:00,1154,P1100,S004,6,0.15,UPI,2026-02-09 04:13:00,2026-02-21 04:13:00
500710,2025-06-15 23:12:00,1099,P1007,S024,4,0.15,Cash,2025-06-15 23:47:00,2025-06-17 23:47:00
500711,2023-05-10 17:41:00,1274,P1116,S001,1,0.1,UPI,2023-05-10 18:59:00,2023-06-10 18:59:00
500712,2024-11-22 23:02:00,1109,P1134,S015,3,0.2,Credit Card,2024-11-23 00:45:00,2024-11-30 00:45:00
500713,2023-05-28 01:47:00,1335,P1005,S016,1,0.05,Wallet,2023-05-28 02:23:00,2023-06-28 02:23:00
500714,2023-09-25 00:11:00,1464,P1079,S004,8,0.2,Credit Card,2023-09-25 02:52:00,2023-09-28 02:52:00
500715,2023-05-11 03:07:00,1410,P1057,S003,4,0.15,Debit Card,2023-05-11 05:14:00,2023-06-18 05:14:00
500716,2025-04-03 10:07:00,1280,P1036,S011,4,0.0,Net Banking,2025-04-03 13:02:00,2025-05-09 13:02:00
500717,2023-12-22 10:04:00,1073,P1107,S006,6,0.2,Credit Card,2023-12-22 10:34:00,2024-01-08 10:34:00
500718,2025-06-17 07:59:00,1069,P1026,S021,7,0.05,UPI,2025-06-17 10:27:00,2025-06-19 10:27:00
500719,2025-09-24 02:00:00,1475,P1023,S023,5,0.15,Wallet,2025-09-24 02:01:00,2025-10-05 02:01:00
500720,2025-09-01 22:08:00,1328,P1070,S017,8,0.15,Credit Card,2025-09-01 23:00:00,2025-09-10 23:00:00
500721,2023-12-24 19:44:00,1093,P1128,S020,2,0.1,Debit Card,2023-12-24 19:53:00,2024-01-31 19:53:00
500722,2025-05-07 00:35:00,1061,P1136,S004,6,0.2,Net Banking,2025-05-07 01:35:00,2025-05-19 01:35:00
500723,2024-03-25 14:49:00,1107,P1071,S002,4,0.0,Credit Card,2024-03-25 17:29:00,2024-05-06 17:29:00
500724,2025-08-29 15:11:00,1473,P1012,S002,6,0.1,Credit Card,2025-08-29 15:51:00,2025-10-10 15:51:00
500725,2025-06-09 08:21:00,1456,P1117,S002,2,0.0,Net Banking,2025-06-09 10:58:00,2025-07-30 10:58:00
500726,2023-12-27 05:50:00,1264,P1030,S003,4,0.15,Net Banking,2023-12-27 05:57:00,2024-01-27 05:57:00
500727,2024-10-29 13:12:00,1167,P1059,S025,2,0.1,Credit Card,2024-10-29 16:05:00,2024-12-25 16:05:00
500728,2023-07-20 07:47:00,1103,P1097,S008,2,0.15,Net Banking,2023-07-20 09:32:00,2023-09-13 09:32:00
500729,2025-09-19 01:56:00,1111,P1117,S006,7,0.1,Credit Card,2025-09-19 03:47:00,2025-09-28 03:47:00
500730,2025-07-26 23:12:00,1500,P1070,S007,6,0.05,UPI,2025-07-27 01:53:00,2025-08-18 01:53:00
500731,2026-03-10 01:17:00,1437,P1120,S015,7,0.05,Debit Card,2026-03-10 01:51:00,2026-03-17 01:51:00
500732,2024-03-26 09:38:00,1407,P1044,S019,4,0.0,Cash,2024-03-26 10:18:00,2024-05-15 10:18:00
500733,2025-12-04 15:55:00,1243,P1119,S009,1,0.15,Wallet,2025-12-04 16:50:00,2026-01-10 16:50:00
500734,2024-05-20 07:20:00,1114,P1039,S019,1,0.15,UPI,2024-05-20 09:11:00,2024-06-26 09:11:00
500735,2023-03-24 15:46:00,1218,P1136,S013,8,0.0,Cash,2023-03-24 17:55:00,2023-03-26 17:55:00
500736,2025-10-11 07:05:00,1007,P1105,S007,3,0.1,Debit Card,2025-10-11 09:27:00,2025-11-28 09:27:00
500737,2024-05-04 20:05:00,1343,P1079,S006,8,0.2,Wallet,2024-05-04 20:09:00,2024-06-03 20:09:00
500738,2023-02-19 14:29:00,1361,P1104,S006,6,0.15,Wallet,2023-02-19 15:04:00,2023-04-15 15:04:00
500739,2023-01-03 20:04:00,1354,P1086,S017,1,0.1,cash,2023-01-03 21:42:00,2023-03-01 21:42:00
500740,2024-07-06 22:39:00,1407,P1054,S022,2,0.2,Debit Card,2024-07-07 00:57:00,2024-08-12 00:57:00
500741,2023-04-23 16:58:00,1455,P1014,S004,7,0.1,Cash,2023-04-23 19:50:00,2023-05-16 19:50:00
500742,2023-03-25 11:23:00,1287,P1018,S018,4,0.05,Debit Card,2023-03-25 12:07:00,2023-05-05 12:07:00
500743,2024-05-03 17:07:00,1378,P1149,S023,4,0.05,Debit Card,2024-05-03 19:53:00,2024-06-02 19:53:00
500744,2024-12-23 08:32:00,1142,P1014,S003,6,0.1,Cash,2024-12-23 11:26:00,2025-01-19 11:26:00
500745,2025-09-22 16:33:00,1364,P1137,S022,5,0.15,Net Banking,2025-09-22 17:04:00,2025-10-22 17:04:00
500746,2025-01-23 21:44:00,1457,P1118,S003,2,0.15,Credit Card,2025-01-23 22:00:00,2025-02-04 22:00:00
500747,2024-08-13 02:06:00,1058,P1038,S016,3,0.05,Net Banking,2024-08-13 02:48:00,2024-08-30 02:48:00
500748,2023-02-16 09:26:00,1478,P1034,S016,6,0.15,Cash,2023-02-16 12:20:00,2023-03-22 12:20:00
500749,2023-02-13 09:12:00,1447,P1060,S017,6,0.15,Net Banking,2023-02-13 09:28:00,2023-02-14 09:28:00
500750,2024-12-03 20:41:00,1304,P1136,S018,8,0.15,Debit Card,2024-12-03 22:04:00,2025-01-03 22:04:00
500751,2026-03-07 04:57:00,1405,P1067,S008,8,0.1,Debit Card,2026-03-07 06:15:00,2026-03-17 06:15:00
500752,2023-04-07 04:22:00,1490,P1043,S020,3,0.2,Debit Card,2023-04-07 05:34:00,2023-05-06 05:34:00
500753,2024-01-09 05:53:00,1342,P1040,S006,4,0.0,UPI,2024-01-09 08:50:00,2024-03-06 08:50:00
500754,2024-10-10 18:08:00,1190,P1048,S007,1,0.1,Debit Card,2024-10-10 20:00:00,2024-10-26 20:00:00
500755,2023-10-30 11:28:00,1274,P1078,S004,1,0.15,Cash,2023-10-30 13:46:00,2023-11-09 13:46:00
500756,2023-10-25 14:59:00,1003,P1140,S017,6,0.1,Cash,2023-10-25 16:20:00,2023-11-03 16:20:00
500757,2024-08-16 18:42:00,1290,P1114,S011,2,0.15,UPI,2024-08-16 19:19:00,2024-10-06 19:19:00
500758,2023-10-13 21:35:00,1013,P1103,S020,4,0.15,Debit Card,2023-10-13 22:04:00,2023-11-01 22:04:00
500759,2023-07-09 10:03:00,1100,P1150,S017,4,0.1,Credit Card,2023-07-09 12:38:00,2023-08-19 12:38:00
500760,2023-02-16 02:34:00,1344,P1023,S017,7,0.05,Cash,2023-02-16 04:28:00,2023-03-31 04:28:00
500761,2024-10-12 19:38:00,1029,P1093,S013,3,0.15,Debit Card,2024-10-12 21:48:00,2024-12-11 21:48:00
500762,2025-03-01 11:00:00,1180,P1079,S015,2,0.05,Wallet,2025-03-01 12:12:00,2025-03-23 12:12:00
500763,2025-06-28 23:26:00,1084,P1109,S024,7,0.05,Net Banking,2025-06-29 01:19:00,2025-07-17 01:19:00
500764,2023-06-26 04:13:00,1445,P1135,S011,2,0.2,Cash,2023-06-26 05:30:00,2023-07-26 05:30:00
500765,2023-07-01 00:26:00,1140,P1107,S006,8,0.2,Credit Card,2023-07-01 03:09:00,2023-08-28 03:09:00
500766,2024-02-13 05:53:00,1284,P1126,S002,5,0.2,Debit Card,2024-02-13 07:30:00,2024-03-02 07:30:00
500767,2025-10-08 17:47:00,1014,P1001,S005,5,0.1,Wallet,2025-10-08 19:45:00,2025-10-22 19:45:00
500768,2025-08-25 03:41:00,1148,P1107,S006,8,0.05,UPI,2025-08-25 06:31:00,2025-10-21 06:31:00
500769,2023-09-02 08:31:00,1382,P1093,S019,8,0.2,Cash,2023-09-02 08:48:00,2023-10-10 08:48:00
500770,2024-06-12 20:43:00,1419,P1031,S012,1,0.1,Credit Card,2024-06-12 22:44:00,2024-07-26 22:44:00
500771,2023-04-30 04:20:00,1355,P1035,S012,3,0.0,Debit Card,2023-04-30 06:18:00,2023-06-25 06:18:00
500772,2025-01-09 13:40:00,1149,P1075,S017,2,0.2,credit card,2025-01-09 15:11:00,2025-01-12 15:11:00
500773,2024-01-11 03:38:00,1166,P1081,S022,5,0.1,Wallet,2024-01-11 04:20:00,2024-02-14 04:20:00
500774,2025-01-12 03:34:00,1422,P1037,S001,3,0.2,Debit Card,2025-01-12 06:02:00,2025-02-03 06:02:00
500775,2025-02-02 15:26:00,1467,P1042,S004,4,0.05,Net Banking,2025-02-02 16:53:00,2025-04-01 16:53:00
500776,2024-03-28 06:50:00,1354,P1135,S018,2,0.15,Cash,2024-03-28 09:13:00,2024-05-06 09:13:00
500777,2023-06-06 03:52:00,1009,P1123,S012,5,0.1,Credit Card,2023-06-06 04:25:00,2023-08-04 04:25:00
500778,2025-06-24 19:33:00,1364,P1078,S001,2,0.05,Credit Card,2025-06-24 21:00:00,2025-07-05 21:00:00
500779,2023-10-19 22:14:00,1108,P1034,S003,7,0.0,UPI,2023-10-19 23:32:00,2023-10-27 23:32:00
500780,2023-02-08 15:48:00,1101,P1028,S002,1,0.15,UPI,2023-02-08 17:38:00,2023-02-10 17:38:00
500781,2024-06-02 01:04:00,1006,P1025,S004,4,0.2,Credit Card,2024-06-02 02:21:00,2024-07-14 02:21:00
500782,2024-01-14 21:22:00,1075,P1072,S019,6,0.1,Credit Card,2024-01-14 21:29:00,2024-01-19 21:29:00
500783,2025-10-22 23:39:00,1292,P1018,S004,1,0.2,Credit Card,2025-10-23 00:40:00,2025-11-24 00:40:00
500784,2024-01-28 09:10:00,1499,P1026,S007,8,0.1,Wallet,2024-01-28 11:27:00,2024-01-28 11:27:00
500785,2024-01-15 14:43:00,1428,P1091,S013,7,0.05,Net Banking,2024-01-15 15:10:00,2024-01-26 15:10:00
500786,2024-04-11 13:07:00,1239,P1029,S017,3,0.15,Debit Card,2024-04-11 14:27:00,2024-04-18 14:27:00
500787,2024-08-13 17:46:00,1168,P1127,S004,7,0.1,Cash,2024-08-13 17:56:00,2024-08-18 17:56:00
500788,2024-09-30 21:53:00,1284,P1105,S010,7,0.05,UPI,2024-09-30 23:46:00,2024-10-14 23:46:00
500789,2025-09-01 21:23:00,1346,P1126,S022,2,0.15,Cash,2025-09-01 22:08:00,2025-09-01 22:08:00
500790,2025-12-06 21:43:00,1074,P1102,S013,2,0.05,UPI,2025-12-06 22:04:00,2025-12-13 22:04:00
500791,2025-01-14 06:21:00,1433,P1104,S004,4,0.15,Wallet,2025-01-14 07:12:00,2025-02-21 07:12:00
500792,2025-10-19 08:48:00,1140,P1103,S012,8,,Cash,2025-10-19 11:16:00,2025-11-25 11:16:00
500793,2025-09-19 16:17:00,1233,P1028,S004,5,0.15,Cash,2025-09-19 16:54:00,2025-11-07 16:54:00
500794,2024-04-17 20:08:00,1378,P1014,S003,8,0.0,credit card,2024-04-17 20:15:00,2024-04-23 20:15:00
500795,2025-02-22 19:43:00,1156,P1025,S025,2,0.2,Cash,2025-02-22 21:06:00,2025-03-03 21:06:00
500796,2025-08-12 06:18:00,1252,P1130,S009,6,0.2,Net Banking,2025-08-12 09:07:00,2025-09-12 09:07:00
500797,2023-02-06 01:27:00,1231,P1081,S013,8,0.15,upi,2023-02-06 01:57:00,2023-03-02 01:57:00
500798,2023-03-09 05:35:00,1400,P1078,S023,3,0.15,Cash,2023-03-09 08:23:00,2023-05-03 08:23:00
500799,2023-10-03 09:45:00,1392,P1029,S019,8,0.2,Wallet,2023-10-03 11:24:00,2023-11-03 11:24:00
500800,2026-01-09 18:30:00,1438,P1041,S017,1,0.15,Debit Card,2026-01-09 20:31:00,2026-02-13 20:31:00
500801,2025-10-10 18:24:00,1181,P1073,S011,1,0.0,NET BANKING,2025-10-10 21:01:00,2025-11-22 21:01:00
500802,2023-04-03 04:53:00,1415,P1150,S001,6,,UPI,2023-04-03 06:26:00,2023-04-25 06:26:00
500803,2025-05-26 11:22:00,1029,P1063,S008,4,0.1,Net Banking,2025-05-26 13:07:00,2025-06-17 13:07:00
500804,2023-06-23 22:04:00,1173,P1044,S001,6,0.0,Cash,2023-06-23 23:22:00,2023-06-30 23:22:00
500805,2025-05-15 18:32:00,1011,P1121,S019,1,0.1,Cash,2025-05-15 20:19:00,2025-06-01 20:19:00
500806,2026-03-14 12:20:00,1414,P1126,S004,4,0.1,Cash,2026-03-14 14:46:00,2026-03-20 14:46:00
500807,2025-10-26 21:21:00,1154,P1094,S014,4,0.15,Wallet,2025-10-26 22:03:00,2025-12-04 22:03:00
500808,2023-06-04 17:13:00,1025,P1077,S019,7,0.05,Net Banking,2023-06-04 18:26:00,2023-06-20 18:26:00
500809,2023-07-08 22:54:00,1304,P1087,S009,2,0.2,Net Banking,2023-07-09 01:22:00,2023-07-15 01:22:00
500810,2025-08-31 13:13:00,1040,P1078,S017,5,0.15,Wallet,2025-08-31 14:41:00,2025-10-20 14:41:00
500811,2026-01-10 10:12:00,1129,P1132,S015,3,,wallet,2026-01-10 11:58:00,2026-02-04 11:58:00
500812,2025-11-23 05:36:00,1339,P1120,S009,7,0.2,Wallet,2025-11-23 07:43:00,2025-12-06 07:43:00
500813,2023-05-03 16:12:00,1076,P1062,S005,5,0.15,Cash,2023-05-03 17:45:00,2023-06-01 17:45:00
500814,2024-10-14 02:40:00,1212,P1069,S010,3,0.1,Wallet,2024-10-14 03:32:00,2024-12-07 03:32:00
500815,2024-04-28 12:15:00,1099,P1008,S008,5,0.15,Cash,2024-04-28 12:44:00,2024-05-07 12:44:00
500816,2026-02-20 13:27:00,1019,P1052,S006,5,0.05,UPI,2026-02-20 16:12:00,2026-04-18 16:12:00
500817,2024-06-13 08:42:00,1330,P1011,S024,8,0.0,UPI,2024-06-13 11:02:00,2024-06-24 11:02:00
500818,2023-06-21 10:38:00,1033,P1105,S012,2,0.15,Wallet,2023-06-21 11:54:00,2023-08-15 11:54:00
500819,2023-10-15 07:07:00,1257,P1031,S017,5,0.15,UPI,2023-10-15 09:33:00,2023-12-01 09:33:00
500820,2024-05-02 19:07:00,1427,P1150,S024,7,0.05,Cash,2024-05-02 20:27:00,2024-05-23 20:27:00
500821,2024-03-22 04:06:00,1497,P1071,S015,7,0.1,Net Banking,2024-03-22 04:50:00,2024-04-04 04:50:00
500822,2023-04-25 15:34:00,1486,P1029,S011,7,0.15,Wallet,2023-04-25 17:09:00,2023-06-08 17:09:00
500823,2024-05-19 08:56:00,1244,P1095,S010,1,0.2,UPI,2024-05-19 09:33:00,2024-06-11 09:33:00
500824,2023-04-22 22:58:00,1130,P1142,S013,5,0.1,Wallet,2023-04-23 01:49:00,2023-05-08 01:49:00
500825,2023-09-07 17:55:00,1227,P1100,S001,7,0.1,Debit Card,2023-09-07 18:55:00,2023-10-31 18:55:00
500826,2023-07-04 07:19:00,1456,P1042,S015,6,0.15,UPI,2023-07-04 08:12:00,2023-08-28 08:12:00
500827,2024-07-15 02:52:00,1378,P1106,S011,7,0.0,Credit Card,2024-07-15 04:57:00,2024-08-14 04:57:00
500828,2024-06-18 16:04:00,1309,P1141,S024,6,0.15,Wallet,2024-06-18 17:34:00,2024-07-14 17:34:00
500829,2023-02-26 01:41:00,1323,P1114,S021,3,0.0,Cash,2023-02-26 04:25:00,2023-03-09 04:25:00
500830,2024-02-14 20:19:00,1043,P1029,S006,4,0.2,Wallet,2024-02-14 21:39:00,2024-03-21 21:39:00
500831,2023-09-24 19:43:00,1481,P1082,S015,8,0.05,Debit Card,2023-09-24 21:28:00,2023-11-13 21:28:00
500832,2023-12-22 21:37:00,1145,P1051,S003,7,0.1,Credit Card,2023-12-22 23:00:00,2024-02-11 23:00:00
500833,2025-03-16 12:53:00,1011,P1006,S018,4,0.0,Cash,2025-03-16 15:19:00,2025-03-30 15:19:00
500834,2024-02-11 08:44:00,1206,P1110,S020,5,0.05,UPI,2024-02-11 09:27:00,2024-02-14 09:27:00
500835,2025-01-23 05:36:00,1368,P1135,S014,8,0.15,UPI,2025-01-23 06:06:00,2025-01-23 06:06:00
500836,2024-04-04 22:13:00,1442,P1069,S010,8,0.15,Credit Card,2024-04-04 23:01:00,2024-06-03 23:01:00
500837,2025-06-02 06:38:00,1145,P1049,S014,3,0.15,Credit Card,2025-06-02 07:33:00,2025-07-24 07:33:00
500838,2023-02-28 09:16:00,1231,P1064,S012,8,0.0,UPI,2023-02-28 10:16:00,2023-04-08 10:16:00
500839,2025-08-18 04:55:00,1204,P1055,S023,7,0.15,Wallet,2025-08-18 06:17:00,2025-10-01 06:17:00
500840,2024-06-08 02:06:00,1027,P1086,S008,8,0.1,net banking,2024-06-08 04:28:00,2024-06-11 04:28:00
500841,2023-04-04 00:16:00,1196,P1078,S013,6,0.05,Net Banking,2023-04-04 02:25:00,2023-05-13 02:25:00
500842,2023-03-26 18:11:00,1258,P1127,S011,8,0.05,UPI,2023-03-26 19:17:00,2023-04-05 19:17:00
500843,2024-10-11 22:33:00,1134,P1030,S011,1,0.05,Cash,2024-10-12 00:23:00,2024-10-21 00:23:00
500844,2024-07-29 23:23:00,1463,P1068,S020,5,0.2,Debit Card,2024-07-30 01:13:00,2024-08-17 01:13:00
500845,2025-06-11 05:20:00,1487,P1039,S018,8,0.0,Credit Card,2025-06-11 07:25:00,2025-07-29 07:25:00
500846,2023-11-01 01:14:00,1241,P1067,S006,8,0.15,UPI,2023-11-01 02:00:00,2023-11-03 02:00:00
500847,2025-10-10 01:28:00,1288,P1125,S015,8,0.0,Wallet,2025-10-10 02:59:00,2025-11-24 02:59:00
500848,2023-10-31 03:22:00,1445,P1073,S006,3,0.2,Debit Card,2023-10-31 03:45:00,2023-11-13 03:45:00
500849,2026-02-27 21:37:00,1498,P1002,S017,3,0.15,UPI,2026-02-27 22:31:00,2026-04-05 22:31:00
500850,2024-05-19 15:43:00,1169,P1007,S010,2,0.15,Debit Card,2024-05-19 16:07:00,2024-07-14 16:07:00
500851,2023-08-06 10:09:00,1236,P1123,S015,5,0.2,Wallet,2023-08-06 10:16:00,2023-08-11 10:16:00
500852,2023-01-12 10:02:00,1487,P1116,S011,3,0.05,UPI,2023-01-12 12:49:00,2023-02-20 12:49:00
500853,2024-08-02 10:51:00,1037,P1141,S020,7,0.0,Cash,2024-08-02 11:05:00,2024-09-18 11:05:00
500854,2024-06-06 05:15:00,1011,P1054,S006,7,0.15,Debit Card,2024-06-06 06:57:00,2024-06-11 06:57:00
500855,2023-11-12 03:19:00,1222,P1080,S022,3,0.1,Wallet,2023-11-12 05:24:00,2024-01-02 05:24:00
500856,2023-07-16 11:32:00,1229,P1100,S016,5,0.2,Net Banking,2023-07-16 12:23:00,2023-08-16 12:23:00
500857,2025-05-16 02:48:00,1189,P1048,S014,7,0.0,UPI,2025-05-16 04:36:00,2025-07-06 04:36:00
500858,2025-11-17 10:29:00,1332,P1040,S016,2,0.1,Cash,2025-11-17 13:22:00,2025-12-01 13:22:00
500859,2025-06-14 02:58:00,1077,P1033,S022,5,0.05,Net Banking,2025-06-14 05:00:00,2025-07-03 05:00:00
500860,2025-05-25 09:36:00,1040,P1012,S017,2,0.2,Cash,2025-05-25 09:48:00,2025-06-29 09:48:00
500861,2025-04-25 03:29:00,1292,P1065,S012,5,0.2,UPI,2025-04-25 06:18:00,2025-06-10 06:18:00
500862,2025-10-28 00:07:00,1092,P1047,S013,1,0.0,Cash,2025-10-28 02:56:00,2025-11-26 02:56:00
500863,2024-09-01 10:37:00,1344,P1116,S020,5,0.1,Credit Card,2024-09-01 12:33:00,2024-10-19 12:33:00
500864,2024-03-08 05:05:00,1447,P1028,S014,1,0.0,Cash,2024-03-08 07:39:00,2024-03-24 07:39:00
500865,2023-08-27 00:10:00,1236,P1104,S022,8,0.1,Net Banking,2023-08-27 02:57:00,2023-09-26 02:57:00
500866,2025-01-08 22:43:00,1203,P1078,S003,3,0.05,UPI,2025-01-09 01:39:00,2025-02-21 01:39:00
500867,2024-01-26 03:52:00,1497,P1049,S001,4,0.15,Wallet,2024-01-26 03:56:00,2024-03-10 03:56:00
500868,2023-10-25 20:15:00,1321,P1138,S007,2,0.1,Cash,2023-10-25 22:06:00,2023-12-17 22:06:00
500869,2023-10-31 15:27:00,1086,P1040,S024,8,0.15,Cash,2023-10-31 15:32:00,2023-11-07 15:32:00
500870,2023-02-10 14:37:00,1151,P1146,S013,1,0.1,UPI,2023-02-10 15:39:00,2023-02-22 15:39:00
500871,2023-07-30 20:54:00,1435,P1127,S024,5,0.0,Cash,2023-07-30 22:44:00,2023-08-25 22:44:00
500872,2025-03-29 15:32:00,1314,P1125,S008,1,0.2,UPI,2025-03-29 18:03:00,2025-05-14 18:03:00
500873,2025-05-14 18:20:00,1138,P1107,S016,2,0.15,Net Banking,2025-05-14 20:41:00,2025-05-18 20:41:00
500874,2024-12-11 14:44:00,1083,P1074,S024,4,0.15,Debit Card,2024-12-11 16:35:00,2024-12-12 16:35:00
500875,2025-06-16 07:32:00,1466,P1087,S020,8,0.05,Debit Card,2025-06-16 08:28:00,2025-07-23 08:28:00
500876,2025-03-10 13:53:00,1377,P1093,S016,3,0.2,Credit Card,2025-03-10 16:45:00,2025-04-20 16:45:00
500877,2024-08-01 22:47:00,1248,P1034,S006,4,0.05,Net Banking,2024-08-01 23:09:00,2024-09-12 23:09:00
500878,2025-10-04 03:50:00,1253,P1078,S008,4,0.2,UPI,2025-10-04 05:36:00,2025-12-03 05:36:00
500879,2023-02-07 11:56:00,1347,P1041,S006,1,0.0,Debit Card,2023-02-07 13:02:00,2023-03-01 13:02:00
500880,2025-05-31 03:39:00,1288,P1058,S016,5,0.1,Debit Card,2025-05-31 04:37:00,2025-06-07 04:37:00
500881,2023-04-06 17:17:00,1354,P1132,S020,2,0.0,Cash,2023-04-06 17:55:00,2023-05-30 17:55:00
500882,2025-07-25 03:06:00,1401,P1027,S018,1,0.2,UPI,2025-07-25 05:42:00,2025-09-02 05:42:00
500883,2023-12-09 20:07:00,1186,P1041,S024,5,0.15,Net Banking,2023-12-09 20:59:00,2024-02-05 20:59:00
500884,2025-10-17 23:55:00,1332,P1094,S011,3,0.0,Credit Card,2025-10-18 00:20:00,2025-10-27 00:20:00
500885,2025-06-18 13:49:00,1428,P1122,S011,5,0.2,Credit Card,2025-06-18 13:50:00,2025-07-03 13:50:00
500886,2023-06-24 08:23:00,1323,P1063,S005,7,0.05,Credit Card,2023-06-24 10:09:00,2023-07-17 10:09:00
500887,2025-05-28 13:58:00,1235,P1133,S022,6,0.0,Cash,2025-05-28 15:42:00,2025-07-24 15:42:00
500888,2023-10-26 00:45:00,1036,P1022,S011,6,0.15,Credit Card,2023-10-26 02:57:00,2023-12-25 02:57:00
500889,2025-06-07 01:25:00,1473,P1039,S019,1,0.2,Debit Card,2025-06-07 01:34:00,2025-07-19 01:34:00
500890,2025-05-08 12:56:00,1284,P1078,S024,6,0.1,UPI,2025-05-08 15:50:00,2025-06-21 15:50:00
500891,2024-07-26 16:39:00,1207,P1115,S021,4,0.2,Net Banking,2024-07-26 17:16:00,2024-09-08 17:16:00
500892,2025-06-24 22:22:00,1398,P1051,S010,2,0.0,net banking,2025-06-25 01:08:00,2025-07-20 01:08:00
500893,2024-11-16 12:46:00,1277,P1073,S007,2,0.2,Net Banking,2024-11-16 13:18:00,2024-12-19 13:18:00
500894,2024-10-01 16:21:00,1012,P1008,S018,5,0.05,Debit Card,2024-10-01 19:03:00,2024-10-11 19:03:00
500895,2025-05-15 16:07:00,1191,P1067,S021,6,0.0,UPI,2025-05-15 16:22:00,2025-07-07 16:22:00
500896,2023-09-13 14:19:00,1003,P1117,S011,4,0.2,Net Banking,2023-09-13 16:45:00,2023-10-30 16:45:00
500897,2025-12-28 19:14:00,1146,P1147,S022,3,0.15,Net Banking,2025-12-28 20:43:00,2026-01-16 20:43:00
500898,2024-05-22 03:20:00,1099,P1093,S015,2,0.05,Wallet,2024-05-22 05:32:00,2024-06-28 05:32:00
500899,2025-05-21 13:05:00,1218,P1034,S016,4,0.15,UPI,2025-05-21 13:28:00,2025-05-24 13:28:00
500900,2025-01-26 21:33:00,1287,P1133,S025,7,0.1,Net Banking,2025-01-26 23:16:00,2025-03-04 23:16:00
500901,2025-10-18 20:27:00,1477,P1126,S024,7,0.05,Credit Card,2025-10-18 22:19:00,2025-12-01 22:19:00
500902,2025-11-01 04:31:00,1496,P1132,S017,2,0.05,Cash,2025-11-01 06:28:00,2025-11-09 06:28:00
500903,2025-08-27 01:47:00,1287,P1095,S004,7,0.0,UPI,2025-08-27 02:27:00,2025-10-26 02:27:00
500904,2025-01-26 18:18:00,1079,P1031,S012,5,0.1,Debit Card,2025-01-26 18:28:00,2025-02-28 18:28:00
500905,2024-08-25 15:01:00,1402,P1108,S002,5,0.1,Credit Card,2024-08-25 15:37:00,2024-09-03 15:37:00
500906,2024-01-10 23:31:00,1281,P1090,S003,1,0.15,Cash,2024-01-10 23:31:00,2024-01-17 23:31:00
500907,2026-03-19 09:36:00,1173,P1097,S016,3,0.05,Net Banking,2026-03-19 11:31:00,2026-05-15 11:31:00
500908,2025-08-01 14:42:00,1444,P1084,S003,7,0.15,Credit Card,2025-08-01 16:36:00,2025-08-10 16:36:00
500909,2025-03-20 10:34:00,1456,P1114,S024,5,0.0,Credit Card,2025-03-20 10:45:00,2025-05-01 10:45:00
500910,2023-02-20 18:40:00,1331,P1032,S021,2,0.05,Net Banking,2023-02-20 19:59:00,2023-03-27 19:59:00
500911,2026-01-14 18:48:00,1268,P1049,S025,8,0.2,UPI,2026-01-14 19:01:00,2026-02-19 19:01:00
500912,2023-09-04 21:59:00,1493,P1005,S009,4,0.05,Wallet,2023-09-05 00:15:00,2023-09-16 00:15:00
500913,2025-06-28 02:51:00,1165,P1103,S019,1,0.15,UPI,2025-06-28 05:07:00,2025-08-05 05:07:00
500914,2024-11-27 13:11:00,1441,P1136,S011,7,0.1,UPI,2024-11-27 14:57:00,2024-11-28 14:57:00
500915,2023-08-23 03:34:00,1074,P1047,S009,2,0.05,Debit Card,2023-08-23 04:17:00,2023-09-10 04:17:00
500916,2025-04-14 21:10:00,1493,P1084,S006,1,0.0,Debit Card,2025-04-14 21:25:00,2025-05-23 21:25:00
500917,2025-03-09 03:20:00,1458,P1083,S009,7,0.0,UPI,2025-03-09 03:56:00,2025-04-04 03:56:00
500918,2024-02-19 07:48:00,1122,P1127,S017,7,0.0,Debit Card,2024-02-19 10:20:00,2024-03-27 10:20:00
500919,2023-05-05 10:29:00,1034,P1124,S001,7,0.05,UPI,2023-05-05 12:50:00,2023-05-31 12:50:00
500920,2024-07-05 17:37:00,1127,P1143,S021,3,0.1,Net Banking,2024-07-05 20:29:00,2024-07-11 20:29:00
500921,2025-04-13 14:05:00,1105,P1037,S012,3,0.05,Net Banking,2025-04-13 16:47:00,2025-05-15 16:47:00
500922,2025-05-17 17:28:00,1417,P1119,S020,5,0.05,UPI,2025-05-17 17:38:00,2025-05-17 17:38:00
500923,2023-05-04 15:17:00,1430,P1098,S012,4,0.2,Net Banking,2023-05-04 17:50:00,2023-05-20 17:50:00
500924,2024-07-30 01:10:00,1036,P1077,S003,7,0.0,Credit Card,2024-07-30 03:26:00,2024-09-04 03:26:00
500925,2026-02-13 08:56:00,1313,P1130,S011,6,0.1,Wallet,2026-02-13 10:46:00,2026-02-26 10:46:00
500926,2025-07-16 08:15:00,1175,P1054,S015,6,0.0,Wallet,2025-07-16 11:04:00,2025-08-05 11:04:00
500927,2023-10-01 20:59:00,1244,P1002,S001,3,0.15,Net Banking,2023-10-01 20:59:00,2023-11-08 20:59:00
500928,2025-09-28 12:34:00,1449,P1020,S018,1,0.15,Wallet,2025-09-28 12:54:00,2025-11-17 12:54:00
500929,2023-09-10 11:52:00,1308,P1092,S013,3,0.0,UPI,2023-09-10 13:28:00,2023-11-01 13:28:00
500930,2025-08-05 11:59:00,1005,P1057,S024,1,0.1,Wallet,2025-08-05 12:48:00,2025-09-02 12:48:00
500931,2025-01-02 06:05:00,1156,P1057,S008,8,0.1,UPI,2025-01-02 08:42:00,2025-02-11 08:42:00
500932,2024-07-28 15:57:00,1311,P1054,S001,4,0.15,UPI,2024-07-28 18:57:00,2024-09-11 18:57:00
500933,2024-07-22 18:32:00,1283,P1050,S022,3,0.0,Net Banking,2024-07-22 20:38:00,2024-08-01 20:38:00
500934,2023-09-20 23:04:00,1478,P1146,S008,5,0.05,Wallet,2023-09-20 23:36:00,2023-10-06 23:36:00
500935,2023-02-17 22:43:00,1130,P1144,S015,1,0.15,Wallet,2023-02-18 00:59:00,2023-03-29 00:59:00
500936,2023-04-17 10:27:00,1063,P1133,S015,8,0.1,Net Banking,2023-04-17 12:11:00,2023-05-04 12:11:00
500937,2023-03-31 23:14:00,1471,P1108,S018,8,0.1,UPI,2023-03-31 23:26:00,2023-04-17 23:26:00
500938,2025-03-13 06:21:00,1293,P1007,S024,4,0.15,UPI,2025-03-13 06:41:00,2025-05-08 06:41:00
500939,2024-05-26 06:10:00,1033,P1025,S001,8,0.15,UPI,2024-05-26 07:34:00,2024-06-14 07:34:00
500940,2024-11-15 08:15:00,1123,P1088,S002,6,0.2,Credit Card,2024-11-15 08:42:00,2024-12-15 08:42:00
500941,2023-05-30 19:39:00,1049,P1115,S019,2,0.0,upi,2023-05-30 21:31:00,2023-07-17 21:31:00
500942,2023-03-10 12:20:00,1401,P1033,S002,8,0.0,Debit Card,2023-03-10 15:17:00,2023-03-14 15:17:00
500943,2025-06-03 02:06:00,1287,P1014,S010,7,0.15,UPI,2025-06-03 04:59:00,2025-06-06 04:59:00
500944,2025-04-21 07:55:00,1338,P1003,S015,7,0.15,Cash,2025-04-21 10:28:00,2025-06-10 10:28:00
500945,2023-07-27 10:41:00,1014,P1117,S017,6,0.2,Credit Card,2023-07-27 13:33:00,2023-09-15 13:33:00
500946,2023-08-10 03:00:00,1035,P1050,S019,3,0.2,Debit Card,2023-08-10 05:32:00,2023-09-24 05:32:00
500947,2024-12-28 13:30:00,1096,P1063,S005,1,0.0,Credit Card,2024-12-28 16:08:00,2025-01-25 16:08:00
500948,2024-09-30 18:27:00,1387,P1092,S010,3,0.05,Cash,2024-09-30 20:38:00,2024-11-10 20:38:00
500949,2024-09-24 19:21:00,1497,P1003,S017,3,0.0,CREDIT CARD,2024-09-24 20:35:00,2024-10-17 20:35:00
500950,2025-11-04 17:54:00,1177,P1051,S007,4,0.0,Debit Card,2025-11-04 18:07:00,2025-12-01 18:07:00
500951,2024-01-23 21:30:00,1240,P1085,S019,6,0.2,Debit Card,2024-01-24 00:27:00,2024-03-08 00:27:00
500952,2025-05-07 10:10:00,1449,P1011,S016,4,0.0,Wallet,2025-05-07 10:36:00,2025-06-05 10:36:00
500953,2024-04-01 22:14:00,1110,P1062,S016,6,0.15,Credit Card,2024-04-02 00:13:00,2024-05-11 00:13:00
500954,2025-03-30 05:52:00,1006,P1019,S012,1,0.2,UPI,2025-03-30 05:53:00,2025-04-22 05:53:00
500955,2023-10-19 09:28:00,1300,P1093,S002,1,0.05,Credit Card,2023-10-19 10:17:00,2023-11-28 10:17:00
500956,2024-08-04 05:14:00,1090,P1087,S018,4,0.05,Credit Card,2024-08-04 06:21:00,2024-09-19 06:21:00
500957,2023-02-14 05:53:00,1052,P1006,S022,3,0.15,Wallet,2023-02-14 07:00:00,2023-04-13 07:00:00
500958,2023-08-16 10:59:00,1234,P1062,S012,6,0.05,Net Banking,2023-08-16 11:52:00,2023-09-04 11:52:00
500959,2025-06-07 22:04:00,1452,P1034,S007,4,0.2,Cash,2025-06-07 22:34:00,2025-06-16 22:34:00
500960,2025-02-05 10:38:00,1126,P1012,S025,4,0.2,Debit Card,2025-02-05 12:27:00,2025-03-17 12:27:00
500961,2023-11-01 10:15:00,1408,P1072,S005,8,0.05,Wallet,2023-11-01 10:28:00,2023-12-11 10:28:00
500962,2023-06-16 15:50:00,1034,P1043,S017,7,0.2,Debit Card,2023-06-16 18:39:00,2023-07-25 18:39:00
500963,2025-10-18 16:29:00,1365,P1096,S017,8,0.15,Cash,2025-10-18 17:14:00,2025-11-07 17:14:00
500964,2024-07-03 18:25:00,1405,P1150,S021,1,0.05,Credit Card,2024-07-03 21:08:00,2024-08-30 21:08:00
500965,2024-02-20 14:55:00,1112,P1079,S014,7,0.2,Credit Card,2024-02-20 15:55:00,2024-03-16 15:55:00
500966,2025-02-05 08:35:00,1385,P1022,S010,8,0.2,Debit Card,2025-02-05 08:56:00,2025-02-13 08:56:00
500967,2024-04-16 18:02:00,1319,P1087,S014,8,0.15,Cash,2024-04-16 20:01:00,2024-05-18 20:01:00
500968,2025-04-17 11:51:00,1140,P1098,S001,3,0.15,Credit Card,2025-04-17 13:58:00,2025-05-07 13:58:00
500969,2024-06-27 20:04:00,1043,P1076,S017,2,0.1,Credit Card,2024-06-27 21:35:00,2024-08-23 21:35:00
500970,2023-07-21 03:04:00,1280,P1052,S011,4,0.1,Debit Card,2023-07-21 04:36:00,2023-07-23 04:36:00
500971,2024-09-11 23:52:00,1141,P1049,S023,3,0.2,Debit Card,2024-09-12 02:46:00,2024-11-05 02:46:00
500972,2023-01-18 09:18:00,1207,P1104,S019,1,0.15,Wallet,2023-01-18 10:46:00,2023-03-09 10:46:00
500973,2025-11-15 04:55:00,1117,P1054,S016,4,0.2,Net Banking,2025-11-15 06:36:00,2025-11-29 06:36:00
500974,2026-02-05 14:46:00,1406,P1022,S011,4,0.15,Wallet,2026-02-05 16:44:00,2026-02-26 16:44:00
500975,2025-05-05 06:28:00,1286,P1008,S012,3,0.2,Credit Card,2025-05-05 08:23:00,2025-06-28 08:23:00
500976,2024-09-17 23:00:00,1338,P1091,S011,4,,Cash,2024-09-18 01:07:00,2024-11-08 01:07:00
500977,2025-04-06 22:34:00,1301,P1006,S019,1,0.05,Credit Card,2025-04-06 23:50:00,2025-04-26 23:50:00
500978,2024-11-07 18:40:00,1312,P1147,S013,7,0.05,cash,2024-11-07 21:14:00,2025-01-04 21:14:00
500979,2023-05-11 17:24:00,1056,P1085,S019,8,0.1,UPI,2023-05-11 18:12:00,2023-06-10 18:12:00
500980,2023-12-18 03:43:00,1017,P1126,S001,3,0.05,UPI,2023-12-18 06:04:00,2023-12-29 06:04:00
500981,2025-03-01 09:13:00,1338,P1135,S003,8,0.0,Debit Card,2025-03-01 10:12:00,2025-03-19 10:12:00
500982,2025-11-27 00:10:00,1466,P1106,S013,3,0.0,Credit Card,2025-11-27 01:33:00,2026-01-21 01:33:00
500983,2026-01-03 13:30:00,1490,P1053,S005,4,0.1,Cash,2026-01-03 13:47:00,2026-01-27 13:47:00
500984,2025-08-30 05:38:00,1159,P1052,S017,8,0.1,Credit Card,2025-08-30 08:05:00,2025-10-29 08:05:00
500985,2023-01-16 04:28:00,1205,P1064,S017,6,0.2,Cash,2023-01-16 04:44:00,2023-03-09 04:44:00
500986,2025-07-31 14:36:00,1047,P1074,S021,8,0.1,Wallet,2025-07-31 14:46:00,2025-09-16 14:46:00
500987,2024-09-01 12:39:00,1128,P1046,S020,7,0.15,Cash,2024-09-01 13:23:00,2024-09-27 13:23:00
500988,2024-01-11 22:36:00,1358,P1012,S008,3,0.1,Wallet,2024-01-11 23:00:00,2024-02-05 23:00:00
500989,2026-01-06 09:42:00,1372,P1056,S016,7,0.2,UPI,2026-01-06 09:59:00,2026-02-19 09:59:00
500990,2025-01-25 02:48:00,1393,P1084,S014,8,0.05,Debit Card,2025-01-25 03:14:00,2025-02-26 03:14:00
500991,2024-02-29 16:02:00,1038,P1119,S013,6,0.15,Credit Card,2024-02-29 18:00:00,2024-03-01 18:00:00
500992,2025-03-23 01:00:00,1364,P1035,S011,8,0.15,Cash,2025-03-23 02:04:00,2025-03-30 02:04:00
500993,2023-05-20 02:35:00,1366,P1113,S005,8,0.1,Credit Card,2023-05-20 05:23:00,2023-06-04 05:23:00
500994,2023-12-16 00:38:00,1151,P1032,S018,7,0.05,UPI,2023-12-16 01:03:00,2023-12-27 01:03:00
500995,2023-01-23 21:17:00,1184,P1046,S007,1,0.2,Credit Card,2023-01-23 21:56:00,2023-02-20 21:56:00
500996,2025-06-24 22:03:00,1268,P1027,S013,5,0.15,UPI,2025-06-25 00:45:00,2025-08-15 00:45:00
500997,2023-01-10 01:49:00,1104,P1064,S012,4,0.05,UPI,2023-01-10 03:25:00,2023-02-28 03:25:00
500998,2023-02-02 13:01:00,1421,P1050,S022,2,0.05,UPI,2023-02-02 13:04:00,2023-02-23 13:04:00
500999,2023-12-10 23:10:00,1263,P1028,S011,6,0.2,Wallet,2023-12-10 23:21:00,2024-01-05 23:21:00
501000,2024-01-24 19:13:00,1481,P1110,S004,4,0.05,UPI,2024-01-24 21:31:00,2024-02-18 21:31:00
501001,2024-12-31 10:11:00,1335,P1081,S001,7,0.05,Cash,2024-12-31 10:14:00,2025-01-25 10:14:00
501002,2024-03-26 02:42:00,1320,P1095,S002,2,0.05,Cash,2024-03-26 03:53:00,2024-05-06 03:53:00
501003,2024-09-09 19:31:00,1275,P1146,S006,5,0.0,Net Banking,2024-09-09 19:57:00,2024-10-24 19:57:00
501004,2024-10-26 20:44:00,1474,P1035,S011,3,0.1,Wallet,2024-10-26 22:23:00,2024-12-08 22:23:00
501005,2025-09-14 02:21:00,1467,P1150,S015,7,0.2,Wallet,2025-09-14 02:25:00,2025-10-22 02:25:00
501006,2024-04-21 16:37:00,1120,P1006,S020,2,0.1,Credit Card,2024-04-21 19:37:00,2024-04-21 19:37:00
501007,2025-05-27 07:39:00,1071,P1096,S016,5,0.05,Credit Card,2025-05-27 07:59:00,2025-05-30 07:59:00
501008,2025-02-08 06:41:00,1473,P1114,S024,6,0.05,Debit Card,2025-02-08 06:50:00,2025-02-23 06:50:00
501009,2024-10-12 20:50:00,1406,P1107,S021,5,0.0,Credit Card,2024-10-12 21:00:00,2024-11-14 21:00:00
501010,2024-11-09 10:15:00,1028,P1064,S022,4,0.2,Cash,2024-11-09 11:07:00,2024-12-13 11:07:00
501011,2025-12-03 10:11:00,1004,P1017,S016,2,0.05,UPI,2025-12-03 12:04:00,2026-01-12 12:04:00
501012,2023-10-17 06:08:00,1304,P1141,S007,4,0.2,UPI,2023-10-17 06:31:00,2023-10-28 06:31:00
501013,2025-05-22 23:29:00,1370,P1051,S008,7,0.05,Net Banking,2025-05-23 00:48:00,2025-06-02 00:48:00
501014,2024-05-24 09:18:00,1496,P1052,S009,8,0.0,Debit Card,2024-05-24 11:45:00,2024-06-21 11:45:00
501015,2025-03-26 12:10:00,1217,P1130,S020,7,0.05,Cash,2025-03-26 14:10:00,2025-04-23 14:10:00
501016,2023-02-10 12:27:00,1465,P1077,S020,3,0.2,Wallet,2023-02-10 12:48:00,2023-03-30 12:48:00
501017,2023-12-26 08:24:00,1233,P1073,S013,8,0.0,Debit Card,2023-12-26 10:22:00,2024-01-14 10:22:00
501018,2023-10-07 22:30:00,1470,P1049,S001,1,0.2,Wallet,2023-10-07 23:20:00,2023-10-16 23:20:00
501019,2025-02-05 15:25:00,1203,P1096,S013,8,0.1,Wallet,2025-02-05 17:11:00,2025-04-06 17:11:00
501020,2023-05-26 13:56:00,1064,P1099,S019,3,0.05,Cash,2023-05-26 14:05:00,2023-07-23 14:05:00
501021,2024-06-06 23:22:00,1251,P1095,S023,1,0.15,Cash,2024-06-07 01:32:00,2024-07-22 01:32:00
501022,2024-05-20 07:30:00,1417,P1093,S021,1,0.05,Debit Card,2024-05-20 07:38:00,2024-07-17 07:38:00
501023,2025-07-21 21:09:00,1309,P1149,S022,3,0.0,UPI,2025-07-21 22:14:00,2025-08-05 22:14:00
501024,2023-07-09 20:45:00,1362,P1021,S017,4,0.15,Credit Card,2023-07-09 22:23:00,2023-08-03 22:23:00
501025,2025-05-24 08:44:00,1496,P1137,S022,7,0.2,Debit Card,2025-05-24 10:01:00,2025-06-25 10:01:00
501026,2025-04-22 23:55:00,1326,P1147,S025,6,0.05,Debit Card,2025-04-23 00:17:00,2025-04-29 00:17:00
501027,2024-03-05 23:25:00,1004,P1044,S016,1,0.0,UPI,2024-03-06 02:23:00,2024-03-25 02:23:00
501028,2025-05-05 16:26:00,1376,P1111,S006,3,0.1,Credit Card,2025-05-05 19:13:00,2025-05-23 19:13:00
501029,2023-10-03 06:31:00,1486,P1029,S015,4,0.05,Credit Card,2023-10-03 07:17:00,2023-11-04 07:17:00
501030,2023-05-01 23:11:00,1462,P1105,S015,2,0.05,UPI,2023-05-02 00:00:00,2023-05-18 00:00:00
501031,2024-08-23 02:24:00,1033,P1088,S001,4,0.15,cash,2024-08-23 02:55:00,2024-09-09 02:55:00
501032,2023-07-26 00:03:00,1490,P1002,S022,1,0.0,Credit Card,2023-07-26 01:11:00,2023-09-12 01:11:00
501033,2025-12-05 00:24:00,1493,P1069,S016,8,0.1,Net Banking,2025-12-05 02:58:00,2026-01-07 02:58:00
501034,2025-05-29 10:23:00,1176,P1081,S008,6,0.15,Cash,2025-05-29 13:17:00,2025-07-24 13:17:00
501035,2023-04-28 11:55:00,1052,P1001,S015,7,0.05,UPI,2023-04-28 13:19:00,2023-06-18 13:19:00
501036,2023-09-09 16:17:00,1418,P1064,S012,8,0.2,Wallet,2023-09-09 19:16:00,2023-10-27 19:16:00
501037,2025-08-31 16:26:00,1002,P1083,S001,6,0.0,Wallet,2025-08-31 19:15:00,2025-09-12 19:15:00
501038,2024-10-28 21:28:00,1249,P1103,S024,2,0.1,Cash,2024-10-28 22:27:00,2024-12-05 22:27:00
501039,2025-09-02 21:54:00,1052,P1099,S010,4,0.05,Net Banking,2025-09-03 00:53:00,2025-10-30 00:53:00
501040,2026-03-17 22:32:00,1255,P1023,S010,8,0.05,Cash,2026-03-17 22:40:00,2026-03-25 22:40:00
501041,2023-08-25 15:42:00,1125,P1055,S006,2,0.0,Cash,2023-08-25 18:00:00,2023-09-09 18:00:00
501042,2023-03-01 05:59:00,1197,P1072,S008,5,0.15,Wallet,2023-03-01 07:22:00,2023-04-27 07:22:00
501043,2023-09-10 21:08:00,1372,P1126,S003,6,0.05,Net Banking,2023-09-10 23:24:00,2023-10-20 23:24:00
501044,2023-05-13 20:21:00,1368,P1098,S021,7,0.05,Credit Card,2023-05-13 21:57:00,2023-07-10 21:57:00
501045,2024-06-14 03:18:00,1046,P1088,S024,4,0.0,net banking,2024-06-14 03:40:00,2024-06-21 03:40:00
501046,2025-01-23 04:54:00,1296,P1001,S010,1,0.2,Net Banking,2025-01-23 06:14:00,2025-02-16 06:14:00
501047,2024-01-24 12:27:00,1187,P1033,S017,4,0.0,Cash,2024-01-24 13:48:00,2024-03-13 13:48:00
501048,2023-01-19 17:54:00,1075,P1076,S008,8,0.15,Credit Card,2023-01-19 19:51:00,2023-02-08 19:51:00
501049,2024-08-03 04:47:00,1411,P1009,S020,6,0.1,Net Banking,2024-08-03 07:37:00,2024-09-26 07:37:00
501050,2023-09-10 08:54:00,1245,P1056,S016,5,0.15,UPI,2023-09-10 11:54:00,2023-10-16 11:54:00
501051,2024-11-13 04:52:00,1376,P1058,S023,1,0.05,Cash,2024-11-13 05:45:00,2025-01-06 05:45:00
501052,2025-03-13 09:52:00,1435,P1041,S001,7,0.1,Cash,2025-03-13 12:40:00,2025-05-10 12:40:00
501053,2025-08-27 11:48:00,1037,P1136,S024,5,0.1,Wallet,2025-08-27 13:28:00,2025-09-21 13:28:00
501054,2024-02-04 22:54:00,1050,P1034,S011,1,0.1,Cash,2024-02-05 01:14:00,2024-03-01 01:14:00
501055,2023-12-02 18:08:00,1248,P1075,S005,4,0.05,Wallet,2023-12-02 20:01:00,2024-01-15 20:01:00
501056,2024-02-05 23:41:00,1372,P1148,S004,3,0.15,Cash,2024-02-05 23:43:00,2024-02-28 23:43:00
501057,2023-12-11 01:06:00,1092,P1014,S004,6,0.2,Cash,2023-12-11 02:37:00,2024-01-10 02:37:00
501058,2023-11-01 20:46:00,1018,P1031,S008,7,0.15,Debit Card,2023-11-01 22:29:00,2023-11-16 22:29:00
501059,2023-12-20 20:47:00,1355,P1023,S025,8,0.15,Debit Card,2023-12-20 22:23:00,2024-02-07 22:23:00
501060,2025-06-30 11:00:00,1043,P1032,S016,4,0.0,Net Banking,2025-06-30 11:30:00,2025-07-07 11:30:00
501061,2026-03-19 18:30:00,1382,P1025,S019,3,0.15,Cash,2026-03-19 19:40:00,2026-05-02 19:40:00
501062,2025-06-07 09:36:00,1167,P1017,S023,3,0.15,Wallet,2025-06-07 10:08:00,2025-06-13 10:08:00
501063,2023-02-10 12:35:00,1416,P1136,S016,2,0.2,Net Banking,2023-02-10 14:52:00,2023-04-01 14:52:00
501064,2026-01-08 22:52:00,1386,P1054,S022,2,0.05,Net Banking,2026-01-09 01:38:00,2026-01-16 01:38:00
501065,2024-01-04 00:35:00,1161,P1032,S002,3,0.2,Credit Card,2024-01-04 02:29:00,2024-02-24 02:29:00
501066,2023-11-27 02:35:00,1386,P1009,S003,2,0.2,Debit Card,2023-11-27 03:40:00,2024-01-20 03:40:00
501067,2025-01-14 17:10:00,1337,P1001,S008,5,0.0,Net Banking,2025-01-14 18:58:00,2025-03-15 18:58:00
501068,2024-08-23 21:34:00,1296,P1126,S023,6,0.2,Debit Card,2024-08-23 23:27:00,2024-08-31 23:27:00
501069,2026-01-07 16:13:00,1340,P1012,S008,1,0.05,Credit Card,2026-01-07 19:09:00,2026-01-13 19:09:00
501070,2024-09-05 06:08:00,1111,P1092,S009,3,0.2,Cash,2024-09-05 08:42:00,2024-10-10 08:42:00
501071,2023-06-02 17:16:00,1333,P1042,S013,8,0.0,Debit Card,2023-06-02 18:22:00,2023-06-26 18:22:00
501072,2025-05-21 22:09:00,1037,P1069,S021,4,0.1,Net Banking,2025-05-22 00:26:00,2025-06-04 00:26:00
501073,2025-11-13 19:10:00,1079,P1081,S014,7,0.0,Net Banking,2025-11-13 20:57:00,2026-01-04 20:57:00
501074,2024-05-21 02:17:00,1057,P1141,S014,2,0.1,Wallet,2024-05-21 02:48:00,2024-06-24 02:48:00
501075,2023-07-02 11:58:00,1140,P1038,S008,5,0.0,UPI,2023-07-02 13:23:00,2023-08-20 13:23:00
501076,2025-02-11 07:24:00,1474,P1032,S006,5,0.2,Cash,2025-02-11 07:50:00,2025-04-02 07:50:00
501077,2023-07-15 16:22:00,1444,P1073,S018,5,0.2,UPI,2023-07-15 19:21:00,2023-08-20 19:21:00
501078,2023-04-09 05:20:00,1177,P1137,S018,7,0.15,Net Banking,2023-04-09 06:59:00,2023-04-20 06:59:00
501079,2023-09-19 08:00:00,1366,P1040,S022,3,0.05,Cash,2023-09-19 10:55:00,2023-10-21 10:55:00
501080,2026-03-08 23:17:00,1372,P1095,S023,4,0.2,Cash,2026-03-08 23:30:00,2026-05-05 23:30:00
501081,2025-07-26 05:28:00,1240,P1129,S010,5,0.15,Net Banking,2025-07-26 06:58:00,2025-09-15 06:58:00
501082,2024-04-13 09:40:00,1157,P1105,S025,6,0.0,Wallet,2024-04-13 10:02:00,2024-06-12 10:02:00
501083,2023-06-12 02:46:00,1048,P1043,S019,1,0.0,Wallet,2023-06-12 03:47:00,2023-08-11 03:47:00
501084,2024-08-08 17:59:00,1448,P1003,S014,3,0.15,Cash,2024-08-08 20:05:00,2024-09-28 20:05:00
501085,2025-11-20 21:43:00,1064,P1104,S001,4,0.0,Wallet,2025-11-20 23:59:00,2026-01-03 23:59:00
501086,2025-05-20 22:34:00,1379,P1136,S022,1,0.2,Cash,2025-05-21 00:02:00,2025-06-05 00:02:00
501087,2023-12-12 21:59:00,1116,P1045,S003,6,0.05,Net Banking,2023-12-13 00:13:00,2024-02-08 00:13:00
501088,2024-12-24 01:27:00,1088,P1096,S004,6,0.05,Net Banking,2024-12-24 03:33:00,2025-01-17 03:33:00
501089,2023-08-30 09:19:00,1136,P1055,S001,7,0.05,Debit Card,2023-08-30 11:22:00,2023-09-17 11:22:00
501090,2025-11-21 01:59:00,1317,P1125,S002,6,0.0,Net Banking,2025-11-21 03:57:00,2026-01-17 03:57:00
501091,2025-07-31 10:19:00,1003,P1090,S024,3,0.15,Debit Card,2025-07-31 11:49:00,2025-08-06 11:49:00
501092,2023-01-19 03:27:00,1044,P1136,S017,3,0.15,UPI,2023-01-19 05:32:00,2023-01-31 05:32:00
501093,2025-09-25 00:09:00,1116,P1121,S013,6,0.1,Debit Card,2025-09-25 02:57:00,2025-10-11 02:57:00
501094,2025-05-27 05:34:00,1225,P1113,S006,3,0.1,Wallet,2025-05-27 06:42:00,2025-06-02 06:42:00
501095,2025-06-07 00:22:00,1098,P1073,S002,3,0.15,Cash,2025-06-07 01:12:00,2025-06-14 01:12:00
501096,2024-11-09 01:10:00,1486,P1123,S022,5,0.0,Cash,2024-11-09 04:00:00,2024-11-21 04:00:00
501097,2025-09-28 17:31:00,1066,P1084,S025,7,0.2,Wallet,2025-09-28 20:25:00,2025-11-12 20:25:00
501098,2025-03-07 04:07:00,1011,P1033,S005,6,0.2,UPI,2025-03-07 04:34:00,2025-04-26 04:34:00
501099,2024-04-29 01:43:00,1500,P1003,S014,8,0.1,Debit Card,2024-04-29 03:10:00,2024-05-26 03:10:00
501100,2025-09-22 02:48:00,1317,P1040,S024,3,0.05,Debit Card,2025-09-22 04:37:00,2025-10-07 04:37:00
501101,2023-08-24 08:44:00,1421,P1110,S007,8,0.0,Wallet,2023-08-24 09:47:00,2023-10-05 09:47:00
501102,2025-10-25 19:11:00,1303,P1039,S008,2,0.05,Cash,2025-10-25 19:59:00,2025-12-18 19:59:00
501103,2023-03-20 08:12:00,1010,P1052,S003,1,0.15,Cash,2023-03-20 08:49:00,2023-04-16 08:49:00
501104,2025-12-11 09:44:00,1114,P1087,S014,8,0.0,NET BANKING,2025-12-11 12:26:00,2025-12-25 12:26:00
501105,2025-05-24 20:03:00,1138,P1094,S009,6,0.15,Credit Card,2025-05-24 21:20:00,2025-05-31 21:20:00
501106,2024-10-17 01:11:00,1027,P1083,S007,5,0.15,Debit Card,2024-10-17 01:21:00,2024-10-17 01:21:00
501107,2023-07-26 13:11:00,1252,P1094,S011,5,0.0,UPI,2023-07-26 14:15:00,2023-09-24 14:15:00
501108,2023-01-28 21:35:00,1185,P1093,S024,6,0.05,Wallet,2023-01-28 22:08:00,2023-02-18 22:08:00
501109,2024-07-19 06:37:00,1455,P1028,S005,2,0.0,Net Banking,2024-07-19 08:15:00,2024-07-24 08:15:00
501110,2024-01-26 06:45:00,1051,P1020,S018,6,0.1,Wallet,2024-01-26 08:39:00,2024-03-25 08:39:00
501111,2025-08-29 06:34:00,1066,P1050,S014,5,0.2,Debit Card,2025-08-29 07:13:00,2025-08-31 07:13:00
501112,2025-01-19 14:40:00,1224,P1018,S016,7,0.2,Net Banking,2025-01-19 15:10:00,2025-03-18 15:10:00
501113,2023-02-14 05:38:00,1496,P1034,S010,1,0.2,UPI,2023-02-14 06:48:00,2023-03-30 06:48:00
501114,2024-01-25 23:52:00,1351,P1137,S017,2,0.05,Cash,2024-01-26 01:33:00,2024-02-26 01:33:00
501115,2025-11-09 12:35:00,1311,P1070,S007,3,0.0,Credit Card,2025-11-09 14:14:00,2025-12-04 14:14:00
501116,2026-03-17 06:37:00,1451,P1132,S015,5,0.1,Credit Card,2026-03-17 09:35:00,2026-03-17 09:35:00
501117,2024-08-29 22:17:00,1088,P1058,S002,4,0.1,UPI,2024-08-30 00:38:00,2024-09-06 00:38:00
501118,2023-10-31 08:59:00,1448,P1014,S021,4,0.05,Net Banking,2023-10-31 09:33:00,2023-11-17 09:33:00
501119,2023-08-26 00:41:00,1310,P1095,S011,2,0.2,Debit Card,2023-08-26 02:09:00,2023-10-05 02:09:00
501120,2023-10-01 13:57:00,1167,P1015,S021,1,0.1,Credit Card,2023-10-01 16:33:00,2023-10-19 16:33:00
501121,2024-07-26 05:16:00,1337,P1150,S004,7,0.1,Wallet,2024-07-26 05:20:00,2024-08-29 05:20:00
501122,2026-02-02 06:52:00,1167,P1069,S007,7,0.05,Cash,2026-02-02 08:45:00,2026-02-16 08:45:00
501123,2024-04-19 23:46:00,1076,P1123,S003,8,0.05,Cash,2024-04-20 01:37:00,2024-05-13 01:37:00
501124,2024-01-14 05:12:00,1483,P1047,S021,5,0.0,Debit Card,2024-01-14 07:37:00,2024-02-14 07:37:00
501125,2023-11-30 05:52:00,1312,P1049,S003,3,0.0,Cash,2023-11-30 07:32:00,2024-01-12 07:32:00
501126,2024-05-17 14:58:00,1052,P1135,S005,1,0.2,UPI,2024-05-17 17:43:00,2024-06-11 17:43:00
501127,2025-02-12 12:01:00,1007,P1012,S005,4,0.0,Debit Card,2025-02-12 12:29:00,2025-04-05 12:29:00
501128,2023-10-20 20:38:00,1495,P1003,S004,6,0.0,Credit Card,2023-10-20 20:41:00,2023-12-09 20:41:00
501129,2023-10-13 15:48:00,1228,P1042,S010,6,,Credit Card,2023-10-13 18:12:00,2023-12-09 18:12:00
501130,2024-05-14 01:34:00,1322,P1140,S004,1,0.0,UPI,2024-05-14 04:31:00,2024-05-31 04:31:00
501131,2026-01-20 09:06:00,1429,P1107,S005,1,0.05,UPI,2026-01-20 11:16:00,2026-03-17 11:16:00
501132,2024-04-09 13:24:00,1336,P1074,S008,7,0.0,Cash,2024-04-09 14:01:00,2024-05-01 14:01:00
501133,2023-12-14 03:14:00,1183,P1020,S020,6,0.0,Debit Card,2023-12-14 03:40:00,2024-01-01 03:40:00
501134,2023-06-23 01:38:00,1220,P1136,S011,3,0.15,Credit Card,2023-06-23 02:16:00,2023-07-04 02:16:00
501135,2024-09-09 19:52:00,1449,P1027,S009,8,0.1,Debit Card,2024-09-09 21:05:00,2024-10-01 21:05:00
501136,2023-06-06 00:55:00,1336,P1038,S011,3,0.15,Cash,2023-06-06 01:33:00,2023-07-25 01:33:00
501137,2025-09-06 02:07:00,1492,P1072,S005,2,0.1,Credit Card,2025-09-06 04:34:00,2025-10-03 04:34:00
501138,2024-01-08 12:22:00,1218,P1124,S023,7,0.2,Wallet,2024-01-08 13:43:00,2024-02-08 13:43:00
501139,2024-11-13 04:51:00,1126,P1099,S014,8,0.2,Net Banking,2024-11-13 07:38:00,2025-01-10 07:38:00
501140,2025-10-05 17:34:00,1043,P1149,S023,7,0.2,net banking,2025-10-05 18:32:00,2025-10-29 18:32:00
501141,2024-03-25 22:05:00,1002,P1053,S001,6,0.2,Cash,2024-03-25 23:05:00,2024-04-17 23:05:00
501142,2023-10-01 03:03:00,1435,P1036,S010,8,0.05,Net Banking,2023-10-01 04:32:00,2023-10-24 04:32:00
501143,2025-05-12 07:13:00,1383,P1036,S004,3,,Wallet,2025-05-12 08:10:00,2025-05-15 08:10:00
501144,2023-02-23 22:27:00,1360,P1028,S022,2,0.15,Net Banking,2023-02-24 00:02:00,2023-02-27 00:02:00
501145,2023-11-20 00:09:00,1041,P1063,S003,1,0.2,Cash,2023-11-20 01:42:00,2023-11-29 01:42:00
501146,2023-11-03 05:30:00,1271,P1077,S016,7,0.1,Cash,2023-11-03 06:05:00,2023-12-20 06:05:00
501147,2023-01-28 09:07:00,1452,P1009,S020,3,0.2,Credit Card,2023-01-28 09:46:00,2023-01-31 09:46:00
501148,2023-01-23 12:53:00,1486,P1117,S018,5,0.2,Net Banking,2023-01-23 14:41:00,2023-03-07 14:41:00
501149,2024-09-18 22:14:00,1081,P1070,S003,7,0.05,Wallet,2024-09-19 00:02:00,2024-11-17 00:02:00
501150,2024-03-09 12:39:00,1201,P1048,S024,2,0.15,Cash,2024-03-09 12:53:00,2024-03-23 12:53:00
501151,2024-10-03 20:41:00,1195,P1043,S002,6,0.15,Credit Card,2024-10-03 22:24:00,2024-11-24 22:24:00
501152,2024-07-06 03:06:00,1309,P1086,S001,4,0.1,Credit Card,2024-07-06 03:25:00,2024-07-29 03:25:00
501153,2026-01-14 03:04:00,1006,P1080,S007,4,0.0,Credit Card,2026-01-14 03:58:00,2026-02-21 03:58:00
501154,2024-07-05 02:36:00,1289,P1124,S002,1,0.1,UPI,2024-07-05 05:00:00,2024-07-07 05:00:00
501155,2024-09-24 00:22:00,1257,P1050,S011,7,0.1,Credit Card,2024-09-24 01:34:00,2024-10-19 01:34:00
501156,2023-07-19 10:26:00,1258,P1039,S001,7,0.15,Net Banking,2023-07-19 12:34:00,2023-07-25 12:34:00
501157,2023-03-18 09:10:00,1238,P1021,S021,2,,Credit Card,2023-03-18 09:48:00,2023-04-30 09:48:00
501158,2023-10-16 22:10:00,1374,P1134,S025,6,0.15,Credit Card,2023-10-17 00:18:00,2023-11-19 00:18:00
501159,2024-11-25 09:23:00,1482,P1111,S002,7,0.05,Credit Card,2024-11-25 12:02:00,2025-01-18 12:02:00
501160,2023-06-03 04:36:00,1050,P1004,S005,5,0.2,UPI,2023-06-03 07:16:00,2023-07-04 07:16:00
501161,2025-10-18 03:29:00,1479,P1076,S006,2,0.1,Net Banking,2025-10-18 04:49:00,2025-10-28 04:49:00
501162,2025-01-14 11:05:00,1364,P1118,S009,8,0.1,Cash,2025-01-14 11:23:00,2025-01-25 11:23:00
501163,2023-10-15 03:36:00,1187,P1074,S013,7,0.2,wallet,2023-10-15 05:40:00,2023-10-17 05:40:00
501164,2023-09-22 14:23:00,1320,P1081,S012,2,0.15,Net Banking,2023-09-22 16:34:00,2023-11-15 16:34:00
501165,2025-07-10 08:56:00,1318,P1015,S024,4,0.2,UPI,2025-07-10 11:50:00,2025-07-12 11:50:00
501166,2023-11-13 03:18:00,1292,P1103,S003,4,0.15,cash,2023-11-13 04:54:00,2023-11-23 04:54:00
501167,2023-07-11 11:29:00,1274,P1120,S004,2,0.05,Wallet,2023-07-11 13:28:00,2023-08-21 13:28:00
501168,2023-08-10 12:49:00,1206,P1085,S003,6,0.1,Net Banking,2023-08-10 14:39:00,2023-08-22 14:39:00
501169,2025-09-22 06:44:00,1143,P1117,S002,3,0.15,Credit Card,2025-09-22 08:45:00,2025-09-29 08:45:00
501170,2024-03-13 10:36:00,1397,P1098,S002,6,0.15,Cash,2024-03-13 10:44:00,2024-04-20 10:44:00
501171,2024-03-13 01:13:00,1389,P1109,S009,5,0.05,UPI,2024-03-13 01:18:00,2024-05-12 01:18:00
501172,2023-10-18 02:17:00,1153,P1116,S014,4,0.1,Credit Card,2023-10-18 04:00:00,2023-10-23 04:00:00
501173,2023-04-21 02:57:00,1494,P1077,S006,4,0.1,Cash,2023-04-21 04:46:00,2023-05-12 04:46:00
501174,2025-09-13 15:34:00,1083,P1112,S012,7,0.0,Net Banking,2025-09-13 18:30:00,2025-11-02 18:30:00
501175,2024-02-11 02:46:00,1316,P1038,S011,6,0.0,Credit Card,2024-02-11 05:36:00,2024-03-19 05:36:00
501176,2025-07-28 04:31:00,1406,P1105,S009,1,0.15,Credit Card,2025-07-28 05:52:00,2025-08-04 05:52:00
501177,2025-07-09 20:37:00,1112,P1049,S014,3,0.2,Cash,2025-07-09 21:01:00,2025-07-11 21:01:00
501178,2024-03-18 11:13:00,1296,P1004,S012,6,0.0,Debit Card,2024-03-18 12:01:00,2024-04-30 12:01:00
501179,2024-09-20 16:52:00,1256,P1117,S014,7,0.1,Debit Card,2024-09-20 17:23:00,2024-11-03 17:23:00
501180,2026-01-15 13:33:00,1475,P1046,S015,7,0.1,Credit Card,2026-01-15 14:58:00,2026-01-22 14:58:00
501181,2026-02-06 19:10:00,1196,P1073,S022,7,0.1,Wallet,2026-02-06 21:28:00,2026-03-05 21:28:00
501182,2023-07-23 02:51:00,1333,P1005,S020,7,0.0,Cash,2023-07-23 03:17:00,2023-07-28 03:17:00
501183,2026-01-20 03:40:00,1298,P1009,S022,5,,Credit Card,2026-01-20 05:33:00,2026-02-21 05:33:00
501184,2024-04-01 14:35:00,1101,P1121,S004,6,0.15,Cash,2024-04-01 16:12:00,2024-04-08 16:12:00
501185,2025-03-21 00:23:00,1146,P1069,S022,5,0.1,Cash,2025-03-21 01:20:00,2025-04-22 01:20:00
501186,2024-05-09 00:57:00,1008,P1007,S005,6,0.2,Wallet,2024-05-09 02:43:00,2024-05-11 02:43:00
501187,2024-10-12 10:10:00,1124,P1143,S013,4,0.2,Wallet,2024-10-12 12:36:00,2024-11-08 12:36:00
501188,2025-03-16 01:51:00,1066,P1100,S024,3,0.15,Debit Card,2025-03-16 04:18:00,2025-04-12 04:18:00
501189,2025-11-25 05:27:00,1364,P1033,S017,2,0.2,Cash,2025-11-25 06:26:00,2025-12-01 06:26:00
501190,2024-06-16 17:10:00,1048,P1024,S001,7,0.0,Wallet,2024-06-16 18:32:00,2024-06-29 18:32:00
501191,2023-11-10 00:39:00,1498,P1021,S019,7,0.0,Wallet,2023-11-10 02:58:00,2024-01-07 02:58:00
501192,2023-09-25 14:40:00,1184,P1048,S008,4,0.1,Credit Card,2023-09-25 17:21:00,2023-11-13 17:21:00
501193,2026-01-01 07:46:00,1134,P1014,S009,2,0.05,Wallet,2026-01-01 09:22:00,2026-02-19 09:22:00
501194,2023-02-17 20:37:00,1236,P1032,S004,3,0.1,Debit Card,2023-02-17 21:03:00,2023-02-24 21:03:00
501195,2024-01-05 02:04:00,1186,P1054,S013,2,0.15,UPI,2024-01-05 04:10:00,2024-02-28 04:10:00
501196,2025-04-27 02:31:00,1108,P1108,S013,6,0.15,Credit Card,2025-04-27 05:11:00,2025-05-01 05:11:00
501197,2024-01-04 09:00:00,1291,P1009,S004,6,0.1,Cash,2024-01-04 09:45:00,2024-02-15 09:45:00
501198,2026-01-24 00:10:00,1131,P1032,S007,1,0.2,UPI,2026-01-24 02:23:00,2026-03-12 02:23:00
501199,2025-11-26 16:48:00,1444,P1094,S004,4,0.0,Debit Card,2025-11-26 17:27:00,2025-12-09 17:27:00
501200,2023-10-11 07:05:00,1065,P1069,S009,8,0.05,UPI,2023-10-11 10:02:00,2023-12-10 10:02:00
501201,2024-12-14 22:35:00,1240,P1127,S014,7,0.05,Debit Card,2024-12-15 01:21:00,2025-01-02 01:21:00
501202,2023-12-21 06:43:00,1053,P1150,S025,5,0.05,Credit Card,2023-12-21 07:54:00,2024-01-15 07:54:00
501203,2025-09-26 13:56:00,1306,P1070,S011,2,0.2,Cash,2025-09-26 15:50:00,2025-10-23 15:50:00
501204,2025-05-29 06:36:00,1460,P1017,S015,3,0.0,Net Banking,2025-05-29 08:06:00,2025-06-21 08:06:00
501205,2024-06-02 18:26:00,1424,P1136,S012,7,0.0,UPI,2024-06-02 19:41:00,2024-07-10 19:41:00
501206,2024-01-04 10:27:00,1126,P1019,S007,6,,Credit Card,2024-01-04 11:14:00,2024-01-26 11:14:00
501207,2024-10-05 03:00:00,1006,P1085,S007,8,0.2,Debit Card,2024-10-05 04:21:00,2024-11-18 04:21:00
501208,2024-04-21 17:04:00,1309,P1055,S017,4,0.0,Net Banking,2024-04-21 18:42:00,2024-05-09 18:42:00
501209,2024-07-23 22:38:00,1294,P1108,S022,7,0.1,Debit Card,2024-07-24 01:29:00,2024-07-28 01:29:00
501210,2024-02-10 06:03:00,1024,P1071,S014,2,0.0,Cash,2024-02-10 08:09:00,2024-03-12 08:09:00
501211,2023-12-17 19:20:00,1122,P1148,S001,5,0.0,Wallet,2023-12-17 21:51:00,2024-01-10 21:51:00
501212,2026-03-25 00:58:00,1068,P1104,S002,1,,Wallet,2026-03-25 02:56:00,2026-04-12 02:56:00
501213,2023-02-03 02:30:00,1411,P1107,S024,5,0.1,Debit Card,2023-02-03 02:54:00,2023-03-28 02:54:00
501214,2024-12-09 12:05:00,1161,P1127,S020,1,0.15,Debit Card,2024-12-09 14:27:00,2025-01-27 14:27:00
501215,2025-07-19 15:54:00,1063,P1096,S020,2,0.0,Credit Card,2025-07-19 18:38:00,2025-09-15 18:38:00
501216,2023-04-08 00:08:00,1442,P1112,S008,3,0.0,Credit Card,2023-04-08 00:34:00,2023-04-28 00:34:00
501217,2025-01-25 17:00:00,1027,P1067,S002,2,0.0,Debit Card,2025-01-25 19:56:00,2025-03-21 19:56:00
501218,2023-06-03 08:21:00,1406,P1098,S009,3,0.05,Net Banking,2023-06-03 11:17:00,2023-07-12 11:17:00
501219,2025-08-01 03:08:00,1076,P1150,S014,8,0.0,Net Banking,2025-08-01 04:29:00,2025-09-25 04:29:00
501220,2025-12-16 07:36:00,1251,P1072,S011,8,,UPI,2025-12-16 09:38:00,2026-01-27 09:38:00
501221,2024-06-24 09:45:00,1286,P1063,S022,4,0.0,UPI,2024-06-24 10:06:00,2024-07-16 10:06:00
501222,2025-10-09 01:13:00,1111,P1120,S013,4,0.15,UPI,2025-10-09 01:16:00,2025-11-20 01:16:00
501223,2024-11-28 06:52:00,1271,P1132,S011,5,0.15,Wallet,2024-11-28 09:23:00,2025-01-15 09:23:00
501224,2023-11-12 16:06:00,1470,P1094,S013,8,0.2,Net Banking,2023-11-12 16:39:00,2023-11-26 16:39:00
501225,2024-02-20 12:12:00,1217,P1043,S022,5,0.2,Wallet,2024-02-20 12:29:00,2024-03-08 12:29:00
501226,2023-07-29 04:29:00,1057,P1062,S001,8,0.05,Debit Card,2023-07-29 04:56:00,2023-09-14 04:56:00
501227,2023-02-28 15:42:00,1181,P1068,S004,2,0.1,Cash,2023-02-28 17:57:00,2023-03-28 17:57:00
501228,2024-03-10 04:25:00,1261,P1086,S002,8,0.1,Debit Card,2024-03-10 06:33:00,2024-04-06 06:33:00
501229,2023-07-20 01:41:00,1476,P1109,S007,5,0.05,Cash,2023-07-20 03:18:00,2023-09-04 03:18:00
501230,2023-12-28 19:17:00,1253,P1133,S014,2,0.0,Wallet,2023-12-28 21:32:00,2024-02-04 21:32:00
501231,2024-05-24 03:14:00,1459,P1010,S019,5,0.05,UPI,2024-05-24 03:43:00,2024-05-27 03:43:00
501232,2025-12-25 03:17:00,1318,P1104,S013,7,0.0,Credit Card,2025-12-25 04:14:00,2026-02-19 04:14:00
501233,2024-07-03 15:13:00,1105,P1089,S021,5,0.2,Debit Card,2024-07-03 15:56:00,2024-08-22 15:56:00
501234,2023-01-07 03:11:00,1359,P1123,S024,5,0.05,Credit Card,2023-01-07 05:19:00,2023-03-06 05:19:00
501235,2024-10-07 21:04:00,1171,P1117,S005,1,0.15,Cash,2024-10-07 21:46:00,2024-10-18 21:46:00
501236,2024-11-15 00:11:00,1040,P1044,S022,1,0.2,Debit Card,2024-11-15 01:18:00,2025-01-10 01:18:00
501237,2025-08-28 18:00:00,1127,P1121,S004,1,0.0,Net Banking,2025-08-28 20:05:00,2025-10-22 20:05:00
501238,2024-08-18 07:33:00,1387,P1038,S025,2,0.0,Debit Card,2024-08-18 09:41:00,2024-08-28 09:41:00
501239,2024-11-18 14:31:00,1132,P1125,S009,6,0.15,UPI,2024-11-18 16:00:00,2024-12-22 16:00:00
501240,2024-12-23 09:45:00,1266,P1124,S004,5,0.2,Wallet,2024-12-23 11:10:00,2025-02-18 11:10:00
501241,2023-02-12 04:26:00,1073,P1092,S016,1,0.05,Net Banking,2023-02-12 05:22:00,2023-03-26 05:22:00
501242,2025-06-01 11:13:00,1472,P1097,S021,2,0.1,Wallet,2025-06-01 11:35:00,2025-06-13 11:35:00
501243,2026-01-20 14:56:00,1136,P1090,S011,7,0.2,Cash,2026-01-20 17:10:00,2026-01-31 17:10:00
501244,2024-07-19 09:12:00,1267,P1088,S020,2,0.15,Cash,2024-07-19 09:22:00,2024-08-25 09:22:00
501245,2026-03-06 11:18:00,1256,P1038,S015,3,,Debit Card,2026-03-06 11:46:00,2026-03-06 11:46:00
501246,2026-02-17 21:10:00,1148,P1017,S010,1,0.15,UPI,2026-02-17 22:27:00,2026-03-20 22:27:00
501247,2024-03-21 09:52:00,1028,P1126,S010,1,0.15,Debit Card,2024-03-21 12:23:00,2024-03-28 12:23:00
501248,2023-01-02 01:16:00,1450,P1073,S017,3,0.0,Wallet,2023-01-02 01:51:00,2023-01-24 01:51:00
501249,2024-07-08 04:46:00,1300,P1021,S010,4,0.0,Cash,2024-07-08 05:36:00,2024-08-04 05:36:00
501250,2024-12-27 07:51:00,1198,P1109,S013,2,0.1,Debit Card,2024-12-27 10:44:00,2025-02-05 10:44:00
501251,2024-09-28 05:36:00,1449,P1083,S019,3,0.05,Debit Card,2024-09-28 07:27:00,2024-11-10 07:27:00
501252,2023-10-05 13:35:00,1157,P1022,S010,8,0.2,Credit Card,2023-10-05 14:26:00,2023-10-24 14:26:00
501253,2025-02-08 13:06:00,1227,P1081,S017,6,0.15,Debit Card,2025-02-08 13:41:00,2025-03-13 13:41:00
501254,2025-05-25 14:26:00,1015,P1144,S001,7,0.0,Credit Card,2025-05-25 16:11:00,2025-06-23 16:11:00
501255,2024-09-11 07:37:00,1066,P1140,S019,5,0.0,Cash,2024-09-11 09:48:00,2024-10-04 09:48:00
501256,2023-09-15 12:42:00,1414,P1133,S015,1,0.0,UPI,2023-09-15 12:43:00,2023-10-14 12:43:00
501257,2024-07-07 20:06:00,1050,P1075,S019,8,0.1,UPI,2024-07-07 21:31:00,2024-08-14 21:31:00
501258,2023-09-06 23:37:00,1379,P1014,S023,4,0.2,Credit Card,2023-09-07 02:29:00,2023-10-09 02:29:00
501259,2026-02-25 23:31:00,1459,P1040,S010,5,0.0,Cash,2026-02-26 00:05:00,2026-03-12 00:05:00
501260,2024-02-16 03:04:00,1310,P1031,S017,2,,Credit Card,2024-02-16 03:04:00,2024-02-25 03:04:00
501261,2023-08-01 15:01:00,1201,P1015,S004,5,0.15,Cash,2023-08-01 17:10:00,2023-08-29 17:10:00
501262,2024-01-12 07:53:00,1421,P1113,S022,2,0.15,Credit Card,2024-01-12 10:12:00,2024-01-28 10:12:00
501263,2023-02-14 05:09:00,1088,P1131,S024,4,0.15,Cash,2023-02-14 07:57:00,2023-03-01 07:57:00
501264,2024-08-16 09:42:00,1253,P1095,S022,5,0.15,Cash,2024-08-16 10:07:00,2024-09-22 10:07:00
501265,2023-08-08 14:26:00,1015,P1073,S015,2,0.2,Cash,2023-08-08 16:14:00,2023-08-17 16:14:00
501266,2023-01-23 18:19:00,1334,P1114,S002,6,0.05,Cash,2023-01-23 18:27:00,2023-03-05 18:27:00
501267,2025-07-27 08:00:00,1257,P1129,S007,6,0.2,Cash,2025-07-27 08:40:00,2025-08-18 08:40:00
501268,2025-11-16 02:11:00,1181,P1145,S011,8,0.05,Debit Card,2025-11-16 04:58:00,2025-11-25 04:58:00
501269,2024-09-12 12:04:00,1193,P1121,S020,3,0.2,Wallet,2024-09-12 14:49:00,2024-10-12 14:49:00
501270,2025-11-04 21:33:00,1358,P1083,S019,6,0.2,Net Banking,2025-11-04 22:39:00,2025-11-12 22:39:00
501271,2025-04-06 02:02:00,1376,P1041,S008,2,0.0,Cash,2025-04-06 02:09:00,2025-05-30 02:09:00
501272,2025-09-02 10:48:00,1414,P1061,S004,3,0.15,Cash,2025-09-02 11:47:00,2025-10-21 11:47:00
501273,2023-05-12 01:39:00,1020,P1019,S015,6,0.2,wallet,2023-05-12 02:43:00,2023-05-19 02:43:00
501274,2023-03-02 05:20:00,1231,P1097,S005,4,0.05,Debit Card,2023-03-02 05:47:00,2023-04-15 05:47:00
501275,2025-10-02 14:43:00,1104,P1042,S014,4,0.0,Net Banking,2025-10-02 15:56:00,2025-10-16 15:56:00
501276,2023-02-19 20:42:00,1018,P1036,S001,6,0.15,Net Banking,2023-02-19 21:06:00,2023-03-04 21:06:00
501277,2026-01-24 02:21:00,1374,P1136,S016,4,,Net Banking,2026-01-24 03:08:00,2026-03-08 03:08:00
501278,2025-08-28 16:22:00,1461,P1144,S005,2,0.15,Cash,2025-08-28 17:53:00,2025-10-06 17:53:00
501279,2025-02-09 02:36:00,1401,P1133,S010,2,0.0,Cash,2025-02-09 02:56:00,2025-02-17 02:56:00
501280,2024-04-17 01:38:00,1012,P1058,S010,5,0.15,Wallet,2024-04-17 03:56:00,2024-05-08 03:56:00
501281,2025-01-02 02:55:00,1039,P1137,S019,4,0.2,Net Banking,2025-01-02 03:35:00,2025-01-20 03:35:00
501282,2025-10-21 09:25:00,1280,P1029,S019,8,0.1,Wallet,2025-10-21 12:03:00,2025-10-24 12:03:00
501283,2023-03-03 01:21:00,1103,P1086,S025,1,0.05,Credit Card,2023-03-03 03:08:00,2023-03-19 03:08:00
501284,2026-01-25 23:21:00,1450,P1016,S008,8,0.0,Net Banking,2026-01-26 02:10:00,2026-03-25 02:10:00
501285,2023-03-14 11:04:00,1379,P1021,S018,8,0.05,Debit Card,2023-03-14 12:50:00,2023-04-21 12:50:00
501286,2023-03-27 03:02:00,1116,P1090,S014,8,,Credit Card,2023-03-27 05:09:00,2023-04-28 05:09:00
501287,2023-02-13 01:01:00,1312,P1098,S022,1,0.2,Cash,2023-02-13 01:51:00,2023-03-19 01:51:00
501288,2023-04-17 12:49:00,1065,P1111,S023,7,0.2,Credit Card,2023-04-17 14:25:00,2023-05-31 14:25:00
501289,2023-08-25 14:07:00,1189,P1091,S007,6,0.15,UPI,2023-08-25 16:44:00,2023-10-21 16:44:00
501290,2024-05-02 07:05:00,1117,P1106,S024,1,0.0,Wallet,2024-05-02 09:35:00,2024-05-02 09:35:00
501291,2024-05-26 01:04:00,1225,P1047,S010,1,0.1,Debit Card,2024-05-26 01:18:00,2024-06-03 01:18:00
501292,2024-05-15 09:08:00,1246,P1032,S022,2,0.0,Debit Card,2024-05-15 11:43:00,2024-06-09 11:43:00
501293,2026-01-18 06:31:00,1417,P1092,S008,8,0.1,Debit Card,2026-01-18 09:31:00,2026-03-06 09:31:00
501294,2026-02-03 09:55:00,1270,P1069,S011,2,0.0,Debit Card,2026-02-03 12:42:00,2026-02-18 12:42:00
501295,2025-04-21 22:39:00,1041,P1053,S005,4,0.1,Wallet,2025-04-22 00:43:00,2025-05-09 00:43:00
501296,2026-02-06 06:07:00,1418,P1037,S002,4,0.15,Wallet,2026-02-06 07:42:00,2026-03-24 07:42:00
501297,2025-07-18 03:01:00,1018,P1070,S009,7,0.1,UPI,2025-07-18 05:08:00,2025-09-09 05:08:00
501298,2023-05-03 08:54:00,1254,P1005,S013,7,0.15,UPI,2023-05-03 11:30:00,2023-05-27 11:30:00
501299,2024-04-04 06:24:00,1221,P1137,S002,5,0.0,Net Banking,2024-04-04 07:11:00,2024-05-16 07:11:00
501300,2024-12-13 00:58:00,1458,P1087,S009,4,0.0,Debit Card,2024-12-13 03:33:00,2025-01-30 03:33:00
501301,2025-06-07 13:50:00,1056,P1142,S013,5,0.2,Cash,2025-06-07 14:04:00,2025-07-28 14:04:00
501302,2025-05-18 18:46:00,1266,P1067,S006,7,0.15,Wallet,2025-05-18 21:11:00,2025-07-06 21:11:00
501303,2024-05-02 04:58:00,1410,P1071,S003,4,0.2,Debit Card,2024-05-02 05:01:00,2024-05-19 05:01:00
501304,2024-11-22 18:25:00,1141,P1093,S009,5,0.2,UPI,2024-11-22 18:34:00,2024-12-31 18:34:00
501305,2023-09-12 09:36:00,1429,P1068,S006,8,0.15,UPI,2023-09-12 12:25:00,2023-10-02 12:25:00
501306,2025-06-19 00:29:00,1246,P1143,S007,7,0.0,Net Banking,2025-06-19 00:38:00,2025-07-11 00:38:00
501307,2023-06-12 08:57:00,1161,P1017,S015,3,0.1,Debit Card,2023-06-12 11:33:00,2023-07-17 11:33:00
501308,2024-06-15 15:08:00,1090,P1038,S020,1,0.05,UPI,2024-06-15 16:06:00,2024-07-25 16:06:00
501309,2023-03-20 05:43:00,1226,P1149,S011,1,0.2,Wallet,2023-03-20 07:52:00,2023-05-14 07:52:00
501310,2024-04-11 01:45:00,1009,P1091,S018,1,0.2,Credit Card,2024-04-11 02:51:00,2024-04-27 02:51:00
501311,2024-12-17 03:04:00,1058,P1131,S003,4,0.05,Debit Card,2024-12-17 05:13:00,2025-01-14 05:13:00
501312,2026-03-14 11:53:00,1037,P1110,S010,3,0.0,Debit Card,2026-03-14 14:47:00,2026-04-09 14:47:00
501313,2025-01-07 10:26:00,1241,P1076,S020,1,0.05,Debit Card,2025-01-07 13:12:00,2025-01-30 13:12:00
501314,2023-04-02 09:59:00,1303,P1007,S004,4,0.1,Net Banking,2023-04-02 10:37:00,2023-05-30 10:37:00
501315,2025-11-06 18:45:00,1111,P1097,S019,1,0.05,Cash,2025-11-06 20:13:00,2026-01-05 20:13:00
501316,2023-06-10 02:59:00,1258,P1148,S021,7,,Wallet,2023-06-10 03:56:00,2023-07-16 03:56:00
501317,2023-09-06 16:51:00,1242,P1135,S017,8,0.1,Debit Card,2023-09-06 17:04:00,2023-10-14 17:04:00
501318,2024-02-04 18:18:00,1125,P1093,S008,8,0.1,Wallet,2024-02-04 19:20:00,2024-02-25 19:20:00
501319,2023-08-25 22:15:00,1491,P1105,S012,2,0.1,Net Banking,2023-08-26 00:08:00,2023-10-11 00:08:00
501320,2025-11-01 02:58:00,1248,P1059,S015,7,0.05,Net Banking,2025-11-01 04:30:00,2025-12-12 04:30:00
501321,2023-09-14 17:15:00,1300,P1036,S020,5,0.1,Debit Card,2023-09-14 18:59:00,2023-10-27 18:59:00
501322,2024-10-04 03:05:00,1259,P1038,S019,8,0.05,Credit Card,2024-10-04 04:49:00,2024-10-30 04:49:00
501323,2025-07-18 00:10:00,1135,P1142,S023,8,0.0,Credit Card,2025-07-18 00:40:00,2025-08-13 00:40:00
501324,2023-03-11 13:01:00,1038,P1034,S017,7,0.15,Debit Card,2023-03-11 15:57:00,2023-03-21 15:57:00
501325,2023-09-19 12:44:00,1365,P1076,S004,6,0.1,Net Banking,2023-09-19 15:06:00,2023-10-04 15:06:00
501326,2023-08-09 23:02:00,1472,P1091,S015,7,0.15,Wallet,2023-08-09 23:20:00,2023-09-25 23:20:00
501327,2025-06-11 09:48:00,1069,P1047,S024,2,0.05,UPI,2025-06-11 11:50:00,2025-07-25 11:50:00
501328,2025-01-27 21:41:00,1165,P1113,S006,5,0.0,Credit Card,2025-01-27 23:37:00,2025-02-20 23:37:00
501329,2024-08-31 15:21:00,1266,P1135,S019,7,0.1,debit card,2024-08-31 15:33:00,2024-10-06 15:33:00
501330,2025-02-25 10:48:00,1022,P1054,S014,5,0.2,Net Banking,2025-02-25 11:33:00,2025-03-06 11:33:00
501331,2024-10-05 03:22:00,1061,P1074,S009,8,0.15,Credit Card,2024-10-05 04:34:00,2024-10-15 04:34:00
501332,2023-12-13 09:58:00,1386,P1028,S008,5,0.05,UPI,2023-12-13 11:04:00,2024-01-20 11:04:00
501333,2024-02-28 17:53:00,1087,P1008,S020,1,0.2,Net Banking,2024-02-28 20:03:00,2024-04-16 20:03:00
501334,2024-02-04 00:31:00,1105,P1073,S019,7,0.15,Net Banking,2024-02-04 00:37:00,2024-02-27 00:37:00
501335,2023-09-16 14:18:00,1362,P1031,S015,7,0.15,Debit Card,2023-09-16 14:46:00,2023-10-31 14:46:00
501336,2023-06-27 04:17:00,1496,P1091,S003,4,0.0,Debit Card,2023-06-27 07:08:00,2023-07-04 07:08:00
501337,2023-11-17 16:21:00,1323,P1132,S022,2,0.1,UPI,2023-11-17 17:31:00,2023-12-16 17:31:00
501338,2025-06-06 03:59:00,1267,P1082,S007,1,0.0,Credit Card,2025-06-06 06:59:00,2025-07-26 06:59:00
501339,2023-10-08 18:24:00,1101,P1068,S016,3,0.15,Credit Card,2023-10-08 19:20:00,2023-11-20 19:20:00
501340,2025-10-14 09:08:00,1449,P1023,S017,4,0.0,Cash,2025-10-14 09:58:00,2025-11-23 09:58:00
501341,2023-05-18 15:35:00,1364,P1046,S002,7,0.1,Net Banking,2023-05-18 18:11:00,2023-05-31 18:11:00
501342,2025-02-17 20:37:00,1179,P1124,S017,3,0.1,Credit Card,2025-02-17 21:37:00,2025-03-29 21:37:00
501343,2024-08-21 21:31:00,1323,P1101,S020,6,0.2,Cash,2024-08-21 23:36:00,2024-10-10 23:36:00
501344,2024-08-28 03:14:00,1460,P1074,S014,8,0.1,Credit Card,2024-08-28 03:42:00,2024-10-23 03:42:00
501345,2025-05-20 03:11:00,1339,P1030,S012,7,0.05,Cash,2025-05-20 05:09:00,2025-06-09 05:09:00
501346,2025-09-28 19:26:00,1015,P1075,S009,4,0.15,UPI,2025-09-28 22:21:00,2025-10-13 22:21:00
501347,2026-02-25 10:16:00,1211,P1101,S015,7,0.15,Debit Card,2026-02-25 13:08:00,2026-03-17 13:08:00
501348,2023-04-22 08:31:00,1326,P1012,S010,8,0.15,Credit Card,2023-04-22 09:27:00,2023-05-13 09:27:00
501349,2026-03-18 05:34:00,1321,P1029,S020,6,0.05,NET BANKING,2026-03-18 06:26:00,2026-05-06 06:26:00
501350,2026-01-10 00:46:00,1195,P1024,S025,6,0.1,Net Banking,2026-01-10 00:51:00,2026-03-02 00:51:00
501351,2023-05-10 20:03:00,1186,P1138,S007,3,0.2,Cash,2023-05-10 22:15:00,2023-05-23 22:15:00
501352,2024-04-14 09:51:00,1192,P1085,S014,4,0.2,Wallet,2024-04-14 10:32:00,2024-06-11 10:32:00
501353,2024-05-24 00:02:00,1482,P1135,S004,7,0.15,UPI,2024-05-24 00:07:00,2024-07-11 00:07:00
501354,2023-11-18 09:19:00,1324,P1064,S002,5,0.0,Cash,2023-11-18 09:25:00,2023-12-02 09:25:00
501355,2025-03-31 04:52:00,1044,P1020,S003,7,0.0,UPI,2025-03-31 06:01:00,2025-05-25 06:01:00
501356,2026-01-14 19:58:00,1377,P1101,S007,5,0.1,Cash,2026-01-14 20:36:00,2026-01-20 20:36:00
501357,2025-11-15 23:01:00,1235,P1052,S004,5,0.2,Cash,2025-11-16 00:18:00,2025-12-03 00:18:00
501358,2025-02-10 09:27:00,1496,P1105,S018,5,0.15,Debit Card,2025-02-10 09:50:00,2025-02-24 09:50:00
501359,2025-12-28 16:15:00,1255,P1101,S012,2,0.15,Credit Card,2025-12-28 17:52:00,2025-12-29 17:52:00
501360,2026-03-29 00:25:00,1190,P1123,S019,2,0.1,Debit Card,2026-03-29 01:24:00,2026-04-26 01:24:00
501361,2023-10-22 20:05:00,1087,P1054,S016,4,0.0,Credit Card,2023-10-22 20:29:00,2023-11-26 20:29:00
501362,2025-04-05 19:53:00,1371,P1146,S025,4,0.0,Cash,2025-04-05 21:54:00,2025-05-08 21:54:00
501363,2024-05-31 13:19:00,1078,P1010,S011,7,0.0,Debit Card,2024-05-31 14:45:00,2024-07-23 14:45:00
501364,2024-03-04 17:50:00,1256,P1081,S021,4,0.1,Cash,2024-03-04 19:55:00,2024-04-07 19:55:00
501365,2025-09-16 16:35:00,1054,P1109,S023,2,0.15,CREDIT CARD,2025-09-16 16:55:00,2025-11-13 16:55:00
501366,2023-01-28 05:33:00,1102,P1113,S004,1,0.15,Cash,2023-01-28 06:04:00,2023-02-07 06:04:00
501367,2023-12-16 20:51:00,1072,P1141,S014,7,0.0,Debit Card,2023-12-16 23:05:00,2024-01-16 23:05:00
501368,2023-08-29 13:18:00,1268,P1083,S020,6,,Wallet,2023-08-29 16:11:00,2023-09-15 16:11:00
501369,2023-12-06 04:18:00,1105,P1096,S017,5,0.15,Cash,2023-12-06 06:31:00,2024-01-18 06:31:00
501370,2024-03-07 10:59:00,1269,P1122,S001,6,0.15,Credit Card,2024-03-07 11:33:00,2024-03-17 11:33:00
501371,2023-11-04 15:04:00,1360,P1049,S007,2,0.2,Cash,2023-11-04 15:05:00,2023-11-23 15:05:00
501372,2024-11-08 03:03:00,1305,P1041,S003,6,0.2,Credit Card,2024-11-08 05:42:00,2024-12-07 05:42:00
501373,2024-12-07 20:00:00,1146,P1110,S019,5,0.1,Net Banking,2024-12-07 20:49:00,2024-12-24 20:49:00
501374,2025-04-05 08:35:00,1338,P1052,S003,3,0.0,Wallet,2025-04-05 10:53:00,2025-05-16 10:53:00
501375,2024-03-19 08:11:00,1053,P1033,S017,7,0.1,net banking,2024-03-19 09:18:00,2024-04-24 09:18:00
501376,2024-07-21 23:55:00,1466,P1122,S007,3,0.0,Credit Card,2024-07-22 02:32:00,2024-09-02 02:32:00
501377,2024-03-19 02:59:00,1074,P1043,S016,1,0.1,UPI,2024-03-19 05:36:00,2024-03-28 05:36:00
501378,2023-04-17 04:32:00,1341,P1121,S011,5,0.2,UPI,2023-04-17 06:24:00,2023-05-14 06:24:00
501379,2024-05-08 17:25:00,1198,P1122,S012,5,0.2,Debit Card,2024-05-08 19:01:00,2024-06-26 19:01:00
501380,2025-12-22 02:56:00,1110,P1043,S021,5,0.05,Cash,2025-12-22 05:30:00,2026-02-13 05:30:00
501381,2026-02-21 14:31:00,1129,P1031,S018,7,0.1,Credit Card,2026-02-21 17:28:00,2026-04-12 17:28:00
501382,2023-02-21 11:54:00,1344,P1089,S024,7,,Net Banking,2023-02-21 13:53:00,2023-04-11 13:53:00
501383,2026-02-20 06:24:00,1478,P1003,S007,8,0.1,Net Banking,2026-02-20 07:59:00,2026-03-03 07:59:00
501384,2024-02-04 00:37:00,1049,P1095,S009,1,0.2,Debit Card,2024-02-04 01:56:00,2024-02-25 01:56:00
501385,2023-03-10 20:17:00,1204,P1012,S023,5,0.1,wallet,2023-03-10 23:01:00,2023-04-09 23:01:00
501386,2023-04-28 18:52:00,1368,P1121,S020,8,0.15,Credit Card,2023-04-28 18:59:00,2023-06-22 18:59:00
501387,2025-08-27 23:55:00,1280,P1027,S002,6,0.0,Net Banking,2025-08-28 02:40:00,2025-10-15 02:40:00
501388,2023-11-10 22:47:00,1436,P1034,S003,7,0.0,UPI,2023-11-10 23:32:00,2024-01-04 23:32:00
501389,2025-06-27 20:45:00,1050,P1140,S009,4,0.2,Wallet,2025-06-27 21:00:00,2025-07-17 21:00:00
501390,2023-02-04 10:53:00,1461,P1082,S023,3,0.2,Wallet,2023-02-04 13:45:00,2023-03-30 13:45:00
501391,2025-01-20 16:00:00,1214,P1016,S003,4,0.2,Credit Card,2025-01-20 18:50:00,2025-02-14 18:50:00
501392,2024-06-30 02:11:00,1142,P1051,S023,7,0.05,Wallet,2024-06-30 04:04:00,2024-07-02 04:04:00
501393,2023-01-07 09:17:00,1061,P1088,S015,2,0.2,Cash,2023-01-07 11:40:00,2023-01-29 11:40:00
501394,2023-06-30 03:58:00,1374,P1023,S006,6,0.2,Wallet,2023-06-30 04:21:00,2023-07-11 04:21:00
501395,2023-02-11 05:50:00,1327,P1096,S015,2,0.05,Debit Card,2023-02-11 05:52:00,2023-02-24 05:52:00
501396,2024-01-27 23:48:00,1028,P1098,S023,5,0.05,Debit Card,2024-01-28 00:21:00,2024-02-16 00:21:00
501397,2023-10-15 18:20:00,1428,P1049,S009,4,0.05,Debit Card,2023-10-15 20:05:00,2023-10-29 20:05:00
501398,2024-06-15 22:28:00,1251,P1091,S019,6,0.1,Wallet,2024-06-15 23:35:00,2024-06-20 23:35:00
501399,2025-12-07 14:53:00,1426,P1044,S002,7,0.05,Net Banking,2025-12-07 17:34:00,2026-01-19 17:34:00
501400,2026-03-10 06:44:00,1331,P1074,S007,6,0.2,Net Banking,2026-03-10 08:35:00,2026-04-01 08:35:00
501401,2024-07-04 02:32:00,1112,P1120,S009,1,0.0,Net Banking,2024-07-04 03:25:00,2024-07-20 03:25:00
501402,2024-01-17 15:08:00,1166,P1096,S019,7,0.2,UPI,2024-01-17 17:07:00,2024-02-23 17:07:00
501403,2024-10-22 22:06:00,1446,P1003,S006,7,0.15,Debit Card,2024-10-23 00:47:00,2024-11-14 00:47:00
501404,2024-11-20 20:57:00,1468,P1092,S010,3,0.15,Net Banking,2024-11-20 21:22:00,2024-12-01 21:22:00
501405,2024-01-17 00:28:00,1304,P1148,S023,7,0.15,cash,2024-01-17 03:05:00,2024-02-15 03:05:00
501406,2024-05-13 08:46:00,1173,P1124,S022,7,0.1,UPI,2024-05-13 10:21:00,2024-06-20 10:21:00
501407,2024-04-24 16:06:00,1397,P1069,S019,7,0.2,UPI,2024-04-24 17:53:00,2024-05-21 17:53:00
501408,2023-12-02 16:10:00,1306,P1135,S007,3,0.05,Wallet,2023-12-02 17:26:00,2024-01-27 17:26:00
501409,2024-11-13 01:05:00,1393,P1037,S012,8,0.15,Credit Card,2024-11-13 02:24:00,2025-01-02 02:24:00
501410,2025-08-01 00:42:00,1453,P1045,S010,5,0.0,Credit Card,2025-08-01 01:19:00,2025-08-13 01:19:00
501411,2024-04-28 06:27:00,1126,P1040,S022,6,0.0,Cash,2024-04-28 06:50:00,2024-06-13 06:50:00
501412,2023-11-23 11:06:00,1352,P1101,S023,4,0.15,Wallet,2023-11-23 13:06:00,2023-12-28 13:06:00
501413,2025-02-09 14:45:00,1470,P1025,S013,3,0.1,Credit Card,2025-02-09 15:47:00,2025-03-29 15:47:00
501414,2025-03-29 10:57:00,1346,P1109,S020,7,0.2,UPI,2025-03-29 12:09:00,2025-05-20 12:09:00
501415,2024-12-11 15:42:00,1114,P1046,S025,4,0.1,Debit Card,2024-12-11 18:12:00,2024-12-12 18:12:00
501416,2024-11-27 16:52:00,1307,P1102,S003,4,,Cash,2024-11-27 16:52:00,2025-01-05 16:52:00
501417,2024-01-20 01:13:00,1048,P1087,S013,3,0.15,Credit Card,2024-01-20 02:30:00,2024-02-16 02:30:00
501418,2024-08-06 09:24:00,1247,P1009,S009,7,0.05,Credit Card,2024-08-06 12:16:00,2024-09-27 12:16:00
501419,2025-03-26 21:33:00,1413,P1022,S012,2,0.15,UPI,2025-03-26 22:00:00,2025-04-24 22:00:00
501420,2023-11-26 10:08:00,1197,P1117,S001,8,0.15,Cash,2023-11-26 12:35:00,2023-12-28 12:35:00
501421,2023-04-22 09:27:00,1325,P1030,S020,8,0.2,Debit Card,2023-04-22 10:33:00,2023-06-08 10:33:00
501422,2025-08-27 22:21:00,1058,P1046,S014,7,0.0,Credit Card,2025-08-28 00:37:00,2025-09-20 00:37:00
501423,2023-01-15 10:59:00,1102,P1132,S020,8,0.15,UPI,2023-01-15 13:30:00,2023-01-31 13:30:00
501424,2025-08-09 09:02:00,1251,P1118,S012,1,0.2,Wallet,2025-08-09 09:33:00,2025-10-03 09:33:00
501425,2025-01-26 08:27:00,1152,P1007,S018,5,0.05,Debit Card,2025-01-26 09:53:00,2025-03-10 09:53:00
501426,2024-12-31 13:01:00,1153,P1010,S020,2,0.1,Wallet,2024-12-31 14:55:00,2025-01-20 14:55:00
501427,2023-03-16 17:47:00,1090,P1022,S018,2,0.05,Wallet,2023-03-16 19:28:00,2023-03-31 19:28:00
501428,2023-10-24 20:31:00,1141,P1089,S015,4,0.2,Net Banking,2023-10-24 22:21:00,2023-12-20 22:21:00
501429,2025-07-27 01:04:00,1020,P1038,S020,2,0.15,Net Banking,2025-07-27 02:27:00,2025-08-19 02:27:00
501430,2023-06-11 10:59:00,1155,P1109,S013,1,0.05,Wallet,2023-06-11 13:42:00,2023-07-28 13:42:00
501431,2024-06-10 23:41:00,1468,P1111,S004,4,0.2,Debit Card,2024-06-11 00:01:00,2024-08-03 00:01:00
501432,2024-09-12 19:32:00,1407,P1063,S023,1,0.1,Net Banking,2024-09-12 21:50:00,2024-11-05 21:50:00
501433,2025-08-26 06:48:00,1383,P1048,S009,1,0.2,Cash,2025-08-26 08:39:00,2025-09-12 08:39:00
501434,2024-01-07 21:18:00,1209,P1054,S001,7,0.05,Debit Card,2024-01-07 22:27:00,2024-01-07 22:27:00
501435,2024-06-30 14:38:00,1050,P1057,S008,1,,Credit Card,2024-06-30 17:20:00,2024-07-20 17:20:00
501436,2023-05-11 19:18:00,1236,P1108,S021,6,0.2,Cash,2023-05-11 21:53:00,2023-07-02 21:53:00
501437,2025-09-01 17:00:00,1164,P1089,S015,3,0.15,Wallet,2025-09-01 18:27:00,2025-09-22 18:27:00
501438,2025-10-18 06:34:00,1345,P1100,S009,7,0.0,Wallet,2025-10-18 09:32:00,2025-10-28 09:32:00
501439,2026-03-16 02:40:00,1177,P1022,S007,6,0.1,Debit Card,2026-03-16 04:44:00,2026-04-20 04:44:00
501440,2024-10-07 14:43:00,1080,P1150,S006,6,0.2,Cash,2024-10-07 16:42:00,2024-10-08 16:42:00
501441,2025-04-30 00:48:00,1381,P1126,S008,7,0.2,Credit Card,2025-04-30 02:00:00,2025-06-04 02:00:00
501442,2025-02-14 19:54:00,1203,P1056,S007,2,0.2,Debit Card,2025-02-14 20:25:00,2025-02-20 20:25:00
501443,2024-01-01 05:49:00,1210,P1091,S025,4,0.15,Net Banking,2024-01-01 07:31:00,2024-02-05 07:31:00
501444,2024-07-25 10:49:00,1055,P1082,S017,7,0.05,Cash,2024-07-25 12:21:00,2024-09-03 12:21:00
501445,2025-10-10 14:18:00,1474,P1046,S013,5,0.0,Net Banking,2025-10-10 16:13:00,2025-10-20 16:13:00
501446,2024-11-15 14:41:00,1465,P1026,S013,7,0.15,Cash,2024-11-15 15:25:00,2024-12-28 15:25:00
501447,2024-01-22 20:01:00,1071,P1129,S003,7,,Debit Card,2024-01-22 22:39:00,2024-02-05 22:39:00
501448,2024-05-26 05:36:00,1351,P1024,S012,1,0.2,Wallet,2024-05-26 08:16:00,2024-06-25 08:16:00
501449,2025-03-08 17:32:00,1468,P1042,S015,6,0.05,Credit Card,2025-03-08 18:21:00,2025-05-01 18:21:00
501450,2025-08-25 22:58:00,1068,P1076,S003,1,0.05,Net Banking,2025-08-25 23:49:00,2025-09-14 23:49:00
501451,2025-08-02 14:15:00,1228,P1062,S006,8,0.2,Wallet,2025-08-02 17:10:00,2025-09-09 17:10:00
501452,2023-08-16 19:53:00,1472,P1041,S008,8,0.0,UPI,2023-08-16 21:17:00,2023-10-10 21:17:00
501453,2023-03-08 21:43:00,1267,P1121,S013,2,0.15,debit card,2023-03-08 23:27:00,2023-05-02 23:27:00
501454,2026-01-05 03:45:00,1274,P1007,S015,8,0.0,Debit Card,2026-01-05 06:20:00,2026-02-15 06:20:00
501455,2025-03-26 23:49:00,1205,P1131,S021,8,0.15,UPI,2025-03-26 23:59:00,2025-04-18 23:59:00
501456,2023-08-01 04:54:00,1423,P1149,S025,2,0.05,DEBIT CARD,2023-08-01 06:01:00,2023-09-18 06:01:00
501457,2025-04-25 21:21:00,1125,P1124,S007,5,0.0,Debit Card,2025-04-25 21:57:00,2025-06-22 21:57:00
501458,2023-06-01 14:57:00,1126,P1067,S011,5,0.15,Debit Card,2023-06-01 17:02:00,2023-07-19 17:02:00
501459,2025-07-11 22:16:00,1305,P1010,S025,3,0.05,Net Banking,2025-07-12 00:41:00,2025-07-29 00:41:00
501460,2024-08-13 00:14:00,1186,P1075,S010,3,0.2,Wallet,2024-08-13 01:48:00,2024-09-18 01:48:00
501461,2024-09-16 15:45:00,1151,P1040,S024,3,0.05,Net Banking,2024-09-16 17:37:00,2024-10-29 17:37:00
501462,2024-08-21 12:16:00,1015,P1055,S019,5,0.05,Net Banking,2024-08-21 14:59:00,2024-09-04 14:59:00
501463,2023-01-25 08:23:00,1446,P1133,S013,8,0.2,CREDIT CARD,2023-01-25 10:33:00,2023-03-13 10:33:00
501464,2024-12-05 20:09:00,1257,P1081,S017,6,0.15,Cash,2024-12-05 22:39:00,2025-01-28 22:39:00
501465,2023-12-13 16:30:00,1460,P1098,S001,2,0.1,Credit Card,2023-12-13 17:14:00,2024-01-12 17:14:00
501466,2024-09-25 06:14:00,1312,P1031,S021,4,0.1,Cash,2024-09-25 06:52:00,2024-10-12 06:52:00
501467,2025-07-29 18:58:00,1007,P1135,S008,4,0.1,Wallet,2025-07-29 21:41:00,2025-09-25 21:41:00
501468,2023-03-09 12:40:00,1169,P1130,S003,5,0.2,Net Banking,2023-03-09 13:05:00,2023-05-08 13:05:00
501469,2026-01-06 02:51:00,1291,P1134,S008,4,0.1,Wallet,2026-01-06 03:05:00,2026-02-03 03:05:00
501470,2024-01-10 22:59:00,1126,P1059,S023,8,0.05,UPI,2024-01-11 01:45:00,2024-03-05 01:45:00
501471,2024-06-28 17:17:00,1098,P1017,S005,5,0.0,Credit Card,2024-06-28 17:40:00,2024-08-14 17:40:00
501472,2024-04-11 07:37:00,1238,P1026,S018,1,0.1,Wallet,2024-04-11 10:05:00,2024-05-11 10:05:00
501473,2023-05-30 06:30:00,1043,P1122,S007,2,0.2,Net Banking,2023-05-30 06:59:00,2023-06-27 06:59:00
501474,2024-03-16 19:31:00,1005,P1149,S014,2,0.15,Wallet,2024-03-16 20:47:00,2024-04-21 20:47:00
501475,2024-02-03 18:51:00,1387,P1117,S001,5,0.15,Net Banking,2024-02-03 21:33:00,2024-03-13 21:33:00
501476,2024-07-08 15:40:00,1260,P1124,S017,5,0.1,Debit Card,2024-07-08 16:25:00,2024-07-29 16:25:00
501477,2025-12-25 07:21:00,1288,P1129,S010,8,0.0,Credit Card,2025-12-25 08:31:00,2026-02-06 08:31:00
501478,2025-09-25 00:20:00,1254,P1042,S006,2,0.15,Wallet,2025-09-25 02:30:00,2025-10-25 02:30:00
501479,2024-09-15 03:59:00,1327,P1138,S006,4,0.0,Credit Card,2024-09-15 05:52:00,2024-10-06 05:52:00
501480,2024-03-12 09:32:00,1393,P1136,S016,2,0.1,Net Banking,2024-03-12 10:50:00,2024-04-01 10:50:00
501481,2024-03-06 18:43:00,1081,P1050,S025,7,0.05,Credit Card,2024-03-06 19:22:00,2024-03-26 19:22:00
501482,2023-11-18 10:33:00,1305,P1107,S025,5,0.05,Debit Card,2023-11-18 12:34:00,2023-12-29 12:34:00
501483,2025-08-24 09:23:00,1171,P1091,S024,6,0.15,Debit Card,2025-08-24 10:00:00,2025-09-12 10:00:00
501484,2025-05-21 18:25:00,1391,P1104,S002,7,0.1,Wallet,2025-05-21 20:11:00,2025-05-21 20:11:00
501485,2023-10-14 14:49:00,1420,P1052,S007,5,,Debit Card,2023-10-14 15:59:00,2023-10-15 15:59:00
501486,2023-02-18 10:27:00,1286,P1144,S024,4,0.05,Net Banking,2023-02-18 12:04:00,2023-03-10 12:04:00
501487,2025-10-27 14:54:00,1039,P1063,S006,6,0.15,Wallet,2025-10-27 16:04:00,2025-11-02 16:04:00
501488,2025-08-20 01:49:00,1353,P1125,S008,5,0.2,Net Banking,2025-08-20 04:37:00,2025-09-13 04:37:00
501489,2025-02-07 01:06:00,1176,P1071,S018,6,0.15,Debit Card,2025-02-07 01:20:00,2025-03-19 01:20:00
501490,2023-08-16 15:08:00,1397,P1106,S005,3,0.2,Debit Card,2023-08-16 15:26:00,2023-09-05 15:26:00
501491,2026-03-21 06:35:00,1126,P1084,S019,5,0.2,Net Banking,2026-03-21 06:57:00,2026-04-18 06:57:00
501492,2024-08-19 22:01:00,1395,P1018,S023,6,0.1,Cash,2024-08-19 22:36:00,2024-10-07 22:36:00
501493,2024-03-15 05:20:00,1236,P1093,S011,4,0.1,Debit Card,2024-03-15 07:19:00,2024-03-29 07:19:00
501494,2023-02-17 04:07:00,1219,P1102,S016,1,0.2,UPI,2023-02-17 06:51:00,2023-03-15 06:51:00
501495,2025-11-15 11:01:00,1017,P1130,S011,8,0.1,Net Banking,2025-11-15 13:25:00,2025-12-12 13:25:00
501496,2024-11-14 20:04:00,1048,P1143,S025,2,0.2,Credit Card,2024-11-14 20:23:00,2024-12-20 20:23:00
501497,2025-11-17 02:36:00,1333,P1049,S025,2,0.15,Debit Card,2025-11-17 04:35:00,2025-12-26 04:35:00
501498,2025-08-11 14:56:00,1170,P1019,S006,6,0.15,Net Banking,2025-08-11 15:34:00,2025-09-21 15:34:00
501499,2025-06-04 00:25:00,1004,P1100,S001,1,0.05,Debit Card,2025-06-04 02:52:00,2025-06-22 02:52:00
501500,2025-05-24 04:16:00,1346,P1084,S018,8,0.05,Net Banking,2025-05-24 05:13:00,2025-06-30 05:13:00
501501,2024-12-27 22:55:00,1097,P1038,S007,5,0.05,UPI,2024-12-28 01:22:00,2025-01-06 01:22:00
501502,2023-02-23 17:38:00,1066,P1139,S012,2,0.1,DEBIT CARD,2023-02-23 17:48:00,2023-04-13 17:48:00
501503,2024-04-16 21:13:00,1084,P1109,S009,4,0.05,Debit Card,2024-04-16 22:04:00,2024-05-05 22:04:00
501504,2023-02-25 04:56:00,1428,P1097,S001,8,0.05,cash,2023-02-25 06:48:00,2023-03-04 06:48:00
501505,2023-04-11 14:28:00,1106,P1098,S019,2,0.0,Credit Card,2023-04-11 16:10:00,2023-04-23 16:10:00
501506,2025-11-03 18:46:00,1084,P1054,S004,8,0.2,Debit Card,2025-11-03 20:58:00,2025-11-10 20:58:00
501507,2024-10-10 13:12:00,1410,P1130,S012,8,0.1,NET BANKING,2024-10-10 14:05:00,2024-10-15 14:05:00
501508,2023-08-18 14:01:00,1412,P1108,S013,2,0.1,Debit Card,2023-08-18 14:02:00,2023-09-11 14:02:00
501509,2024-09-26 02:27:00,1118,P1022,S021,7,0.15,UPI,2024-09-26 05:13:00,2024-10-15 05:13:00
501510,2024-07-16 23:41:00,1073,P1064,S006,1,0.05,Net Banking,2024-07-17 01:03:00,2024-07-19 01:03:00
501511,2023-11-15 04:44:00,1020,P1016,S020,4,0.1,Debit Card,2023-11-15 06:44:00,2024-01-02 06:44:00
501512,2025-04-29 05:26:00,1480,P1133,S005,3,0.1,UPI,2025-04-29 06:10:00,2025-05-10 06:10:00
501513,2023-11-29 00:31:00,1207,P1096,S009,6,0.0,UPI,2023-11-29 01:23:00,2023-12-18 01:23:00
501514,2024-11-10 00:56:00,1377,P1037,S014,1,0.2,Cash,2024-11-10 02:56:00,2024-11-12 02:56:00
501515,2025-12-11 05:10:00,1179,P1058,S003,7,0.0,UPI,2025-12-11 05:35:00,2025-12-11 05:35:00
501516,2025-09-01 14:26:00,1069,P1001,S010,8,0.15,Debit Card,2025-09-01 16:43:00,2025-09-29 16:43:00
501517,2023-09-20 10:42:00,1490,P1025,S016,8,0.2,Credit Card,2023-09-20 13:00:00,2023-10-13 13:00:00
501518,2023-09-15 07:32:00,1483,P1037,S008,2,0.0,Wallet,2023-09-15 08:05:00,2023-11-05 08:05:00
501519,2025-04-07 09:56:00,1128,P1058,S009,3,0.1,Debit Card,2025-04-07 12:33:00,2025-04-13 12:33:00
501520,2025-08-04 21:37:00,1296,P1069,S025,3,0.1,Cash,2025-08-04 23:50:00,2025-09-06 23:50:00
501521,2025-02-06 21:09:00,1479,P1009,S024,7,0.0,Credit Card,2025-02-06 23:37:00,2025-03-25 23:37:00
501522,2024-01-09 00:09:00,1428,P1061,S006,7,0.1,UPI,2024-01-09 02:51:00,2024-01-11 02:51:00
501523,2026-03-17 15:30:00,1322,P1148,S013,8,0.05,Cash,2026-03-17 16:58:00,2026-03-29 16:58:00
501524,2024-06-22 17:28:00,1144,P1132,S011,6,0.05,Debit Card,2024-06-22 17:58:00,2024-08-08 17:58:00
501525,2024-11-29 15:49:00,1340,P1025,S022,6,0.2,Debit Card,2024-11-29 18:09:00,2024-12-28 18:09:00
501526,2023-05-10 11:27:00,1494,P1140,S005,2,,Cash,2023-05-10 14:11:00,2023-05-11 14:11:00
501527,2023-08-16 03:35:00,1448,P1089,S010,8,0.15,Net Banking,2023-08-16 04:50:00,2023-08-24 04:50:00
501528,2023-06-19 16:11:00,1482,P1131,S007,3,0.05,UPI,2023-06-19 17:52:00,2023-08-10 17:52:00
501529,2024-02-11 23:47:00,1308,P1039,S019,1,0.2,Debit Card,2024-02-12 01:17:00,2024-03-16 01:17:00
501530,2026-01-09 07:44:00,1192,P1041,S004,3,0.2,Credit Card,2026-01-09 09:59:00,2026-01-19 09:59:00
501531,2023-11-08 17:39:00,1104,P1072,S002,7,0.1,Cash,2023-11-08 19:27:00,2024-01-01 19:27:00
501532,2025-12-04 13:57:00,1165,P1035,S024,5,0.0,UPI,2025-12-04 15:58:00,2026-01-02 15:58:00
501533,2024-05-29 22:35:00,1107,P1018,S002,7,0.05,Credit Card,2024-05-30 01:26:00,2024-06-18 01:26:00
501534,2025-09-11 05:48:00,1403,P1041,S021,7,0.15,Net Banking,2025-09-11 06:50:00,2025-10-06 06:50:00
501535,2024-02-01 07:53:00,1116,P1071,S005,7,0.0,Wallet,2024-02-01 09:22:00,2024-02-05 09:22:00
501536,2023-11-07 06:28:00,1142,P1084,S001,2,0.2,Debit Card,2023-11-07 07:04:00,2023-12-20 07:04:00
501537,2025-12-09 03:49:00,1242,P1060,S022,8,0.1,UPI,2025-12-09 06:29:00,2026-01-16 06:29:00
501538,2026-01-13 23:39:00,1037,P1088,S009,1,0.15,Debit Card,2026-01-14 01:35:00,2026-01-23 01:35:00
501539,2023-08-20 20:29:00,1087,P1125,S025,5,0.05,Net Banking,2023-08-20 22:18:00,2023-09-26 22:18:00
501540,2023-07-31 02:46:00,1443,P1093,S008,8,0.15,Cash,2023-07-31 05:20:00,2023-09-07 05:20:00
501541,2023-04-27 20:06:00,1371,P1071,S009,6,0.15,Wallet,2023-04-27 21:17:00,2023-06-19 21:17:00
501542,2024-05-29 11:05:00,1366,P1125,S008,8,0.05,net banking,2024-05-29 11:08:00,2024-06-04 11:08:00
501543,2025-06-07 21:17:00,1424,P1125,S018,7,,Net Banking,2025-06-07 21:43:00,2025-07-26 21:43:00
501544,2025-02-22 01:38:00,1430,P1026,S019,2,0.0,Credit Card,2025-02-22 02:05:00,2025-03-31 02:05:00
501545,2025-01-08 18:43:00,1418,P1101,S023,1,0.1,wallet,2025-01-08 21:17:00,2025-02-03 21:17:00
501546,2025-06-20 14:36:00,1482,P1103,S021,7,0.0,Credit Card,2025-06-20 16:49:00,2025-06-22 16:49:00
501547,2026-03-07 05:01:00,1169,P1026,S010,7,0.0,Wallet,2026-03-07 07:42:00,2026-05-06 07:42:00
501548,2025-07-24 08:22:00,1181,P1064,S009,8,0.0,Debit Card,2025-07-24 11:16:00,2025-08-15 11:16:00
501549,2025-07-27 22:40:00,1407,P1042,S007,6,0.15,Debit Card,2025-07-27 23:47:00,2025-09-14 23:47:00
501550,2023-12-19 15:54:00,1181,P1138,S024,4,0.1,Debit Card,2023-12-19 16:16:00,2024-01-09 16:16:00
501551,2023-07-27 23:05:00,1161,P1128,S021,3,0.15,Credit Card,2023-07-28 01:48:00,2023-08-22 01:48:00
501552,2024-06-26 22:31:00,1413,P1113,S012,3,0.05,Debit Card,2024-06-27 00:00:00,2024-07-18 00:00:00
501553,2023-02-02 03:12:00,1466,P1130,S023,5,0.2,Net Banking,2023-02-02 05:40:00,2023-02-21 05:40:00
501554,2023-12-31 12:39:00,1102,P1024,S003,7,0.1,Credit Card,2023-12-31 15:37:00,2024-01-04 15:37:00
501555,2024-11-27 17:22:00,1472,P1099,S004,5,0.2,Net Banking,2024-11-27 19:03:00,2024-12-05 19:03:00
501556,2023-06-18 10:14:00,1021,P1063,S018,3,0.1,UPI,2023-06-18 12:07:00,2023-08-09 12:07:00
501557,2025-10-09 07:53:00,1126,P1058,S015,4,0.05,UPI,2025-10-09 10:50:00,2025-10-23 10:50:00
501558,2024-08-30 07:01:00,1430,P1113,S014,4,0.15,Credit Card,2024-08-30 09:37:00,2024-09-29 09:37:00
501559,2025-11-28 18:25:00,1455,P1100,S024,5,0.1,Debit Card,2025-11-28 21:05:00,2026-01-03 21:05:00
501560,2025-06-02 11:23:00,1277,P1092,S003,3,0.1,Wallet,2025-06-02 12:23:00,2025-06-22 12:23:00
501561,2024-05-20 17:37:00,1470,P1130,S023,8,0.2,Debit Card,2024-05-20 18:09:00,2024-05-26 18:09:00
501562,2023-08-03 19:14:00,1360,P1142,S008,8,0.1,Net Banking,2023-08-03 20:43:00,2023-09-17 20:43:00
501563,2023-04-19 14:39:00,1303,P1112,S003,3,0.0,Net Banking,2023-04-19 16:31:00,2023-05-20 16:31:00
501564,2025-07-07 17:41:00,1178,P1123,S023,3,0.0,Wallet,2025-07-07 17:55:00,2025-09-02 17:55:00
501565,2024-12-26 02:46:00,1130,P1008,S023,8,0.15,Wallet,2024-12-26 03:56:00,2025-01-31 03:56:00
501566,2023-10-01 12:13:00,1159,P1138,S023,5,0.1,Credit Card,2023-10-01 15:02:00,2023-10-29 15:02:00
501567,2026-03-13 16:26:00,1277,P1081,S001,1,0.1,Net Banking,2026-03-13 17:02:00,2026-05-01 17:02:00
501568,2023-09-03 02:39:00,1212,P1042,S024,4,0.05,Net Banking,2023-09-03 02:55:00,2023-10-06 02:55:00
501569,2024-01-03 05:01:00,1254,P1031,S011,2,,Cash,2024-01-03 07:47:00,2024-03-02 07:47:00
501570,2026-03-21 22:43:00,1209,P1098,S023,8,0.05,Debit Card,2026-03-22 00:22:00,2026-05-12 00:22:00
501571,2024-01-10 03:19:00,1363,P1111,S009,8,0.0,Credit Card,2024-01-10 04:49:00,2024-01-21 04:49:00
501572,2024-06-17 12:12:00,1332,P1021,S011,8,0.0,Net Banking,2024-06-17 13:10:00,2024-07-09 13:10:00
501573,2024-06-11 00:56:00,1286,P1016,S022,6,0.0,Credit Card,2024-06-11 03:31:00,2024-06-14 03:31:00
501574,2023-01-04 16:00:00,1197,P1079,S001,6,0.0,Credit Card,2023-01-04 16:01:00,2023-01-24 16:01:00
501575,2024-01-22 20:39:00,1275,P1056,S012,2,0.05,Net Banking,2024-01-22 22:46:00,2024-02-02 22:46:00
501576,2025-02-05 18:11:00,1434,P1046,S017,3,0.15,UPI,2025-02-05 20:03:00,2025-03-22 20:03:00
501577,2023-03-21 17:56:00,1479,P1080,S010,2,0.1,Wallet,2023-03-21 18:26:00,2023-05-11 18:26:00
501578,2024-01-05 18:33:00,1052,P1128,S007,3,0.2,Debit Card,2024-01-05 19:15:00,2024-03-02 19:15:00
501579,2025-07-20 21:35:00,1230,P1030,S022,2,,Credit Card,2025-07-20 23:14:00,2025-09-08 23:14:00
501580,2025-01-18 04:15:00,1407,P1104,S002,6,0.0,Cash,2025-01-18 06:20:00,2025-01-30 06:20:00
501581,2023-07-22 16:05:00,1165,P1135,S019,7,0.2,WALLET,2023-07-22 18:54:00,2023-09-01 18:54:00
501582,2024-02-16 09:20:00,1391,P1051,S010,7,0.15,cash,2024-02-16 09:54:00,2024-03-15 09:54:00
501583,2025-02-11 02:31:00,1054,P1083,S018,8,0.2,Cash,2025-02-11 02:37:00,2025-03-14 02:37:00
501584,2024-09-18 15:50:00,1351,P1015,S017,1,0.05,UPI,2024-09-18 17:03:00,2024-11-06 17:03:00
501585,2024-09-20 18:47:00,1089,P1081,S024,1,0.2,UPI,2024-09-20 21:13:00,2024-10-24 21:13:00
501586,2023-04-07 09:24:00,1494,P1138,S002,7,0.2,Net Banking,2023-04-07 10:12:00,2023-04-29 10:12:00
501587,2024-01-01 16:23:00,1023,P1055,S004,8,0.05,Credit Card,2024-01-01 19:17:00,2024-02-14 19:17:00
501588,2024-10-17 02:45:00,1106,P1147,S021,1,0.0,Cash,2024-10-17 03:37:00,2024-11-17 03:37:00
501589,2024-02-26 22:07:00,1464,P1062,S022,6,0.05,Cash,2024-02-26 23:21:00,2024-02-26 23:21:00
501590,2024-04-12 11:58:00,1080,P1037,S020,4,0.2,Wallet,2024-04-12 13:40:00,2024-04-14 13:40:00
501591,2024-06-12 13:43:00,1443,P1080,S007,5,0.15,Wallet,2024-06-12 16:09:00,2024-07-27 16:09:00
501592,2023-01-21 13:52:00,1143,P1049,S025,8,0.1,Net Banking,2023-01-21 15:37:00,2023-02-14 15:37:00
501593,2023-01-22 20:44:00,1357,P1115,S005,4,0.0,Wallet,2023-01-22 22:25:00,2023-01-24 22:25:00
501594,2023-08-23 03:10:00,1094,P1138,S011,3,0.1,Wallet,2023-08-23 05:15:00,2023-08-27 05:15:00
501595,2025-03-26 09:34:00,1439,P1146,S009,2,0.0,Cash,2025-03-26 10:47:00,2025-04-13 10:47:00
501596,2024-02-18 02:35:00,1066,P1133,S002,8,0.15,UPI,2024-02-18 04:42:00,2024-03-01 04:42:00
501597,2023-08-17 07:02:00,1043,P1018,S008,7,0.2,Debit Card,2023-08-17 08:41:00,2023-08-28 08:41:00
501598,2025-06-16 23:09:00,1394,P1011,S022,4,0.05,Wallet,2025-06-17 01:02:00,2025-07-25 01:02:00
501599,2024-10-13 01:36:00,1079,P1088,S009,3,0.1,Cash,2024-10-13 01:39:00,2024-12-12 01:39:00
501600,2024-02-15 20:03:00,1079,P1075,S017,2,0.05,Credit Card,2024-02-15 21:43:00,2024-03-10 21:43:00
501601,2024-02-03 10:42:00,1447,P1113,S003,4,0.2,NET BANKING,2024-02-03 12:34:00,2024-02-04 12:34:00
501602,2024-08-12 17:10:00,1494,P1082,S002,2,0.0,Cash,2024-08-12 17:46:00,2024-09-16 17:46:00
501603,2025-11-26 17:01:00,1087,P1083,S012,1,0.05,UPI,2025-11-26 19:39:00,2026-01-11 19:39:00
501604,2024-04-23 00:24:00,1030,P1100,S025,2,0.05,Wallet,2024-04-23 00:24:00,2024-05-29 00:24:00
501605,2023-03-14 18:34:00,1333,P1122,S019,7,0.1,wallet,2023-03-14 18:52:00,2023-03-15 18:52:00
501606,2025-03-03 14:58:00,1252,P1065,S012,8,0.15,Credit Card,2025-03-03 15:58:00,2025-04-15 15:58:00
501607,2025-07-19 17:56:00,1074,P1074,S021,3,0.15,Debit Card,2025-07-19 19:28:00,2025-08-02 19:28:00
501608,2023-11-25 11:47:00,1413,P1077,S005,1,0.15,Cash,2023-11-25 11:52:00,2023-12-22 11:52:00
501609,2026-01-13 07:25:00,1321,P1091,S007,7,0.15,Cash,2026-01-13 07:57:00,2026-03-07 07:57:00
501610,2025-08-01 23:28:00,1199,P1119,S012,6,0.1,Wallet,2025-08-02 01:21:00,2025-10-01 01:21:00
501611,2025-03-27 04:46:00,1126,P1056,S023,4,0.2,Credit Card,2025-03-27 07:01:00,2025-04-09 07:01:00
501612,2025-01-14 14:35:00,1330,P1079,S007,7,0.05,Cash,2025-01-14 16:19:00,2025-02-06 16:19:00
501613,2023-08-11 17:41:00,1464,P1106,S002,4,0.05,Debit Card,2023-08-11 19:36:00,2023-08-30 19:36:00
501614,2026-02-03 05:42:00,1265,P1111,S006,8,0.0,Wallet,2026-02-03 07:20:00,2026-04-03 07:20:00
501615,2024-02-27 12:36:00,1140,P1145,S025,3,0.15,Net Banking,2024-02-27 15:26:00,2024-03-09 15:26:00
501616,2024-02-10 04:26:00,1126,P1034,S025,8,0.1,Net Banking,2024-02-10 05:47:00,2024-03-10 05:47:00
501617,2025-12-22 23:40:00,1050,P1017,S003,1,0.0,UPI,2025-12-22 23:49:00,2026-02-03 23:49:00
501618,2024-11-09 02:20:00,1381,P1039,S007,5,0.0,Debit Card,2024-11-09 03:51:00,2024-11-21 03:51:00
501619,2024-10-08 18:57:00,1174,P1045,S010,5,0.0,Net Banking,2024-10-08 20:51:00,2024-11-07 20:51:00
501620,2023-11-24 04:10:00,1273,P1105,S006,8,0.1,Wallet,2023-11-24 05:56:00,2023-12-01 05:56:00
501621,2024-05-25 03:42:00,1228,P1025,S025,1,0.05,Cash,2024-05-25 04:19:00,2024-07-22 04:19:00
501622,2025-08-26 12:30:00,1011,P1093,S015,3,0.15,UPI,2025-08-26 13:13:00,2025-10-14 13:13:00
501623,2025-10-04 21:36:00,1174,P1022,S012,2,0.05,Credit Card,2025-10-04 23:04:00,2025-11-29 23:04:00
501624,2024-09-06 21:25:00,1479,P1051,S021,6,0.1,Wallet,2024-09-06 22:03:00,2024-09-13 22:03:00
501625,2023-06-20 11:38:00,1319,P1107,S006,6,0.1,Credit Card,2023-06-20 13:44:00,2023-06-21 13:44:00
501626,2025-11-17 08:33:00,1164,P1043,S002,4,0.1,Debit Card,2025-11-17 08:39:00,2025-12-18 08:39:00
501627,2025-07-08 13:21:00,1384,P1118,S022,2,0.1,Net Banking,2025-07-08 13:31:00,2025-07-25 13:31:00
501628,2023-03-06 04:55:00,1377,P1147,S001,5,0.15,Credit Card,2023-03-06 07:34:00,2023-03-06 07:34:00
501629,2025-08-20 12:24:00,1345,P1070,S023,7,0.1,Debit Card,2025-08-20 12:33:00,2025-10-03 12:33:00
501630,2025-11-15 13:26:00,1483,P1089,S024,5,0.2,Credit Card,2025-11-15 14:53:00,2025-11-23 14:53:00
501631,2025-09-28 09:17:00,1231,P1022,S022,6,,UPI,2025-09-28 09:38:00,2025-11-25 09:38:00
501632,2023-02-17 04:51:00,1039,P1046,S012,2,0.05,NET BANKING,2023-02-17 05:18:00,2023-03-04 05:18:00
501633,2024-04-30 02:55:00,1371,P1004,S024,6,0.2,UPI,2024-04-30 03:14:00,2024-04-30 03:14:00
501634,2023-11-16 18:40:00,1448,P1085,S022,2,0.2,upi,2023-11-16 20:37:00,2023-12-26 20:37:00
501635,2023-04-26 22:08:00,1382,P1021,S006,2,0.0,UPI,2023-04-26 22:59:00,2023-06-23 22:59:00
501636,2025-06-05 21:14:00,1368,P1021,S013,6,0.2,Credit Card,2025-06-05 22:07:00,2025-06-08 22:07:00
501637,2025-09-01 06:45:00,1362,P1048,S016,5,0.2,UPI,2025-09-01 08:51:00,2025-10-09 08:51:00
501638,2025-06-25 05:32:00,1091,P1051,S009,3,0.2,Net Banking,2025-06-25 05:33:00,2025-06-30 05:33:00
501639,2024-01-23 22:07:00,1039,P1049,S006,6,0.05,credit card,2024-01-24 01:06:00,2024-03-12 01:06:00
501640,2025-03-19 20:53:00,1308,P1106,S017,5,0.05,Cash,2025-03-19 23:24:00,2025-04-06 23:24:00
501641,2024-05-28 11:47:00,1004,P1065,S010,3,0.0,UPI,2024-05-28 12:48:00,2024-06-30 12:48:00
501642,2023-05-09 15:22:00,1387,P1111,S003,8,0.0,Wallet,2023-05-09 15:37:00,2023-06-17 15:37:00
501643,2023-06-30 10:37:00,1349,P1017,S019,5,0.1,Cash,2023-06-30 12:09:00,2023-08-13 12:09:00
501644,2025-01-03 23:51:00,1256,P1077,S025,8,0.1,Net Banking,2025-01-04 01:53:00,2025-01-27 01:53:00
501645,2024-01-25 07:37:00,1354,P1091,S014,8,0.15,Debit Card,2024-01-25 08:20:00,2024-01-27 08:20:00
501646,2025-04-05 14:55:00,1079,P1037,S024,7,0.15,UPI,2025-04-05 16:53:00,2025-05-03 16:53:00
501647,2023-10-13 10:24:00,1205,P1094,S001,7,0.05,Credit Card,2023-10-13 13:05:00,2023-10-22 13:05:00
501648,2024-01-12 06:06:00,1242,P1039,S009,6,0.05,UPI,2024-01-12 06:10:00,2024-02-06 06:10:00
501649,2025-10-15 12:10:00,1490,P1141,S009,4,0.05,Cash,2025-10-15 13:27:00,2025-12-07 13:27:00
501650,2025-10-19 13:27:00,1497,P1016,S012,2,0.0,Debit Card,2025-10-19 14:07:00,2025-11-19 14:07:00
501651,2025-09-03 19:18:00,1266,P1127,S007,7,0.15,UPI,2025-09-03 19:54:00,2025-09-18 19:54:00
501652,2024-09-22 20:10:00,1160,P1110,S020,2,0.2,Credit Card,2024-09-22 21:36:00,2024-11-01 21:36:00
501653,2025-12-20 09:21:00,1353,P1033,S012,8,0.0,UPI,2025-12-20 10:56:00,2026-02-09 10:56:00
501654,2025-07-04 11:26:00,1484,P1084,S023,4,0.1,Wallet,2025-07-04 12:29:00,2025-07-17 12:29:00
501655,2025-09-02 08:35:00,1407,P1085,S023,4,0.05,Debit Card,2025-09-02 10:02:00,2025-10-08 10:02:00
501656,2026-03-18 07:45:00,1122,P1064,S016,8,0.0,Debit Card,2026-03-18 10:16:00,2026-04-26 10:16:00
501657,2025-11-12 03:24:00,1165,P1021,S017,8,,Net Banking,2025-11-12 04:01:00,2025-12-21 04:01:00
501658,2024-06-28 02:28:00,1099,P1071,S023,3,,UPI,2024-06-28 04:07:00,2024-08-16 04:07:00
501659,2025-08-28 07:14:00,1168,P1092,S020,8,0.2,Credit Card,2025-08-28 09:56:00,2025-08-28 09:56:00
501660,2024-07-12 10:31:00,1453,P1138,S007,4,0.2,Net Banking,2024-07-12 11:51:00,2024-08-19 11:51:00
501661,2023-09-04 09:46:00,1454,P1050,S017,5,0.05,Cash,2023-09-04 10:01:00,2023-10-21 10:01:00
501662,2025-05-16 22:52:00,1134,P1053,S005,5,0.0,UPI,2025-05-16 22:54:00,2025-06-04 22:54:00
501663,2025-05-13 02:23:00,1466,P1038,S015,7,0.2,Credit Card,2025-05-13 04:22:00,2025-07-01 04:22:00
501664,2025-06-28 10:06:00,1142,P1051,S023,8,0.1,Credit Card,2025-06-28 11:16:00,2025-07-27 11:16:00
501665,2023-09-21 10:01:00,1445,P1084,S018,8,0.1,Credit Card,2023-09-21 10:32:00,2023-09-24 10:32:00
501666,2024-10-07 23:24:00,1322,P1112,S021,6,0.15,credit card,2024-10-08 01:44:00,2024-10-09 01:44:00
501667,2024-10-30 19:53:00,1145,P1083,S019,1,0.2,UPI,2024-10-30 20:01:00,2024-12-10 20:01:00
501668,2023-09-28 15:04:00,1078,P1027,S017,3,0.05,UPI,2023-09-28 15:21:00,2023-10-06 15:21:00
501669,2025-01-07 11:21:00,1176,P1018,S016,7,0.2,UPI,2025-01-07 11:41:00,2025-02-02 11:41:00
501670,2025-12-10 13:41:00,1080,P1141,S003,4,0.15,Credit Card,2025-12-10 15:22:00,2026-01-23 15:22:00
501671,2023-08-25 08:14:00,1331,P1143,S001,1,0.05,Cash,2023-08-25 09:15:00,2023-08-28 09:15:00
501672,2023-03-28 01:14:00,1079,P1036,S017,6,0.1,Cash,2023-03-28 02:13:00,2023-05-27 02:13:00
501673,2025-03-21 00:32:00,1013,P1107,S018,2,0.0,Credit Card,2025-03-21 01:46:00,2025-04-21 01:46:00
501674,2023-03-15 06:14:00,1004,P1090,S023,2,0.2,Debit Card,2023-03-15 08:43:00,2023-04-15 08:43:00
501675,2025-11-08 05:25:00,1275,P1002,S021,5,0.1,Net Banking,2025-11-08 06:19:00,2025-11-17 06:19:00
501676,2025-02-05 16:24:00,1104,P1066,S011,4,0.1,Debit Card,2025-02-05 17:04:00,2025-03-30 17:04:00
501677,2025-03-15 03:41:00,1015,P1115,S020,7,0.05,Credit Card,2025-03-15 04:54:00,2025-04-12 04:54:00
501678,2023-08-19 01:24:00,1478,P1053,S007,5,0.05,Net Banking,2023-08-19 01:51:00,2023-10-05 01:51:00
501679,2024-09-13 11:29:00,1321,P1059,S019,5,0.05,Net Banking,2024-09-13 11:42:00,2024-10-24 11:42:00
501680,2023-02-18 09:00:00,1093,P1086,S007,8,0.15,Wallet,2023-02-18 09:55:00,2023-04-12 09:55:00
501681,2024-11-01 14:25:00,1085,P1126,S016,5,0.05,UPI,2024-11-01 16:59:00,2024-12-19 16:59:00
501682,2023-08-08 00:54:00,1026,P1003,S009,1,0.1,Cash,2023-08-08 01:01:00,2023-09-16 01:01:00
501683,2025-02-20 23:36:00,1028,P1095,S007,4,0.15,Wallet,2025-02-21 00:16:00,2025-02-27 00:16:00
501684,2025-02-02 02:17:00,1012,P1077,S025,1,0.0,Debit Card,2025-02-02 04:03:00,2025-03-15 04:03:00
501685,2023-10-18 08:29:00,1471,P1008,S016,3,0.0,UPI,2023-10-18 09:21:00,2023-10-25 09:21:00
501686,2023-06-26 23:15:00,1454,P1149,S023,5,0.1,UPI,2023-06-27 01:11:00,2023-08-21 01:11:00
501687,2026-02-27 15:04:00,1111,P1017,S013,7,0.0,UPI,2026-02-27 18:01:00,2026-03-08 18:01:00
501688,2025-10-15 13:53:00,1090,P1004,S019,1,0.0,Debit Card,2025-10-15 15:52:00,2025-11-10 15:52:00
501689,2024-07-30 23:30:00,1137,P1007,S022,5,0.05,Credit Card,2024-07-31 00:21:00,2024-09-20 00:21:00
501690,2025-07-06 00:41:00,1289,P1112,S018,8,0.05,Wallet,2025-07-06 00:52:00,2025-08-30 00:52:00
501691,2023-04-07 09:23:00,1189,P1117,S016,3,0.1,Wallet,2023-04-07 09:45:00,2023-05-15 09:45:00
501692,2025-01-30 23:35:00,1165,P1089,S014,3,0.2,Cash,2025-01-31 01:53:00,2025-02-09 01:53:00
501693,2025-02-01 14:22:00,1417,P1127,S022,7,0.1,Cash,2025-02-01 15:36:00,2025-02-10 15:36:00
501694,2023-06-27 19:16:00,1474,P1092,S021,8,0.15,Net Banking,2023-06-27 19:51:00,2023-07-18 19:51:00
501695,2023-12-03 01:21:00,1441,P1038,S020,6,0.2,Wallet,2023-12-03 03:30:00,2024-01-30 03:30:00
501696,2023-11-23 18:08:00,1355,P1102,S003,7,0.0,Net Banking,2023-11-23 19:00:00,2024-01-14 19:00:00
501697,2026-01-19 01:33:00,1003,P1066,S018,3,0.05,Wallet,2026-01-19 01:59:00,2026-02-24 01:59:00
501698,2024-11-16 15:07:00,1429,P1096,S018,7,0.2,Wallet,2024-11-16 16:30:00,2025-01-01 16:30:00
501699,2025-03-15 07:36:00,1209,P1028,S008,8,0.05,Wallet,2025-03-15 09:05:00,2025-05-01 09:05:00
501700,2024-01-21 22:00:00,1056,P1127,S005,2,0.1,Credit Card,2024-01-22 00:09:00,2024-03-13 00:09:00
501701,2025-04-11 09:52:00,1327,P1025,S007,1,0.0,UPI,2025-04-11 10:45:00,2025-05-15 10:45:00
501702,2024-08-28 03:13:00,1398,P1019,S003,5,0.15,UPI,2024-08-28 04:00:00,2024-10-19 04:00:00
501703,2025-05-14 11:42:00,1358,P1077,S011,7,0.1,Credit Card,2025-05-14 13:25:00,2025-05-14 13:25:00
501704,2024-09-14 13:39:00,1245,P1011,S022,8,0.0,Cash,2024-09-14 16:09:00,2024-11-11 16:09:00
501705,2024-10-16 11:01:00,1243,P1099,S025,2,0.15,Wallet,2024-10-16 12:06:00,2024-11-29 12:06:00
501706,2024-12-19 21:31:00,1020,P1125,S025,2,0.15,Debit Card,2024-12-19 21:37:00,2025-01-12 21:37:00
501707,2026-01-18 02:05:00,1426,P1025,S015,7,0.1,Credit Card,2026-01-18 03:07:00,2026-03-05 03:07:00
501708,2025-08-19 01:20:00,1398,P1116,S007,7,0.0,UPI,2025-08-19 02:39:00,2025-09-23 02:39:00
501709,2023-09-20 18:55:00,1015,P1130,S015,2,0.2,Credit Card,2023-09-20 21:47:00,2023-11-08 21:47:00
501710,2025-08-06 08:44:00,1411,P1138,S021,1,0.1,Net Banking,2025-08-06 11:08:00,2025-08-30 11:08:00
501711,2023-08-29 22:33:00,1462,P1116,S010,3,0.0,debit card,2023-08-30 00:38:00,2023-09-10 00:38:00
501712,2024-11-09 13:07:00,1496,P1020,S007,8,0.15,Credit Card,2024-11-09 16:02:00,2024-11-18 16:02:00
501713,2023-01-12 12:49:00,1091,P1097,S002,5,0.05,Credit Card,2023-01-12 15:36:00,2023-03-10 15:36:00
501714,2024-11-27 21:37:00,1366,P1114,S023,2,0.0,Credit Card,2024-11-27 23:43:00,2024-12-11 23:43:00
501715,2023-10-13 04:47:00,1013,P1113,S016,6,0.15,UPI,2023-10-13 07:21:00,2023-11-18 07:21:00
501716,2025-12-11 22:23:00,1055,P1108,S016,1,0.1,Cash,2025-12-12 01:05:00,2026-01-15 01:05:00
501717,2026-02-15 22:27:00,1045,P1068,S022,6,0.15,Cash,2026-02-15 22:44:00,2026-02-19 22:44:00
501718,2025-11-04 07:58:00,1013,P1042,S003,3,0.05,Cash,2025-11-04 08:33:00,2025-11-11 08:33:00
501719,2026-01-23 11:35:00,1035,P1048,S019,7,0.0,Net Banking,2026-01-23 12:42:00,2026-02-22 12:42:00
501720,2023-03-23 07:12:00,1069,P1101,S001,6,0.0,Net Banking,2023-03-23 07:49:00,2023-04-11 07:49:00
501721,2023-01-25 03:33:00,1300,P1136,S001,5,0.05,Debit Card,2023-01-25 06:23:00,2023-02-11 06:23:00
501722,2024-05-14 15:51:00,1340,P1122,S016,8,0.05,UPI,2024-05-14 16:45:00,2024-05-26 16:45:00
501723,2023-12-20 12:35:00,1278,P1019,S005,3,0.2,Credit Card,2023-12-20 15:17:00,2024-01-29 15:17:00
501724,2023-05-20 15:32:00,1085,P1064,S021,7,0.1,Credit Card,2023-05-20 15:50:00,2023-06-25 15:50:00
501725,2024-06-21 13:03:00,1446,P1083,S025,7,0.0,Credit Card,2024-06-21 14:53:00,2024-06-23 14:53:00
501726,2025-02-04 12:28:00,1444,P1058,S024,3,0.15,Net Banking,2025-02-04 15:03:00,2025-03-29 15:03:00
501727,2025-11-09 13:41:00,1124,P1134,S010,8,0.0,Cash,2025-11-09 16:23:00,2025-11-19 16:23:00
501728,2023-03-05 13:04:00,1361,P1038,S025,1,0.1,Debit Card,2023-03-05 15:27:00,2023-03-10 15:27:00
501729,2025-03-16 08:29:00,1470,P1088,S010,6,0.1,Cash,2025-03-16 11:15:00,2025-05-06 11:15:00
501730,2025-11-13 15:24:00,1356,P1144,S022,3,0.15,Debit Card,2025-11-13 18:20:00,2025-12-20 18:20:00
501731,2023-07-06 22:31:00,1265,P1017,S009,5,0.1,Debit Card,2023-07-06 23:58:00,2023-08-09 23:58:00
501732,2025-11-17 07:20:00,1123,P1145,S007,6,0.1,Credit Card,2025-11-17 08:42:00,2026-01-14 08:42:00
501733,2024-11-17 16:43:00,1136,P1109,S022,4,0.2,Credit Card,2024-11-17 18:28:00,2024-12-04 18:28:00
501734,2024-08-27 06:43:00,1365,P1139,S018,6,0.05,Cash,2024-08-27 09:38:00,2024-09-19 09:38:00
501735,2025-12-01 05:07:00,1127,P1053,S020,6,0.05,Wallet,2025-12-01 06:21:00,2026-01-10 06:21:00
501736,2025-10-14 11:15:00,1368,P1070,S019,8,0.2,Debit Card,2025-10-14 12:55:00,2025-11-13 12:55:00
501737,2023-10-27 08:38:00,1064,P1097,S018,7,0.0,UPI,2023-10-27 08:56:00,2023-11-12 08:56:00
501738,2024-01-22 08:59:00,1479,P1141,S019,5,0.2,Net Banking,2024-01-22 11:05:00,2024-02-20 11:05:00
501739,2025-05-11 06:17:00,1322,P1126,S020,2,0.15,Cash,2025-05-11 06:30:00,2025-06-07 06:30:00
501740,2025-03-03 10:07:00,1063,P1093,S025,1,0.0,UPI,2025-03-03 10:42:00,2025-03-14 10:42:00
501741,2024-07-22 03:35:00,1066,P1025,S024,7,0.05,UPI,2024-07-22 05:52:00,2024-08-08 05:52:00
501742,2026-03-06 01:00:00,1320,P1071,S010,7,0.05,Credit Card,2026-03-06 01:28:00,2026-03-27 01:28:00
501743,2024-03-27 19:38:00,1137,P1142,S012,4,,UPI,2024-03-27 22:04:00,2024-05-14 22:04:00
501744,2026-02-07 18:20:00,1413,P1099,S007,1,0.05,UPI,2026-02-07 19:16:00,2026-02-17 19:16:00
501745,2026-03-15 23:39:00,1249,P1032,S004,4,0.15,Credit Card,2026-03-16 00:48:00,2026-05-06 00:48:00
501746,2024-05-10 14:39:00,1089,P1057,S009,2,0.0,CREDIT CARD,2024-05-10 15:21:00,2024-07-06 15:21:00
501747,2024-09-23 13:37:00,1198,P1115,S007,4,0.0,UPI,2024-09-23 16:10:00,2024-11-16 16:10:00
501748,2025-04-16 22:28:00,1379,P1099,S020,7,0.0,Net Banking,2025-04-17 00:21:00,2025-04-26 00:21:00
501749,2024-07-10 06:56:00,1224,P1135,S011,6,0.0,Cash,2024-07-10 09:48:00,2024-08-10 09:48:00
501750,2025-11-05 19:24:00,1106,P1096,S005,2,0.2,Wallet,2025-11-05 21:17:00,2025-12-13 21:17:00
501751,2025-02-12 05:50:00,1112,P1081,S012,7,0.1,Credit Card,2025-02-12 07:33:00,2025-02-25 07:33:00
501752,2024-08-18 07:24:00,1241,P1007,S022,4,0.0,Cash,2024-08-18 09:57:00,2024-10-13 09:57:00
501753,2023-02-14 12:36:00,1196,P1006,S016,7,0.15,Cash,2023-02-14 14:04:00,2023-03-09 14:04:00
501754,2023-07-03 13:16:00,1138,P1094,S009,8,0.05,Credit Card,2023-07-03 14:45:00,2023-07-17 14:45:00
501755,2024-03-24 18:41:00,1272,P1051,S002,7,0.1,UPI,2024-03-24 20:53:00,2024-05-01 20:53:00
501756,2024-04-13 02:45:00,1316,P1142,S002,5,0.0,Net Banking,2024-04-13 03:25:00,2024-04-18 03:25:00
501757,2024-06-06 14:09:00,1440,P1112,S009,3,0.05,Cash,2024-06-06 15:24:00,2024-06-15 15:24:00
501758,2024-09-30 05:33:00,1447,P1024,S020,1,0.2,Wallet,2024-09-30 05:50:00,2024-10-14 05:50:00
501759,2023-12-27 09:35:00,1217,P1043,S008,1,0.05,Net Banking,2023-12-27 11:35:00,2024-02-25 11:35:00
501760,2023-06-07 02:49:00,1419,P1046,S018,2,0.15,Net Banking,2023-06-07 03:14:00,2023-06-24 03:14:00
501761,2025-01-25 23:11:00,1478,P1048,S008,1,0.1,Credit Card,2025-01-25 23:50:00,2025-02-28 23:50:00
501762,2024-07-11 16:52:00,1259,P1015,S013,3,0.05,UPI,2024-07-11 16:57:00,2024-08-12 16:57:00
501763,2025-08-18 04:54:00,1442,P1095,S019,5,0.15,Credit Card,2025-08-18 05:27:00,2025-09-02 05:27:00
501764,2025-07-20 05:45:00,1128,P1042,S021,1,0.0,Cash,2025-07-20 06:13:00,2025-09-03 06:13:00
501765,2023-10-06 00:18:00,1410,P1126,S022,7,0.2,Net Banking,2023-10-06 02:15:00,2023-11-08 02:15:00
501766,2025-04-07 16:29:00,1267,P1091,S020,7,0.1,Net Banking,2025-04-07 19:14:00,2025-06-06 19:14:00
501767,2025-04-14 05:32:00,1413,P1010,S007,2,0.2,Debit Card,2025-04-14 07:39:00,2025-04-22 07:39:00
501768,2024-09-03 03:38:00,1193,P1077,S012,1,0.1,Cash,2024-09-03 05:23:00,2024-09-27 05:23:00
501769,2024-02-11 00:13:00,1327,P1038,S015,3,0.1,Cash,2024-02-11 02:04:00,2024-03-31 02:04:00
501770,2024-05-15 04:01:00,1225,P1065,S016,7,0.15,Wallet,2024-05-15 04:59:00,2024-07-11 04:59:00
501771,2025-08-10 11:56:00,1067,P1107,S002,4,0.05,Wallet,2025-08-10 12:48:00,2025-09-08 12:48:00
501772,2023-07-27 09:23:00,1239,P1099,S021,7,0.0,Net Banking,2023-07-27 09:36:00,2023-08-18 09:36:00
501773,2024-08-25 11:52:00,1245,P1011,S016,2,0.1,DEBIT CARD,2024-08-25 14:03:00,2024-09-29 14:03:00
501774,2024-02-01 09:59:00,1006,P1026,S005,5,0.0,UPI,2024-02-01 12:08:00,2024-02-11 12:08:00
501775,2025-11-09 06:40:00,1013,P1115,S013,6,0.2,Cash,2025-11-09 08:53:00,2025-12-02 08:53:00
501776,2024-12-11 19:20:00,1027,P1133,S019,2,0.15,Cash,2024-12-11 20:32:00,2025-01-03 20:32:00
501777,2025-06-06 16:02:00,1281,P1145,S017,2,0.05,Cash,2025-06-06 18:52:00,2025-07-25 18:52:00
501778,2024-11-07 21:45:00,1370,P1069,S005,3,0.05,UPI,2024-11-07 23:37:00,2024-12-23 23:37:00
501779,2025-02-25 08:25:00,1023,P1078,S001,3,,Cash,2025-02-25 09:21:00,2025-02-27 09:21:00
501780,2026-03-11 06:26:00,1281,P1146,S009,4,0.0,UPI,2026-03-11 07:04:00,2026-04-07 07:04:00
501781,2023-12-01 01:16:00,1034,P1057,S015,3,0.15,UPI,2023-12-01 03:19:00,2024-01-20 03:19:00
501782,2023-06-13 21:29:00,1373,P1096,S016,5,0.2,Net Banking,2023-06-13 22:56:00,2023-07-22 22:56:00
501783,2026-01-27 23:21:00,1168,P1135,S005,5,0.2,Credit Card,2026-01-28 02:02:00,2026-03-11 02:02:00
501784,2024-04-08 00:27:00,1169,P1131,S010,8,0.15,UPI,2024-04-08 02:30:00,2024-04-25 02:30:00
501785,2024-09-07 08:06:00,1115,P1057,S008,8,0.05,UPI,2024-09-07 08:43:00,2024-10-12 08:43:00
501786,2026-01-15 16:23:00,1205,P1108,S019,6,0.1,UPI,2026-01-15 18:08:00,2026-03-03 18:08:00
501787,2024-05-11 05:39:00,1476,P1017,S025,6,0.0,Cash,2024-05-11 07:42:00,2024-07-10 07:42:00
501788,2025-04-11 13:09:00,1016,P1086,S012,2,0.1,Credit Card,2025-04-11 14:55:00,2025-05-11 14:55:00
501789,2025-09-23 15:59:00,1110,P1104,S014,4,0.1,Credit Card,2025-09-23 17:40:00,2025-10-30 17:40:00
501790,2023-12-04 10:10:00,1304,P1097,S003,2,0.0,UPI,2023-12-04 12:43:00,2023-12-24 12:43:00
501791,2023-01-18 04:34:00,1460,P1024,S023,3,0.0,UPI,2023-01-18 06:23:00,2023-02-18 06:23:00
501792,2025-08-23 05:02:00,1432,P1094,S022,6,0.2,UPI,2025-08-23 05:36:00,2025-09-10 05:36:00
501793,2023-03-24 05:57:00,1052,P1010,S019,2,0.0,Net Banking,2023-03-24 07:16:00,2023-04-14 07:16:00
501794,2023-01-01 06:50:00,1201,P1126,S004,5,0.2,Debit Card,2023-01-01 07:33:00,2023-02-27 07:33:00
501795,2025-12-13 02:53:00,1071,P1017,S015,5,0.05,Wallet,2025-12-13 05:29:00,2025-12-31 05:29:00
501796,2025-11-20 03:31:00,1353,P1073,S002,7,0.1,Wallet,2025-11-20 06:06:00,2025-12-04 06:06:00
501797,2023-11-30 22:30:00,1488,P1131,S010,5,,Cash,2023-12-01 00:25:00,2023-12-23 00:25:00
501798,2024-04-26 09:42:00,1124,P1119,S005,3,0.0,UPI,2024-04-26 11:05:00,2024-05-09 11:05:00
501799,2023-05-01 18:56:00,1056,P1115,S005,3,0.0,Debit Card,2023-05-01 19:26:00,2023-05-10 19:26:00
501800,2024-11-12 22:20:00,1368,P1124,S014,7,0.0,Wallet,2024-11-13 00:48:00,2024-11-28 00:48:00
501801,2026-02-04 23:37:00,1364,P1054,S016,1,0.1,Credit Card,2026-02-05 00:54:00,2026-04-05 00:54:00
501802,2025-03-11 06:22:00,1017,P1065,S013,3,0.15,Cash,2025-03-11 06:38:00,2025-03-14 06:38:00
501803,2025-03-25 22:55:00,1069,P1084,S024,7,0.1,Net Banking,2025-03-26 00:17:00,2025-04-23 00:17:00
501804,2024-01-12 00:55:00,1213,P1024,S016,6,0.05,UPI,2024-01-12 01:37:00,2024-01-28 01:37:00
501805,2023-10-15 07:32:00,1491,P1072,S007,3,0.15,UPI,2023-10-15 10:06:00,2023-11-15 10:06:00
501806,2023-01-19 20:23:00,1315,P1096,S011,1,0.0,Cash,2023-01-19 21:50:00,2023-03-11 21:50:00
501807,2025-10-23 06:13:00,1349,P1130,S009,7,0.2,Net Banking,2025-10-23 06:50:00,2025-11-13 06:50:00
501808,2024-02-07 13:49:00,1494,P1141,S010,8,0.0,Debit Card,2024-02-07 13:59:00,2024-03-07 13:59:00
501809,2024-11-12 00:26:00,1495,P1017,S016,7,0.15,Net Banking,2024-11-12 02:56:00,2024-12-22 02:56:00
501810,2026-03-17 07:59:00,1303,P1058,S015,5,0.1,Wallet,2026-03-17 09:19:00,2026-05-09 09:19:00
501811,2023-03-21 07:42:00,1203,P1068,S001,4,,Credit Card,2023-03-21 10:10:00,2023-04-06 10:10:00
501812,2025-07-09 07:25:00,1025,P1020,S009,7,0.0,Net Banking,2025-07-09 07:25:00,2025-08-05 07:25:00
501813,2024-09-19 19:42:00,1298,P1055,S018,5,0.0,Credit Card,2024-09-19 19:55:00,2024-10-20 19:55:00
501814,2025-03-07 17:46:00,1280,P1052,S001,7,0.0,Debit Card,2025-03-07 19:10:00,2025-03-18 19:10:00
501815,2024-05-17 15:01:00,1477,P1067,S006,5,0.1,Cash,2024-05-17 15:26:00,2024-05-25 15:26:00
501816,2023-11-28 13:13:00,1050,P1074,S010,2,0.0,Credit Card,2023-11-28 13:54:00,2023-12-21 13:54:00
501817,2023-09-06 00:15:00,1395,P1070,S006,2,0.15,Debit Card,2023-09-06 00:31:00,2023-10-25 00:31:00
501818,2023-09-06 16:49:00,1262,P1032,S016,5,0.0,Debit Card,2023-09-06 19:05:00,2023-10-05 19:05:00
501819,2023-07-08 11:11:00,1097,P1140,S009,1,0.2,UPI,2023-07-08 12:50:00,2023-08-28 12:50:00
501820,2023-05-10 05:09:00,1268,P1137,S007,8,0.1,UPI,2023-05-10 06:36:00,2023-05-20 06:36:00
501821,2024-11-27 12:50:00,1414,P1132,S025,7,0.05,Credit Card,2024-11-27 14:40:00,2024-12-03 14:40:00
501822,2024-01-25 19:40:00,1301,P1018,S024,4,0.15,Net Banking,2024-01-25 21:43:00,2024-03-14 21:43:00
501823,2025-07-26 12:20:00,1102,P1011,S002,8,0.05,UPI,2025-07-26 15:04:00,2025-08-18 15:04:00
501824,2026-03-15 11:01:00,1191,P1087,S014,1,0.1,Cash,2026-03-15 13:51:00,2026-05-13 13:51:00
501825,2023-06-24 04:53:00,1267,P1144,S025,2,0.2,Credit Card,2023-06-24 05:17:00,2023-08-01 05:17:00
501826,2025-08-27 15:35:00,1390,P1088,S004,1,0.1,Credit Card,2025-08-27 17:56:00,2025-10-12 17:56:00
501827,2024-10-01 17:52:00,1020,P1028,S002,5,0.05,wallet,2024-10-01 19:40:00,2024-10-19 19:40:00
501828,2024-06-12 12:09:00,1436,P1106,S003,6,0.0,Cash,2024-06-12 13:20:00,2024-07-03 13:20:00
501829,2024-09-23 23:19:00,1014,P1073,S011,3,0.0,Credit Card,2024-09-24 01:03:00,2024-09-25 01:03:00
501830,2025-12-11 19:38:00,1059,P1025,S009,6,0.1,UPI,2025-12-11 20:03:00,2026-01-03 20:03:00
501831,2024-01-10 18:13:00,1041,P1060,S002,5,0.1,Net Banking,2024-01-10 20:42:00,2024-03-01 20:42:00
501832,2026-01-13 02:51:00,1296,P1140,S010,5,0.0,Cash,2026-01-13 05:11:00,2026-03-13 05:11:00
501833,2023-03-25 09:58:00,1337,P1086,S009,1,0.05,UPI,2023-03-25 11:45:00,2023-03-30 11:45:00
501834,2023-07-13 18:00:00,1245,P1011,S016,6,0.15,Net Banking,2023-07-13 18:27:00,2023-09-08 18:27:00
501835,2023-08-07 08:10:00,1288,P1064,S003,6,0.05,Credit Card,2023-08-07 10:41:00,2023-10-06 10:41:00
501836,2026-03-11 22:55:00,1416,P1005,S016,4,0.05,Credit Card,2026-03-11 23:21:00,2026-04-20 23:21:00
501837,2025-11-09 07:26:00,1268,P1070,S019,4,0.15,Net Banking,2025-11-09 07:27:00,2025-12-22 07:27:00
501838,2024-05-02 01:27:00,1342,P1100,S007,5,0.1,Credit Card,2024-05-02 02:21:00,2024-06-10 02:21:00
501839,2025-04-08 18:26:00,1138,P1064,S020,2,0.15,Debit Card,2025-04-08 20:54:00,2025-04-26 20:54:00
501840,2025-10-16 00:07:00,1098,P1065,S023,3,0.2,credit card,2025-10-16 01:50:00,2025-11-22 01:50:00
501841,2023-09-03 21:15:00,1021,P1060,S008,1,0.0,Wallet,2023-09-03 21:48:00,2023-10-18 21:48:00
501842,2025-03-19 04:13:00,1295,P1001,S021,4,0.0,Wallet,2025-03-19 05:23:00,2025-03-26 05:23:00
501843,2023-01-29 13:06:00,1229,P1037,S005,2,0.1,Debit Card,2023-01-29 14:33:00,2023-02-11 14:33:00
501844,2025-04-21 12:42:00,1141,P1114,S022,4,0.05,Credit Card,2025-04-21 14:54:00,2025-06-03 14:54:00
501845,2025-03-08 11:12:00,1485,P1063,S016,8,0.1,Cash,2025-03-08 14:02:00,2025-05-01 14:02:00
501846,2023-04-11 08:00:00,1082,P1016,S002,8,0.2,Debit Card,2023-04-11 09:50:00,2023-05-10 09:50:00
501847,2024-02-22 13:07:00,1146,P1072,S006,7,0.0,Cash,2024-02-22 14:20:00,2024-03-02 14:20:00
501848,2025-12-20 02:37:00,1156,P1058,S015,4,0.1,Cash,2025-12-20 04:33:00,2026-01-11 04:33:00
501849,2025-03-10 08:10:00,1225,P1035,S001,4,0.15,Cash,2025-03-10 10:12:00,2025-03-24 10:12:00
501850,2024-03-24 17:32:00,1075,P1029,S009,6,0.2,Debit Card,2024-03-24 20:16:00,2024-05-22 20:16:00
501851,2023-07-22 08:55:00,1410,P1080,S024,7,0.0,UPI,2023-07-22 11:43:00,2023-08-24 11:43:00
501852,2026-03-07 03:15:00,1415,P1063,S025,3,0.15,Net Banking,2026-03-07 04:27:00,2026-03-23 04:27:00
501853,2023-01-07 04:01:00,1354,P1142,S014,6,0.0,Cash,2023-01-07 05:24:00,2023-02-25 05:24:00
501854,2024-02-01 05:06:00,1392,P1109,S009,5,0.2,Credit Card,2024-02-01 06:24:00,2024-03-18 06:24:00
501855,2025-04-03 21:53:00,1289,P1092,S004,7,0.15,Net Banking,2025-04-04 00:27:00,2025-05-10 00:27:00
501856,2024-02-06 07:20:00,1173,P1092,S016,4,0.2,Debit Card,2024-02-06 07:31:00,2024-03-31 07:31:00
501857,2025-10-06 07:27:00,1354,P1020,S004,3,0.05,Cash,2025-10-06 09:50:00,2025-10-07 09:50:00
501858,2023-03-31 06:29:00,1379,P1019,S004,8,0.05,Credit Card,2023-03-31 08:14:00,2023-05-04 08:14:00
501859,2024-03-15 06:23:00,1132,P1003,S019,7,0.0,Debit Card,2024-03-15 06:47:00,2024-03-17 06:47:00
501860,2025-07-10 06:05:00,1122,P1031,S003,5,0.2,Net Banking,2025-07-10 07:32:00,2025-09-07 07:32:00
501861,2024-05-08 01:30:00,1278,P1043,S022,1,0.15,Credit Card,2024-05-08 04:26:00,2024-05-25 04:26:00
501862,2025-04-23 10:06:00,1299,P1059,S019,5,0.0,Cash,2025-04-23 10:28:00,2025-05-25 10:28:00
501863,2024-12-15 11:48:00,1357,P1043,S001,2,0.2,UPI,2024-12-15 13:43:00,2025-01-19 13:43:00
501864,2024-07-17 06:11:00,1378,P1012,S024,3,0.05,Credit Card,2024-07-17 06:51:00,2024-07-31 06:51:00
501865,2024-02-09 04:18:00,1339,P1116,S008,-1,0.0,UPI,2024-02-09 06:15:00,2024-02-12 06:15:00
501866,2024-02-23 11:40:00,1352,P1111,S005,2,0.05,Cash,2024-02-23 12:56:00,2024-04-16 12:56:00
501867,2025-02-13 00:10:00,1273,P1045,S022,7,0.0,UPI,2025-02-13 01:45:00,2025-02-15 01:45:00
501868,2023-11-19 06:04:00,1056,P1112,S008,3,0.1,Wallet,2023-11-19 06:43:00,2023-12-15 06:43:00
501869,2025-12-01 22:35:00,1487,P1150,S011,8,0.05,Net Banking,2025-12-02 01:28:00,2026-01-04 01:28:00
501870,2025-12-27 21:36:00,1218,P1045,S020,8,0.1,Debit Card,2025-12-27 22:31:00,2026-01-24 22:31:00
501871,2024-06-16 19:13:00,1208,P1076,S013,8,0.0,Net Banking,2024-06-16 19:18:00,2024-06-28 19:18:00
501872,2023-08-25 22:08:00,1378,P1137,S004,8,0.15,Wallet,2023-08-25 22:21:00,2023-09-08 22:21:00
501873,2023-10-04 01:33:00,1449,P1060,S005,4,0.0,Net Banking,2023-10-04 02:19:00,2023-11-07 02:19:00
501874,2026-01-18 02:15:00,1043,P1087,S017,2,0.1,Debit Card,2026-01-18 04:32:00,2026-02-22 04:32:00
501875,2024-11-11 17:08:00,1219,P1126,S007,3,0.05,Wallet,2024-11-11 17:53:00,2024-11-13 17:53:00
501876,2023-07-03 16:09:00,1037,P1109,S024,2,0.1,Cash,2023-07-03 18:48:00,2023-07-31 18:48:00
501877,2023-12-04 21:17:00,1017,P1003,S025,1,0.0,Wallet,2023-12-04 22:43:00,2023-12-05 22:43:00
501878,2023-03-04 02:20:00,1381,P1150,S003,2,0.05,Cash,2023-03-04 03:02:00,2023-04-21 03:02:00
501879,2023-07-21 14:50:00,1191,P1015,S021,1,0.05,debit card,2023-07-21 17:07:00,2023-08-31 17:07:00
501880,2024-10-02 12:43:00,1469,P1130,S021,5,0.1,Debit Card,2024-10-02 13:12:00,2024-11-21 13:12:00
501881,2023-11-23 02:34:00,1343,P1148,S018,8,0.1,cash,2023-11-23 03:11:00,2023-12-31 03:11:00
501882,2025-12-05 02:09:00,1391,P1074,S017,1,0.1,Cash,2025-12-05 02:53:00,2026-01-26 02:53:00
501883,2025-08-18 01:32:00,1014,P1012,S020,1,0.0,Wallet,2025-08-18 03:23:00,2025-09-16 03:23:00
501884,2024-06-19 07:24:00,1175,P1023,S012,5,0.2,Credit Card,2024-06-19 08:52:00,2024-07-29 08:52:00
501885,2025-04-09 12:36:00,1212,P1039,S009,4,0.1,Debit Card,2025-04-09 13:07:00,2025-04-24 13:07:00
501886,2023-04-11 11:19:00,1296,P1097,S024,1,0.2,Wallet,2023-04-11 12:02:00,2023-05-31 12:02:00
501887,2023-03-22 20:30:00,1107,P1062,S014,8,0.2,Debit Card,2023-03-22 20:43:00,2023-04-17 20:43:00
501888,2023-02-04 19:49:00,1481,P1135,S006,3,,UPI,2023-02-04 22:31:00,2023-04-05 22:31:00
501889,2024-07-02 01:59:00,1201,P1065,S017,2,0.2,Net Banking,2024-07-02 02:30:00,2024-08-26 02:30:00
501890,2023-01-11 08:40:00,1330,P1046,S018,8,0.15,Credit Card,2023-01-11 09:46:00,2023-03-06 09:46:00
501891,2025-11-22 06:24:00,1332,P1017,S013,5,0.05,Credit Card,2025-11-22 07:12:00,2025-12-25 07:12:00
501892,2023-05-15 04:44:00,1348,P1076,S024,3,0.2,Net Banking,2023-05-15 06:26:00,2023-06-23 06:26:00
501893,2024-09-21 13:19:00,1125,P1108,S025,3,0.1,Wallet,2024-09-21 13:59:00,2024-09-22 13:59:00
501894,2025-12-18 13:13:00,1492,P1065,S003,8,0.0,Cash,2025-12-18 13:39:00,2026-01-06 13:39:00
501895,2024-08-20 20:24:00,1485,P1096,S025,5,0.0,Credit Card,2024-08-20 21:04:00,2024-09-11 21:04:00
501896,2025-04-05 07:46:00,1175,P1140,S022,3,0.1,Credit Card,2025-04-05 10:38:00,2025-04-28 10:38:00
501897,2023-02-17 21:05:00,1158,P1106,S009,5,0.2,Net Banking,2023-02-17 23:05:00,2023-03-13 23:05:00
501898,2025-12-22 16:58:00,1116,P1028,S012,4,0.2,Wallet,2025-12-22 17:03:00,2026-02-09 17:03:00
501899,2025-10-22 16:11:00,1372,P1035,S015,1,0.1,UPI,2025-10-22 17:21:00,2025-11-12 17:21:00
501900,2024-08-16 21:40:00,1150,P1062,S007,4,0.05,Debit Card,2024-08-16 21:54:00,2024-10-09 21:54:00
501901,2024-02-02 16:16:00,1453,P1032,S013,4,0.05,UPI,2024-02-02 18:46:00,2024-02-22 18:46:00
501902,2023-07-04 03:45:00,1270,P1120,S024,2,0.2,UPI,2023-07-04 06:18:00,2023-08-02 06:18:00
501903,2024-02-11 07:37:00,1348,P1051,S016,4,0.05,CASH,2024-02-11 08:00:00,2024-03-22 08:00:00
501904,2024-10-23 07:02:00,1018,P1020,S003,8,0.1,Cash,2024-10-23 08:46:00,2024-12-16 08:46:00
501905,2023-07-15 14:32:00,1283,P1135,S001,1,0.05,Credit Card,2023-07-15 16:16:00,2023-09-02 16:16:00
501906,2023-02-24 00:37:00,1399,P1107,S004,3,0.2,Net Banking,2023-02-24 01:04:00,2023-03-17 01:04:00
501907,2023-01-27 07:44:00,1242,P1128,S009,5,0.2,UPI,2023-01-27 09:20:00,2023-02-17 09:20:00
501908,2025-04-30 00:56:00,1110,P1101,S012,6,0.05,UPI,2025-04-30 03:34:00,2025-06-12 03:34:00
501909,2023-06-06 09:38:00,1064,P1135,S021,5,0.0,Net Banking,2023-06-06 09:56:00,2023-07-27 09:56:00
501910,2024-08-21 07:14:00,1245,P1088,S001,3,0.15,Credit Card,2024-08-21 08:55:00,2024-09-23 08:55:00
501911,2023-12-16 23:10:00,1309,P1130,S005,2,0.05,Cash,2023-12-17 00:05:00,2024-01-24 00:05:00
501912,2024-07-17 10:21:00,1048,P1066,S002,5,0.05,NET BANKING,2024-07-17 12:08:00,2024-07-21 12:08:00
501913,2026-01-02 13:47:00,1188,P1006,S025,6,0.05,Cash,2026-01-02 13:57:00,2026-02-24 13:57:00
501914,2025-03-20 13:27:00,1356,P1025,S004,3,0.15,UPI,2025-03-20 13:38:00,2025-04-22 13:38:00
501915,2023-03-28 06:55:00,1454,P1053,S012,7,0.15,Net Banking,2023-03-28 07:09:00,2023-04-30 07:09:00
501916,2023-07-01 00:24:00,1234,P1019,S011,4,0.0,Credit Card,2023-07-01 01:03:00,2023-08-13 01:03:00
501917,2024-03-23 08:57:00,1027,P1111,S017,3,0.15,Net Banking,2024-03-23 10:24:00,2024-04-14 10:24:00
501918,2023-08-11 15:40:00,1391,P1144,S021,3,0.2,Credit Card,2023-08-11 17:44:00,2023-09-07 17:44:00
501919,2025-12-10 08:18:00,1124,P1078,S018,1,0.2,Cash,2025-12-10 08:28:00,2025-12-17 08:28:00
501920,2024-02-02 10:19:00,1442,P1141,S024,3,0.15,UPI,2024-02-02 11:19:00,2024-03-03 11:19:00
501921,2024-03-10 07:41:00,1371,P1032,S002,2,0.1,Cash,2024-03-10 09:16:00,2024-04-18 09:16:00
501922,2023-02-06 19:52:00,1189,P1145,S019,2,0.1,Debit Card,2023-02-06 20:04:00,2023-03-10 20:04:00
501923,2026-03-21 05:59:00,1232,P1066,S019,3,0.15,Net Banking,2026-03-21 06:03:00,2026-05-05 06:03:00
501924,2026-03-19 19:40:00,1320,P1147,S013,5,0.2,Wallet,2026-03-19 21:27:00,2026-05-07 21:27:00
501925,2025-07-23 02:56:00,1075,P1138,S012,7,0.2,Credit Card,2025-07-23 05:09:00,2025-08-10 05:09:00
501926,2023-10-28 10:36:00,1011,P1129,S010,4,0.05,Credit Card,2023-10-28 11:02:00,2023-11-15 11:02:00
501927,2023-08-10 05:53:00,1400,P1037,S025,7,0.15,Net Banking,2023-08-10 06:50:00,2023-08-28 06:50:00
501928,2026-02-20 01:26:00,1012,P1143,S016,3,0.15,Wallet,2026-02-20 04:05:00,2026-04-05 04:05:00
501929,2023-08-30 14:48:00,1016,P1114,S006,4,0.1,Net Banking,2023-08-30 16:34:00,2023-10-26 16:34:00
501930,2024-04-12 16:38:00,1344,P1093,S021,4,0.2,Credit Card,2024-04-12 17:34:00,2024-05-02 17:34:00
501931,2026-02-23 00:53:00,1002,P1089,S014,2,0.05,Wallet,2026-02-23 02:05:00,2026-04-16 02:05:00
501932,2026-03-05 19:27:00,1282,P1038,S013,6,0.2,Wallet,2026-03-05 20:54:00,2026-03-06 20:54:00
501933,2023-10-28 13:42:00,1402,P1141,S013,7,0.1,Cash,2023-10-28 14:50:00,2023-11-02 14:50:00
501934,2023-05-30 06:00:00,1415,P1110,S004,3,0.05,Net Banking,2023-05-30 08:23:00,2023-06-29 08:23:00
501935,2024-10-04 18:21:00,1432,P1050,S025,5,0.15,Net Banking,2024-10-04 18:51:00,2024-10-20 18:51:00
501936,2023-11-02 07:37:00,1261,P1070,S021,1,0.0,Credit Card,2023-11-02 08:56:00,2023-12-26 08:56:00
501937,2025-09-06 07:00:00,1437,P1132,S014,7,0.15,UPI,2025-09-06 07:01:00,2025-10-18 07:01:00
501938,2023-04-23 03:53:00,1104,P1020,S003,4,0.2,Debit Card,2023-04-23 05:32:00,2023-05-25 05:32:00
501939,2023-02-22 01:04:00,1029,P1072,S003,5,0.2,UPI,2023-02-22 02:40:00,2023-03-27 02:40:00
501940,2024-10-20 01:29:00,1091,P1134,S007,8,0.15,Wallet,2024-10-20 03:13:00,2024-12-08 03:13:00
501941,2023-10-22 01:46:00,1327,P1072,S009,1,0.15,Cash,2023-10-22 03:20:00,2023-11-05 03:20:00
501942,2025-06-25 19:18:00,1030,P1115,S005,7,0.15,Wallet,2025-06-25 20:58:00,2025-07-05 20:58:00
501943,2023-09-24 19:08:00,1285,P1024,S024,8,0.15,Cash,2023-09-24 20:36:00,2023-09-25 20:36:00
501944,2023-04-08 05:36:00,1309,P1018,S025,5,0.0,Cash,2023-04-08 08:35:00,2023-06-06 08:35:00
501945,2025-12-09 21:34:00,1497,P1050,S007,4,0.15,Credit Card,2025-12-09 22:41:00,2025-12-13 22:41:00
501946,2023-07-02 04:59:00,1367,P1044,S007,6,,upi,2023-07-02 06:19:00,2023-07-24 06:19:00
501947,2025-08-14 17:59:00,1006,P1053,S006,2,0.0,Net Banking,2025-08-14 18:19:00,2025-09-12 18:19:00
501948,2023-12-01 00:24:00,1385,P1109,S008,6,0.05,Cash,2023-12-01 00:52:00,2023-12-15 00:52:00
501949,2025-10-12 17:36:00,1063,P1049,S007,8,0.0,Wallet,2025-10-12 19:04:00,2025-11-05 19:04:00
501950,2026-01-21 09:19:00,1026,P1044,S019,6,0.0,Credit Card,2026-01-21 10:26:00,2026-02-27 10:26:00
501951,2025-03-21 09:32:00,1049,P1111,S009,5,0.0,Credit Card,2025-03-21 09:43:00,2025-05-12 09:43:00
501952,2025-07-14 06:43:00,1053,P1102,S016,2,0.05,Cash,2025-07-14 07:47:00,2025-09-05 07:47:00
501953,2025-10-20 21:32:00,1096,P1020,S001,3,0.0,Cash,2025-10-20 22:15:00,2025-12-17 22:15:00
501954,2026-01-03 05:06:00,1134,P1133,S014,3,0.2,Net Banking,2026-01-03 07:46:00,2026-01-15 07:46:00
501955,2024-11-27 23:53:00,1375,P1113,S008,7,0.05,Net Banking,2024-11-28 01:58:00,2025-01-17 01:58:00
501956,2024-05-12 03:54:00,1279,P1082,S014,1,0.1,Credit Card,2024-05-12 06:05:00,2024-05-23 06:05:00
501957,2026-03-18 14:47:00,1403,P1140,S024,7,0.15,Wallet,2026-03-18 14:52:00,2026-04-18 14:52:00
501958,2023-09-01 14:30:00,1207,P1128,S008,7,0.2,Credit Card,2023-09-01 17:29:00,2023-09-04 17:29:00
501959,2023-02-01 11:48:00,1277,P1037,S003,3,0.05,Credit Card,2023-02-01 11:48:00,2023-02-25 11:48:00
501960,2024-12-16 10:43:00,1202,P1094,S001,6,0.2,Cash,2024-12-16 11:23:00,2024-12-21 11:23:00
501961,2023-08-03 21:16:00,1077,P1019,S017,3,0.0,Net Banking,2023-08-03 22:59:00,2023-09-08 22:59:00
501962,2023-10-12 10:36:00,1387,P1011,S018,5,0.05,Cash,2023-10-12 12:17:00,2023-11-10 12:17:00
501963,2026-01-14 09:50:00,1009,P1041,S005,1,0.1,UPI,2026-01-14 12:09:00,2026-03-10 12:09:00
501964,2024-04-15 21:53:00,1500,P1065,S017,5,0.05,Debit Card,2024-04-16 00:11:00,2024-05-13 00:11:00
501965,2024-11-22 23:39:00,1323,P1017,S021,2,0.1,Debit Card,2024-11-23 01:50:00,2024-12-28 01:50:00
501966,2025-07-14 20:34:00,1493,P1010,S023,8,0.0,Debit Card,2025-07-14 22:43:00,2025-08-12 22:43:00
501967,2024-01-02 07:57:00,1230,P1100,S016,4,0.2,wallet,2024-01-02 10:16:00,2024-01-27 10:16:00
501968,2024-01-18 00:59:00,1141,P1098,S025,2,0.2,UPI,2024-01-18 03:36:00,2024-02-15 03:36:00
501969,2025-08-02 15:39:00,1197,P1139,S005,7,0.2,Cash,2025-08-02 17:55:00,2025-09-02 17:55:00
501970,2023-11-12 04:20:00,1101,P1127,S024,1,0.2,Debit Card,2023-11-12 06:32:00,2023-12-18 06:32:00
501971,2025-12-09 00:25:00,1350,P1061,S012,1,0.1,upi,2025-12-09 03:09:00,2025-12-20 03:09:00
501972,2025-01-08 12:24:00,1352,P1117,S019,1,0.0,Wallet,2025-01-08 15:02:00,2025-01-29 15:02:00
501973,2023-09-13 05:17:00,1399,P1088,S012,5,0.1,Credit Card,2023-09-13 07:35:00,2023-09-24 07:35:00
501974,2025-12-08 12:29:00,1101,P1036,S012,5,0.05,Wallet,2025-12-08 15:00:00,2026-01-02 15:00:00
501975,2024-05-20 20:08:00,1379,P1148,S009,7,0.05,Credit Card,2024-05-20 23:02:00,2024-06-23 23:02:00
501976,2026-01-23 18:59:00,1208,P1043,S009,2,0.1,Credit Card,2026-01-23 19:25:00,2026-02-13 19:25:00
501977,2025-12-27 10:46:00,1468,P1088,S013,3,0.2,Credit Card,2025-12-27 12:49:00,2026-01-07 12:49:00
501978,2025-04-06 18:14:00,1176,P1136,S020,6,0.0,Credit Card,2025-04-06 21:11:00,2025-04-20 21:11:00
501979,2025-10-30 03:35:00,1188,P1007,S021,8,0.2,Debit Card,2025-10-30 05:15:00,2025-11-22 05:15:00
501980,2025-03-02 17:20:00,1165,P1125,S025,5,0.1,Credit Card,2025-03-02 17:24:00,2025-04-10 17:24:00
501981,2023-01-16 06:19:00,1062,P1132,S019,2,0.0,Cash,2023-01-16 08:59:00,2023-02-24 08:59:00
501982,2025-09-18 05:03:00,1427,P1086,S019,4,0.1,UPI,2025-09-18 05:53:00,2025-10-21 05:53:00
501983,2023-06-26 11:13:00,1046,P1084,S010,8,0.0,Debit Card,2023-06-26 12:53:00,2023-07-15 12:53:00
501984,2024-11-02 06:06:00,1089,P1094,S020,4,0.15,CASH,2024-11-02 07:01:00,2024-12-18 07:01:00
501985,2025-12-10 03:15:00,1436,P1082,S002,1,0.2,Debit Card,2025-12-10 05:04:00,2026-01-07 05:04:00
501986,2023-11-03 22:55:00,1056,P1073,S025,2,0.0,Debit Card,2023-11-04 01:39:00,2023-12-25 01:39:00
501987,2023-12-30 14:24:00,1486,P1032,S023,8,0.2,UPI,2023-12-30 17:01:00,2024-02-01 17:01:00
501988,2023-09-27 15:00:00,1067,P1061,S017,6,0.15,CREDIT CARD,2023-09-27 16:09:00,2023-10-20 16:09:00
501989,2023-10-08 10:35:00,1030,P1084,S025,7,0.15,Net Banking,2023-10-08 12:24:00,2023-11-03 12:24:00
501990,2025-06-24 08:19:00,1253,P1087,S017,6,0.1,Net Banking,2025-06-24 09:01:00,2025-07-02 09:01:00
501991,2024-11-26 23:37:00,1408,P1082,S023,5,0.05,Net Banking,2024-11-27 01:25:00,2024-12-20 01:25:00
501992,2023-09-21 09:39:00,1416,P1110,S011,1,0.05,UPI,2023-09-21 10:09:00,2023-09-26 10:09:00
501993,2023-03-22 01:09:00,1328,P1059,S019,4,0.0,Credit Card,2023-03-22 02:27:00,2023-04-14 02:27:00
501994,2023-09-26 20:56:00,1167,P1082,S003,4,0.0,DEBIT CARD,2023-09-26 21:25:00,2023-11-16 21:25:00
501995,2024-11-27 15:02:00,1325,P1109,S018,3,0.0,Debit Card,2024-11-27 17:15:00,2024-12-10 17:15:00
501996,2024-09-13 09:54:00,1316,P1099,S013,8,0.05,Cash,2024-09-13 12:07:00,2024-10-16 12:07:00
501997,2024-03-30 13:28:00,1226,P1075,S021,7,0.05,Wallet,2024-03-30 16:11:00,2024-05-19 16:11:00
501998,2023-01-14 04:23:00,1361,P1043,S012,5,0.05,UPI,2023-01-14 06:34:00,2023-03-02 06:34:00
501999,2025-12-12 06:51:00,1279,P1028,S024,3,0.05,UPI,2025-12-12 07:35:00,2026-01-26 07:35:00
502000,2023-09-16 06:38:00,1431,P1002,S021,5,0.2,UPI,2023-09-16 07:14:00,2023-11-11 07:14:00
502001,2023-05-01 12:47:00,1047,P1134,S008,7,0.1,Cash,2023-05-01 12:49:00,2023-06-26 12:49:00
502002,2023-11-24 06:45:00,1177,P1007,S018,3,0.15,Cash,2023-11-24 09:06:00,2023-12-23 09:06:00
502003,2025-11-28 22:05:00,1091,P1047,S012,8,0.15,DEBIT CARD,2025-11-29 00:55:00,2025-12-28 00:55:00
502004,2024-06-17 23:23:00,1137,P1124,S005,7,0.05,Net Banking,2024-06-18 01:46:00,2024-07-28 01:46:00
502005,2023-03-08 10:09:00,1262,P1117,S013,4,0.0,Cash,2023-03-08 12:47:00,2023-03-13 12:47:00
502006,2023-04-19 17:55:00,1226,P1031,S021,8,0.05,UPI,2023-04-19 18:41:00,2023-06-03 18:41:00
502007,2025-07-25 21:13:00,1404,P1056,S019,3,0.0,Debit Card,2025-07-25 22:03:00,2025-08-22 22:03:00
502008,2024-01-08 05:09:00,1466,P1055,S024,7,0.05,UPI,2024-01-08 07:36:00,2024-02-13 07:36:00
502009,2025-05-24 10:42:00,1328,P1078,S008,3,0.05,Credit Card,2025-05-24 13:11:00,2025-05-28 13:11:00
502010,2024-10-27 20:23:00,1405,P1148,S018,4,0.1,Net Banking,2024-10-27 23:22:00,2024-11-11 23:22:00
502011,2024-09-22 08:26:00,1372,P1119,S024,8,0.05,Credit Card,2024-09-22 08:57:00,2024-10-23 08:57:00
502012,2025-03-16 09:15:00,1171,P1067,S009,8,0.2,Wallet,2025-03-16 09:20:00,2025-04-21 09:20:00
502013,2023-08-27 05:57:00,1423,P1150,S015,1,0.05,Net Banking,2023-08-27 07:51:00,2023-10-04 07:51:00
502014,2023-12-24 14:04:00,1170,P1064,S022,8,0.2,Cash,2023-12-24 14:45:00,2023-12-27 14:45:00
502015,2023-08-19 06:31:00,1297,P1143,S017,4,0.05,Credit Card,2023-08-19 07:54:00,2023-08-27 07:54:00
502016,2023-02-27 21:48:00,1407,P1094,S013,1,0.2,Credit Card,2023-02-27 22:13:00,2023-03-07 22:13:00
502017,2023-12-21 01:56:00,1390,P1142,S016,8,0.2,Net Banking,2023-12-21 02:07:00,2024-01-06 02:07:00
502018,2025-11-02 18:28:00,1108,P1096,S022,6,0.05,Credit Card,2025-11-02 19:57:00,2025-12-15 19:57:00
502019,2025-12-31 12:59:00,1429,P1011,S007,1,0.1,Debit Card,2025-12-31 13:14:00,2026-02-20 13:14:00
502020,2024-04-28 12:41:00,1294,P1147,S011,2,0.15,UPI,2024-04-28 13:01:00,2024-06-19 13:01:00
502021,2024-12-11 05:13:00,1476,P1024,S001,3,0.2,Credit Card,2024-12-11 07:39:00,2025-02-06 07:39:00
502022,2024-12-14 21:01:00,1102,P1123,S009,4,0.0,Net Banking,2024-12-14 21:24:00,2025-01-02 21:24:00
502023,2024-02-07 00:36:00,1043,P1054,S022,8,0.0,Net Banking,2024-02-07 02:22:00,2024-03-08 02:22:00
502024,2023-08-24 04:25:00,1078,P1039,S004,4,0.05,UPI,2023-08-24 04:37:00,2023-10-03 04:37:00
502025,2025-07-31 13:29:00,1028,P1030,S020,2,0.0,UPI,2025-07-31 16:18:00,2025-08-08 16:18:00
502026,2025-02-22 12:06:00,1093,P1011,S004,1,0.15,Credit Card,2025-02-22 12:39:00,2025-04-21 12:39:00
502027,2024-12-03 21:47:00,1225,P1064,S007,4,0.0,Debit Card,2024-12-04 00:02:00,2025-01-21 00:02:00
502028,2026-03-17 06:27:00,1107,P1138,S001,3,0.15,Wallet,2026-03-17 08:04:00,2026-04-07 08:04:00
502029,2024-09-09 16:06:00,1402,P1073,S006,2,0.0,Debit Card,2024-09-09 16:44:00,2024-10-27 16:44:00
502030,2023-02-16 17:43:00,1269,P1036,S011,1,0.2,Wallet,2023-02-16 19:24:00,2023-03-28 19:24:00
502031,2024-10-30 04:09:00,1193,P1033,S001,4,,Debit Card,2024-10-30 06:41:00,2024-11-17 06:41:00
502032,2025-02-18 02:51:00,1413,P1055,S023,6,0.05,Wallet,2025-02-18 05:38:00,2025-02-18 05:38:00
502033,2025-10-13 00:49:00,1497,P1117,S004,3,0.1,Credit Card,2025-10-13 01:13:00,2025-10-27 01:13:00
502034,2025-05-18 11:35:00,1188,P1100,S010,3,0.05,UPI,2025-05-18 12:58:00,2025-06-21 12:58:00
502035,2024-06-15 02:56:00,1073,P1124,S002,7,0.0,Debit Card,2024-06-15 03:35:00,2024-06-16 03:35:00
502036,2023-11-28 15:14:00,1143,P1016,S006,1,0.15,Wallet,2023-11-28 17:36:00,2023-12-29 17:36:00
502037,2023-06-24 13:27:00,1212,P1059,S005,3,,Net Banking,2023-06-24 15:58:00,2023-06-25 15:58:00
502038,2023-08-08 10:20:00,1443,P1041,S022,1,0.05,Wallet,2023-08-08 11:26:00,2023-10-07 11:26:00
502039,2024-08-07 01:15:00,1009,P1093,S013,8,0.2,Wallet,2024-08-07 01:30:00,2024-08-14 01:30:00
502040,2025-07-13 11:27:00,1034,P1095,S015,6,0.1,Debit Card,2025-07-13 12:45:00,2025-08-21 12:45:00
502041,2025-05-20 05:15:00,1431,P1028,S005,5,0.15,Cash,2025-05-20 06:19:00,2025-06-19 06:19:00
502042,2023-01-06 03:02:00,1394,P1031,S017,2,0.0,Credit Card,2023-01-06 05:24:00,2023-01-09 05:24:00
502043,2023-02-24 23:50:00,1118,P1026,S015,7,0.1,UPI,2023-02-25 01:35:00,2023-04-01 01:35:00
502044,2025-09-28 05:27:00,1279,P1004,S017,2,0.1,Cash,2025-09-28 07:39:00,2025-09-30 07:39:00
502045,2023-08-08 04:37:00,1369,P1028,S011,1,0.15,UPI,2023-08-08 04:44:00,2023-10-02 04:44:00
502046,2024-02-05 16:02:00,1053,P1064,S002,8,0.05,Debit Card,2024-02-05 17:46:00,2024-03-04 17:46:00
502047,2023-06-13 01:52:00,1497,P1136,S009,8,0.1,Credit Card,2023-06-13 03:05:00,2023-07-06 03:05:00
502048,2025-03-31 05:07:00,1013,P1005,S019,7,0.05,Debit Card,2025-03-31 08:07:00,2025-04-12 08:07:00
502049,2025-12-24 16:43:00,1219,P1110,S020,5,0.15,UPI,2025-12-24 18:13:00,2026-01-21 18:13:00
502050,2024-02-23 03:35:00,1102,P1052,S020,7,0.05,Cash,2024-02-23 03:36:00,2024-03-15 03:36:00
502051,2024-06-04 13:56:00,1422,P1039,S003,6,0.2,UPI,2024-06-04 15:36:00,2024-07-01 15:36:00
502052,2025-12-10 07:53:00,1438,P1122,S001,1,0.0,Debit Card,2025-12-10 08:28:00,2026-01-23 08:28:00
502053,2025-04-05 13:27:00,1495,P1085,S021,1,0.0,UPI,2025-04-05 13:52:00,2025-04-24 13:52:00
502054,2023-04-14 14:37:00,1240,P1032,S009,1,0.0,Wallet,2023-04-14 16:41:00,2023-05-26 16:41:00
502055,2024-06-21 18:15:00,1483,P1142,S003,5,0.2,UPI,2024-06-21 20:34:00,2024-08-09 20:34:00
502056,2024-10-07 07:42:00,1402,P1045,S002,5,0.2,Net Banking,2024-10-07 07:58:00,2024-10-27 07:58:00
502057,2025-10-24 01:51:00,1332,P1128,S013,8,0.05,Wallet,2025-10-24 04:21:00,2025-11-12 04:21:00
502058,2023-05-14 06:29:00,1351,P1031,S014,7,0.2,Net Banking,2023-05-14 09:00:00,2023-06-11 09:00:00
502059,2024-08-22 03:26:00,1077,P1056,S016,5,0.0,Cash,2024-08-22 05:03:00,2024-08-28 05:03:00
502060,2025-09-09 18:17:00,1426,P1045,S025,6,0.15,Credit Card,2025-09-09 19:20:00,2025-09-23 19:20:00
502061,2024-03-07 23:44:00,1303,P1075,S019,2,0.2,Cash,2024-03-08 01:55:00,2024-04-19 01:55:00
502062,2023-01-31 02:45:00,1453,P1111,S022,3,0.0,Credit Card,2023-01-31 03:52:00,2023-02-10 03:52:00
502063,2025-08-14 01:32:00,1463,P1139,S006,2,0.0,Cash,2025-08-14 03:29:00,2025-10-05 03:29:00
502064,2023-04-23 05:42:00,1015,P1067,S004,2,0.05,Debit Card,2023-04-23 08:32:00,2023-06-04 08:32:00
502065,2026-03-16 16:38:00,1400,P1150,S015,3,0.0,UPI,2026-03-16 18:47:00,2026-05-11 18:47:00
502066,2025-06-29 00:46:00,1321,P1075,S022,1,0.0,Net Banking,2025-06-29 03:03:00,2025-07-31 03:03:00
502067,2025-03-28 08:19:00,1083,P1031,S015,6,0.2,Net Banking,2025-03-28 10:35:00,2025-04-05 10:35:00
502068,2024-04-22 18:28:00,1225,P1003,S018,3,0.0,UPI,2024-04-22 20:37:00,2024-05-15 20:37:00
502069,2024-06-15 17:02:00,1164,P1122,S022,2,0.05,Credit Card,2024-06-15 18:49:00,2024-07-15 18:49:00
502070,2025-02-17 18:05:00,1207,P1024,S025,2,0.05,Net Banking,2025-02-17 19:21:00,2025-03-27 19:21:00
502071,2025-10-20 21:52:00,1406,P1043,S020,7,0.2,Net Banking,2025-10-21 00:23:00,2025-11-07 00:23:00
502072,2023-11-05 14:46:00,1483,P1123,S022,1,0.1,UPI,2023-11-05 16:26:00,2023-12-12 16:26:00
502073,2024-12-27 07:45:00,1464,P1023,S019,7,0.0,Debit Card,2024-12-27 08:15:00,2025-01-12 08:15:00
502074,2025-05-24 01:31:00,1128,P1046,S016,5,,Net Banking,2025-05-24 03:52:00,2025-07-04 03:52:00
502075,2024-04-04 10:46:00,1055,P1118,S019,7,0.05,Debit Card,2024-04-04 12:22:00,2024-04-26 12:22:00
502076,2023-04-03 19:59:00,1328,P1073,S020,7,0.15,net banking,2023-04-03 21:46:00,2023-05-17 21:46:00
502077,2024-05-24 23:16:00,1014,P1069,S015,5,0.05,UPI,2024-05-25 01:52:00,2024-06-21 01:52:00
502078,2025-06-28 00:09:00,1053,P1099,S005,3,0.1,Net Banking,2025-06-28 02:32:00,2025-07-19 02:32:00
502079,2024-05-12 20:26:00,1280,P1033,S001,4,0.1,Net Banking,2024-05-12 21:36:00,2024-06-15 21:36:00
502080,2025-03-30 17:44:00,1315,P1011,S014,3,0.1,Cash,2025-03-30 19:52:00,2025-04-13 19:52:00
502081,2025-09-09 04:48:00,1309,P1148,S003,7,0.0,Net Banking,2025-09-09 07:02:00,2025-10-07 07:02:00
502082,2023-05-10 02:19:00,1425,P1029,S019,4,0.1,Wallet,2023-05-10 02:37:00,2023-05-23 02:37:00
502083,2023-12-01 06:45:00,1120,P1055,S016,7,0.0,Debit Card,2023-12-01 08:29:00,2023-12-07 08:29:00
502084,2024-01-18 07:02:00,1285,P1131,S004,7,0.1,Wallet,2024-01-18 08:07:00,2024-02-07 08:07:00
502085,2023-02-14 05:23:00,1155,P1127,S005,5,0.0,Net Banking,2023-02-14 06:34:00,2023-04-03 06:34:00
502086,2023-07-19 13:20:00,1447,P1050,S023,5,0.1,UPI,2023-07-19 16:06:00,2023-07-21 16:06:00
502087,2026-03-07 13:25:00,1387,P1124,S024,2,0.2,Credit Card,2026-03-07 13:41:00,2026-04-06 13:41:00
502088,2024-06-13 19:34:00,1280,P1011,S018,1,0.15,Cash,2024-06-13 22:00:00,2024-07-31 22:00:00
502089,2026-02-02 04:06:00,1227,P1070,S014,2,0.05,Debit Card,2026-02-02 05:15:00,2026-02-07 05:15:00
502090,2024-01-14 12:40:00,1136,P1140,S014,4,0.2,Cash,2024-01-14 14:16:00,2024-03-14 14:16:00
502091,2026-01-30 14:19:00,1291,P1080,S023,2,0.1,Debit Card,2026-01-30 16:28:00,2026-02-23 16:28:00
502092,2024-06-18 10:51:00,1057,P1032,S020,3,0.2,Wallet,2024-06-18 13:39:00,2024-06-21 13:39:00
502093,2024-01-05 01:54:00,1245,P1093,S008,7,0.0,Debit Card,2024-01-05 04:49:00,2024-02-23 04:49:00
502094,2023-08-21 02:30:00,1350,P1016,S008,7,0.05,Cash,2023-08-21 02:50:00,2023-09-17 02:50:00
502095,2024-10-05 07:26:00,1052,P1132,S019,5,0.1,Debit Card,2024-10-05 10:11:00,2024-10-13 10:11:00
502096,2023-04-25 12:31:00,1013,P1147,S010,3,0.1,Net Banking,2023-04-25 12:32:00,2023-04-28 12:32:00
502097,2024-05-27 05:03:00,1193,P1097,S022,5,0.2,Net Banking,2024-05-27 06:18:00,2024-07-24 06:18:00
502098,2025-06-09 13:31:00,1168,P1112,S009,3,0.0,Debit Card,2025-06-09 15:16:00,2025-06-12 15:16:00
502099,2024-10-06 13:55:00,1388,P1114,S011,1,0.2,Cash,2024-10-06 15:28:00,2024-11-06 15:28:00
502100,2024-09-23 10:14:00,1260,P1008,S014,3,0.05,Debit Card,2024-09-23 11:03:00,2024-11-12 11:03:00
502101,2024-06-12 12:56:00,1067,P1048,S025,7,0.1,Wallet,2024-06-12 14:33:00,2024-08-01 14:33:00
502102,2024-08-15 01:06:00,1172,P1089,S008,1,,Wallet,2024-08-15 02:47:00,2024-09-24 02:47:00
502103,2025-05-21 05:54:00,1090,P1039,S010,3,0.15,Cash,2025-05-21 06:41:00,2025-05-28 06:41:00
502104,2025-09-06 22:42:00,1206,P1035,S025,6,0.2,UPI,2025-09-07 00:43:00,2025-09-26 00:43:00
502105,2025-03-10 00:06:00,1144,P1026,S003,6,0.2,Debit Card,2025-03-10 00:26:00,2025-03-21 00:26:00
502106,2025-12-28 16:40:00,1004,P1138,S001,2,0.15,Net Banking,2025-12-28 18:19:00,2025-12-31 18:19:00
502107,2025-11-23 12:30:00,1066,P1051,S003,3,0.2,Net Banking,2025-11-23 14:36:00,2025-12-28 14:36:00
502108,2025-01-03 14:59:00,1411,P1070,S015,3,0.15,Debit Card,2025-01-03 15:02:00,2025-03-03 15:02:00
502109,2023-12-03 20:51:00,1076,P1029,S006,1,0.05,Net Banking,2023-12-03 22:39:00,2023-12-07 22:39:00
502110,2024-05-29 07:47:00,1117,P1111,S012,7,0.2,UPI,2024-05-29 09:49:00,2024-06-19 09:49:00
502111,2025-08-02 17:22:00,1189,P1068,S017,3,0.1,Credit Card,2025-08-02 20:04:00,2025-08-12 20:04:00
502112,2023-09-10 21:35:00,1120,P1129,S011,5,0.1,Debit Card,2023-09-11 00:32:00,2023-10-29 00:32:00
502113,2023-04-07 01:43:00,1157,P1095,S010,8,0.1,Wallet,2023-04-07 03:32:00,2023-04-23 03:32:00
502114,2023-10-26 06:54:00,1072,P1050,S005,8,0.1,Net Banking,2023-10-26 07:13:00,2023-11-02 07:13:00
502115,2025-10-03 21:39:00,1225,P1102,S025,4,,Wallet,2025-10-03 22:00:00,2025-10-31 22:00:00
502116,2024-08-24 20:41:00,1086,P1126,S006,1,0.05,Net Banking,2024-08-24 23:34:00,2024-10-10 23:34:00
502117,2026-01-08 12:43:00,1038,P1122,S012,1,0.2,UPI,2026-01-08 13:26:00,2026-03-01 13:26:00
502118,2023-05-18 19:50:00,1424,P1011,S009,6,0.05,UPI,2023-05-18 21:29:00,2023-06-02 21:29:00
502119,2025-03-02 19:50:00,1369,P1140,S017,3,0.1,Net Banking,2025-03-02 20:48:00,2025-03-22 20:48:00
502120,2024-04-14 10:54:00,1157,P1004,S002,2,0.2,UPI,2024-04-14 11:52:00,2024-06-09 11:52:00
502121,2025-03-22 14:30:00,1264,P1018,S014,6,0.05,Debit Card,2025-03-22 16:39:00,2025-04-09 16:39:00
502122,2024-06-04 08:58:00,1134,P1068,S014,1,0.2,Credit Card,2024-06-04 11:49:00,2024-06-27 11:49:00
502123,2025-12-31 11:44:00,1309,P1056,S015,2,0.0,Wallet,2025-12-31 12:00:00,2026-01-30 12:00:00
502124,2024-10-18 07:41:00,1076,P1138,S015,5,0.2,Wallet,2024-10-18 10:13:00,2024-10-25 10:13:00
502125,2025-03-01 19:36:00,1301,P1136,S017,3,0.2,UPI,2025-03-01 22:04:00,2025-03-28 22:04:00
502126,2024-09-18 10:30:00,1069,P1123,S004,5,0.15,Wallet,2024-09-18 12:58:00,2024-11-01 12:58:00
502127,2023-10-09 08:24:00,1415,P1023,S024,7,0.1,Credit Card,2023-10-09 09:23:00,2023-10-11 09:23:00
502128,2024-07-02 04:57:00,1286,P1058,S019,8,0.05,Net Banking,2024-07-02 05:49:00,2024-08-24 05:49:00
502129,2024-04-27 07:36:00,1500,P1029,S021,8,0.0,Cash,2024-04-27 08:02:00,2024-05-06 08:02:00
502130,2023-11-18 18:13:00,1444,P1132,S002,4,0.05,Credit Card,2023-11-18 18:57:00,2023-12-21 18:57:00
502131,2023-09-06 01:52:00,1095,P1059,S006,1,0.0,UPI,2023-09-06 02:21:00,2023-09-06 02:21:00
502132,2025-12-05 12:29:00,1059,P1012,S001,8,0.15,UPI,2025-12-05 14:20:00,2025-12-29 14:20:00
502133,2023-01-23 17:05:00,1191,P1099,S003,5,0.0,Wallet,2023-01-23 18:20:00,2023-02-04 18:20:00
502134,2024-04-26 17:18:00,1125,P1022,S019,1,0.15,Debit Card,2024-04-26 18:39:00,2024-06-06 18:39:00
502135,2025-05-12 17:41:00,1162,P1080,S014,6,0.0,UPI,2025-05-12 18:16:00,2025-05-24 18:16:00
502136,2023-01-08 06:46:00,1428,P1104,S006,1,0.1,Debit Card,2023-01-08 06:50:00,2023-02-06 06:50:00
502137,2024-11-05 23:37:00,1428,P1020,S011,1,0.0,Cash,2024-11-06 01:14:00,2024-12-04 01:14:00
502138,2025-06-05 21:24:00,1048,P1019,S001,7,0.1,Debit Card,2025-06-05 23:12:00,2025-06-22 23:12:00
502139,2023-06-27 22:05:00,1457,P1058,S010,1,0.15,Net Banking,2023-06-28 01:05:00,2023-08-20 01:05:00
502140,2024-10-25 03:25:00,1473,P1069,S025,8,0.0,NET BANKING,2024-10-25 06:02:00,2024-12-16 06:02:00
502141,2023-01-31 11:49:00,1100,P1111,S014,4,,Net Banking,2023-01-31 14:12:00,2023-03-20 14:12:00
502142,2023-10-16 12:34:00,1319,P1104,S006,7,0.2,Cash,2023-10-16 14:59:00,2023-11-21 14:59:00
502143,2023-02-01 16:14:00,1286,P1143,S017,2,0.15,Net Banking,2023-02-01 18:32:00,2023-02-28 18:32:00
502144,2025-09-20 19:04:00,1190,P1110,S006,6,0.15,UPI,2025-09-20 20:37:00,2025-09-21 20:37:00
502145,2026-03-12 14:57:00,1355,P1061,S005,1,0.0,Credit Card,2026-03-12 16:33:00,2026-03-13 16:33:00
502146,2025-06-02 22:48:00,1435,P1134,S019,3,0.15,UPI,2025-06-03 00:19:00,2025-07-02 00:19:00
502147,2024-09-11 02:35:00,1484,P1147,S012,3,0.0,Cash,2024-09-11 02:36:00,2024-10-29 02:36:00
502148,2025-01-09 10:32:00,1236,P1125,S015,5,0.0,WALLET,2025-01-09 11:52:00,2025-01-16 11:52:00
502149,2023-10-10 15:18:00,1095,P1020,S004,3,0.1,UPI,2023-10-10 16:56:00,2023-11-17 16:56:00
502150,2025-04-04 04:27:00,1084,P1037,S020,8,0.1,Net Banking,2025-04-04 05:35:00,2025-04-15 05:35:00
502151,2023-06-02 14:03:00,1375,P1094,S009,3,0.0,NET BANKING,2023-06-02 15:10:00,2023-07-18 15:10:00
502152,2024-12-10 21:18:00,1427,P1012,S011,7,0.2,credit card,2024-12-10 22:53:00,2025-01-10 22:53:00
502153,2023-01-06 18:09:00,1446,P1094,S016,1,0.2,UPI,2023-01-06 18:41:00,2023-03-01 18:41:00
502154,2023-04-12 02:40:00,1474,P1088,S014,5,0.0,Cash,2023-04-12 04:22:00,2023-04-26 04:22:00
502155,2023-12-18 06:52:00,1434,P1121,S006,3,0.2,Net Banking,2023-12-18 07:26:00,2024-01-04 07:26:00
502156,2024-11-02 23:56:00,1030,P1023,S016,3,0.05,Wallet,2024-11-03 01:07:00,2024-11-03 01:07:00
502157,2024-06-20 22:28:00,1070,P1108,S003,7,0.2,DEBIT CARD,2024-06-20 23:29:00,2024-06-25 23:29:00
502158,2023-01-13 15:04:00,1180,P1144,S021,1,0.0,UPI,2023-01-13 15:19:00,2023-03-04 15:19:00
502159,2026-03-22 11:00:00,1433,P1119,S004,2,0.1,Credit Card,2026-03-22 13:36:00,2026-04-02 13:36:00
502160,2025-05-25 02:47:00,1186,P1059,S015,1,0.2,Credit Card,2025-05-25 02:58:00,2025-07-11 02:58:00
502161,2024-02-13 01:02:00,1415,P1111,S019,6,0.0,UPI,2024-02-13 03:00:00,2024-02-17 03:00:00
502162,2025-09-17 08:57:00,1335,P1023,S017,5,0.2,Wallet,2025-09-17 11:56:00,2025-11-09 11:56:00
502163,2024-11-01 22:18:00,1331,P1037,S019,8,0.15,Net Banking,2024-11-01 23:16:00,2024-12-22 23:16:00
502164,2026-02-11 18:13:00,1068,P1066,S009,8,0.0,Cash,2026-02-11 19:58:00,2026-03-05 19:58:00
502165,2023-06-30 19:50:00,1073,P1122,S007,5,0.2,UPI,2023-06-30 22:01:00,2023-08-28 22:01:00
502166,2024-03-12 23:49:00,1133,P1086,S002,3,0.1,Net Banking,2024-03-13 00:07:00,2024-03-15 00:07:00
502167,2025-04-05 07:43:00,1240,P1076,S007,6,0.15,debit card,2025-04-05 08:29:00,2025-04-09 08:29:00
502168,2025-12-09 07:21:00,1272,P1016,S013,5,0.2,Cash,2025-12-09 07:59:00,2026-01-04 07:59:00
502169,2023-03-21 23:27:00,1302,P1141,S008,5,0.1,Net Banking,2023-03-22 01:21:00,2023-04-03 01:21:00
502170,2025-10-27 06:35:00,1163,P1059,S013,5,0.15,Credit Card,2025-10-27 07:52:00,2025-11-07 07:52:00
502171,2026-01-11 01:21:00,1229,P1114,S009,1,0.15,Debit Card,2026-01-11 02:46:00,2026-01-14 02:46:00
502172,2025-07-08 19:21:00,1187,P1102,S006,4,0.2,Credit Card,2025-07-08 20:51:00,2025-07-13 20:51:00
502173,2023-01-20 19:02:00,1171,P1084,S004,1,0.15,Wallet,2023-01-20 21:20:00,2023-03-20 21:20:00
502174,2024-09-25 23:01:00,1053,P1060,S004,2,0.0,Cash,2024-09-26 01:51:00,2024-11-03 01:51:00
502175,2025-11-05 12:06:00,1010,P1037,S011,5,0.15,Wallet,2025-11-05 14:39:00,2025-12-18 14:39:00
502176,2025-03-07 01:43:00,1087,P1007,S013,6,0.05,Debit Card,2025-03-07 04:42:00,2025-03-18 04:42:00
502177,2024-07-02 22:05:00,1001,P1022,S022,3,0.05,Cash,2024-07-03 00:59:00,2024-07-14 00:59:00
502178,2024-10-04 18:22:00,1081,P1107,S025,1,0.0,Debit Card,2024-10-04 18:37:00,2024-10-04 18:37:00
502179,2023-08-16 10:13:00,1450,P1089,S021,5,0.15,Wallet,2023-08-16 10:59:00,2023-10-13 10:59:00
502180,2024-11-26 01:28:00,1490,P1127,S004,8,0.05,Credit Card,2024-11-26 02:40:00,2024-11-28 02:40:00
502181,2025-08-07 19:35:00,1182,P1094,S021,1,0.05,Wallet,2025-08-07 19:47:00,2025-10-05 19:47:00
502182,2023-05-15 01:00:00,1491,P1056,S010,1,0.05,Wallet,2023-05-15 02:40:00,2023-06-02 02:40:00
502183,2026-03-31 03:00:00,1065,P1009,S007,7,0.0,Net Banking,2026-03-31 04:11:00,2026-04-22 04:11:00
502184,2024-08-05 02:04:00,1321,P1025,S008,6,0.2,Net Banking,2024-08-05 04:22:00,2024-08-24 04:22:00
502185,2023-12-23 17:22:00,1385,P1063,S012,6,0.05,UPI,2023-12-23 18:50:00,2024-02-09 18:50:00
502186,2025-01-10 12:04:00,1209,P1125,S019,1,0.0,Cash,2025-01-10 12:12:00,2025-01-13 12:12:00
502187,2026-03-15 13:58:00,1038,P1140,S013,8,0.15,Debit Card,2026-03-15 16:18:00,2026-03-18 16:18:00
502188,2023-04-01 22:57:00,1257,P1069,S023,3,0.05,Wallet,2023-04-01 23:58:00,2023-05-01 23:58:00
502189,2024-02-01 18:54:00,1298,P1096,S008,1,0.0,Cash,2024-02-01 20:07:00,2024-02-20 20:07:00
502190,2025-10-02 14:24:00,1168,P1003,S007,3,0.1,UPI,2025-10-02 15:04:00,2025-10-23 15:04:00
502191,2023-05-30 15:13:00,1131,P1034,S013,3,0.1,UPI,2023-05-30 16:50:00,2023-06-19 16:50:00
502192,2025-07-29 17:16:00,1032,P1048,S022,3,0.05,Credit Card,2025-07-29 18:03:00,2025-09-04 18:03:00
502193,2024-09-22 10:54:00,1008,P1009,S019,1,0.15,Wallet,2024-09-22 11:18:00,2024-09-26 11:18:00
502194,2023-04-06 11:15:00,1392,P1139,S018,7,0.2,Debit Card,2023-04-06 11:16:00,2023-05-16 11:16:00
502195,2024-05-12 00:09:00,1197,P1101,S015,4,0.05,Net Banking,2024-05-12 00:38:00,2024-05-17 00:38:00
502196,2023-01-14 09:57:00,1491,P1117,S011,8,0.1,Net Banking,2023-01-14 12:50:00,2023-02-04 12:50:00
502197,2024-01-17 02:10:00,1304,P1109,S010,3,0.15,UPI,2024-01-17 04:41:00,2024-03-04 04:41:00
502198,2024-04-17 07:26:00,1452,P1046,S001,-1,0.15,Debit Card,2024-04-17 10:17:00,2024-06-07 10:17:00
502199,2024-12-25 16:11:00,1237,P1119,S001,3,0.0,Cash,2024-12-25 16:30:00,2025-01-10 16:30:00
502200,2023-08-23 02:51:00,1083,P1058,S023,1,0.05,Credit Card,2023-08-23 04:19:00,2023-10-15 04:19:00
502201,2025-06-02 22:10:00,1408,P1044,S003,6,0.2,UPI,2025-06-02 22:35:00,2025-07-13 22:35:00
502202,2025-12-05 18:58:00,1003,P1094,S019,2,0.15,UPI,2025-12-05 21:03:00,2026-01-20 21:03:00
502203,2023-08-18 16:27:00,1191,P1086,S018,2,0.2,Debit Card,2023-08-18 17:21:00,2023-09-21 17:21:00
502204,2026-03-11 23:29:00,1086,P1025,S013,1,0.0,Debit Card,2026-03-12 02:25:00,2026-04-11 02:25:00
502205,2024-04-29 15:34:00,1440,P1056,S003,7,0.2,Credit Card,2024-04-29 18:33:00,2024-06-06 18:33:00
502206,2025-11-07 18:30:00,1261,P1071,S011,5,0.0,Wallet,2025-11-07 19:14:00,2025-12-28 19:14:00
502207,2023-07-16 16:08:00,1387,P1123,S006,1,0.0,Credit Card,2023-07-16 16:51:00,2023-08-31 16:51:00
502208,2026-02-02 06:39:00,1066,P1059,S005,3,0.0,Debit Card,2026-02-02 07:54:00,2026-03-08 07:54:00
502209,2023-07-01 08:17:00,1336,P1055,S024,3,0.2,wallet,2023-07-01 10:21:00,2023-07-18 10:21:00
502210,2023-08-13 02:26:00,1309,P1051,S023,1,0.05,Wallet,2023-08-13 03:58:00,2023-09-18 03:58:00
502211,2023-01-27 04:02:00,1026,P1071,S023,3,0.05,Credit Card,2023-01-27 06:44:00,2023-02-09 06:44:00
502212,2023-09-25 22:28:00,1436,P1033,S023,2,0.05,Debit Card,2023-09-26 00:35:00,2023-10-18 00:35:00
502213,2024-02-02 01:57:00,1048,P1107,S011,1,0.15,Debit Card,2024-02-02 02:30:00,2024-03-05 02:30:00
502214,2025-03-21 06:00:00,1030,P1089,S023,4,0.15,Cash,2025-03-21 08:54:00,2025-05-12 08:54:00
502215,2025-07-30 11:25:00,1313,P1138,S008,3,0.0,Wallet,2025-07-30 13:54:00,2025-08-05 13:54:00
502216,2023-02-16 20:10:00,1213,P1019,S016,5,0.15,Net Banking,2023-02-16 22:43:00,2023-02-21 22:43:00
502217,2023-03-25 05:37:00,1062,P1008,S009,4,0.2,Debit Card,2023-03-25 07:52:00,2023-04-07 07:52:00
502218,2023-05-17 19:24:00,1078,P1146,S003,4,0.0,Cash,2023-05-17 21:04:00,2023-05-27 21:04:00
502219,2025-09-24 00:32:00,1208,P1143,S012,7,0.15,Cash,2025-09-24 00:46:00,2025-10-17 00:46:00
502220,2023-03-25 12:14:00,1477,P1040,S003,7,0.1,Debit Card,2023-03-25 15:13:00,2023-04-19 15:13:00
502221,2023-05-04 09:37:00,1391,P1066,S010,1,0.15,Cash,2023-05-04 10:50:00,2023-06-22 10:50:00
502222,2025-03-12 06:43:00,1395,P1049,S023,4,0.2,Cash,2025-03-12 08:01:00,2025-04-19 08:01:00
502223,2024-12-05 00:19:00,1193,P1043,S015,4,0.05,Credit Card,2024-12-05 03:04:00,2025-01-12 03:04:00
502224,2025-02-28 04:27:00,1152,P1038,S009,4,0.15,Wallet,2025-02-28 04:57:00,2025-03-05 04:57:00
502225,2023-10-09 23:21:00,1357,P1083,S009,3,0.0,Wallet,2023-10-10 02:08:00,2023-11-14 02:08:00
502226,2025-11-20 16:40:00,1377,P1127,S020,2,0.2,Cash,2025-11-20 16:50:00,2025-12-24 16:50:00
502227,2023-10-30 20:15:00,1421,P1022,S022,7,0.1,Credit Card,2023-10-30 21:34:00,2023-12-27 21:34:00
502228,2024-02-16 17:21:00,1069,P1073,S015,3,0.1,WALLET,2024-02-16 18:22:00,2024-04-12 18:22:00
502229,2023-04-28 11:34:00,1126,P1067,S007,1,0.05,UPI,2023-04-28 12:34:00,2023-05-12 12:34:00
502230,2023-06-11 22:53:00,1343,P1136,S016,7,0.0,Debit Card,2023-06-12 00:26:00,2023-08-05 00:26:00
502231,2024-06-30 11:55:00,1373,P1100,S023,5,0.15,Debit Card,2024-06-30 13:54:00,2024-08-18 13:54:00
502232,2025-07-17 12:37:00,1396,P1086,S007,6,0.05,Cash,2025-07-17 13:45:00,2025-09-01 13:45:00
502233,2025-01-29 18:30:00,1198,P1129,S013,2,0.15,Credit Card,2025-01-29 19:39:00,2025-02-23 19:39:00
502234,2024-07-28 04:05:00,1147,P1095,S001,1,0.2,Debit Card,2024-07-28 04:50:00,2024-08-18 04:50:00
502235,2024-09-19 16:05:00,1390,P1103,S020,3,0.1,Debit Card,2024-09-19 17:32:00,2024-09-30 17:32:00
502236,2026-03-25 12:25:00,1229,P1047,S004,4,0.0,Cash,2026-03-25 13:42:00,2026-05-18 13:42:00
502237,2024-07-19 04:15:00,1368,P1031,S009,3,0.15,UPI,2024-07-19 05:49:00,2024-09-06 05:49:00
502238,2024-08-08 01:42:00,1279,P1150,S007,4,0.05,Cash,2024-08-08 02:49:00,2024-09-18 02:49:00
502239,2023-08-27 09:49:00,1159,P1055,S023,1,0.15,Net Banking,2023-08-27 11:10:00,2023-10-22 11:10:00
502240,2025-04-25 07:42:00,1054,P1005,S001,2,0.15,Net Banking,2025-04-25 09:39:00,2025-05-09 09:39:00
502241,2024-12-30 05:09:00,1189,P1141,S015,2,0.2,Debit Card,2024-12-30 05:39:00,2025-01-04 05:39:00
502242,2024-10-13 05:13:00,1497,P1072,S024,3,0.15,Net Banking,2024-10-13 06:45:00,2024-12-04 06:45:00
502243,2025-08-01 08:17:00,1456,P1128,S002,2,0.15,Credit Card,2025-08-01 11:11:00,2025-09-11 11:11:00
502244,2023-12-02 20:59:00,1355,P1136,S014,6,0.05,Credit Card,2023-12-02 23:52:00,2023-12-03 23:52:00
502245,2025-06-29 14:28:00,1221,P1103,S022,6,0.15,Credit Card,2025-06-29 15:01:00,2025-08-04 15:01:00
502246,2024-02-04 14:00:00,1467,P1016,S021,1,0.1,Credit Card,2024-02-04 14:28:00,2024-02-21 14:28:00
502247,2025-06-18 17:04:00,1480,P1095,S011,1,0.0,UPI,2025-06-18 17:10:00,2025-08-16 17:10:00
502248,2023-11-08 15:54:00,1374,P1033,S003,5,0.05,Debit Card,2023-11-08 18:48:00,2023-11-19 18:48:00
502249,2025-08-06 21:54:00,1218,P1007,S020,5,0.05,Net Banking,2025-08-06 22:43:00,2025-08-13 22:43:00
502250,2023-09-10 06:48:00,1413,P1023,S016,3,0.0,Credit Card,2023-09-10 08:29:00,2023-10-13 08:29:00
502251,2023-09-07 06:24:00,1180,P1040,S017,7,0.05,Wallet,2023-09-07 09:03:00,2023-09-29 09:03:00
502252,2023-02-24 19:41:00,1372,P1125,S008,6,0.05,Wallet,2023-02-24 20:28:00,2023-04-01 20:28:00
502253,2025-02-03 19:22:00,1110,P1061,S005,3,0.05,Wallet,2025-02-03 22:10:00,2025-03-18 22:10:00
502254,2025-06-25 07:44:00,1458,P1134,S020,3,0.0,Debit Card,2025-06-25 10:21:00,2025-07-07 10:21:00
502255,2025-01-14 15:44:00,1458,P1057,S012,4,0.05,credit card,2025-01-14 18:41:00,2025-03-08 18:41:00
502256,2025-05-16 13:05:00,1498,P1009,S016,7,0.0,UPI,2025-05-16 15:14:00,2025-06-07 15:14:00
502257,2026-02-02 14:02:00,1200,P1128,S004,3,0.05,Cash,2026-02-02 16:12:00,2026-02-13 16:12:00
502258,2023-03-21 03:00:00,1080,P1102,S004,6,0.2,Credit Card,2023-03-21 05:05:00,2023-03-28 05:05:00
502259,2026-02-17 21:35:00,1362,P1023,S016,7,0.1,net banking,2026-02-18 00:16:00,2026-03-01 00:16:00
502260,2024-06-12 12:30:00,1227,P1068,S005,3,0.05,Credit Card,2024-06-12 13:21:00,2024-07-02 13:21:00
502261,2023-11-09 04:10:00,1325,P1028,S025,5,0.1,Credit Card,2023-11-09 06:20:00,2023-11-10 06:20:00
502262,2024-12-09 17:42:00,1368,P1048,S006,6,0.15,UPI,2024-12-09 20:06:00,2024-12-18 20:06:00
502263,2025-02-11 05:52:00,1109,P1096,S021,1,0.15,Credit Card,2025-02-11 08:30:00,2025-03-04 08:30:00
502264,2025-09-07 07:04:00,1273,P1015,S009,7,0.15,Debit Card,2025-09-07 09:49:00,2025-09-14 09:49:00
502265,2023-08-03 07:00:00,1162,P1059,S018,5,0.0,Wallet,2023-08-03 09:04:00,2023-09-14 09:04:00
502266,2026-02-24 10:09:00,1338,P1019,S008,7,0.05,Cash,2026-02-24 10:12:00,2026-04-21 10:12:00
502267,2023-04-28 16:50:00,1205,P1059,S019,8,0.1,Cash,2023-04-28 18:03:00,2023-06-09 18:03:00
502268,2023-05-10 10:46:00,1244,P1012,S012,6,0.1,Net Banking,2023-05-10 11:56:00,2023-06-29 11:56:00
502269,2023-05-29 05:59:00,1035,P1095,S003,7,0.1,UPI,2023-05-29 08:39:00,2023-07-10 08:39:00
502270,2023-06-08 18:49:00,1169,P1110,S009,1,0.2,Wallet,2023-06-08 21:41:00,2023-06-29 21:41:00
502271,2023-07-07 18:46:00,1109,P1083,S015,8,0.1,Credit Card,2023-07-07 20:22:00,2023-08-13 20:22:00
502272,2023-05-04 15:51:00,1071,P1005,S009,3,0.15,Credit Card,2023-05-04 15:51:00,2023-06-24 15:51:00
502273,2023-01-31 02:39:00,1050,P1035,S024,2,0.05,Debit Card,2023-01-31 05:25:00,2023-03-03 05:25:00
502274,2023-05-31 06:36:00,1367,P1111,S020,7,0.15,Net Banking,2023-05-31 07:38:00,2023-07-18 07:38:00
502275,2026-03-06 20:29:00,1290,P1134,S016,4,0.0,Credit Card,2026-03-06 22:12:00,2026-03-08 22:12:00
502276,2025-05-23 15:57:00,1041,P1048,S005,8,0.15,Wallet,2025-05-23 18:00:00,2025-06-06 18:00:00
502277,2023-02-27 14:21:00,1494,P1136,S018,8,0.2,Cash,2023-02-27 17:19:00,2023-04-04 17:19:00
502278,2024-12-22 07:53:00,1107,P1147,S023,5,,UPI,2024-12-22 10:36:00,2025-02-19 10:36:00
502279,2023-07-07 20:49:00,1159,P1049,S001,6,0.05,Credit Card,2023-07-07 22:26:00,2023-07-28 22:26:00
502280,2023-09-13 04:02:00,1301,P1018,S012,1,0.1,Cash,2023-09-13 04:42:00,2023-09-20 04:42:00
502281,2025-02-13 08:18:00,1234,P1073,S016,1,0.0,UPI,2025-02-13 10:42:00,2025-03-25 10:42:00
502282,2023-10-15 13:35:00,1157,P1080,S018,7,0.15,Cash,2023-10-15 15:33:00,2023-11-09 15:33:00
502283,2024-09-01 18:28:00,1473,P1080,S003,7,0.05,Cash,2024-09-01 20:59:00,2024-09-29 20:59:00
502284,2024-12-12 13:44:00,1440,P1085,S002,1,0.15,Credit Card,2024-12-12 13:52:00,2024-12-28 13:52:00
502285,2024-12-23 10:44:00,1102,P1010,S019,7,0.1,Net Banking,2024-12-23 11:40:00,2025-01-22 11:40:00
502286,2025-05-23 19:11:00,1041,P1029,S021,6,0.05,Net Banking,2025-05-23 21:09:00,2025-06-20 21:09:00
502287,2025-02-17 07:20:00,1356,P1095,S019,8,0.0,Credit Card,2025-02-17 08:12:00,2025-02-20 08:12:00
502288,2025-01-23 11:07:00,1083,P1119,S014,4,0.15,Debit Card,2025-01-23 11:48:00,2025-02-25 11:48:00
502289,2024-04-25 02:54:00,1149,P1135,S020,6,0.2,Cash,2024-04-25 04:14:00,2024-06-03 04:14:00
502290,2024-12-15 09:26:00,1127,P1077,S011,5,0.1,Wallet,2024-12-15 12:14:00,2025-01-11 12:14:00
502291,2024-03-29 09:45:00,1038,P1079,S020,2,0.15,Net Banking,2024-03-29 10:50:00,2024-05-18 10:50:00
502292,2024-05-15 19:15:00,1440,P1067,S009,8,0.1,Credit Card,2024-05-15 22:15:00,2024-07-14 22:15:00
502293,2026-03-23 08:56:00,1009,P1135,S025,3,0.05,Credit Card,2026-03-23 10:40:00,2026-04-08 10:40:00
502294,2023-04-08 18:21:00,1066,P1123,S024,4,0.2,Wallet,2023-04-08 20:29:00,2023-05-04 20:29:00
502295,2025-12-27 20:49:00,1440,P1070,S004,4,0.05,UPI,2025-12-27 23:02:00,2026-02-02 23:02:00
502296,2023-01-17 18:28:00,1354,P1045,S004,8,0.0,Cash,2023-01-17 19:01:00,2023-01-20 19:01:00
502297,2024-10-31 09:57:00,1099,P1074,S021,7,0.1,Debit Card,2024-10-31 12:09:00,2024-11-22 12:09:00
502298,2025-08-25 18:08:00,1126,P1003,S002,5,0.1,Net Banking,2025-08-25 18:40:00,2025-08-27 18:40:00
502299,2025-06-05 09:24:00,1371,P1058,S019,1,0.0,Credit Card,2025-06-05 09:40:00,2025-06-14 09:40:00
502300,2024-12-29 03:08:00,1376,P1119,S011,7,0.1,Net Banking,2024-12-29 03:37:00,2025-01-11 03:37:00
502301,2025-03-13 06:21:00,1322,P1121,S001,7,0.0,Net Banking,2025-03-13 08:50:00,2025-04-03 08:50:00
502302,2024-03-23 02:16:00,1283,P1077,S007,5,0.1,Cash,2024-03-23 05:16:00,2024-04-15 05:16:00
502303,2025-03-05 07:05:00,1479,P1139,S018,6,0.0,Credit Card,2025-03-05 07:23:00,2025-03-19 07:23:00
502304,2024-08-30 05:12:00,1478,P1035,S002,4,0.05,Debit Card,2024-08-30 06:56:00,2024-09-09 06:56:00
502305,2025-07-25 09:11:00,1107,P1028,S001,5,0.05,Wallet,2025-07-25 10:18:00,2025-08-20 10:18:00
502306,2025-07-12 22:37:00,1380,P1102,S018,1,0.0,Net Banking,2025-07-13 00:23:00,2025-08-14 00:23:00
502307,2024-10-04 22:45:00,1441,P1072,S013,1,0.05,Wallet,2024-10-04 23:21:00,2024-11-09 23:21:00
502308,2023-07-03 20:42:00,1456,P1074,S003,8,0.1,Credit Card,2023-07-03 22:46:00,2023-07-31 22:46:00
502309,2023-03-18 09:13:00,1080,P1059,S018,6,0.0,Credit Card,2023-03-18 10:34:00,2023-03-21 10:34:00
502310,2023-11-28 17:39:00,1201,P1087,S006,8,0.1,Wallet,2023-11-28 18:50:00,2023-12-25 18:50:00
502311,2023-11-23 06:12:00,1079,P1060,S001,3,0.0,Credit Card,2023-11-23 06:46:00,2023-12-26 06:46:00
502312,2024-11-07 12:36:00,1105,P1003,S008,1,0.05,Credit Card,2024-11-07 13:03:00,2024-11-20 13:03:00
502313,2024-06-03 13:29:00,1376,P1032,S022,7,0.15,Debit Card,2024-06-03 15:21:00,2024-06-07 15:21:00
502314,2023-01-22 14:54:00,1398,P1123,S020,6,0.1,Credit Card,2023-01-22 16:43:00,2023-01-31 16:43:00
502315,2023-04-27 05:17:00,1108,P1015,S003,3,0.05,Wallet,2023-04-27 08:01:00,2023-05-20 08:01:00
502316,2026-02-12 08:52:00,1121,P1008,S007,5,0.05,UPI,2026-02-12 10:56:00,2026-02-22 10:56:00
502317,2023-09-18 17:18:00,1485,P1149,S024,1,0.0,Cash,2023-09-18 19:15:00,2023-09-22 19:15:00
502318,2023-11-30 05:42:00,1027,P1096,S002,8,0.15,Debit Card,2023-11-30 06:15:00,2023-12-18 06:15:00
502319,2026-01-24 14:46:00,1470,P1122,S021,8,0.1,Debit Card,2026-01-24 15:12:00,2026-03-18 15:12:00
502320,2025-04-27 03:39:00,1442,P1047,S009,1,0.15,Debit Card,2025-04-27 06:12:00,2025-06-25 06:12:00
502321,2026-01-14 07:34:00,1404,P1121,S021,3,0.1,Net Banking,2026-01-14 09:26:00,2026-01-23 09:26:00
502322,2023-05-12 05:09:00,1021,P1150,S023,6,0.15,Cash,2023-05-12 06:30:00,2023-06-19 06:30:00
502323,2025-12-29 09:45:00,1260,P1038,S008,8,0.05,Wallet,2025-12-29 10:50:00,2026-02-25 10:50:00
502324,2024-01-20 14:36:00,1096,P1026,S005,2,0.0,UPI,2024-01-20 14:55:00,2024-03-10 14:55:00
502325,2023-09-02 16:29:00,1121,P1089,S023,7,0.2,UPI,2023-09-02 18:40:00,2023-09-04 18:40:00
502326,2023-06-01 14:54:00,1423,P1125,S010,1,0.05,Net Banking,2023-06-01 15:06:00,2023-07-26 15:06:00
502327,2023-11-06 11:06:00,1317,P1065,S023,6,0.05,Net Banking,2023-11-06 13:36:00,2023-12-15 13:36:00
502328,2024-10-13 23:56:00,1053,P1045,S006,3,,Cash,2024-10-14 00:24:00,2024-11-14 00:24:00
502329,2024-06-05 07:14:00,1094,P1042,S001,6,0.1,Credit Card,2024-06-05 09:36:00,2024-07-04 09:36:00
502330,2023-10-23 03:24:00,1348,P1083,S022,5,0.2,Wallet,2023-10-23 04:09:00,2023-11-16 04:09:00
502331,2025-02-22 06:58:00,1377,P1001,S023,4,0.05,Debit Card,2025-02-22 07:47:00,2025-04-10 07:47:00
502332,2024-08-25 09:28:00,1258,P1133,S016,6,0.0,Debit Card,2024-08-25 09:32:00,2024-09-13 09:32:00
502333,2025-08-09 00:51:00,1441,P1096,S020,7,0.2,Wallet,2025-08-09 01:33:00,2025-08-09 01:33:00
502334,2024-12-16 02:39:00,1404,P1115,S016,5,0.2,Wallet,2024-12-16 03:59:00,2024-12-28 03:59:00
502335,2024-01-08 12:27:00,1108,P1041,S020,6,0.15,Credit Card,2024-01-08 15:09:00,2024-02-19 15:09:00
502336,2024-07-02 05:28:00,1164,P1044,S006,6,0.2,Credit Card,2024-07-02 07:35:00,2024-08-01 07:35:00
502337,2023-02-05 13:05:00,1278,P1022,S005,3,0.0,Wallet,2023-02-05 14:47:00,2023-02-27 14:47:00
502338,2025-01-25 18:46:00,1304,P1074,S004,2,0.1,Cash,2025-01-25 19:26:00,2025-02-03 19:26:00
502339,2024-03-23 01:09:00,1162,P1149,S013,4,0.15,Credit Card,2024-03-23 03:40:00,2024-04-12 03:40:00
502340,2025-08-06 21:46:00,1210,P1045,S020,5,0.05,UPI,2025-08-06 22:25:00,2025-09-16 22:25:00
502341,2025-06-02 12:04:00,1133,P1132,S001,6,0.0,Credit Card,2025-06-02 13:29:00,2025-07-14 13:29:00
502342,2024-02-24 23:06:00,1276,P1011,S002,5,0.2,Net Banking,2024-02-25 00:03:00,2024-04-06 00:03:00
502343,2024-04-04 22:54:00,1420,P1022,S006,3,0.0,Credit Card,2024-04-04 23:34:00,2024-04-08 23:34:00
502344,2023-06-06 11:47:00,1340,P1029,S023,6,0.2,Credit Card,2023-06-06 13:02:00,2023-07-08 13:02:00
502345,2025-06-10 17:26:00,1206,P1077,S001,2,0.2,UPI,2025-06-10 19:43:00,2025-07-11 19:43:00
502346,2025-12-23 10:16:00,1030,P1100,S010,5,0.05,Wallet,2025-12-23 12:38:00,2026-01-26 12:38:00
502347,2023-01-02 01:50:00,1292,P1129,S016,8,0.2,Cash,2023-01-02 03:29:00,2023-01-13 03:29:00
502348,2024-05-15 10:33:00,1378,P1100,S021,7,0.1,Cash,2024-05-15 11:56:00,2024-07-03 11:56:00
502349,2024-09-28 23:07:00,1371,P1034,S007,5,0.05,UPI,2024-09-29 01:39:00,2024-10-26 01:39:00
502350,2023-10-16 22:59:00,1075,P1046,S003,4,0.05,UPI,2023-10-17 00:50:00,2023-12-07 00:50:00
502351,2024-09-17 22:04:00,1084,P1065,S018,4,0.0,Debit Card,2024-09-17 22:15:00,2024-10-05 22:15:00
502352,2025-09-21 16:58:00,1442,P1029,S003,8,0.2,Cash,2025-09-21 19:23:00,2025-11-09 19:23:00
502353,2023-11-11 13:37:00,1314,P1072,S019,2,0.05,Net Banking,2023-11-11 16:13:00,2023-12-19 16:13:00
502354,2024-02-12 03:47:00,1030,P1057,S014,7,0.15,UPI,2024-02-12 06:07:00,2024-02-13 06:07:00
502355,2023-12-11 22:00:00,1179,P1051,S024,3,0.2,Debit Card,2023-12-11 22:15:00,2023-12-11 22:15:00
502356,2024-02-01 17:25:00,1050,P1001,S011,1,0.1,Credit Card,2024-02-01 18:13:00,2024-03-27 18:13:00
502357,2024-07-07 07:56:00,1121,P1141,S023,1,0.1,Net Banking,2024-07-07 10:11:00,2024-09-02 10:11:00
502358,2023-11-28 13:53:00,1338,P1145,S025,1,0.0,Cash,2023-11-28 16:30:00,2023-12-08 16:30:00
502359,2025-03-26 17:44:00,1422,P1118,S025,7,0.05,Credit Card,2025-03-26 19:34:00,2025-04-05 19:34:00
502360,2023-12-30 17:56:00,1447,P1129,S020,7,0.05,Credit Card,2023-12-30 18:48:00,2024-02-24 18:48:00
502361,2025-09-17 13:57:00,1173,P1030,S021,7,0.05,Cash,2025-09-17 14:18:00,2025-10-19 14:18:00
502362,2025-07-20 03:15:00,1157,P1028,S001,2,0.05,Credit Card,2025-07-20 05:06:00,2025-08-24 05:06:00
502363,2025-11-01 05:12:00,1312,P1040,S004,4,0.1,Credit Card,2025-11-01 06:09:00,2025-12-16 06:09:00
502364,2025-08-02 23:38:00,1245,P1084,S023,1,0.15,Cash,2025-08-02 23:54:00,2025-09-04 23:54:00
502365,2025-10-06 12:06:00,1217,P1095,S019,3,0.0,Wallet,2025-10-06 14:52:00,2025-10-08 14:52:00
502366,2026-01-07 16:06:00,1137,P1064,S025,2,0.2,Credit Card,2026-01-07 18:53:00,2026-02-28 18:53:00
502367,2025-08-14 19:28:00,1236,P1129,S023,2,0.1,Net Banking,2025-08-14 21:12:00,2025-08-21 21:12:00
502368,2025-05-08 18:54:00,1127,P1139,S023,5,0.1,Wallet,2025-05-08 21:10:00,2025-06-18 21:10:00
502369,2025-10-15 05:47:00,1367,P1039,S023,7,0.15,Debit Card,2025-10-15 08:39:00,2025-10-16 08:39:00
502370,2025-03-28 17:24:00,1446,P1091,S019,2,0.05,Debit Card,2025-03-28 18:07:00,2025-05-06 18:07:00
502371,2025-07-06 06:19:00,1304,P1145,S006,6,0.1,Credit Card,2025-07-06 08:56:00,2025-08-07 08:56:00
502372,2024-07-12 21:27:00,1005,P1114,S024,5,0.05,Net Banking,2024-07-13 00:07:00,2024-08-22 00:07:00
502373,2023-02-16 14:17:00,1074,P1106,S014,5,0.0,cash,2023-02-16 16:57:00,2023-03-18 16:57:00
502374,2026-03-21 19:25:00,1288,P1001,S018,8,0.1,Wallet,2026-03-21 21:29:00,2026-03-22 21:29:00
502375,2025-10-16 08:35:00,1317,P1147,S010,7,0.1,UPI,2025-10-16 10:05:00,2025-11-28 10:05:00
502376,2025-11-08 06:51:00,1259,P1078,S004,7,0.15,Credit Card,2025-11-08 09:26:00,2025-12-29 09:26:00
502377,2024-08-14 14:33:00,1106,P1103,S024,2,0.15,Debit Card,2024-08-14 17:14:00,2024-09-04 17:14:00
502378,2025-12-29 00:16:00,1006,P1043,S022,7,0.0,Debit Card,2025-12-29 01:30:00,2026-01-18 01:30:00
502379,2023-12-17 03:53:00,1205,P1036,S015,1,0.15,Cash,2023-12-17 04:01:00,2023-12-27 04:01:00
502380,2024-08-16 17:38:00,1431,P1140,S006,5,0.2,Debit Card,2024-08-16 17:53:00,2024-08-17 17:53:00
502381,2025-01-04 16:06:00,1285,P1139,S019,4,0.0,Debit Card,2025-01-04 17:02:00,2025-01-04 17:02:00
502382,2025-09-15 09:42:00,1122,P1122,S009,2,0.2,Debit Card,2025-09-15 12:00:00,2025-10-20 12:00:00
502383,2025-05-01 07:00:00,1492,P1115,S012,1,0.0,UPI,2025-05-01 07:38:00,2025-06-29 07:38:00
502384,2024-03-11 01:43:00,1200,P1104,S004,6,0.05,UPI,2024-03-11 03:11:00,2024-04-26 03:11:00
502385,2025-01-02 12:18:00,1134,P1145,S007,8,0.2,Wallet,2025-01-02 12:42:00,2025-02-06 12:42:00
502386,2024-08-25 13:28:00,1258,P1123,S024,1,0.0,Net Banking,2024-08-25 15:53:00,2024-08-28 15:53:00
502387,2025-08-24 05:26:00,1018,P1008,S004,4,0.15,Debit Card,2025-08-24 08:10:00,2025-10-14 08:10:00
502388,2023-09-09 01:14:00,1152,P1078,S009,3,0.2,NET BANKING,2023-09-09 02:23:00,2023-11-06 02:23:00
502389,2023-03-30 12:30:00,1176,P1109,S018,7,0.1,Credit Card,2023-03-30 13:40:00,2023-05-11 13:40:00
502390,2024-09-08 01:24:00,1399,P1033,S004,6,0.1,Net Banking,2024-09-08 02:00:00,2024-10-28 02:00:00
502391,2025-06-12 15:08:00,1218,P1046,S006,3,0.0,Net Banking,2025-06-12 16:28:00,2025-08-10 16:28:00
502392,2023-01-17 10:15:00,1326,P1076,S015,1,0.1,Cash,2023-01-17 11:10:00,2023-03-17 11:10:00
502393,2024-09-21 15:57:00,1278,P1074,S022,6,0.1,Net Banking,2024-09-21 17:36:00,2024-10-10 17:36:00
502394,2024-04-01 19:27:00,1050,P1060,S018,4,0.1,UPI,2024-04-01 20:50:00,2024-04-11 20:50:00
502395,2025-09-28 02:08:00,1374,P1090,S007,2,0.05,Wallet,2025-09-28 03:21:00,2025-10-19 03:21:00
502396,2023-04-26 00:47:00,1066,P1048,S003,2,0.15,Credit Card,2023-04-26 01:50:00,2023-05-21 01:50:00
502397,2023-10-21 20:29:00,1218,P1070,S018,4,0.2,Debit Card,2023-10-21 22:35:00,2023-10-31 22:35:00
502398,2026-02-12 10:45:00,1284,P1084,S006,3,0.2,WALLET,2026-02-12 13:37:00,2026-03-04 13:37:00
502399,2024-09-17 05:43:00,1365,P1081,S004,7,0.0,Net Banking,2024-09-17 07:11:00,2024-09-25 07:11:00
502400,2024-11-02 15:23:00,1230,P1018,S002,6,0.0,Net Banking,2024-11-02 18:00:00,2024-11-07 18:00:00
502401,2023-04-07 11:19:00,1133,P1115,S015,5,0.1,Cash,2023-04-07 13:52:00,2023-04-12 13:52:00
502402,2024-04-16 11:40:00,1396,P1037,S010,8,0.2,Wallet,2024-04-16 12:34:00,2024-05-08 12:34:00
502403,2024-08-28 03:53:00,1183,P1149,S010,8,0.05,Debit Card,2024-08-28 05:51:00,2024-09-04 05:51:00
502404,2024-08-15 19:13:00,1119,P1126,S017,1,0.05,Credit Card,2024-08-15 19:22:00,2024-09-05 19:22:00
502405,2023-09-13 16:13:00,1448,P1018,S023,4,,Wallet,2023-09-13 18:00:00,2023-09-18 18:00:00
502406,2025-12-03 19:11:00,1020,P1132,S016,3,0.2,UPI,2025-12-03 21:00:00,2026-01-31 21:00:00
502407,2024-12-23 05:30:00,1101,P1003,S010,7,0.05,Debit Card,2024-12-23 07:49:00,2025-01-22 07:49:00
502408,2023-05-09 10:11:00,1355,P1079,S014,6,,debit card,2023-05-09 10:42:00,2023-06-06 10:42:00
502409,2024-04-08 15:51:00,1052,P1132,S019,2,0.1,Cash,2024-04-08 18:02:00,2024-04-11 18:02:00
502410,2025-09-06 06:18:00,1196,P1128,S003,8,0.15,Wallet,2025-09-06 07:29:00,2025-10-31 07:29:00
502411,2025-02-14 05:37:00,1478,P1017,S010,4,0.05,Cash,2025-02-14 07:18:00,2025-03-23 07:18:00
502412,2023-10-07 18:38:00,1455,P1097,S021,7,0.1,Debit Card,2023-10-07 21:05:00,2023-10-23 21:05:00
502413,2023-04-18 19:37:00,1405,P1008,S023,1,0.0,UPI,2023-04-18 22:04:00,2023-05-25 22:04:00
502414,2025-12-26 19:35:00,1117,P1148,S001,4,0.1,Credit Card,2025-12-26 21:02:00,2026-01-25 21:02:00
502415,2023-07-14 22:05:00,1210,P1134,S010,5,0.05,Wallet,2023-07-15 00:23:00,2023-08-22 00:23:00
502416,2024-08-26 12:17:00,1265,P1077,S020,8,0.2,Debit Card,2024-08-26 14:28:00,2024-10-14 14:28:00
502417,2025-06-16 05:35:00,1397,P1126,S011,6,0.2,Credit Card,2025-06-16 07:09:00,2025-08-07 07:09:00
502418,2025-11-27 23:07:00,1092,P1037,S003,8,0.2,Cash,2025-11-28 01:38:00,2025-12-01 01:38:00
502419,2026-01-08 19:42:00,1324,P1019,S005,5,0.2,Net Banking,2026-01-08 22:31:00,2026-03-03 22:31:00
502420,2024-01-20 20:38:00,1042,P1119,S001,6,0.2,Net Banking,2024-01-20 22:33:00,2024-03-17 22:33:00
502421,2024-09-04 08:59:00,1051,P1069,S007,7,0.15,Credit Card,2024-09-04 10:23:00,2024-10-25 10:23:00
502422,2025-12-07 12:33:00,1094,P1056,S021,1,0.05,Net Banking,2025-12-07 12:59:00,2025-12-12 12:59:00
502423,2025-10-26 10:48:00,1275,P1030,S025,2,0.2,Credit Card,2025-10-26 12:39:00,2025-12-19 12:39:00
502424,2025-10-03 17:05:00,1470,P1087,S019,1,0.0,Wallet,2025-10-03 18:15:00,2025-12-02 18:15:00
502425,2026-03-19 20:54:00,1054,P1114,S015,1,0.1,Debit Card,2026-03-19 21:36:00,2026-05-11 21:36:00
502426,2023-10-30 17:55:00,1217,P1150,S007,4,0.1,UPI,2023-10-30 19:43:00,2023-12-28 19:43:00
502427,2024-10-03 23:32:00,1011,P1119,S024,1,0.1,Credit Card,2024-10-04 01:49:00,2024-11-21 01:49:00
502428,2023-09-17 21:25:00,1382,P1032,S004,4,0.2,UPI,2023-09-17 21:30:00,2023-11-03 21:30:00
502429,2023-01-22 07:54:00,1437,P1147,S016,5,0.05,Wallet,2023-01-22 10:10:00,2023-01-30 10:10:00
502430,2024-10-07 11:07:00,1219,P1011,S019,1,0.2,Debit Card,2024-10-07 12:09:00,2024-11-22 12:09:00
502431,2025-12-31 03:54:00,1063,P1011,S010,6,0.0,Credit Card,2025-12-31 06:02:00,2026-02-14 06:02:00
502432,2024-09-05 06:45:00,1206,P1018,S011,8,0.05,Cash,2024-09-05 08:43:00,2024-09-18 08:43:00
502433,2025-04-03 04:58:00,1112,P1090,S017,7,0.2,Credit Card,2025-04-03 06:50:00,2025-04-08 06:50:00
502434,2024-03-04 11:15:00,1361,P1002,S021,6,0.2,Debit Card,2024-03-04 13:53:00,2024-03-07 13:53:00
502435,2025-05-31 02:23:00,1231,P1064,S003,6,,Cash,2025-05-31 05:05:00,2025-06-18 05:05:00
502436,2024-05-05 18:31:00,1183,P1089,S004,2,0.15,Debit Card,2024-05-05 20:56:00,2024-05-16 20:56:00
502437,2024-05-19 12:43:00,1338,P1035,S017,4,0.15,Cash,2024-05-19 15:20:00,2024-05-21 15:20:00
502438,2024-01-08 14:01:00,1305,P1108,S025,7,0.15,UPI,2024-01-08 14:41:00,2024-02-11 14:41:00
502439,2024-12-03 07:18:00,1043,P1097,S009,5,0.0,Wallet,2024-12-03 08:03:00,2025-01-05 08:03:00
502440,2025-04-24 02:02:00,1357,P1119,S011,4,0.1,Net Banking,2025-04-24 02:28:00,2025-06-02 02:28:00
502441,2024-09-05 13:53:00,1500,P1096,S004,1,0.05,Wallet,2024-09-05 15:00:00,2024-09-07 15:00:00
502442,2026-02-21 17:00:00,1110,P1003,S009,3,0.15,Cash,2026-02-21 17:34:00,2026-03-24 17:34:00
502443,2024-03-03 13:08:00,1053,P1068,S021,5,0.1,Cash,2024-03-03 15:18:00,2024-04-27 15:18:00
502444,2023-08-26 16:48:00,1304,P1082,S007,1,0.2,Cash,2023-08-26 19:16:00,2023-09-09 19:16:00
502445,2026-03-23 01:26:00,1134,P1001,S019,3,0.05,Net Banking,2026-03-23 03:32:00,2026-04-17 03:32:00
502446,2026-01-03 08:39:00,1392,P1070,S011,6,0.0,Wallet,2026-01-03 10:49:00,2026-02-01 10:49:00
502447,2024-04-30 10:34:00,1434,P1126,S004,8,0.1,Credit Card,2024-04-30 12:30:00,2024-05-08 12:30:00
502448,2023-02-13 20:27:00,1062,P1028,S025,7,0.1,Wallet,2023-02-13 22:48:00,2023-03-20 22:48:00
502449,2023-03-13 06:19:00,1258,P1134,S003,8,,Net Banking,2023-03-13 07:12:00,2023-04-19 07:12:00
502450,2025-08-20 14:41:00,1114,P1060,S007,7,0.1,Cash,2025-08-20 16:12:00,2025-09-21 16:12:00
502451,2025-07-09 00:53:00,1120,P1003,S020,1,0.2,UPI,2025-07-09 01:57:00,2025-07-15 01:57:00
502452,2024-12-15 06:32:00,1215,P1006,S006,3,0.15,Credit Card,2024-12-15 09:15:00,2025-02-08 09:15:00
502453,2024-12-15 08:50:00,1474,P1068,S003,3,0.05,UPI,2024-12-15 09:32:00,2024-12-17 09:32:00
502454,2023-03-13 23:41:00,1237,P1035,S001,5,0.1,UPI,2023-03-14 01:12:00,2023-04-11 01:12:00
502455,2023-02-10 01:45:00,1354,P1070,S004,4,0.05,Debit Card,2023-02-10 04:41:00,2023-03-13 04:41:00
502456,2025-01-30 07:53:00,1039,P1016,S020,8,0.2,Debit Card,2025-01-30 10:14:00,2025-03-12 10:14:00
502457,2023-07-22 20:59:00,1385,P1071,S018,8,0.0,Net Banking,2023-07-22 21:35:00,2023-07-31 21:35:00
502458,2026-02-16 15:09:00,1444,P1148,S014,4,0.05,credit card,2026-02-16 16:48:00,2026-03-04 16:48:00
502459,2025-02-03 02:31:00,1074,P1048,S010,1,0.1,Wallet,2025-02-03 03:47:00,2025-03-25 03:47:00
502460,2024-03-14 05:26:00,1274,P1014,S002,4,0.1,Cash,2024-03-14 05:51:00,2024-03-20 05:51:00
502461,2025-12-12 13:06:00,1111,P1013,S016,1,0.05,Net Banking,2025-12-12 16:02:00,2026-01-05 16:02:00
502462,2025-03-28 14:44:00,1029,P1039,S025,1,0.0,Net Banking,2025-03-28 17:31:00,2025-04-07 17:31:00
502463,2024-11-17 07:25:00,1070,P1018,S019,6,0.05,Cash,2024-11-17 09:11:00,2025-01-02 09:11:00
502464,2026-01-18 18:01:00,1239,P1122,S020,6,0.0,UPI,2026-01-18 18:03:00,2026-02-08 18:03:00
502465,2023-07-16 15:15:00,1490,P1145,S001,1,0.15,Credit Card,2023-07-16 15:49:00,2023-08-06 15:49:00
502466,2025-08-03 02:12:00,1232,P1044,S006,2,0.0,Credit Card,2025-08-03 02:20:00,2025-09-13 02:20:00
502467,2026-01-12 12:36:00,1261,P1121,S003,7,0.15,Credit Card,2026-01-12 12:46:00,2026-02-28 12:46:00
502468,2024-01-16 03:01:00,1446,P1072,S024,7,0.0,Cash,2024-01-16 04:05:00,2024-02-05 04:05:00
502469,2023-08-16 18:10:00,1494,P1018,S016,1,0.15,Debit Card,2023-08-16 20:30:00,2023-10-06 20:30:00
502470,2024-09-19 07:26:00,1423,P1058,S025,5,0.1,Credit Card,2024-09-19 07:39:00,2024-09-28 07:39:00
502471,2024-01-12 11:09:00,1204,P1004,S005,6,0.05,Credit Card,2024-01-12 11:32:00,2024-02-22 11:32:00
502472,2024-07-06 02:09:00,1009,P1150,S009,5,0.15,Cash,2024-07-06 04:59:00,2024-08-21 04:59:00
502473,2024-01-05 12:39:00,1346,P1047,S014,6,0.1,UPI,2024-01-05 12:44:00,2024-01-18 12:44:00
502474,2024-04-05 04:30:00,1334,P1120,S020,5,0.2,UPI,2024-04-05 06:14:00,2024-04-10 06:14:00
502475,2023-10-02 08:22:00,1300,P1139,S012,2,0.15,UPI,2023-10-02 11:19:00,2023-10-24 11:19:00
502476,2023-09-27 03:06:00,1057,P1082,S018,2,0.05,Cash,2023-09-27 05:33:00,2023-11-08 05:33:00
502477,2026-01-11 12:48:00,1376,P1138,S014,5,0.15,Net Banking,2026-01-11 15:47:00,2026-01-29 15:47:00
502478,2025-05-26 16:43:00,1110,P1119,S013,1,0.0,Net Banking,2025-05-26 18:30:00,2025-06-03 18:30:00
502479,2025-12-12 08:19:00,1013,P1131,S024,4,0.15,Wallet,2025-12-12 10:15:00,2025-12-28 10:15:00
502480,2026-02-15 02:36:00,1017,P1126,S010,3,0.0,Cash,2026-02-15 03:04:00,2026-03-23 03:04:00
502481,2024-09-07 01:03:00,1378,P1136,S025,4,0.15,Net Banking,2024-09-07 02:46:00,2024-10-13 02:46:00
502482,2023-09-19 06:50:00,1143,P1139,S009,7,0.1,Cash,2023-09-19 08:13:00,2023-10-03 08:13:00
502483,2023-03-22 16:10:00,1294,P1136,S014,6,0.1,Cash,2023-03-22 16:40:00,2023-04-05 16:40:00
502484,2024-01-19 04:45:00,1034,P1043,S007,8,,UPI,2024-01-19 04:47:00,2024-01-29 04:47:00
502485,2025-01-05 10:00:00,1112,P1001,S002,1,0.0,Net Banking,2025-01-05 10:53:00,2025-02-22 10:53:00
502486,2025-11-28 12:15:00,1366,P1104,S015,4,0.2,UPI,2025-11-28 13:29:00,2026-01-14 13:29:00
502487,2023-01-10 00:33:00,1394,P1146,S003,2,0.1,UPI,2023-01-10 02:46:00,2023-02-15 02:46:00
502488,2025-04-11 00:01:00,1436,P1024,S013,3,0.05,Credit Card,2025-04-11 02:29:00,2025-06-04 02:29:00
502489,2025-10-09 06:59:00,1426,P1149,S022,8,0.2,UPI,2025-10-09 08:55:00,2025-11-25 08:55:00
502490,2025-03-06 00:34:00,1279,P1022,S018,7,0.15,Debit Card,2025-03-06 02:00:00,2025-03-25 02:00:00
502491,2025-03-06 07:02:00,1472,P1132,S009,4,0.05,Cash,2025-03-06 07:14:00,2025-03-07 07:14:00
502492,2023-09-01 03:46:00,1229,P1022,S004,2,0.1,UPI,2023-09-01 04:48:00,2023-10-31 04:48:00
502493,2026-02-11 20:23:00,1169,P1129,S005,5,0.05,UPI,2026-02-11 23:20:00,2026-02-27 23:20:00
502494,2024-01-23 20:16:00,1036,P1093,S007,6,,Debit Card,2024-01-23 23:06:00,2024-01-23 23:06:00
502495,2025-04-25 13:01:00,1193,P1148,S020,5,0.1,Net Banking,2025-04-25 14:55:00,2025-05-15 14:55:00
502496,2024-07-13 12:27:00,1367,P1014,S004,1,0.2,Credit Card,2024-07-13 14:20:00,2024-07-22 14:20:00
502497,2024-06-30 20:46:00,1072,P1139,S003,3,0.05,Wallet,2024-06-30 20:50:00,2024-08-20 20:50:00
502498,2024-03-31 16:28:00,1393,P1074,S001,3,0.15,Credit Card,2024-03-31 19:00:00,2024-05-29 19:00:00
502499,2023-03-10 16:22:00,1036,P1128,S009,6,0.05,Cash,2023-03-10 18:30:00,2023-05-05 18:30:00
502500,2024-04-10 11:40:00,1160,P1041,S008,6,0.15,upi,2024-04-10 12:29:00,2024-05-06 12:29:00
502501,2023-01-18 09:05:00,1049,P1144,S005,6,0.0,Net Banking,2023-01-18 09:45:00,2023-02-26 09:45:00
502502,2023-08-26 21:26:00,1091,P1084,S012,1,0.1,Wallet,2023-08-26 21:43:00,2023-10-05 21:43:00
502503,2025-03-25 03:56:00,1238,P1045,S008,1,0.1,Cash,2025-03-25 04:04:00,2025-03-28 04:04:00
502504,2025-04-16 00:03:00,1288,P1063,S017,3,0.15,UPI,2025-04-16 00:24:00,2025-04-24 00:24:00
502505,2023-03-02 02:46:00,1463,P1033,S019,7,0.0,Debit Card,2023-03-02 03:30:00,2023-03-14 03:30:00
502506,2023-07-03 04:01:00,1136,P1137,S023,6,0.0,Cash,2023-07-03 06:48:00,2023-08-29 06:48:00
502507,2025-05-29 13:48:00,1490,P1067,S010,7,0.0,Debit Card,2025-05-29 15:11:00,2025-06-12 15:11:00
502508,2023-12-30 04:28:00,1437,P1077,S013,1,0.0,Net Banking,2023-12-30 06:15:00,2024-01-13 06:15:00
502509,2023-06-30 10:15:00,1256,P1053,S024,5,0.15,Credit Card,2023-06-30 10:16:00,2023-07-23 10:16:00
502510,2024-06-15 07:22:00,1043,P1126,S014,3,0.05,Debit Card,2024-06-15 09:44:00,2024-07-11 09:44:00
502511,2023-07-27 23:43:00,1235,P1047,S013,8,0.0,Net Banking,2023-07-28 00:15:00,2023-09-18 00:15:00
502512,2025-03-13 13:45:00,1180,P1103,S005,3,0.1,UPI,2025-03-13 15:24:00,2025-05-11 15:24:00
502513,2025-06-24 13:54:00,1262,P1070,S020,5,0.15,Cash,2025-06-24 16:13:00,2025-07-22 16:13:00
502514,2023-06-14 21:10:00,1328,P1054,S012,1,0.0,Cash,2023-06-14 23:38:00,2023-06-17 23:38:00
502515,2023-08-11 16:19:00,1248,P1078,S005,3,0.05,Debit Card,2023-08-11 18:27:00,2023-09-16 18:27:00
502516,2024-07-10 06:19:00,1372,P1108,S024,7,0.2,Credit Card,2024-07-10 06:32:00,2024-07-29 06:32:00
502517,2023-08-15 04:05:00,1327,P1111,S009,6,0.05,Debit Card,2023-08-15 05:31:00,2023-10-04 05:31:00
502518,2024-06-09 18:50:00,1497,P1103,S022,5,0.1,Wallet,2024-06-09 19:34:00,2024-06-10 19:34:00
502519,2023-06-30 03:06:00,1314,P1127,S025,4,0.2,Net Banking,2023-06-30 05:57:00,2023-08-14 05:57:00
502520,2023-06-14 16:09:00,1002,P1110,S008,5,0.05,debit card,2023-06-14 18:07:00,2023-06-29 18:07:00
502521,2024-08-11 16:55:00,1092,P1017,S017,5,0.2,Cash,2024-08-11 19:03:00,2024-10-01 19:03:00
502522,2026-01-04 00:25:00,1444,P1005,S012,2,0.0,UPI,2026-01-04 02:08:00,2026-01-20 02:08:00
502523,2024-01-08 02:10:00,1101,P1072,S003,3,0.05,UPI,2024-01-08 03:44:00,2024-01-27 03:44:00
502524,2023-08-31 22:25:00,1313,P1136,S014,1,0.05,Cash,2023-08-31 22:38:00,2023-09-19 22:38:00
502525,2023-10-19 03:45:00,1259,P1099,S002,1,0.05,Credit Card,2023-10-19 06:29:00,2023-12-13 06:29:00
502526,2023-05-08 22:12:00,1229,P1141,S019,1,0.0,UPI,2023-05-08 22:38:00,2023-06-15 22:38:00
502527,2024-07-19 01:00:00,1471,P1122,S004,4,0.0,Wallet,2024-07-19 01:53:00,2024-08-07 01:53:00
502528,2025-10-13 23:06:00,1239,P1143,S014,1,0.0,Wallet,2025-10-14 01:36:00,2025-12-05 01:36:00
502529,2025-03-05 04:48:00,1367,P1014,S024,5,0.0,Net Banking,2025-03-05 06:18:00,2025-04-17 06:18:00
502530,2024-08-06 20:29:00,1445,P1094,S001,2,0.0,Credit Card,2024-08-06 22:43:00,2024-08-27 22:43:00
502531,2025-06-15 10:14:00,1085,P1031,S001,8,0.05,Net Banking,2025-06-15 11:40:00,2025-07-18 11:40:00
502532,2025-12-18 21:55:00,1382,P1001,S016,3,0.15,Net Banking,2025-12-18 23:48:00,2026-01-20 23:48:00
502533,2023-04-26 22:14:00,1485,P1107,S004,7,0.0,Net Banking,2023-04-27 00:13:00,2023-05-04 00:13:00
502534,2025-11-14 03:49:00,1500,P1040,S005,4,0.2,Net Banking,2025-11-14 06:26:00,2025-12-14 06:26:00
502535,2025-02-25 08:30:00,1062,P1138,S007,8,0.1,Credit Card,2025-02-25 10:35:00,2025-04-15 10:35:00
502536,2023-03-24 14:56:00,1443,P1028,S001,3,0.1,Net Banking,2023-03-24 16:43:00,2023-04-28 16:43:00
502537,2023-01-31 21:46:00,1402,P1091,S015,1,0.0,Credit Card,2023-02-01 00:06:00,2023-02-24 00:06:00
502538,2024-06-10 21:55:00,1409,P1035,S007,7,0.05,CREDIT CARD,2024-06-10 23:10:00,2024-06-22 23:10:00
502539,2023-09-06 12:37:00,1197,P1098,S018,6,0.15,Debit Card,2023-09-06 12:46:00,2023-10-26 12:46:00
502540,2025-03-26 21:30:00,1411,P1114,S022,6,0.0,Cash,2025-03-26 21:35:00,2025-04-19 21:35:00
502541,2023-08-31 07:36:00,1384,P1037,S003,6,0.0,Wallet,2023-08-31 09:09:00,2023-10-14 09:09:00
502542,2023-08-25 13:57:00,1075,P1100,S003,1,0.15,UPI,2023-08-25 15:13:00,2023-10-16 15:13:00
502543,2024-03-21 06:23:00,1489,P1134,S025,5,0.05,Debit Card,2024-03-21 06:34:00,2024-05-20 06:34:00
502544,2024-03-09 22:47:00,1318,P1138,S008,3,0.1,Net Banking,2024-03-10 01:44:00,2024-03-17 01:44:00
502545,2024-08-22 16:04:00,1006,P1078,S004,7,0.2,UPI,2024-08-22 17:00:00,2024-08-23 17:00:00
502546,2023-02-01 10:54:00,1076,P1026,S012,2,0.15,Cash,2023-02-01 11:52:00,2023-02-03 11:52:00
502547,2025-01-16 22:35:00,1149,P1104,S023,4,0.05,Wallet,2025-01-17 00:14:00,2025-03-02 00:14:00
502548,2024-11-06 07:19:00,1048,P1001,S011,1,0.0,Debit Card,2024-11-06 09:39:00,2024-11-11 09:39:00
502549,2025-10-18 13:16:00,1259,P1150,S014,2,0.1,Cash,2025-10-18 13:55:00,2025-11-18 13:55:00
502550,2024-05-20 17:21:00,1392,P1029,S005,2,0.15,Cash,2024-05-20 18:43:00,2024-07-06 18:43:00
502551,2024-11-05 03:08:00,1191,P1145,S016,2,0.1,Debit Card,2024-11-05 04:07:00,2024-12-12 04:07:00
502552,2024-06-15 04:24:00,1391,P1119,S006,4,0.15,UPI,2024-06-15 07:07:00,2024-06-17 07:07:00
502553,2023-11-11 09:50:00,1389,P1095,S025,5,0.15,Cash,2023-11-11 11:04:00,2023-12-08 11:04:00
502554,2025-08-17 04:02:00,1227,P1027,S001,8,0.05,UPI,2025-08-17 05:33:00,2025-08-21 05:33:00
502555,2025-10-21 14:07:00,1413,P1068,S025,8,0.2,Wallet,2025-10-21 15:39:00,2025-11-14 15:39:00
502556,2024-04-15 15:42:00,1051,P1125,S011,5,0.05,Net Banking,2024-04-15 15:57:00,2024-04-28 15:57:00
502557,2023-02-02 05:56:00,1421,P1019,S010,6,0.15,Wallet,2023-02-02 07:49:00,2023-02-20 07:49:00
502558,2024-01-06 12:03:00,1089,P1086,S009,7,0.2,Cash,2024-01-06 12:44:00,2024-02-11 12:44:00
502559,2023-10-30 14:11:00,1427,P1077,S002,8,0.15,Cash,2023-10-30 16:33:00,2023-12-02 16:33:00
502560,2024-05-28 04:00:00,1457,P1097,S022,4,0.05,Cash,2024-05-28 05:54:00,2024-07-08 05:54:00
502561,2023-05-19 22:13:00,1373,P1141,S013,8,0.15,Wallet,2023-05-19 23:39:00,2023-06-01 23:39:00
502562,2023-10-11 11:38:00,1458,P1136,S014,8,0.2,UPI,2023-10-11 12:10:00,2023-10-24 12:10:00
502563,2025-04-12 21:44:00,1135,P1133,S017,7,0.2,Wallet,2025-04-12 21:51:00,2025-06-02 21:51:00
502564,2024-04-23 05:03:00,1400,P1095,S025,4,0.1,UPI,2024-04-23 08:00:00,2024-05-14 08:00:00
502565,2024-12-11 00:43:00,1428,P1038,S016,4,0.2,Cash,2024-12-11 02:57:00,2025-02-09 02:57:00
502566,2023-06-21 10:38:00,1488,P1066,S025,1,0.1,Credit Card,2023-06-21 12:33:00,2023-07-18 12:33:00
502567,2024-10-20 13:28:00,1243,P1129,S020,8,0.15,Wallet,2024-10-20 13:42:00,2024-12-06 13:42:00
502568,2024-11-25 11:16:00,1436,P1020,S019,1,0.05,Net Banking,2024-11-25 11:56:00,2024-12-22 11:56:00
502569,2024-06-15 04:54:00,1108,P1104,S024,3,0.15,Wallet,2024-06-15 05:40:00,2024-07-15 05:40:00
502570,2024-02-27 05:03:00,1090,P1038,S016,2,0.0,UPI,2024-02-27 08:03:00,2024-03-09 08:03:00
502571,2025-08-09 11:41:00,1311,P1031,S016,2,0.15,Credit Card,2025-08-09 13:46:00,2025-09-05 13:46:00
502572,2023-04-28 09:10:00,1279,P1096,S004,5,0.1,Net Banking,2023-04-28 11:47:00,2023-06-23 11:47:00
502573,2025-04-07 18:35:00,1192,P1045,S004,7,0.2,UPI,2025-04-07 19:34:00,2025-04-09 19:34:00
502574,2024-02-29 18:54:00,1016,P1047,S024,7,0.2,Net Banking,2024-02-29 19:39:00,2024-03-11 19:39:00
502575,2023-01-29 03:56:00,1348,P1102,S009,8,0.0,UPI,2023-01-29 05:04:00,2023-02-09 05:04:00
502576,2025-05-14 17:01:00,1238,P1005,S007,2,0.15,Credit Card,2025-05-14 17:19:00,2025-06-11 17:19:00
502577,2025-07-01 01:56:00,1006,P1009,S010,4,0.05,Credit Card,2025-07-01 03:23:00,2025-08-13 03:23:00
502578,2025-04-26 14:11:00,1144,P1097,S019,4,0.0,Cash,2025-04-26 15:15:00,2025-06-23 15:15:00
502579,2023-11-24 18:17:00,1124,P1143,S001,4,0.2,UPI,2023-11-24 20:10:00,2023-12-21 20:10:00
502580,2025-03-25 10:16:00,1452,P1090,S020,6,0.0,wallet,2025-03-25 10:31:00,2025-04-04 10:31:00
502581,2024-03-24 23:38:00,1237,P1041,S025,8,0.05,Net Banking,2024-03-25 00:35:00,2024-04-02 00:35:00
502582,2023-06-28 05:57:00,1421,P1100,S008,6,0.0,Debit Card,2023-06-28 08:23:00,2023-07-05 08:23:00
502583,2026-02-27 13:03:00,1221,P1108,S015,7,0.1,Credit Card,2026-02-27 13:35:00,2026-04-21 13:35:00
502584,2025-07-18 05:35:00,1183,P1053,S019,8,0.1,Net Banking,2025-07-18 08:19:00,2025-08-06 08:19:00
502585,2025-02-04 00:28:00,1440,P1140,S014,5,0.0,Cash,2025-02-04 00:28:00,2025-03-08 00:28:00
502586,2025-10-11 11:48:00,1446,P1006,S006,1,0.2,UPI,2025-10-11 13:33:00,2025-12-04 13:33:00
502587,2023-07-31 18:53:00,1024,P1043,S006,2,0.1,Debit Card,2023-07-31 19:36:00,2023-09-07 19:36:00
502588,2024-05-02 19:02:00,1278,P1147,S002,4,0.05,Credit Card,2024-05-02 20:13:00,2024-05-18 20:13:00
502589,2024-12-14 06:15:00,1004,P1043,S008,6,0.0,UPI,2024-12-14 07:07:00,2024-12-25 07:07:00
502590,2023-11-12 11:57:00,1170,P1089,S002,2,0.2,Wallet,2023-11-12 14:43:00,2024-01-02 14:43:00
502591,2024-04-08 10:18:00,1368,P1009,S008,7,0.2,Net Banking,2024-04-08 11:42:00,2024-05-28 11:42:00
502592,2026-02-09 17:18:00,1107,P1050,S025,4,0.05,CREDIT CARD,2026-02-09 20:15:00,2026-03-31 20:15:00
502593,2024-08-26 07:25:00,1219,P1034,S001,1,0.1,Net Banking,2024-08-26 08:06:00,2024-10-02 08:06:00
502594,2026-01-07 20:14:00,1426,P1069,S025,5,0.0,Credit Card,2026-01-07 20:45:00,2026-01-15 20:45:00
502595,2023-04-28 14:49:00,1307,P1101,S011,3,0.0,UPI,2023-04-28 16:14:00,2023-06-15 16:14:00
502596,2023-10-20 07:31:00,1039,P1124,S015,5,0.2,Debit Card,2023-10-20 09:13:00,2023-11-01 09:13:00
502597,2024-07-23 05:04:00,1094,P1069,S021,2,0.2,Credit Card,2024-07-23 05:07:00,2024-08-16 05:07:00
502598,2025-07-06 10:39:00,1068,P1047,S013,8,0.0,Wallet,2025-07-06 11:04:00,2025-08-12 11:04:00
502599,2024-04-14 03:30:00,1370,P1103,S005,7,0.1,Cash,2024-04-14 05:05:00,2024-04-28 05:05:00
502600,2024-10-14 04:42:00,1470,P1103,S009,7,0.0,credit card,2024-10-14 06:52:00,2024-11-23 06:52:00
502601,2023-02-22 19:27:00,1415,P1059,S001,1,0.2,Net Banking,2023-02-22 19:57:00,2023-03-22 19:57:00
502602,2023-11-21 21:47:00,1138,P1081,S005,5,0.0,CREDIT CARD,2023-11-22 00:03:00,2024-01-18 00:03:00
502603,2023-12-07 22:06:00,1354,P1059,S011,6,0.0,Debit Card,2023-12-07 22:22:00,2023-12-29 22:22:00
502604,2023-07-12 08:13:00,1298,P1027,S010,4,0.0,Net Banking,2023-07-12 08:48:00,2023-07-18 08:48:00
502605,2025-06-23 15:58:00,1327,P1036,S009,8,0.2,Credit Card,2025-06-23 18:29:00,2025-07-22 18:29:00
502606,2025-02-05 22:47:00,1068,P1040,S003,4,0.1,Wallet,2025-02-05 23:51:00,2025-04-01 23:51:00
502607,2024-10-20 22:59:00,1057,P1047,S024,1,0.1,Net Banking,2024-10-21 01:17:00,2024-12-10 01:17:00
502608,2025-09-16 15:02:00,1325,P1098,S019,4,0.05,Credit Card,2025-09-16 16:52:00,2025-10-17 16:52:00
502609,2023-12-15 18:37:00,1182,P1025,S012,1,0.05,Debit Card,2023-12-15 20:59:00,2024-01-11 20:59:00
502610,2025-08-14 22:34:00,1492,P1111,S009,1,0.2,Debit Card,2025-08-15 01:24:00,2025-09-02 01:24:00
502611,2025-10-28 11:47:00,1099,P1139,S006,6,0.15,Wallet,2025-10-28 14:01:00,2025-11-30 14:01:00
502612,2025-09-05 04:25:00,1379,P1131,S009,7,0.15,Credit Card,2025-09-05 05:09:00,2025-09-06 05:09:00
502613,2023-12-11 11:19:00,1400,P1082,S024,6,0.0,Net Banking,2023-12-11 12:14:00,2024-02-04 12:14:00
502614,2025-03-13 05:35:00,1094,P1090,S001,2,0.2,Credit Card,2025-03-13 06:15:00,2025-03-24 06:15:00
502615,2024-12-23 23:50:00,1326,P1104,S006,5,0.15,Credit Card,2024-12-24 02:39:00,2025-02-21 02:39:00
502616,2026-02-05 13:12:00,1129,P1047,S021,1,0.0,Credit Card,2026-02-05 15:42:00,2026-03-25 15:42:00
502617,2023-11-29 07:59:00,1148,P1146,S019,3,0.2,UPI,2023-11-29 09:09:00,2023-12-04 09:09:00
502618,2023-01-28 19:44:00,1202,P1044,S023,8,0.0,Credit Card,2023-01-28 22:31:00,2023-02-23 22:31:00
502619,2025-04-19 12:00:00,1426,P1088,S002,6,0.15,Credit Card,2025-04-19 13:07:00,2025-06-16 13:07:00
502620,2024-01-15 02:30:00,1021,P1005,S023,4,0.2,UPI,2024-01-15 03:42:00,2024-02-25 03:42:00
502621,2023-04-13 23:48:00,1113,P1063,S012,4,0.2,Net Banking,2023-04-14 00:09:00,2023-05-20 00:09:00
502622,2023-12-30 04:10:00,1238,P1024,S003,4,0.15,UPI,2023-12-30 05:26:00,2024-02-21 05:26:00
502623,2023-04-06 13:01:00,1237,P1125,S022,1,0.1,Cash,2023-04-06 15:16:00,2023-04-15 15:16:00
502624,2024-07-29 12:07:00,1215,P1015,S016,7,0.05,Cash,2024-07-29 15:02:00,2024-09-14 15:02:00
502625,2024-07-30 06:45:00,1481,P1091,S001,1,0.2,Debit Card,2024-07-30 08:59:00,2024-09-13 08:59:00
502626,2024-04-12 14:11:00,1217,P1024,S015,7,0.05,credit card,2024-04-12 15:02:00,2024-04-29 15:02:00
502627,2023-08-16 06:55:00,1211,P1030,S001,5,0.1,Wallet,2023-08-16 07:45:00,2023-10-05 07:45:00
502628,2023-07-10 13:19:00,1103,P1026,S013,6,0.1,Debit Card,2023-07-10 13:54:00,2023-09-08 13:54:00
502629,2023-08-27 23:12:00,1238,P1121,S022,7,0.2,Debit Card,2023-08-28 01:09:00,2023-09-08 01:09:00
502630,2025-09-03 13:57:00,1440,P1054,S009,5,0.05,Net Banking,2025-09-03 14:05:00,2025-09-30 14:05:00
502631,2023-04-03 08:56:00,1036,P1122,S011,6,0.0,Net Banking,2023-04-03 10:45:00,2023-05-24 10:45:00
502632,2026-02-01 14:01:00,1434,P1127,S020,4,0.05,Debit Card,2026-02-01 14:23:00,2026-03-26 14:23:00
502633,2024-01-10 01:56:00,1287,P1057,S015,5,0.1,Debit Card,2024-01-10 02:39:00,2024-01-28 02:39:00
502634,2023-06-09 15:10:00,1177,P1110,S025,6,0.05,Net Banking,2023-06-09 16:06:00,2023-06-26 16:06:00
502635,2025-03-07 18:16:00,1390,P1003,S006,6,0.1,Net Banking,2025-03-07 20:10:00,2025-04-12 20:10:00
502636,2025-01-27 23:14:00,1390,P1036,S014,1,0.1,Wallet,2025-01-28 00:50:00,2025-03-22 00:50:00
502637,2025-08-15 05:12:00,1376,P1069,S003,1,0.0,Net Banking,2025-08-15 07:24:00,2025-09-11 07:24:00
502638,2024-11-25 07:32:00,1454,P1081,S016,5,0.05,UPI,2024-11-25 08:58:00,2025-01-04 08:58:00
502639,2025-03-11 23:17:00,1400,P1005,S002,4,0.15,Net Banking,2025-03-12 00:17:00,2025-04-01 00:17:00
502640,2023-06-09 08:43:00,1157,P1126,S021,7,0.0,Debit Card,2023-06-09 10:32:00,2023-06-12 10:32:00
502641,2024-03-30 14:32:00,1142,P1055,S015,1,0.15,Wallet,2024-03-30 16:45:00,2024-04-15 16:45:00
502642,2025-02-07 02:34:00,1334,P1090,S014,5,0.15,Cash,2025-02-07 04:29:00,2025-04-01 04:29:00
502643,2023-09-27 21:56:00,1120,P1104,S018,2,0.1,Wallet,2023-09-27 23:35:00,2023-11-14 23:35:00
502644,2024-08-31 22:05:00,1419,P1133,S024,1,0.0,Credit Card,2024-09-01 00:17:00,2024-09-24 00:17:00
502645,2025-07-16 15:59:00,1296,P1029,S001,5,0.1,UPI,2025-07-16 18:57:00,2025-07-26 18:57:00
502646,2025-07-19 20:53:00,1011,P1075,S008,6,0.15,Cash,2025-07-19 23:16:00,2025-08-12 23:16:00
502647,2023-03-10 10:57:00,1362,P1064,S015,5,0.15,Net Banking,2023-03-10 11:06:00,2023-03-24 11:06:00
502648,2025-11-08 07:13:00,1248,P1113,S022,4,0.0,Cash,2025-11-08 07:19:00,2025-12-03 07:19:00
502649,2025-08-22 22:50:00,1478,P1035,S006,3,0.15,Cash,2025-08-22 23:20:00,2025-09-26 23:20:00
502650,2025-08-31 18:41:00,1042,P1005,S025,8,0.2,Wallet,2025-08-31 19:52:00,2025-10-19 19:52:00
502651,2025-11-04 13:21:00,1390,P1085,S022,1,0.15,Cash,2025-11-04 14:16:00,2025-12-06 14:16:00
502652,2024-02-25 18:26:00,1349,P1044,S023,8,0.15,UPI,2024-02-25 19:18:00,2024-03-15 19:18:00
502653,2024-10-06 20:20:00,1344,P1078,S019,3,0.05,UPI,2024-10-06 20:25:00,2024-11-29 20:25:00
502654,2025-07-21 01:16:00,1288,P1109,S025,2,0.2,Cash,2025-07-21 04:01:00,2025-09-13 04:01:00
502655,2025-06-25 00:26:00,1096,P1016,S025,2,0.15,Credit Card,2025-06-25 02:06:00,2025-07-08 02:06:00
502656,2026-03-29 21:57:00,1099,P1149,S019,3,0.2,Net Banking,2026-03-29 22:00:00,2026-04-28 22:00:00
502657,2023-06-14 21:36:00,1082,P1126,S004,3,0.15,Wallet,2023-06-14 23:53:00,2023-08-12 23:53:00
502658,2024-10-23 06:49:00,1047,P1118,S024,1,0.2,Cash,2024-10-23 07:48:00,2024-11-21 07:48:00
502659,2024-09-22 19:16:00,1301,P1075,S006,1,0.05,Wallet,2024-09-22 19:59:00,2024-10-17 19:59:00
502660,2026-01-01 21:42:00,1045,P1061,S011,5,0.2,Wallet,2026-01-01 22:42:00,2026-02-26 22:42:00
502661,2023-02-09 03:18:00,1290,P1108,S015,1,0.15,NET BANKING,2023-02-09 04:49:00,2023-03-30 04:49:00
502662,2024-01-03 02:39:00,1276,P1113,S007,1,0.1,Debit Card,2024-01-03 04:06:00,2024-02-24 04:06:00
502663,2025-12-22 05:17:00,1468,P1132,S024,5,0.05,UPI,2025-12-22 06:16:00,2026-01-26 06:16:00
502664,2023-10-28 22:43:00,1372,P1138,S004,7,0.15,Net Banking,2023-10-28 23:02:00,2023-11-26 23:02:00
502665,2023-01-12 12:40:00,1139,P1057,S022,2,0.1,Wallet,2023-01-12 14:16:00,2023-02-22 14:16:00
502666,2025-12-16 18:55:00,1195,P1065,S025,3,0.2,UPI,2025-12-16 19:08:00,2025-12-22 19:08:00
502667,2024-11-03 00:12:00,1024,P1030,S016,1,0.2,Credit Card,2024-11-03 02:06:00,2024-12-22 02:06:00
502668,2025-04-24 20:19:00,1451,P1013,S007,1,0.2,Wallet,2025-04-24 20:29:00,2025-05-22 20:29:00
502669,2026-01-09 01:33:00,1444,P1017,S015,3,0.15,Credit Card,2026-01-09 04:16:00,2026-03-07 04:16:00
502670,2025-12-18 05:38:00,1090,P1076,S010,6,0.0,Wallet,2025-12-18 07:24:00,2026-01-22 07:24:00
502671,2023-02-09 14:09:00,1338,P1149,S011,3,0.15,Wallet,2023-02-09 16:21:00,2023-03-13 16:21:00
502672,2024-07-18 02:04:00,1002,P1109,S019,2,0.2,Cash,2024-07-18 03:51:00,2024-08-21 03:51:00
502673,2023-08-14 05:51:00,1201,P1034,S001,1,0.2,CREDIT CARD,2023-08-14 07:51:00,2023-09-08 07:51:00
502674,2023-02-04 07:39:00,1030,P1045,S014,4,0.1,Debit Card,2023-02-04 08:09:00,2023-03-05 08:09:00
502675,2024-07-05 06:20:00,1323,P1048,S021,5,0.1,Net Banking,2024-07-05 08:52:00,2024-07-29 08:52:00
502676,2025-09-19 00:05:00,1377,P1076,S022,3,0.1,Credit Card,2025-09-19 00:50:00,2025-09-19 00:50:00
502677,2025-02-04 06:26:00,1300,P1024,S005,4,0.15,Debit Card,2025-02-04 08:58:00,2025-02-05 08:58:00
502678,2024-05-24 00:11:00,1137,P1146,S015,7,0.0,Credit Card,2024-05-24 02:32:00,2024-07-21 02:32:00
502679,2025-02-10 20:48:00,1068,P1076,S008,7,0.1,credit card,2025-02-10 22:42:00,2025-02-10 22:42:00
502680,2024-09-23 01:22:00,1358,P1109,S009,2,0.2,Cash,2024-09-23 02:52:00,2024-10-07 02:52:00
502681,2025-01-22 08:43:00,1448,P1103,S023,5,0.2,Net Banking,2025-01-22 08:47:00,2025-02-06 08:47:00
502682,2023-10-28 03:22:00,1256,P1064,S017,6,0.1,wallet,2023-10-28 05:47:00,2023-11-25 05:47:00
502683,2025-03-30 13:09:00,1119,P1110,S002,7,0.15,Cash,2025-03-30 13:59:00,2025-04-07 13:59:00
502684,2025-12-19 13:18:00,1067,P1096,S019,5,0.2,Cash,2025-12-19 15:47:00,2025-12-23 15:47:00
502685,2023-12-23 04:47:00,1132,P1048,S020,7,0.05,Credit Card,2023-12-23 04:59:00,2024-02-21 04:59:00
502686,2025-04-21 18:39:00,1197,P1107,S013,2,0.15,Net Banking,2025-04-21 19:11:00,2025-04-21 19:11:00
502687,2025-04-15 05:12:00,1313,P1040,S019,4,0.05,Debit Card,2025-04-15 06:40:00,2025-05-09 06:40:00
502688,2026-02-06 23:30:00,1264,P1119,S023,8,0.15,Net Banking,2026-02-07 01:12:00,2026-03-14 01:12:00
502689,2024-01-19 11:58:00,1155,P1032,S008,5,0.2,Credit Card,2024-01-19 13:49:00,2024-01-19 13:49:00
502690,2023-04-11 16:55:00,1312,P1064,S004,6,0.05,Net Banking,2023-04-11 17:59:00,2023-06-07 17:59:00
502691,2025-12-17 23:12:00,1080,P1033,S013,1,0.0,UPI,2025-12-18 01:45:00,2025-12-23 01:45:00
502692,2023-05-17 09:19:00,1338,P1120,S013,3,0.2,Wallet,2023-05-17 09:31:00,2023-06-27 09:31:00
502693,2023-05-18 09:47:00,1117,P1009,S010,2,0.05,Debit Card,2023-05-18 12:33:00,2023-06-29 12:33:00
502694,2023-08-31 00:13:00,1295,P1127,S011,3,0.2,Cash,2023-08-31 02:25:00,2023-10-21 02:25:00
502695,2023-09-29 01:37:00,1223,P1084,S022,7,0.1,Credit Card,2023-09-29 04:13:00,2023-11-02 04:13:00
502696,2023-10-05 09:58:00,1318,P1039,S002,3,0.05,Debit Card,2023-10-05 10:00:00,2023-10-26 10:00:00
502697,2024-04-20 00:36:00,1220,P1027,S020,5,0.2,Net Banking,2024-04-20 02:40:00,2024-05-17 02:40:00
502698,2025-03-31 04:58:00,1424,P1140,S002,6,0.15,Net Banking,2025-03-31 07:23:00,2025-05-30 07:23:00
502699,2023-09-27 00:05:00,1187,P1063,S021,1,0.15,Net Banking,2023-09-27 02:06:00,2023-11-08 02:06:00
502700,2025-04-16 13:06:00,1293,P1086,S016,3,0.1,UPI,2025-04-16 15:20:00,2025-05-13 15:20:00
502701,2024-09-26 07:50:00,1132,P1031,S023,3,0.1,Credit Card,2024-09-26 09:08:00,2024-10-27 09:08:00
502702,2023-05-29 21:12:00,1317,P1081,S013,2,0.0,UPI,2023-05-29 23:15:00,2023-07-10 23:15:00
502703,2025-10-13 15:31:00,1087,P1019,S016,6,0.0,Credit Card,2025-10-13 16:21:00,2025-11-23 16:21:00
502704,2025-05-08 02:48:00,1340,P1046,S002,3,0.1,Net Banking,2025-05-08 05:15:00,2025-06-25 05:15:00
502705,2023-05-26 18:12:00,1100,P1054,S015,1,0.05,Debit Card,2023-05-26 20:24:00,2023-06-25 20:24:00
502706,2024-01-12 09:54:00,1434,P1115,S010,1,0.1,Cash,2024-01-12 11:13:00,2024-01-29 11:13:00
502707,2025-06-02 00:28:00,1444,P1033,S025,4,0.1,UPI,2025-06-02 02:44:00,2025-06-28 02:44:00
502708,2023-01-11 22:53:00,1165,P1020,S025,2,0.15,Wallet,2023-01-12 00:53:00,2023-02-07 00:53:00
502709,2023-03-11 22:35:00,1248,P1062,S022,3,0.2,Net Banking,2023-03-12 00:06:00,2023-03-17 00:06:00
502710,2024-12-11 02:17:00,1099,P1066,S002,2,0.2,Debit Card,2024-12-11 03:47:00,2025-01-04 03:47:00
502711,2025-11-08 00:22:00,1380,P1021,S024,2,0.1,Cash,2025-11-08 01:50:00,2025-12-12 01:50:00
502712,2024-06-17 08:45:00,1343,P1094,S008,2,0.15,UPI,2024-06-17 11:23:00,2024-07-12 11:23:00
502713,2025-10-04 15:00:00,1006,P1063,S001,5,0.1,Debit Card,2025-10-04 15:12:00,2025-10-22 15:12:00
502714,2023-08-29 17:17:00,1128,P1140,S005,3,0.0,Net Banking,2023-08-29 17:21:00,2023-10-16 17:21:00
502715,2023-02-19 21:13:00,1202,P1042,S025,1,0.05,Net Banking,2023-02-19 23:43:00,2023-03-15 23:43:00
502716,2025-01-31 17:35:00,1486,P1072,S021,1,0.15,Net Banking,2025-01-31 19:17:00,2025-03-15 19:17:00
502717,2026-01-11 00:09:00,1081,P1087,S003,7,0.1,Wallet,2026-01-11 01:49:00,2026-01-31 01:49:00
502718,2025-06-14 22:38:00,1105,P1061,S011,7,0.05,Credit Card,2025-06-14 23:30:00,2025-08-08 23:30:00
502719,2023-04-24 06:38:00,1135,P1006,S017,1,0.15,CASH,2023-04-24 08:37:00,2023-05-13 08:37:00
502720,2023-03-29 16:46:00,1248,P1011,S020,3,0.0,Wallet,2023-03-29 19:20:00,2023-05-03 19:20:00
502721,2023-08-29 19:44:00,1277,P1073,S008,2,0.0,Credit Card,2023-08-29 22:21:00,2023-09-03 22:21:00
502722,2023-10-25 12:24:00,1172,P1138,S009,6,0.2,UPI,2023-10-25 12:49:00,2023-10-31 12:49:00
502723,2024-12-03 05:51:00,1096,P1031,S004,7,0.0,Debit Card,2024-12-03 07:33:00,2024-12-18 07:33:00
502724,2025-07-20 21:43:00,1010,P1081,S008,8,0.0,Cash,2025-07-20 22:23:00,2025-07-29 22:23:00
502725,2025-09-04 08:23:00,1246,P1015,S018,3,0.05,UPI,2025-09-04 09:34:00,2025-09-22 09:34:00
502726,2025-06-27 02:18:00,1038,P1147,S011,4,0.2,Debit Card,2025-06-27 03:57:00,2025-08-13 03:57:00
502727,2025-05-12 15:51:00,1068,P1105,S006,4,0.1,Wallet,2025-05-12 17:30:00,2025-06-07 17:30:00
502728,2026-03-26 12:59:00,1119,P1004,S005,7,0.0,Wallet,2026-03-26 12:59:00,2026-04-18 12:59:00
502729,2025-12-30 09:01:00,1249,P1143,S015,1,0.05,Cash,2025-12-30 09:34:00,2026-01-22 09:34:00
502730,2025-11-24 12:03:00,1417,P1014,S013,4,0.0,Cash,2025-11-24 13:27:00,2026-01-22 13:27:00
502731,2025-03-21 07:27:00,1023,P1034,S024,2,0.15,Debit Card,2025-03-21 07:29:00,2025-04-13 07:29:00
502732,2023-01-17 19:34:00,1006,P1056,S019,1,0.2,UPI,2023-01-17 22:04:00,2023-01-24 22:04:00
502733,2023-12-04 01:51:00,1015,P1037,S012,3,0.0,Net Banking,2023-12-04 02:51:00,2024-01-13 02:51:00
502734,2024-06-21 10:10:00,1393,P1118,S025,6,0.2,Cash,2024-06-21 13:06:00,2024-07-03 13:06:00
502735,2025-01-20 07:54:00,1333,P1048,S013,1,0.0,Net Banking,2025-01-20 08:22:00,2025-02-25 08:22:00
502736,2025-12-28 13:02:00,1496,P1119,S012,8,0.1,Wallet,2025-12-28 13:36:00,2026-02-21 13:36:00
502737,2024-10-20 08:51:00,1303,P1036,S002,6,0.1,Wallet,2024-10-20 10:00:00,2024-11-29 10:00:00
502738,2026-02-14 19:18:00,1474,P1085,S008,2,0.0,Net Banking,2026-02-14 22:15:00,2026-03-04 22:15:00
502739,2023-02-03 20:35:00,1281,P1100,S012,6,0.2,Credit Card,2023-02-03 21:05:00,2023-03-20 21:05:00
502740,2024-08-03 09:48:00,1208,P1041,S006,6,0.05,UPI,2024-08-03 11:12:00,2024-08-28 11:12:00
502741,2025-10-07 19:31:00,1359,P1105,S013,1,0.05,Cash,2025-10-07 19:44:00,2025-10-27 19:44:00
502742,2023-07-30 13:53:00,1278,P1109,S001,8,0.0,Debit Card,2023-07-30 14:28:00,2023-08-18 14:28:00
502743,2025-07-08 20:09:00,1472,P1104,S001,3,0.05,Debit Card,2025-07-08 21:56:00,2025-09-03 21:56:00
502744,2023-05-09 11:32:00,1037,P1096,S007,1,0.0,Cash,2023-05-09 13:05:00,2023-05-10 13:05:00
502745,2024-04-16 21:46:00,1047,P1109,S016,2,0.1,Cash,2024-04-17 00:28:00,2024-06-16 00:28:00
502746,2023-04-21 11:33:00,1032,P1096,S005,3,0.1,Debit Card,2023-04-21 13:25:00,2023-05-27 13:25:00
502747,2023-06-03 06:15:00,1158,P1114,S019,5,0.0,Wallet,2023-06-03 08:46:00,2023-06-23 08:46:00
502748,2025-02-07 08:46:00,1050,P1082,S023,8,0.2,UPI,2025-02-07 10:19:00,2025-02-20 10:19:00
502749,2024-10-15 23:29:00,1478,P1021,S025,7,0.15,Wallet,2024-10-16 00:00:00,2024-11-21 00:00:00
502750,2024-09-07 22:25:00,1220,P1085,S013,2,0.2,Credit Card,2024-09-08 00:53:00,2024-09-21 00:53:00
502751,2024-02-03 10:45:00,1136,P1144,S015,7,0.2,UPI,2024-02-03 13:20:00,2024-03-05 13:20:00
502752,2025-02-05 21:29:00,1096,P1063,S024,8,0.15,Wallet,2025-02-05 21:41:00,2025-03-26 21:41:00
502753,2023-07-01 17:16:00,1004,P1026,S019,3,0.05,UPI,2023-07-01 18:18:00,2023-08-24 18:18:00
502754,2025-01-07 13:31:00,1098,P1037,S023,8,0.05,Wallet,2025-01-07 14:32:00,2025-01-20 14:32:00
502755,2023-09-30 06:36:00,1133,P1011,S006,3,0.1,Credit Card,2023-09-30 08:19:00,2023-10-18 08:19:00
502756,2023-12-02 12:59:00,1317,P1048,S009,3,0.15,Cash,2023-12-02 14:56:00,2023-12-26 14:56:00
502757,2024-04-29 19:59:00,1370,P1137,S011,3,0.0,Credit Card,2024-04-29 20:39:00,2024-05-13 20:39:00
502758,2024-05-03 21:11:00,1049,P1065,S023,1,0.0,Cash,2024-05-03 21:16:00,2024-06-08 21:16:00
502759,2024-01-22 07:48:00,1143,P1076,S005,4,0.1,Cash,2024-01-22 08:32:00,2024-02-24 08:32:00
502760,2023-05-25 19:37:00,1456,P1003,S022,8,0.1,Debit Card,2023-05-25 21:51:00,2023-06-03 21:51:00
502761,2023-06-22 10:53:00,1176,P1033,S013,1,0.15,Debit Card,2023-06-22 12:01:00,2023-08-05 12:01:00
502762,2025-06-12 18:44:00,1036,P1052,S018,4,0.0,UPI,2025-06-12 21:19:00,2025-07-21 21:19:00
502763,2023-01-08 22:53:00,1146,P1063,S007,3,0.05,Cash,2023-01-09 00:33:00,2023-02-28 00:33:00
502764,2023-11-05 04:31:00,1240,P1056,S007,2,0.15,Wallet,2023-11-05 06:26:00,2023-12-04 06:26:00
502765,2025-11-02 22:02:00,1476,P1077,S024,8,0.0,Cash,2025-11-02 23:43:00,2025-11-27 23:43:00
502766,2023-01-08 06:35:00,1122,P1097,S002,6,0.2,Debit Card,2023-01-08 08:07:00,2023-01-11 08:07:00
502767,2023-12-14 19:32:00,1323,P1074,S003,1,0.15,Wallet,2023-12-14 20:49:00,2023-12-22 20:49:00
502768,2024-09-01 23:03:00,1254,P1070,S001,7,0.15,Debit Card,2024-09-01 23:36:00,2024-10-28 23:36:00
502769,2025-11-02 05:27:00,1071,P1096,S019,1,0.15,Credit Card,2025-11-02 07:23:00,2025-11-28 07:23:00
502770,2023-01-29 01:15:00,1098,P1131,S022,6,0.15,Debit Card,2023-01-29 04:15:00,2023-02-23 04:15:00
502771,2025-04-23 23:04:00,1230,P1069,S011,8,0.2,Credit Card,2025-04-24 00:16:00,2025-05-30 00:16:00
502772,2023-08-02 16:59:00,1358,P1147,S022,8,0.2,Net Banking,2023-08-02 17:54:00,2023-09-08 17:54:00
502773,2024-07-22 19:50:00,1307,P1130,S014,1,0.2,Wallet,2024-07-22 20:09:00,2024-08-07 20:09:00
502774,2024-10-07 10:00:00,1360,P1054,S005,7,0.15,Debit Card,2024-10-07 11:12:00,2024-11-14 11:12:00
502775,2024-03-19 04:08:00,1132,P1098,S004,3,0.0,Credit Card,2024-03-19 05:04:00,2024-04-25 05:04:00
502776,2026-01-27 18:45:00,1334,P1020,S022,2,0.1,Net Banking,2026-01-27 21:01:00,2026-03-19 21:01:00
502777,2024-08-13 17:59:00,1129,P1005,S001,2,0.05,Wallet,2024-08-13 19:25:00,2024-08-27 19:25:00
502778,2025-07-11 13:47:00,1449,P1042,S005,4,0.2,Net Banking,2025-07-11 16:45:00,2025-09-07 16:45:00
502779,2024-09-14 15:19:00,1456,P1042,S011,7,0.15,Wallet,2024-09-14 16:03:00,2024-11-05 16:03:00
502780,2025-10-29 22:31:00,1263,P1129,S017,3,0.05,Credit Card,2025-10-29 22:47:00,2025-12-22 22:47:00
502781,2025-07-11 16:41:00,1248,P1015,S011,5,0.0,Cash,2025-07-11 19:00:00,2025-08-21 19:00:00
502782,2025-12-05 01:24:00,1375,P1052,S023,5,0.2,Wallet,2025-12-05 04:22:00,2025-12-09 04:22:00
502783,2025-01-27 12:19:00,1295,P1138,S009,7,0.0,Wallet,2025-01-27 14:18:00,2025-03-15 14:18:00
502784,2024-10-26 16:27:00,1320,P1069,S019,7,0.05,Wallet,2024-10-26 19:22:00,2024-11-23 19:22:00
502785,2026-01-14 07:00:00,1471,P1114,S005,4,0.15,UPI,2026-01-14 09:38:00,2026-03-09 09:38:00
502786,2023-04-14 17:03:00,1073,P1107,S003,7,0.15,Credit Card,2023-04-14 19:29:00,2023-06-09 19:29:00
502787,2023-01-16 03:26:00,1462,P1082,S024,8,0.2,Cash,2023-01-16 04:48:00,2023-02-07 04:48:00
502788,2024-07-22 10:31:00,1268,P1103,S011,6,0.1,Cash,2024-07-22 13:21:00,2024-09-19 13:21:00
502789,2024-12-22 03:11:00,1221,P1071,S001,1,0.0,Cash,2024-12-22 04:16:00,2025-01-21 04:16:00
502790,2025-12-08 14:21:00,1415,P1107,S017,3,0.1,Wallet,2025-12-08 16:34:00,2026-01-27 16:34:00
502791,2023-04-28 11:04:00,1181,P1066,S011,2,0.05,CREDIT CARD,2023-04-28 12:50:00,2023-05-22 12:50:00
502792,2024-06-09 09:16:00,1263,P1121,S010,1,0.05,Credit Card,2024-06-09 09:33:00,2024-07-28 09:33:00
502793,2024-02-17 16:26:00,1009,P1132,S025,4,0.1,CASH,2024-02-17 18:42:00,2024-03-15 18:42:00
502794,2023-03-27 23:04:00,1491,P1063,S014,4,0.0,Net Banking,2023-03-28 00:59:00,2023-03-29 00:59:00
502795,2024-09-02 08:09:00,1330,P1106,S002,3,0.0,Wallet,2024-09-02 09:03:00,2024-10-04 09:03:00
502796,2024-11-12 23:03:00,1377,P1137,S008,1,0.2,Debit Card,2024-11-13 01:21:00,2024-12-22 01:21:00
502797,2023-05-22 06:17:00,1007,P1150,S025,7,0.0,Net Banking,2023-05-22 09:08:00,2023-06-28 09:08:00
502798,2025-09-01 19:31:00,1250,P1035,S009,6,0.05,Net Banking,2025-09-01 21:58:00,2025-10-27 21:58:00
502799,2024-07-04 03:13:00,1313,P1070,S017,1,0.1,Debit Card,2024-07-04 04:45:00,2024-07-28 04:45:00
502800,2023-03-28 14:13:00,1395,P1097,S025,8,0.1,Net Banking,2023-03-28 15:43:00,2023-05-15 15:43:00
502801,2023-01-30 18:20:00,1328,P1058,S019,5,0.0,Debit Card,2023-01-30 20:27:00,2023-03-11 20:27:00
502802,2026-01-28 01:08:00,1001,P1044,S023,5,0.1,Credit Card,2026-01-28 03:56:00,2026-02-24 03:56:00
502803,2023-04-01 07:05:00,1272,P1036,S011,5,0.2,UPI,2023-04-01 08:35:00,2023-05-29 08:35:00
502804,2025-08-17 06:54:00,1021,P1059,S004,8,0.15,Cash,2025-08-17 08:13:00,2025-08-26 08:13:00
502805,2024-08-08 17:27:00,1313,P1094,S004,5,0.0,NET BANKING,2024-08-08 19:24:00,2024-08-31 19:24:00
502806,2025-05-21 23:17:00,1370,P1041,S007,1,,Net Banking,2025-05-22 02:12:00,2025-06-24 02:12:00
502807,2023-09-22 19:20:00,1448,P1102,S023,5,0.0,Net Banking,2023-09-22 22:04:00,2023-10-25 22:04:00
502808,2025-05-10 05:15:00,1113,P1044,S014,1,0.1,Wallet,2025-05-10 08:00:00,2025-06-28 08:00:00
502809,2026-01-28 12:45:00,1144,P1043,S015,7,0.15,Debit Card,2026-01-28 15:24:00,2026-03-17 15:24:00
502810,2025-11-23 06:06:00,1359,P1001,S013,7,0.05,Net Banking,2025-11-23 07:59:00,2025-12-05 07:59:00
502811,2024-03-13 21:41:00,1191,P1024,S017,2,0.15,Net Banking,2024-03-14 00:35:00,2024-03-19 00:35:00
502812,2025-10-22 04:18:00,1196,P1093,S011,5,0.15,NET BANKING,2025-10-22 04:55:00,2025-12-17 04:55:00
502813,2026-01-28 18:53:00,1216,P1040,S008,3,0.15,Wallet,2026-01-28 18:58:00,2026-03-28 18:58:00
502814,2023-10-23 07:41:00,1231,P1129,S019,1,0.05,Credit Card,2023-10-23 09:42:00,2023-10-30 09:42:00
502815,2024-04-11 15:43:00,1019,P1110,S011,5,0.2,Wallet,2024-04-11 18:09:00,2024-04-14 18:09:00
502816,2025-07-06 01:42:00,1415,P1120,S015,6,0.1,UPI,2025-07-06 04:03:00,2025-07-23 04:03:00
502817,2025-06-30 13:31:00,1104,P1135,S003,1,0.15,Wallet,2025-06-30 14:51:00,2025-07-20 14:51:00
502818,2024-03-06 14:32:00,1299,P1017,S011,8,0.2,UPI,2024-03-06 14:48:00,2024-03-28 14:48:00
502819,2026-02-16 18:19:00,1312,P1100,S006,7,,Credit Card,2026-02-16 19:53:00,2026-03-20 19:53:00
502820,2025-11-01 08:35:00,1211,P1053,S017,1,0.05,UPI,2025-11-01 10:46:00,2025-11-29 10:46:00
502821,2025-09-07 12:05:00,1304,P1103,S022,2,0.05,UPI,2025-09-07 12:43:00,2025-09-22 12:43:00
502822,2023-02-27 20:54:00,1046,P1141,S018,2,0.05,Net Banking,2023-02-27 22:19:00,2023-04-15 22:19:00
502823,2026-01-10 16:41:00,1336,P1026,S017,3,0.0,Wallet,2026-01-10 18:20:00,2026-03-05 18:20:00
502824,2025-09-27 00:58:00,1367,P1010,S004,1,0.15,NET BANKING,2025-09-27 02:40:00,2025-10-21 02:40:00
502825,2023-09-28 07:30:00,1285,P1037,S013,4,0.05,Debit Card,2023-09-28 08:07:00,2023-11-04 08:07:00
502826,2025-11-13 21:59:00,1156,P1117,S002,4,0.1,UPI,2025-11-13 23:50:00,2025-12-25 23:50:00
502827,2025-05-11 15:20:00,1315,P1106,S017,4,0.05,Debit Card,2025-05-11 17:17:00,2025-06-12 17:17:00
502828,2024-12-26 22:28:00,1250,P1114,S008,2,0.05,Wallet,2024-12-26 22:31:00,2025-02-15 22:31:00
502829,2024-03-22 03:20:00,1324,P1011,S022,6,0.15,Wallet,2024-03-22 04:44:00,2024-04-12 04:44:00
502830,2023-03-09 11:08:00,1269,P1123,S020,4,0.2,Debit Card,2023-03-09 13:52:00,2023-03-14 13:52:00
502831,2024-07-27 08:02:00,1261,P1138,S007,2,0.0,Debit Card,2024-07-27 09:21:00,2024-08-19 09:21:00
502832,2023-05-11 09:56:00,1027,P1027,S025,3,0.05,Wallet,2023-05-11 11:59:00,2023-07-10 11:59:00
502833,2024-10-22 01:12:00,1228,P1030,S011,7,0.2,Net Banking,2024-10-22 02:54:00,2024-11-25 02:54:00
502834,2023-06-02 23:02:00,1225,P1116,S020,8,0.2,UPI,2023-06-03 01:31:00,2023-07-13 01:31:00
502835,2023-10-19 07:40:00,1399,P1069,S012,7,0.2,Debit Card,2023-10-19 08:57:00,2023-12-09 08:57:00
502836,2024-06-23 13:30:00,1151,P1007,S025,4,0.15,WALLET,2024-06-23 15:57:00,2024-08-13 15:57:00
502837,2025-05-25 09:52:00,1222,P1056,S005,6,0.15,Credit Card,2025-05-25 09:57:00,2025-05-29 09:57:00
502838,2025-10-18 16:42:00,1061,P1091,S019,8,0.1,Cash,2025-10-18 17:35:00,2025-12-12 17:35:00
502839,2023-11-25 19:58:00,1076,P1113,S008,2,,Cash,2023-11-25 22:58:00,2024-01-06 22:58:00
502840,2026-02-19 23:13:00,1290,P1023,S011,6,0.1,Wallet,2026-02-19 23:22:00,2026-02-27 23:22:00
502841,2023-12-02 07:14:00,1047,P1097,S024,6,0.0,Net Banking,2023-12-02 07:58:00,2023-12-21 07:58:00
502842,2024-12-11 20:47:00,1127,P1150,S014,7,0.0,Cash,2024-12-11 21:52:00,2025-01-14 21:52:00
502843,2024-02-29 09:18:00,1242,P1066,S013,3,0.0,Debit Card,2024-02-29 10:56:00,2024-04-23 10:56:00
502844,2026-03-18 11:34:00,1043,P1125,S009,2,0.15,UPI,2026-03-18 12:46:00,2026-04-28 12:46:00
502845,2025-06-24 00:21:00,1083,P1043,S003,2,0.15,Net Banking,2025-06-24 00:24:00,2025-08-23 00:24:00
502846,2026-02-04 02:41:00,1051,P1059,S025,5,0.1,Wallet,2026-02-04 03:54:00,2026-04-02 03:54:00
502847,2025-09-09 12:44:00,1303,P1066,S018,4,0.15,Cash,2025-09-09 12:58:00,2025-10-24 12:58:00
502848,2024-08-12 00:47:00,1415,P1033,S018,7,0.1,Wallet,2024-08-12 01:19:00,2024-09-18 01:19:00
502849,2024-05-09 06:49:00,1078,P1109,S021,6,0.0,Net Banking,2024-05-09 06:56:00,2024-06-29 06:56:00
502850,2025-02-26 22:52:00,1286,P1049,S014,7,0.15,Cash,2025-02-26 23:39:00,2025-03-05 23:39:00
502851,2023-09-10 19:47:00,1212,P1112,S003,1,0.05,Debit Card,2023-09-10 21:23:00,2023-10-06 21:23:00
502852,2025-03-18 07:17:00,1487,P1009,S005,3,0.05,Wallet,2025-03-18 08:01:00,2025-05-08 08:01:00
502853,2024-03-26 08:39:00,1021,P1019,S007,8,0.15,Net Banking,2024-03-26 11:09:00,2024-04-29 11:09:00
502854,2024-03-28 13:31:00,1380,P1005,S004,8,0.15,Net Banking,2024-03-28 15:02:00,2024-05-06 15:02:00
502855,2023-05-28 10:09:00,1142,P1104,S004,5,0.1,UPI,2023-05-28 12:51:00,2023-06-16 12:51:00
502856,2023-12-03 06:15:00,1235,P1078,S013,6,0.15,Debit Card,2023-12-03 07:44:00,2023-12-07 07:44:00
502857,2023-10-14 12:52:00,1282,P1099,S008,8,0.05,Cash,2023-10-14 13:05:00,2023-10-21 13:05:00
502858,2024-03-22 02:36:00,1385,P1092,S024,7,0.2,Wallet,2024-03-22 05:05:00,2024-05-11 05:05:00
502859,2024-11-16 11:37:00,1094,P1125,S022,8,0.15,Debit Card,2024-11-16 12:17:00,2024-12-26 12:17:00
502860,2023-07-09 09:38:00,1111,P1141,S011,1,0.05,WALLET,2023-07-09 09:49:00,2023-07-10 09:49:00
502861,2024-11-16 10:04:00,1480,P1070,S025,5,0.1,Net Banking,2024-11-16 10:57:00,2025-01-08 10:57:00
502862,2025-03-28 15:09:00,1467,P1138,S008,1,0.1,Cash,2025-03-28 15:55:00,2025-05-01 15:55:00
502863,2024-05-08 07:04:00,1185,P1071,S013,2,0.1,Wallet,2024-05-08 08:08:00,2024-07-06 08:08:00
502864,2025-09-14 09:37:00,1184,P1024,S004,5,0.2,CASH,2025-09-14 10:27:00,2025-09-23 10:27:00
502865,2025-12-13 16:29:00,1163,P1055,S003,3,0.0,Debit Card,2025-12-13 18:59:00,2026-02-03 18:59:00
502866,2023-01-29 18:20:00,1226,P1127,S021,7,0.15,UPI,2023-01-29 19:33:00,2023-02-13 19:33:00
502867,2025-11-18 06:03:00,1412,P1096,S017,1,0.0,UPI,2025-11-18 09:01:00,2025-12-21 09:01:00
502868,2026-01-02 15:15:00,1106,P1150,S003,6,0.0,UPI,2026-01-02 15:36:00,2026-01-21 15:36:00
502869,2024-05-27 07:27:00,1212,P1044,S021,2,0.0,Cash,2024-05-27 09:30:00,2024-06-30 09:30:00
502870,2026-01-28 02:35:00,1024,P1104,S021,6,0.15,Debit Card,2026-01-28 04:31:00,2026-02-03 04:31:00
502871,2023-09-21 10:48:00,1028,P1105,S021,1,0.05,Cash,2023-09-21 12:44:00,2023-11-13 12:44:00
502872,2026-03-30 21:12:00,1415,P1019,S012,5,0.05,Wallet,2026-03-30 22:14:00,2026-05-28 22:14:00
502873,2024-02-06 00:25:00,1095,P1050,S002,3,0.2,Cash,2024-02-06 00:33:00,2024-02-09 00:33:00
502874,2024-11-17 20:44:00,1357,P1005,S022,6,0.05,Credit Card,2024-11-17 22:09:00,2025-01-14 22:09:00
502875,2024-08-13 23:06:00,1404,P1040,S001,7,0.15,Cash,2024-08-13 23:30:00,2024-08-31 23:30:00
502876,2023-03-17 03:20:00,1164,P1145,S005,1,0.0,Cash,2023-03-17 03:39:00,2023-04-02 03:39:00
502877,2025-05-19 07:13:00,1066,P1035,S005,5,0.0,UPI,2025-05-19 09:25:00,2025-05-28 09:25:00
502878,2024-10-16 07:55:00,1095,P1046,S002,6,0.15,Credit Card,2024-10-16 10:25:00,2024-10-24 10:25:00
502879,2023-02-26 03:42:00,1024,P1020,S004,4,0.1,Net Banking,2023-02-26 06:19:00,2023-04-15 06:19:00
502880,2024-09-20 06:14:00,1099,P1059,S021,3,0.1,Credit Card,2024-09-20 08:41:00,2024-09-26 08:41:00
502881,2025-11-24 12:07:00,1125,P1066,S011,7,0.1,Debit Card,2025-11-24 13:01:00,2025-12-04 13:01:00
502882,2023-09-16 06:19:00,1205,P1077,S025,5,0.2,Cash,2023-09-16 07:06:00,2023-10-18 07:06:00
502883,2025-05-26 00:11:00,1263,P1111,S014,4,0.1,CREDIT CARD,2025-05-26 01:18:00,2025-07-02 01:18:00
502884,2023-04-22 23:51:00,1183,P1064,S014,8,0.15,Wallet,2023-04-23 02:20:00,2023-06-22 02:20:00
502885,2024-05-11 08:42:00,1327,P1093,S006,8,0.05,Debit Card,2024-05-11 11:08:00,2024-06-15 11:08:00
502886,2025-04-08 02:21:00,1197,P1104,S012,6,0.2,UPI,2025-04-08 05:17:00,2025-04-19 05:17:00
502887,2024-07-01 15:48:00,1190,P1064,S021,1,0.2,Cash,2024-07-01 17:27:00,2024-07-11 17:27:00
502888,2025-05-02 09:06:00,1401,P1095,S008,4,0.15,Net Banking,2025-05-02 10:14:00,2025-06-01 10:14:00
502889,2025-01-29 05:18:00,1486,P1070,S025,7,0.15,Wallet,2025-01-29 07:11:00,2025-03-19 07:11:00
502890,2024-10-12 21:14:00,1288,P1149,S023,7,0.05,Wallet,2024-10-12 22:40:00,2024-10-25 22:40:00
502891,2026-03-26 17:56:00,1128,P1040,S010,4,0.15,Cash,2026-03-26 19:22:00,2026-05-12 19:22:00
502892,2023-11-05 09:06:00,1042,P1041,S021,8,0.15,Credit Card,2023-11-05 10:32:00,2023-12-05 10:32:00
502893,2026-01-25 07:20:00,1482,P1074,S014,6,0.2,Wallet,2026-01-25 08:29:00,2026-02-07 08:29:00
502894,2025-05-28 07:42:00,1212,P1026,S013,3,0.1,Net Banking,2025-05-28 10:09:00,2025-05-29 10:09:00
502895,2025-08-21 18:40:00,1312,P1140,S022,2,0.15,UPI,2025-08-21 19:40:00,2025-09-29 19:40:00
502896,2024-12-26 07:43:00,1052,P1101,S017,4,0.15,upi,2024-12-26 09:51:00,2024-12-31 09:51:00
502897,2023-03-01 07:01:00,1107,P1122,S005,7,0.0,Cash,2023-03-01 09:08:00,2023-04-21 09:08:00
502898,2023-12-07 00:06:00,1315,P1109,S016,1,0.2,Credit Card,2023-12-07 01:16:00,2024-01-10 01:16:00
502899,2025-03-02 23:17:00,1061,P1034,S004,5,0.15,Credit Card,2025-03-03 01:43:00,2025-03-16 01:43:00
502900,2024-09-01 14:25:00,1329,P1072,S005,3,0.15,Wallet,2024-09-01 15:12:00,2024-09-21 15:12:00
502901,2024-08-30 11:48:00,1470,P1049,S020,2,0.15,Credit Card,2024-08-30 13:31:00,2024-09-12 13:31:00
502902,2024-09-07 00:13:00,1294,P1068,S017,2,0.0,CREDIT CARD,2024-09-07 01:54:00,2024-10-29 01:54:00
502903,2025-04-27 22:58:00,1150,P1146,S015,2,0.2,Cash,2025-04-28 00:36:00,2025-06-12 00:36:00
502904,2025-07-13 21:01:00,1456,P1141,S008,4,0.1,Credit Card,2025-07-13 22:46:00,2025-08-25 22:46:00
502905,2023-08-16 01:06:00,1087,P1090,S025,1,0.0,Cash,2023-08-16 02:45:00,2023-08-22 02:45:00
502906,2024-05-20 18:38:00,1300,P1009,S025,2,0.05,Credit Card,2024-05-20 19:47:00,2024-07-05 19:47:00
502907,2024-04-19 08:17:00,1470,P1108,S016,4,0.1,Net Banking,2024-04-19 09:12:00,2024-05-19 09:12:00
502908,2023-07-25 09:02:00,1409,P1068,S003,1,0.0,Cash,2023-07-25 11:26:00,2023-08-28 11:26:00
502909,2025-10-07 19:13:00,1129,P1140,S003,2,0.15,UPI,2025-10-07 19:22:00,2025-10-11 19:22:00
502910,2024-08-02 18:41:00,1337,P1022,S025,1,0.0,Debit Card,2024-08-02 21:12:00,2024-09-13 21:12:00
502911,2023-11-27 01:09:00,1426,P1107,S014,2,,Net Banking,2023-11-27 03:24:00,2024-01-01 03:24:00
502912,2023-03-09 23:04:00,1021,P1064,S010,-1,0.0,Credit Card,2023-03-10 01:42:00,2023-04-17 01:42:00
502913,2024-06-12 16:57:00,1284,P1067,S005,1,0.05,Debit Card,2024-06-12 18:21:00,2024-07-01 18:21:00
502914,2024-02-09 02:27:00,1245,P1145,S022,2,0.15,Net Banking,2024-02-09 02:42:00,2024-03-24 02:42:00
502915,2023-07-24 06:58:00,1031,P1021,S011,8,0.0,Wallet,2023-07-24 09:17:00,2023-08-17 09:17:00
502916,2023-06-26 15:07:00,1070,P1026,S019,5,0.0,Credit Card,2023-06-26 15:59:00,2023-08-21 15:59:00
502917,2024-09-13 14:42:00,1497,P1134,S018,2,0.1,UPI,2024-09-13 14:43:00,2024-09-23 14:43:00
502918,2023-09-02 04:53:00,1436,P1077,S011,3,0.15,Wallet,2023-09-02 07:09:00,2023-10-01 07:09:00
502919,2023-06-03 19:13:00,1435,P1131,S012,8,0.15,Debit Card,2023-06-03 21:04:00,2023-07-03 21:04:00
502920,2025-05-27 06:38:00,1284,P1021,S002,8,0.1,Net Banking,2025-05-27 06:56:00,2025-06-11 06:56:00
502921,2023-08-16 21:24:00,1296,P1074,S006,4,0.05,UPI,2023-08-16 21:55:00,2023-10-05 21:55:00
502922,2024-12-14 09:56:00,1364,P1061,S003,6,0.05,Debit Card,2024-12-14 10:08:00,2024-12-18 10:08:00
502923,2023-04-16 13:38:00,1495,P1048,S013,2,0.15,Net Banking,2023-04-16 16:27:00,2023-05-13 16:27:00
502924,2024-06-02 11:21:00,1090,P1128,S024,5,0.0,UPI,2024-06-02 12:03:00,2024-06-22 12:03:00
502925,2023-10-12 20:23:00,1369,P1017,S023,8,0.2,Net Banking,2023-10-12 21:35:00,2023-11-12 21:35:00
502926,2024-07-19 16:33:00,1200,P1073,S017,4,0.0,UPI,2024-07-19 18:04:00,2024-08-15 18:04:00
502927,2025-01-26 03:37:00,1375,P1088,S014,8,0.1,Wallet,2025-01-26 06:17:00,2025-03-11 06:17:00
502928,2025-04-03 06:23:00,1259,P1076,S005,3,0.15,Wallet,2025-04-03 07:56:00,2025-05-22 07:56:00
502929,2023-06-26 14:09:00,1069,P1093,S013,6,0.0,Debit Card,2023-06-26 15:48:00,2023-07-21 15:48:00
502930,2025-02-22 00:30:00,1022,P1022,S010,5,0.0,Credit Card,2025-02-22 00:35:00,2025-04-05 00:35:00
502931,2023-01-11 12:32:00,1441,P1047,S009,1,0.2,Cash,2023-01-11 15:17:00,2023-02-06 15:17:00
502932,2023-07-30 00:00:00,1211,P1105,S018,1,0.1,UPI,2023-07-30 02:43:00,2023-09-20 02:43:00
502933,2025-09-22 04:34:00,1242,P1105,S006,4,0.2,Wallet,2025-09-22 05:10:00,2025-09-22 05:10:00
502934,2023-08-16 03:22:00,1072,P1059,S005,3,0.05,Credit Card,2023-08-16 06:10:00,2023-08-26 06:10:00
502935,2026-02-12 04:18:00,1143,P1121,S011,3,0.2,Credit Card,2026-02-12 04:21:00,2026-03-18 04:21:00
502936,2025-01-03 19:37:00,1017,P1001,S009,2,0.0,Wallet,2025-01-03 22:09:00,2025-01-22 22:09:00
502937,2026-02-09 08:28:00,1060,P1059,S012,2,0.0,Credit Card,2026-02-09 11:02:00,2026-04-01 11:02:00
502938,2024-12-11 21:01:00,1164,P1114,S005,3,0.2,Net Banking,2024-12-11 22:21:00,2024-12-23 22:21:00
502939,2023-09-26 00:50:00,1061,P1093,S016,1,0.2,Cash,2023-09-26 02:41:00,2023-10-14 02:41:00
502940,2025-12-09 07:01:00,1277,P1005,S003,1,0.1,UPI,2025-12-09 07:33:00,2026-02-06 07:33:00
502941,2024-08-12 22:21:00,1040,P1086,S025,3,0.2,UPI,2024-08-12 23:23:00,2024-08-31 23:23:00
502942,2024-06-21 09:30:00,1410,P1117,S010,3,0.2,UPI,2024-06-21 11:52:00,2024-07-17 11:52:00
502943,2023-12-25 02:41:00,1285,P1058,S001,7,0.05,Debit Card,2023-12-25 04:51:00,2024-02-06 04:51:00
502944,2025-10-16 17:41:00,1117,P1119,S018,2,0.05,upi,2025-10-16 17:47:00,2025-11-28 17:47:00
502945,2024-03-30 21:39:00,1477,P1062,S024,7,0.2,Net Banking,2024-03-30 23:32:00,2024-04-15 23:32:00
502946,2023-01-29 10:52:00,1166,P1089,S016,6,0.2,Net Banking,2023-01-29 12:16:00,2023-03-05 12:16:00
502947,2024-09-18 22:49:00,1389,P1072,S006,1,0.15,Net Banking,2024-09-18 22:54:00,2024-10-22 22:54:00
502948,2025-05-30 18:40:00,1153,P1092,S005,7,0.0,Cash,2025-05-30 18:52:00,2025-07-13 18:52:00
502949,2023-05-17 23:03:00,1216,P1118,S008,4,0.15,Debit Card,2023-05-18 00:42:00,2023-06-08 00:42:00
502950,2025-01-30 14:57:00,1205,P1082,S005,8,0.15,UPI,2025-01-30 15:08:00,2025-02-04 15:08:00
502951,2024-04-01 13:42:00,1154,P1142,S002,3,0.1,Credit Card,2024-04-01 16:05:00,2024-04-05 16:05:00
502952,2023-02-11 16:17:00,1371,P1103,S020,3,,Cash,2023-02-11 17:06:00,2023-03-13 17:06:00
502953,2024-08-28 08:19:00,1429,P1128,S006,6,0.0,Net Banking,2024-08-28 10:16:00,2024-10-16 10:16:00
502954,2024-07-31 21:11:00,1073,P1065,S006,4,0.1,Net Banking,2024-07-31 22:12:00,2024-09-16 22:12:00
502955,2023-01-10 01:17:00,1364,P1033,S010,2,0.1,Debit Card,2023-01-10 01:37:00,2023-02-08 01:37:00
502956,2024-05-20 12:38:00,1274,P1087,S011,8,0.1,Net Banking,2024-05-20 13:05:00,2024-06-09 13:05:00
502957,2023-02-28 12:11:00,1415,P1097,S001,3,0.1,Credit Card,2023-02-28 14:18:00,2023-04-05 14:18:00
502958,2025-01-25 14:03:00,1110,P1057,S022,3,0.2,Debit Card,2025-01-25 15:04:00,2025-03-14 15:04:00
502959,2024-08-19 11:11:00,1043,P1083,S021,3,0.2,Cash,2024-08-19 12:07:00,2024-10-12 12:07:00
502960,2024-04-08 01:17:00,1425,P1036,S020,7,0.15,Credit Card,2024-04-08 01:22:00,2024-06-05 01:22:00
502961,2023-07-05 14:10:00,1152,P1041,S020,3,0.05,upi,2023-07-05 14:35:00,2023-08-05 14:35:00
502962,2024-09-10 02:26:00,1475,P1046,S004,6,0.05,Net Banking,2024-09-10 04:24:00,2024-10-14 04:24:00
502963,2023-12-27 12:24:00,1244,P1002,S013,4,0.05,Debit Card,2023-12-27 14:58:00,2024-01-09 14:58:00
502964,2023-03-09 06:07:00,1081,P1129,S002,5,0.2,Debit Card,2023-03-09 07:06:00,2023-04-15 07:06:00
502965,2023-01-16 05:09:00,1049,P1150,S002,2,0.2,Credit Card,2023-01-16 05:20:00,2023-02-11 05:20:00
502966,2024-05-13 06:23:00,1251,P1125,S003,1,,UPI,2024-05-13 09:01:00,2024-05-27 09:01:00
502967,2023-02-14 05:45:00,1175,P1111,S004,7,0.05,Credit Card,2023-02-14 08:13:00,2023-03-27 08:13:00
502968,2024-11-28 12:45:00,1359,P1127,S003,6,0.1,Net Banking,2024-11-28 15:38:00,2024-12-15 15:38:00
502969,2024-09-25 00:46:00,1319,P1037,S008,1,0.1,Debit Card,2024-09-25 02:41:00,2024-11-01 02:41:00
502970,2024-03-20 04:47:00,1493,P1099,S021,8,0.15,Net Banking,2024-03-20 05:46:00,2024-03-25 05:46:00
502971,2023-06-04 09:21:00,1226,P1074,S008,8,0.0,Wallet,2023-06-04 10:57:00,2023-06-22 10:57:00
502972,2023-08-31 19:18:00,1347,P1027,S003,8,0.15,Cash,2023-08-31 20:48:00,2023-09-12 20:48:00
502973,2025-05-11 22:27:00,1177,P1046,S022,8,0.15,UPI,2025-05-11 23:54:00,2025-05-14 23:54:00
502974,2023-09-14 00:50:00,1284,P1023,S023,6,0.15,Net Banking,2023-09-14 03:17:00,2023-09-24 03:17:00
502975,2023-04-23 13:42:00,1370,P1016,S005,3,0.05,UPI,2023-04-23 14:00:00,2023-06-13 14:00:00
502976,2023-08-22 12:30:00,1349,P1114,S001,7,,Wallet,2023-08-22 15:10:00,2023-09-26 15:10:00
502977,2025-05-25 06:21:00,1078,P1051,S022,8,0.0,Net Banking,2025-05-25 07:23:00,2025-06-02 07:23:00
502978,2024-12-29 18:09:00,1071,P1097,S021,5,0.2,Debit Card,2024-12-29 18:27:00,2025-02-22 18:27:00
502979,2025-04-28 07:58:00,1043,P1074,S005,5,0.05,UPI,2025-04-28 10:05:00,2025-05-03 10:05:00
502980,2023-03-24 00:47:00,1426,P1087,S025,4,0.2,Net Banking,2023-03-24 01:49:00,2023-04-22 01:49:00
502981,2026-03-02 22:09:00,1358,P1019,S007,3,,Cash,2026-03-02 23:11:00,2026-04-15 23:11:00
502982,2024-12-06 19:42:00,1436,P1098,S013,4,0.05,Cash,2024-12-06 22:22:00,2025-01-07 22:22:00
502983,2026-01-01 22:16:00,1338,P1142,S007,8,0.15,Debit Card,2026-01-01 22:42:00,2026-02-01 22:42:00
502984,2026-03-13 02:56:00,1108,P1135,S005,1,0.0,UPI,2026-03-13 04:23:00,2026-05-09 04:23:00
502985,2024-07-16 21:55:00,1199,P1091,S006,7,0.15,Debit Card,2024-07-16 22:02:00,2024-09-06 22:02:00
502986,2024-01-12 13:28:00,1455,P1095,S003,3,0.15,Credit Card,2024-01-12 14:24:00,2024-03-07 14:24:00
502987,2024-07-26 10:22:00,1466,P1064,S016,6,0.15,Debit Card,2024-07-26 11:18:00,2024-09-15 11:18:00
502988,2025-03-01 19:30:00,1271,P1113,S017,5,0.2,Cash,2025-03-01 21:15:00,2025-03-17 21:15:00
502989,2023-11-24 05:17:00,1363,P1095,S004,1,,Cash,2023-11-24 07:44:00,2023-12-12 07:44:00
502990,2023-10-10 10:00:00,1067,P1146,S014,6,0.15,Net Banking,2023-10-10 11:45:00,2023-11-16 11:45:00
502991,2024-11-14 03:09:00,1444,P1108,S025,3,0.15,Cash,2024-11-14 06:01:00,2024-11-17 06:01:00
502992,2025-10-05 05:38:00,1164,P1006,S020,8,0.2,Credit Card,2025-10-05 06:37:00,2025-11-21 06:37:00
502993,2024-06-11 21:56:00,1071,P1019,S005,2,0.1,Cash,2024-06-11 23:04:00,2024-08-05 23:04:00
502994,2025-01-30 00:11:00,1101,P1075,S016,8,0.2,Wallet,2025-01-30 00:48:00,2025-03-21 00:48:00
502995,2023-01-13 09:58:00,1371,P1146,S015,3,0.1,UPI,2023-01-13 11:26:00,2023-02-13 11:26:00
502996,2025-11-30 09:44:00,1235,P1007,S007,4,0.2,Net Banking,2025-11-30 12:31:00,2025-12-03 12:31:00
502997,2023-10-02 02:18:00,1349,P1037,S025,4,0.05,Cash,2023-10-02 04:13:00,2023-11-06 04:13:00
502998,2023-11-16 22:03:00,1361,P1070,S011,2,0.15,Cash,2023-11-17 00:28:00,2023-12-31 00:28:00
502999,2025-03-30 23:28:00,1101,P1105,S021,4,0.05,Net Banking,2025-03-30 23:31:00,2025-04-24 23:31:00
503000,2025-05-23 06:00:00,1071,P1039,S001,1,0.2,Debit Card,2025-05-23 06:28:00,2025-05-27 06:28:00
503001,2025-10-27 08:08:00,1130,P1140,S007,4,0.05,Cash,2025-10-27 09:47:00,2025-12-18 09:47:00
503002,2025-07-13 21:36:00,1485,P1131,S006,7,0.15,Wallet,2025-07-13 23:13:00,2025-07-14 23:13:00
503003,2023-06-25 22:13:00,1437,P1086,S021,5,0.2,Debit Card,2023-06-25 23:50:00,2023-06-25 23:50:00
503004,2025-06-09 19:08:00,1190,P1108,S009,1,0.0,Credit Card,2025-06-09 19:14:00,2025-07-14 19:14:00
503005,2023-10-26 08:39:00,1444,P1024,S019,4,0.1,UPI,2023-10-26 10:13:00,2023-12-13 10:13:00
503006,2023-01-02 02:06:00,1201,P1029,S016,6,0.2,Wallet,2023-01-02 03:30:00,2023-01-20 03:30:00
503007,2023-05-03 17:56:00,1488,P1135,S024,1,0.1,Debit Card,2023-05-03 18:08:00,2023-05-16 18:08:00
503008,2023-05-20 01:18:00,1124,P1017,S012,7,0.15,Net Banking,2023-05-20 01:33:00,2023-06-06 01:33:00
503009,2024-11-27 02:43:00,1170,P1049,S017,2,0.1,Net Banking,2024-11-27 03:37:00,2025-01-19 03:37:00
503010,2024-03-20 15:19:00,1181,P1130,S002,4,0.0,Net Banking,2024-03-20 17:16:00,2024-04-09 17:16:00
503011,2023-01-25 03:59:00,1477,P1082,S013,5,0.15,UPI,2023-01-25 05:42:00,2023-02-27 05:42:00
503012,2025-09-24 14:35:00,1047,P1010,S005,8,0.0,Cash,2025-09-24 15:42:00,2025-09-26 15:42:00
503013,2025-12-15 22:35:00,1105,P1124,S023,2,0.15,UPI,2025-12-16 01:20:00,2026-01-30 01:20:00
503014,2023-08-07 11:33:00,1410,P1133,S014,2,0.0,Net Banking,2023-08-07 13:12:00,2023-09-03 13:12:00
503015,2026-03-15 15:52:00,1183,P1149,S024,4,0.05,Credit Card,2026-03-15 17:30:00,2026-04-12 17:30:00
503016,2025-04-27 02:30:00,1165,P1008,S011,4,0.1,Credit Card,2025-04-27 02:40:00,2025-06-12 02:40:00
503017,2024-06-07 11:41:00,1302,P1090,S014,6,0.15,Wallet,2024-06-07 13:59:00,2024-06-11 13:59:00
503018,2023-11-04 17:23:00,1488,P1062,S008,3,0.1,Credit Card,2023-11-04 18:26:00,2023-11-27 18:26:00
503019,2025-03-05 12:42:00,1240,P1124,S011,1,0.0,Wallet,2025-03-05 13:18:00,2025-03-11 13:18:00
503020,2024-11-07 17:52:00,1218,P1110,S018,8,0.2,Credit Card,2024-11-07 19:00:00,2025-01-05 19:00:00
503021,2023-01-09 06:00:00,1264,P1088,S007,3,0.15,Credit Card,2023-01-09 06:38:00,2023-02-28 06:38:00
503022,2025-09-07 12:27:00,1416,P1057,S009,6,0.0,Wallet,2025-09-07 14:58:00,2025-10-12 14:58:00
503023,2025-01-29 23:45:00,1164,P1033,S017,6,0.1,Cash,2025-01-30 00:00:00,2025-02-09 00:00:00
503024,2023-08-07 07:00:00,1419,P1049,S001,8,0.05,Wallet,2023-08-07 09:19:00,2023-09-05 09:19:00
503025,2023-01-17 20:29:00,1443,P1043,S016,8,0.15,Cash,2023-01-17 21:26:00,2023-02-21 21:26:00
503026,2023-08-26 03:56:00,1072,P1082,S005,8,0.2,CASH,2023-08-26 06:04:00,2023-09-13 06:04:00
503027,2024-02-11 00:49:00,1005,P1114,S003,3,0.0,UPI,2024-02-11 03:23:00,2024-02-14 03:23:00
503028,2023-10-17 22:54:00,1100,P1076,S022,5,0.15,Credit Card,2023-10-18 00:05:00,2023-10-27 00:05:00
503029,2023-04-17 11:47:00,1435,P1115,S016,2,0.2,Wallet,2023-04-17 14:35:00,2023-05-17 14:35:00
503030,2025-05-24 03:43:00,1324,P1122,S004,7,0.1,Wallet,2025-05-24 06:11:00,2025-06-30 06:11:00
503031,2025-06-08 11:49:00,1395,P1117,S014,5,0.0,Net Banking,2025-06-08 13:31:00,2025-07-03 13:31:00
503032,2025-02-12 16:54:00,1148,P1069,S001,1,0.2,Wallet,2025-02-12 17:54:00,2025-02-24 17:54:00
503033,2025-01-20 04:10:00,1071,P1098,S022,6,0.05,Cash,2025-01-20 05:22:00,2025-03-21 05:22:00
503034,2024-02-15 22:11:00,1046,P1149,S003,5,0.05,Net Banking,2024-02-15 22:43:00,2024-04-08 22:43:00
503035,2023-01-28 14:01:00,1146,P1123,S022,4,0.15,UPI,2023-01-28 15:33:00,2023-03-13 15:33:00
503036,2023-08-22 10:31:00,1059,P1022,S011,1,0.0,UPI,2023-08-22 13:14:00,2023-09-28 13:14:00
503037,2023-05-22 12:45:00,1005,P1008,S017,1,0.05,Cash,2023-05-22 13:23:00,2023-06-17 13:23:00
503038,2024-12-15 17:36:00,1134,P1120,S011,8,0.2,Credit Card,2024-12-15 18:29:00,2025-01-26 18:29:00
503039,2024-03-27 10:18:00,1366,P1053,S012,8,0.0,Net Banking,2024-03-27 12:27:00,2024-04-28 12:27:00
503040,2024-01-18 03:18:00,1242,P1146,S003,5,0.15,Credit Card,2024-01-18 05:44:00,2024-02-12 05:44:00
503041,2025-10-31 13:40:00,1146,P1062,S005,1,0.05,UPI,2025-10-31 15:19:00,2025-12-24 15:19:00
503042,2025-10-10 22:08:00,1217,P1094,S005,3,0.1,Cash,2025-10-11 00:56:00,2025-11-06 00:56:00
503043,2026-01-08 10:16:00,1086,P1128,S022,3,0.1,UPI,2026-01-08 12:47:00,2026-03-06 12:47:00
503044,2023-03-22 01:44:00,1073,P1006,S018,7,0.0,UPI,2023-03-22 04:36:00,2023-05-03 04:36:00
503045,2024-09-14 21:47:00,1009,P1082,S003,1,0.2,Debit Card,2024-09-14 23:23:00,2024-11-03 23:23:00
503046,2024-07-27 06:52:00,1450,P1030,S013,4,0.0,Wallet,2024-07-27 07:28:00,2024-08-27 07:28:00
503047,2024-02-10 07:20:00,1336,P1056,S013,4,0.0,UPI,2024-02-10 09:07:00,2024-04-04 09:07:00
503048,2023-04-30 01:46:00,1027,P1135,S020,4,0.0,Net Banking,2023-04-30 01:55:00,2023-06-06 01:55:00
503049,2025-06-27 16:07:00,1482,P1080,S018,1,0.05,Net Banking,2025-06-27 16:07:00,2025-08-17 16:07:00
503050,2024-04-17 10:44:00,1172,P1140,S020,3,0.2,Wallet,2024-04-17 11:55:00,2024-04-21 11:55:00
503051,2023-04-14 19:47:00,1473,P1068,S023,4,0.15,Cash,2023-04-14 20:45:00,2023-04-17 20:45:00
503052,2025-05-19 02:15:00,1088,P1137,S021,1,0.2,UPI,2025-05-19 04:01:00,2025-06-13 04:01:00
503053,2023-10-15 04:43:00,1267,P1018,S012,5,0.15,Wallet,2023-10-15 07:25:00,2023-11-11 07:25:00
503054,2024-06-09 14:54:00,1178,P1057,S003,2,0.0,Debit Card,2024-06-09 14:54:00,2024-08-03 14:54:00
503055,2026-01-28 06:43:00,1442,P1111,S016,4,0.2,Cash,2026-01-28 07:45:00,2026-01-28 07:45:00
503056,2025-10-28 09:08:00,1300,P1032,S024,5,0.05,Wallet,2025-10-28 09:32:00,2025-12-02 09:32:00
503057,2025-05-14 19:14:00,1376,P1092,S021,1,0.0,Cash,2025-05-14 21:15:00,2025-06-09 21:15:00
503058,2025-09-21 13:30:00,1051,P1131,S016,8,0.15,Credit Card,2025-09-21 16:26:00,2025-11-15 16:26:00
503059,2025-12-23 17:51:00,1475,P1061,S014,6,0.0,UPI,2025-12-23 18:46:00,2026-01-18 18:46:00
503060,2025-03-23 20:10:00,1206,P1045,S019,3,0.05,Cash,2025-03-23 22:07:00,2025-05-21 22:07:00
503061,2025-06-04 13:28:00,1354,P1132,S001,4,0.15,Wallet,2025-06-04 15:39:00,2025-07-27 15:39:00
503062,2025-03-24 02:25:00,1096,P1141,S021,1,0.15,Debit Card,2025-03-24 03:48:00,2025-04-03 03:48:00
503063,2024-05-10 10:36:00,1070,P1083,S011,8,0.15,Cash,2024-05-10 12:53:00,2024-05-16 12:53:00
503064,2023-11-08 13:20:00,1254,P1098,S010,1,0.2,CREDIT CARD,2023-11-08 15:54:00,2023-12-31 15:54:00
503065,2026-02-14 11:47:00,1163,P1008,S003,5,0.0,Cash,2026-02-14 14:03:00,2026-02-15 14:03:00
503066,2023-08-12 12:21:00,1299,P1049,S019,2,0.05,NET BANKING,2023-08-12 14:24:00,2023-09-16 14:24:00
503067,2024-12-22 12:22:00,1273,P1113,S003,2,0.1,Net Banking,2024-12-22 12:45:00,2025-01-25 12:45:00
503068,2025-05-27 01:03:00,1397,P1012,S001,3,0.1,Debit Card,2025-05-27 03:49:00,2025-06-19 03:49:00
503069,2024-01-06 16:28:00,1456,P1126,S012,8,0.0,Wallet,2024-01-06 18:51:00,2024-02-28 18:51:00
503070,2024-04-22 20:01:00,1101,P1005,S004,2,0.05,Debit Card,2024-04-22 20:37:00,2024-05-29 20:37:00
503071,2023-01-28 02:41:00,1428,P1010,S016,5,0.05,Net Banking,2023-01-28 04:50:00,2023-02-22 04:50:00
503072,2023-02-17 12:42:00,1177,P1039,S006,3,0.05,Credit Card,2023-02-17 15:26:00,2023-03-27 15:26:00
503073,2025-04-15 19:13:00,1288,P1005,S013,3,0.0,UPI,2025-04-15 19:43:00,2025-05-25 19:43:00
503074,2025-10-17 20:12:00,1070,P1067,S006,7,0.15,Credit Card,2025-10-17 20:17:00,2025-12-16 20:17:00
503075,2024-06-15 22:51:00,1187,P1062,S016,5,0.0,Wallet,2024-06-16 01:17:00,2024-07-14 01:17:00
503076,2024-10-30 15:56:00,1414,P1071,S010,7,0.2,Debit Card,2024-10-30 18:52:00,2024-11-04 18:52:00
503077,2025-04-15 21:49:00,1026,P1098,S018,8,0.05,Debit Card,2025-04-15 23:55:00,2025-05-01 23:55:00
503078,2024-09-14 08:23:00,1170,P1017,S009,7,0.15,Net Banking,2024-09-14 09:19:00,2024-09-30 09:19:00
503079,2026-01-03 21:52:00,1475,P1132,S007,5,0.2,Credit Card,2026-01-03 23:39:00,2026-01-25 23:39:00
503080,2024-08-30 17:47:00,1482,P1091,S021,7,0.05,Cash,2024-08-30 18:45:00,2024-10-11 18:45:00
503081,2025-10-09 06:27:00,1154,P1133,S011,4,0.05,UPI,2025-10-09 08:07:00,2025-12-01 08:07:00
503082,2025-08-01 15:23:00,1003,P1131,S020,5,0.05,Credit Card,2025-08-01 17:37:00,2025-08-31 17:37:00
503083,2025-04-16 19:35:00,1425,P1065,S010,4,0.15,Net Banking,2025-04-16 20:30:00,2025-05-28 20:30:00
503084,2024-11-21 17:02:00,1391,P1079,S011,1,0.1,wallet,2024-11-21 18:33:00,2024-11-22 18:33:00
503085,2023-03-07 19:11:00,1206,P1119,S006,1,,Cash,2023-03-07 21:27:00,2023-03-24 21:27:00
503086,2024-02-08 08:11:00,1101,P1146,S002,8,0.15,Credit Card,2024-02-08 10:45:00,2024-03-27 10:45:00
503087,2025-09-30 04:54:00,1139,P1089,S022,1,0.05,Net Banking,2025-09-30 07:25:00,2025-10-20 07:25:00
503088,2023-02-28 02:26:00,1287,P1090,S004,6,0.0,Wallet,2023-02-28 03:01:00,2023-03-21 03:01:00
503089,2023-09-29 22:44:00,1154,P1088,S001,3,0.2,UPI,2023-09-30 01:26:00,2023-09-30 01:26:00
503090,2024-09-30 06:21:00,1034,P1036,S015,5,0.05,Credit Card,2024-09-30 07:19:00,2024-11-25 07:19:00
503091,2025-10-03 19:54:00,1041,P1026,S004,3,0.05,Wallet,2025-10-03 21:18:00,2025-10-15 21:18:00
503092,2024-12-23 18:01:00,1086,P1103,S012,3,0.15,Debit Card,2024-12-23 19:11:00,2025-02-16 19:11:00
503093,2023-11-02 17:27:00,1464,P1047,S022,6,0.0,Wallet,2023-11-02 20:19:00,2023-11-26 20:19:00
503094,2023-04-15 16:23:00,1271,P1050,S018,6,0.1,Debit Card,2023-04-15 18:29:00,2023-04-29 18:29:00
503095,2024-12-01 02:16:00,1221,P1011,S020,2,0.2,Credit Card,2024-12-01 04:57:00,2025-01-18 04:57:00
503096,2024-10-25 03:05:00,1462,P1078,S012,6,0.1,Wallet,2024-10-25 05:07:00,2024-12-06 05:07:00
503097,2024-03-26 22:29:00,1473,P1107,S005,8,0.05,Net Banking,2024-03-27 01:27:00,2024-03-29 01:27:00
503098,2023-08-09 13:29:00,1227,P1065,S013,2,0.05,UPI,2023-08-09 14:20:00,2023-08-24 14:20:00
503099,2024-10-12 15:23:00,1370,P1043,S025,7,0.1,UPI,2024-10-12 17:11:00,2024-11-27 17:11:00
503100,2023-12-22 13:01:00,1270,P1031,S017,8,0.15,credit card,2023-12-22 15:12:00,2024-01-07 15:12:00
503101,2023-01-29 18:39:00,1293,P1060,S003,7,0.05,UPI,2023-01-29 18:54:00,2023-02-25 18:54:00
503102,2024-04-26 19:38:00,1038,P1112,S024,8,0.0,Debit Card,2024-04-26 21:04:00,2024-06-25 21:04:00
503103,2024-11-18 01:45:00,1316,P1139,S005,3,0.15,Cash,2024-11-18 03:09:00,2025-01-03 03:09:00
503104,2024-04-11 21:51:00,1089,P1056,S009,4,0.2,Net Banking,2024-04-11 22:16:00,2024-06-10 22:16:00
503105,2025-12-22 01:19:00,1436,P1024,S022,5,0.05,UPI,2025-12-22 03:27:00,2026-01-13 03:27:00
503106,2023-10-25 11:38:00,1153,P1094,S002,3,0.2,Credit Card,2023-10-25 12:40:00,2023-11-19 12:40:00
503107,2024-05-01 03:15:00,1242,P1093,S025,6,0.15,Cash,2024-05-01 04:20:00,2024-05-09 04:20:00
503108,2025-08-13 05:38:00,1057,P1085,S010,1,0.1,Wallet,2025-08-13 08:14:00,2025-08-17 08:14:00
503109,2024-06-13 06:57:00,1436,P1052,S021,5,0.05,Cash,2024-06-13 07:18:00,2024-07-16 07:18:00
503110,2025-02-01 07:58:00,1020,P1041,S022,8,0.15,UPI,2025-02-01 08:19:00,2025-03-29 08:19:00
503111,2023-08-08 10:01:00,1350,P1150,S004,8,0.2,Credit Card,2023-08-08 11:45:00,2023-08-17 11:45:00
503112,2025-03-09 10:51:00,1232,P1055,S006,2,0.15,Credit Card,2025-03-09 11:07:00,2025-05-06 11:07:00
503113,2023-06-20 23:03:00,1118,P1040,S006,2,0.2,Net Banking,2023-06-21 01:11:00,2023-07-22 01:11:00
503114,2024-05-19 12:36:00,1165,P1114,S007,8,0.15,Cash,2024-05-19 12:55:00,2024-07-08 12:55:00
503115,2023-08-22 00:22:00,1264,P1116,S016,1,0.15,Wallet,2023-08-22 00:57:00,2023-09-27 00:57:00
503116,2024-08-21 11:54:00,1317,P1021,S012,4,0.0,Debit Card,2024-08-21 14:26:00,2024-10-07 14:26:00
503117,2024-07-15 10:03:00,1091,P1002,S005,7,0.2,Credit Card,2024-07-15 10:05:00,2024-09-04 10:05:00
503118,2026-02-21 15:35:00,1455,P1055,S024,5,0.1,UPI,2026-02-21 18:11:00,2026-02-23 18:11:00
503119,2023-12-15 19:20:00,1232,P1102,S002,4,0.0,Debit Card,2023-12-15 21:28:00,2024-01-09 21:28:00
503120,2023-01-18 19:49:00,1209,P1118,S022,6,0.1,Wallet,2023-01-18 20:41:00,2023-02-04 20:41:00
503121,2023-05-21 17:45:00,1404,P1109,S018,2,0.0,UPI,2023-05-21 18:22:00,2023-06-05 18:22:00
503122,2024-05-13 17:42:00,1089,P1019,S002,6,0.0,Credit Card,2024-05-13 18:15:00,2024-06-10 18:15:00
503123,2024-05-15 08:24:00,1280,P1080,S006,3,0.0,UPI,2024-05-15 08:39:00,2024-05-21 08:39:00
503124,2024-04-26 17:42:00,1186,P1061,S006,1,0.2,Wallet,2024-04-26 20:02:00,2024-05-06 20:02:00
503125,2024-02-08 21:46:00,1386,P1100,S017,2,0.15,Credit Card,2024-02-08 22:05:00,2024-04-04 22:05:00
503126,2025-04-30 00:15:00,1347,P1023,S021,8,0.05,Wallet,2025-04-30 02:32:00,2025-06-05 02:32:00
503127,2025-02-18 19:00:00,1262,P1079,S021,8,0.15,Cash,2025-02-18 20:59:00,2025-04-06 20:59:00
503128,2024-01-13 01:02:00,1067,P1021,S009,2,0.0,Cash,2024-01-13 01:07:00,2024-02-04 01:07:00
503129,2023-01-19 14:07:00,1138,P1144,S012,1,0.2,Net Banking,2023-01-19 15:58:00,2023-02-03 15:58:00
503130,2024-10-18 03:11:00,1004,P1136,S012,2,0.0,Net Banking,2024-10-18 04:06:00,2024-11-16 04:06:00
503131,2023-06-14 19:16:00,1186,P1067,S012,7,0.2,CASH,2023-06-14 22:00:00,2023-07-03 22:00:00
503132,2023-10-18 19:25:00,1200,P1030,S020,3,0.15,Cash,2023-10-18 20:53:00,2023-11-08 20:53:00
503133,2025-10-17 02:15:00,1376,P1030,S023,7,0.05,Cash,2025-10-17 04:07:00,2025-11-14 04:07:00
503134,2024-05-07 18:22:00,1069,P1103,S025,7,0.15,NET BANKING,2024-05-07 20:04:00,2024-05-13 20:04:00
503135,2024-03-24 00:23:00,1107,P1118,S004,4,0.2,Net Banking,2024-03-24 01:56:00,2024-04-24 01:56:00
503136,2025-09-05 23:18:00,1374,P1036,S007,5,0.15,UPI,2025-09-05 23:29:00,2025-09-15 23:29:00
503137,2024-09-10 09:50:00,1196,P1046,S016,7,0.05,Wallet,2024-09-10 11:30:00,2024-11-05 11:30:00
503138,2024-03-23 00:18:00,1037,P1118,S014,2,0.1,Credit Card,2024-03-23 03:12:00,2024-03-30 03:12:00
503139,2023-07-29 11:11:00,1117,P1029,S020,7,0.2,Wallet,2023-07-29 12:26:00,2023-08-30 12:26:00
503140,2025-05-13 06:56:00,1246,P1007,S009,7,0.1,Cash,2025-05-13 08:42:00,2025-05-29 08:42:00
503141,2026-01-08 18:24:00,1463,P1124,S001,4,0.15,Net Banking,2026-01-08 20:55:00,2026-02-09 20:55:00
503142,2026-02-18 07:00:00,1278,P1057,S016,4,0.15,Wallet,2026-02-18 07:07:00,2026-03-07 07:07:00
503143,2024-04-09 22:53:00,1177,P1148,S006,3,0.2,UPI,2024-04-09 23:13:00,2024-05-27 23:13:00
503144,2023-12-10 15:59:00,1169,P1058,S009,2,0.0,Debit Card,2023-12-10 16:13:00,2024-01-03 16:13:00
503145,2023-04-13 12:47:00,1297,P1025,S003,8,0.05,Credit Card,2023-04-13 15:42:00,2023-04-22 15:42:00
503146,2025-11-17 05:17:00,1266,P1050,S001,2,0.2,UPI,2025-11-17 07:19:00,2025-11-24 07:19:00
503147,2025-07-03 22:37:00,1028,P1123,S011,8,0.2,Net Banking,2025-07-04 00:19:00,2025-08-14 00:19:00
503148,2025-12-02 20:16:00,1458,P1073,S019,8,0.2,Net Banking,2025-12-02 22:43:00,2026-01-01 22:43:00
503149,2023-04-27 10:10:00,1252,P1032,S004,5,0.2,Cash,2023-04-27 10:44:00,2023-05-03 10:44:00
503150,2024-11-18 13:22:00,1049,P1142,S020,2,0.0,Cash,2024-11-18 15:34:00,2025-01-04 15:34:00
503151,2023-06-07 15:13:00,1351,P1081,S014,4,0.0,Cash,2023-06-07 17:54:00,2023-07-28 17:54:00
503152,2024-02-14 03:10:00,1490,P1094,S012,8,0.05,Wallet,2024-02-14 05:42:00,2024-03-14 05:42:00
503153,2025-04-28 03:26:00,1312,P1106,S007,8,0.2,Net Banking,2025-04-28 05:58:00,2025-05-17 05:58:00
503154,2023-05-26 02:36:00,1437,P1149,S019,1,0.15,Net Banking,2023-05-26 03:30:00,2023-06-28 03:30:00
503155,2023-12-08 22:03:00,1107,P1004,S016,2,0.15,Cash,2023-12-08 22:32:00,2024-01-25 22:32:00
503156,2024-12-13 06:50:00,1088,P1030,S013,4,0.05,Cash,2024-12-13 09:44:00,2025-01-26 09:44:00
503157,2023-09-04 07:04:00,1441,P1135,S011,5,0.2,UPI,2023-09-04 09:04:00,2023-10-13 09:04:00
503158,2023-04-03 09:44:00,1029,P1063,S016,3,0.2,Debit Card,2023-04-03 12:18:00,2023-05-26 12:18:00
503159,2024-08-28 11:33:00,1116,P1088,S023,7,0.05,Wallet,2024-08-28 12:58:00,2024-09-29 12:58:00
503160,2026-01-27 03:09:00,1143,P1056,S020,3,0.05,Debit Card,2026-01-27 05:12:00,2026-03-22 05:12:00
503161,2024-12-01 03:28:00,1427,P1048,S011,2,0.1,Cash,2024-12-01 04:37:00,2024-12-05 04:37:00
503162,2025-05-12 05:57:00,1361,P1047,S023,4,0.15,UPI,2025-05-12 06:24:00,2025-07-03 06:24:00
503163,2023-09-06 22:34:00,1293,P1067,S012,5,0.0,Credit Card,2023-09-07 00:15:00,2023-09-21 00:15:00
503164,2026-02-10 08:20:00,1161,P1100,S007,1,0.2,Credit Card,2026-02-10 09:19:00,2026-02-16 09:19:00
503165,2023-01-18 15:38:00,1339,P1087,S025,1,0.2,Cash,2023-01-18 17:20:00,2023-02-20 17:20:00
503166,2024-09-18 11:56:00,1238,P1035,S021,5,0.0,Net Banking,2024-09-18 14:24:00,2024-10-22 14:24:00
503167,2023-12-27 22:06:00,1326,P1049,S011,2,0.15,Cash,2023-12-28 00:03:00,2024-01-27 00:03:00
503168,2025-11-06 02:04:00,1494,P1121,S007,7,0.15,UPI,2025-11-06 02:56:00,2025-11-19 02:56:00
503169,2025-09-06 22:08:00,1337,P1058,S023,5,0.0,Wallet,2025-09-06 22:38:00,2025-10-06 22:38:00
503170,2024-01-05 09:08:00,1331,P1044,S024,5,0.0,wallet,2024-01-05 11:54:00,2024-01-15 11:54:00
503171,2025-12-11 23:14:00,1345,P1063,S006,4,0.15,debit card,2025-12-11 23:29:00,2026-01-06 23:29:00
503172,2024-09-23 00:06:00,1333,P1080,S010,5,0.05,Debit Card,2024-09-23 02:25:00,2024-09-29 02:25:00
503173,2026-02-06 08:09:00,1016,P1041,S023,5,0.05,Debit Card,2026-02-06 11:00:00,2026-03-20 11:00:00
503174,2023-01-15 22:38:00,1211,P1090,S023,2,0.0,Wallet,2023-01-15 23:56:00,2023-02-12 23:56:00
503175,2025-11-20 13:42:00,1214,P1071,S001,5,0.0,Debit Card,2025-11-20 13:58:00,2025-12-11 13:58:00
503176,2025-10-10 11:12:00,1318,P1017,S007,8,0.0,debit card,2025-10-10 13:50:00,2025-11-13 13:50:00
503177,2024-09-29 20:08:00,1167,P1024,S022,1,0.2,Credit Card,2024-09-29 21:24:00,2024-11-21 21:24:00
503178,2025-02-28 02:42:00,1330,P1052,S011,7,0.1,Net Banking,2025-02-28 03:00:00,2025-03-01 03:00:00
503179,2024-07-01 05:47:00,1090,P1010,S021,3,0.05,Cash,2024-07-01 08:14:00,2024-08-07 08:14:00
503180,2025-02-21 22:24:00,1340,P1109,S020,3,0.05,Net Banking,2025-02-22 00:14:00,2025-03-31 00:14:00
503181,2024-12-11 07:14:00,1048,P1146,S009,2,0.0,Wallet,2024-12-11 09:31:00,2025-01-04 09:31:00
503182,2026-01-14 06:38:00,1428,P1060,S010,3,0.1,Wallet,2026-01-14 09:31:00,2026-01-15 09:31:00
503183,2023-11-01 09:00:00,1345,P1046,S017,4,0.1,Cash,2023-11-01 10:36:00,2023-11-28 10:36:00
503184,2024-01-27 06:51:00,1265,P1138,S020,4,0.05,Debit Card,2024-01-27 08:07:00,2024-03-10 08:07:00
503185,2024-03-03 15:23:00,1491,P1135,S013,7,0.2,Debit Card,2024-03-03 15:49:00,2024-05-02 15:49:00
503186,2023-03-18 16:27:00,1148,P1045,S010,4,0.2,Credit Card,2023-03-18 17:59:00,2023-05-08 17:59:00
503187,2025-02-24 19:08:00,1176,P1006,S015,5,0.05,Debit Card,2025-02-24 21:29:00,2025-03-17 21:29:00
503188,2023-02-14 18:55:00,1499,P1144,S021,6,,Debit Card,2023-02-14 20:23:00,2023-02-24 20:23:00
503189,2025-09-09 20:55:00,1292,P1110,S020,7,0.1,Debit Card,2025-09-09 20:57:00,2025-09-24 20:57:00
503190,2024-03-05 10:38:00,1442,P1121,S013,6,0.0,Debit Card,2024-03-05 11:02:00,2024-04-27 11:02:00
503191,2025-07-26 03:51:00,1104,P1002,S002,6,0.1,Credit Card,2025-07-26 06:11:00,2025-08-28 06:11:00
503192,2026-02-01 16:29:00,1141,P1073,S024,7,0.15,Net Banking,2026-02-01 17:23:00,2026-04-01 17:23:00
503193,2025-06-07 13:28:00,1313,P1149,S009,8,0.0,Cash,2025-06-07 15:58:00,2025-07-11 15:58:00
503194,2023-08-07 14:44:00,1447,P1111,S019,1,,Debit Card,2023-08-07 17:28:00,2023-08-08 17:28:00
503195,2025-06-20 02:05:00,1111,P1135,S009,8,0.0,DEBIT CARD,2025-06-20 02:11:00,2025-08-07 02:11:00
503196,2025-03-14 15:53:00,1222,P1084,S001,6,0.0,Net Banking,2025-03-14 17:24:00,2025-04-09 17:24:00
503197,2025-10-31 13:01:00,1197,P1126,S022,5,0.1,Net Banking,2025-10-31 15:56:00,2025-11-06 15:56:00
503198,2024-01-06 06:18:00,1497,P1095,S020,7,0.2,Net Banking,2024-01-06 09:15:00,2024-01-19 09:15:00
503199,2024-11-02 00:56:00,1389,P1005,S021,6,0.15,Cash,2024-11-02 02:07:00,2024-11-22 02:07:00
503200,2026-03-26 07:31:00,1024,P1035,S023,5,0.05,Net Banking,2026-03-26 08:58:00,2026-04-14 08:58:00
503201,2025-06-09 02:30:00,1301,P1043,S011,8,0.0,Debit Card,2025-06-09 05:29:00,2025-07-13 05:29:00
503202,2023-03-10 04:21:00,1350,P1062,S018,6,0.15,Cash,2023-03-10 04:35:00,2023-05-04 04:35:00
503203,2023-12-20 12:55:00,1405,P1019,S021,7,,Net Banking,2023-12-20 14:12:00,2024-01-21 14:12:00
503204,2024-08-11 18:15:00,1287,P1014,S022,7,0.05,Debit Card,2024-08-11 19:59:00,2024-10-05 19:59:00
503205,2025-11-14 11:14:00,1431,P1022,S001,2,0.05,Cash,2025-11-14 11:18:00,2025-12-30 11:18:00
503206,2026-01-29 18:24:00,1044,P1054,S001,5,0.2,Debit Card,2026-01-29 20:57:00,2026-02-19 20:57:00
503207,2023-10-29 22:31:00,1269,P1097,S025,8,0.0,Credit Card,2023-10-30 00:28:00,2023-11-21 00:28:00
503208,2025-03-04 10:26:00,1485,P1050,S024,7,0.05,Debit Card,2025-03-04 11:03:00,2025-03-07 11:03:00
503209,2024-09-14 21:18:00,1305,P1067,S013,7,0.05,Credit Card,2024-09-14 22:12:00,2024-10-24 22:12:00
503210,2023-08-03 17:04:00,1101,P1057,S012,8,0.15,UPI,2023-08-03 19:56:00,2023-08-12 19:56:00
503211,2025-09-03 22:53:00,1452,P1057,S004,8,0.1,Debit Card,2025-09-03 23:05:00,2025-10-01 23:05:00
503212,2025-01-01 14:29:00,1346,P1106,S005,7,0.05,Cash,2025-01-01 16:18:00,2025-01-12 16:18:00
503213,2025-06-29 17:20:00,1261,P1142,S020,8,0.15,Debit Card,2025-06-29 20:18:00,2025-07-01 20:18:00
503214,2025-10-12 11:39:00,1147,P1062,S010,6,0.05,Net Banking,2025-10-12 12:48:00,2025-11-24 12:48:00
503215,2024-12-26 06:28:00,1130,P1008,S025,4,0.15,Cash,2024-12-26 08:25:00,2025-02-14 08:25:00
503216,2025-08-11 13:35:00,1013,P1068,S005,1,0.15,Cash,2025-08-11 15:36:00,2025-08-29 15:36:00
503217,2025-08-14 11:05:00,1228,P1090,S007,5,0.0,UPI,2025-08-14 12:23:00,2025-09-21 12:23:00
503218,2024-10-11 15:49:00,1398,P1054,S002,1,0.0,Wallet,2024-10-11 16:42:00,2024-11-21 16:42:00
503219,2023-04-06 18:54:00,1018,P1105,S012,7,0.1,Wallet,2023-04-06 20:05:00,2023-05-23 20:05:00
503220,2025-11-02 04:15:00,1135,P1088,S008,6,0.15,Debit Card,2025-11-02 05:29:00,2025-12-18 05:29:00
503221,2024-05-18 10:11:00,1347,P1034,S014,7,0.0,Wallet,2024-05-18 11:02:00,2024-07-12 11:02:00
503222,2023-01-28 01:16:00,1438,P1147,S024,2,0.0,UPI,2023-01-28 03:15:00,2023-01-29 03:15:00
503223,2024-05-17 09:37:00,1423,P1108,S003,2,0.2,Wallet,2024-05-17 12:27:00,2024-06-09 12:27:00
503224,2025-10-24 18:37:00,1161,P1021,S003,2,0.1,Net Banking,2025-10-24 20:19:00,2025-12-16 20:19:00
503225,2024-03-16 23:28:00,1219,P1020,S010,5,0.15,CASH,2024-03-17 00:38:00,2024-04-11 00:38:00
503226,2025-05-20 02:32:00,1332,P1105,S017,8,0.0,Debit Card,2025-05-20 05:16:00,2025-07-07 05:16:00
503227,2025-08-03 23:37:00,1344,P1099,S018,3,0.2,UPI,2025-08-04 01:22:00,2025-08-29 01:22:00
503228,2025-02-02 22:08:00,1176,P1096,S001,2,0.1,Wallet,2025-02-02 23:42:00,2025-02-27 23:42:00
503229,2023-12-03 22:14:00,1002,P1047,S019,3,0.15,Cash,2023-12-04 01:11:00,2023-12-18 01:11:00
503230,2024-08-08 00:20:00,1247,P1062,S020,7,0.05,Credit Card,2024-08-08 01:31:00,2024-09-30 01:31:00
503231,2023-05-18 08:03:00,1111,P1023,S018,7,0.15,UPI,2023-05-18 09:33:00,2023-05-22 09:33:00
503232,2024-09-23 15:19:00,1125,P1055,S018,2,0.1,cash,2024-09-23 17:14:00,2024-11-17 17:14:00
503233,2025-10-21 10:10:00,1154,P1078,S005,1,0.05,Debit Card,2025-10-21 11:16:00,2025-11-19 11:16:00
503234,2024-06-21 09:06:00,1460,P1043,S024,4,0.2,Cash,2024-06-21 09:10:00,2024-08-19 09:10:00
503235,2024-04-07 11:05:00,1383,P1105,S014,5,0.15,Cash,2024-04-07 13:22:00,2024-06-04 13:22:00
503236,2024-09-11 03:13:00,1471,P1094,S003,4,0.0,Credit Card,2024-09-11 03:36:00,2024-09-24 03:36:00
503237,2024-12-28 16:23:00,1462,P1108,S025,6,0.2,UPI,2024-12-28 17:13:00,2025-01-14 17:13:00
503238,2024-12-16 06:39:00,1276,P1094,S021,3,0.0,Cash,2024-12-16 08:53:00,2025-02-03 08:53:00
503239,2026-02-01 19:20:00,1319,P1015,S019,5,0.0,Credit Card,2026-02-01 20:47:00,2026-03-29 20:47:00
503240,2026-02-08 12:21:00,1266,P1029,S013,8,0.1,Net Banking,2026-02-08 13:53:00,2026-03-31 13:53:00
503241,2023-12-31 06:34:00,1438,P1025,S019,4,0.1,Net Banking,2023-12-31 07:26:00,2024-02-29 07:26:00
503242,2026-03-17 02:35:00,1029,P1051,S018,2,0.1,Cash,2026-03-17 02:45:00,2026-05-02 02:45:00
503243,2024-01-23 08:08:00,1419,P1045,S010,3,0.0,Wallet,2024-01-23 11:08:00,2024-03-01 11:08:00
503244,2025-01-27 18:29:00,1434,P1014,S019,2,0.05,UPI,2025-01-27 19:30:00,2025-03-16 19:30:00
503245,2025-11-20 10:09:00,1099,P1076,S003,2,0.1,Wallet,2025-11-20 12:09:00,2026-01-16 12:09:00
503246,2025-04-02 02:12:00,1171,P1092,S012,4,0.0,UPI,2025-04-02 03:15:00,2025-04-07 03:15:00
503247,2024-10-18 07:02:00,1414,P1079,S010,1,0.15,Cash,2024-10-18 07:50:00,2024-10-21 07:50:00
503248,2025-12-27 02:42:00,1025,P1105,S012,5,0.1,Debit Card,2025-12-27 03:07:00,2026-02-22 03:07:00
503249,2025-07-24 13:47:00,1384,P1079,S011,5,0.0,Net Banking,2025-07-24 15:37:00,2025-08-08 15:37:00
503250,2024-01-12 19:37:00,1209,P1069,S011,3,0.0,Cash,2024-01-12 20:02:00,2024-01-21 20:02:00
503251,2024-09-20 21:05:00,1376,P1027,S001,7,0.0,Wallet,2024-09-20 23:43:00,2024-11-17 23:43:00
503252,2025-02-22 20:24:00,1048,P1005,S002,3,0.05,Wallet,2025-02-22 23:20:00,2025-04-02 23:20:00
503253,2024-05-27 04:51:00,1275,P1037,S014,3,0.05,Wallet,2024-05-27 05:22:00,2024-06-21 05:22:00
503254,2023-06-21 20:51:00,1476,P1103,S006,7,0.2,Net Banking,2023-06-21 22:58:00,2023-07-13 22:58:00
503255,2025-02-20 04:01:00,1324,P1070,S016,2,0.0,UPI,2025-02-20 06:16:00,2025-03-04 06:16:00
503256,2024-12-08 18:14:00,1410,P1091,S016,3,0.05,Net Banking,2024-12-08 18:49:00,2025-01-19 18:49:00
503257,2025-07-22 01:45:00,1075,P1008,S002,8,0.1,Net Banking,2025-07-22 02:36:00,2025-08-01 02:36:00
503258,2024-11-26 19:31:00,1413,P1049,S018,8,0.0,Credit Card,2024-11-26 20:03:00,2024-12-12 20:03:00
503259,2024-12-17 02:18:00,1462,P1012,S011,1,0.05,Wallet,2024-12-17 03:43:00,2024-12-28 03:43:00
503260,2025-11-22 12:01:00,1148,P1142,S001,3,0.05,Debit Card,2025-11-22 13:38:00,2025-11-24 13:38:00
503261,2023-01-27 13:50:00,1154,P1123,S009,8,0.15,Wallet,2023-01-27 15:21:00,2023-03-22 15:21:00
503262,2024-11-29 01:45:00,1132,P1022,S021,6,0.15,cash,2024-11-29 04:13:00,2024-11-30 04:13:00
503263,2024-06-15 06:02:00,1200,P1085,S021,6,0.15,Credit Card,2024-06-15 06:26:00,2024-08-11 06:26:00
503264,2024-03-27 16:35:00,1261,P1131,S015,7,0.1,Cash,2024-03-27 18:40:00,2024-04-29 18:40:00
503265,2024-05-01 02:13:00,1491,P1014,S014,3,0.05,Net Banking,2024-05-01 03:52:00,2024-06-12 03:52:00
503266,2023-02-17 02:06:00,1196,P1003,S009,8,0.2,Debit Card,2023-02-17 02:55:00,2023-03-24 02:55:00
503267,2025-07-04 02:48:00,1008,P1055,S017,1,0.05,debit card,2025-07-04 05:15:00,2025-08-12 05:15:00
503268,2023-09-06 23:46:00,1267,P1083,S024,4,,Credit Card,2023-09-07 00:51:00,2023-10-31 00:51:00
503269,2026-03-12 09:19:00,1365,P1032,S009,8,0.2,Wallet,2026-03-12 09:37:00,2026-04-18 09:37:00
503270,2023-04-08 11:14:00,1066,P1144,S008,6,0.0,Wallet,2023-04-08 12:32:00,2023-05-06 12:32:00
503271,2025-04-17 15:13:00,1420,P1145,S011,4,0.05,Wallet,2025-04-17 17:56:00,2025-04-20 17:56:00
503272,2025-03-17 15:00:00,1443,P1131,S025,7,0.2,Wallet,2025-03-17 17:22:00,2025-04-02 17:22:00
503273,2025-04-27 10:24:00,1077,P1043,S012,3,0.05,Net Banking,2025-04-27 13:20:00,2025-06-08 13:20:00
503274,2023-12-04 22:34:00,1392,P1029,S017,4,0.05,Credit Card,2023-12-04 22:34:00,2024-01-21 22:34:00
503275,2025-02-03 06:02:00,1262,P1132,S011,7,0.2,Wallet,2025-02-03 07:53:00,2025-04-01 07:53:00
503276,2024-09-02 21:53:00,1465,P1105,S021,8,0.2,UPI,2024-09-02 23:41:00,2024-10-03 23:41:00
503277,2025-03-28 08:20:00,1246,P1069,S024,5,0.2,Debit Card,2025-03-28 10:41:00,2025-04-11 10:41:00
503278,2026-03-23 15:21:00,1119,P1092,S021,4,0.0,cash,2026-03-23 15:58:00,2026-03-28 15:58:00
503279,2024-10-22 11:43:00,1322,P1041,S017,8,0.1,Net Banking,2024-10-22 13:07:00,2024-11-29 13:07:00
503280,2025-07-25 08:05:00,1362,P1075,S017,7,0.05,Cash,2025-07-25 11:00:00,2025-07-29 11:00:00
503281,2025-06-27 10:48:00,1384,P1031,S020,8,0.15,Debit Card,2025-06-27 11:18:00,2025-08-19 11:18:00
503282,2024-11-16 07:17:00,1183,P1082,S003,6,0.15,Debit Card,2024-11-16 09:53:00,2024-12-12 09:53:00
503283,2023-08-17 19:25:00,1307,P1110,S008,1,0.0,Net Banking,2023-08-17 21:17:00,2023-09-19 21:17:00
503284,2024-02-28 11:47:00,1095,P1016,S004,7,0.05,UPI,2024-02-28 13:56:00,2024-04-20 13:56:00
503285,2023-06-25 23:20:00,1334,P1040,S006,5,0.05,Credit Card,2023-06-26 01:47:00,2023-07-26 01:47:00
503286,2025-12-09 08:48:00,1382,P1056,S010,3,0.15,Cash,2025-12-09 11:06:00,2026-01-28 11:06:00
503287,2025-04-20 17:03:00,1267,P1066,S014,1,0.0,Wallet,2025-04-20 19:28:00,2025-05-30 19:28:00
503288,2025-11-02 01:17:00,1105,P1051,S010,1,0.0,Debit Card,2025-11-02 01:19:00,2025-12-22 01:19:00
503289,2024-03-24 14:47:00,1407,P1135,S013,7,0.15,UPI,2024-03-24 15:48:00,2024-04-16 15:48:00
503290,2024-12-09 10:16:00,1451,P1005,S012,4,,Credit Card,2024-12-09 11:25:00,2025-01-04 11:25:00
503291,2025-03-15 01:39:00,1439,P1069,S024,7,0.05,Cash,2025-03-15 03:30:00,2025-04-15 03:30:00
503292,2023-10-06 01:40:00,1106,P1102,S023,5,,Net Banking,2023-10-06 03:05:00,2023-11-22 03:05:00
503293,2023-05-09 03:38:00,1364,P1136,S012,7,0.15,Wallet,2023-05-09 06:34:00,2023-05-18 06:34:00
503294,2023-11-11 16:23:00,1044,P1092,S011,4,0.2,Credit Card,2023-11-11 16:33:00,2023-11-21 16:33:00
503295,2023-02-10 21:31:00,1448,P1082,S018,3,0.0,Credit Card,2023-02-10 23:27:00,2023-03-03 23:27:00
503296,2025-03-02 05:26:00,1483,P1095,S013,8,0.2,Debit Card,2025-03-02 06:32:00,2025-03-15 06:32:00
503297,2024-08-13 23:25:00,1288,P1006,S016,6,0.0,Wallet,2024-08-13 23:25:00,2024-09-10 23:25:00
503298,2026-02-26 22:36:00,1259,P1017,S015,8,0.1,Debit Card,2026-02-26 23:01:00,2026-04-05 23:01:00
503299,2023-05-21 04:36:00,1142,P1077,S004,5,0.2,Credit Card,2023-05-21 07:29:00,2023-07-04 07:29:00
503300,2024-11-25 06:43:00,1470,P1071,S020,3,,Wallet,2024-11-25 07:08:00,2024-12-22 07:08:00
503301,2024-05-15 16:49:00,1340,P1147,S016,5,0.15,Cash,2024-05-15 19:33:00,2024-06-05 19:33:00
503302,2025-06-08 11:24:00,1460,P1010,S016,1,0.1,Debit Card,2025-06-08 12:45:00,2025-07-15 12:45:00
503303,2024-09-12 23:39:00,1407,P1054,S021,5,0.05,Cash,2024-09-13 00:46:00,2024-10-24 00:46:00
503304,2026-01-04 15:42:00,1173,P1106,S019,3,0.05,Wallet,2026-01-04 17:48:00,2026-01-10 17:48:00
503305,2023-01-06 18:17:00,1460,P1014,S016,7,0.05,Debit Card,2023-01-06 20:53:00,2023-03-01 20:53:00
503306,2023-08-19 11:13:00,1238,P1120,S004,1,0.0,UPI,2023-08-19 12:45:00,2023-09-25 12:45:00
503307,2023-09-10 10:41:00,1233,P1059,S025,5,0.2,Debit Card,2023-09-10 11:45:00,2023-10-09 11:45:00
503308,2024-05-07 21:04:00,1356,P1138,S016,3,0.05,Debit Card,2024-05-07 23:52:00,2024-05-23 23:52:00
503309,2025-01-18 14:32:00,1131,P1027,S008,6,0.1,Wallet,2025-01-18 15:58:00,2025-02-12 15:58:00
503310,2025-09-26 09:06:00,1169,P1096,S015,4,0.2,Wallet,2025-09-26 10:46:00,2025-10-30 10:46:00
503311,2024-10-05 04:15:00,1188,P1096,S012,1,0.2,Debit Card,2024-10-05 04:52:00,2024-11-08 04:52:00
503312,2025-09-22 23:38:00,1250,P1093,S017,2,0.15,Cash,2025-09-23 00:55:00,2025-11-15 00:55:00
503313,2023-04-01 04:50:00,1466,P1068,S021,2,0.05,CASH,2023-04-01 07:05:00,2023-05-20 07:05:00
503314,2023-12-10 07:13:00,1493,P1078,S015,1,0.1,UPI,2023-12-10 10:00:00,2024-01-29 10:00:00
503315,2025-08-10 03:16:00,1304,P1114,S021,2,0.1,Wallet,2025-08-10 04:58:00,2025-09-30 04:58:00
503316,2025-10-06 21:37:00,1415,P1063,S010,2,0.2,Debit Card,2025-10-06 23:42:00,2025-11-21 23:42:00
503317,2024-10-16 18:21:00,1365,P1056,S016,5,0.1,Wallet,2024-10-16 18:31:00,2024-11-18 18:31:00
503318,2025-04-04 01:07:00,1098,P1100,S004,1,0.0,Cash,2025-04-04 03:05:00,2025-04-05 03:05:00
503319,2024-12-13 19:43:00,1434,P1011,S025,2,0.15,Wallet,2024-12-13 19:50:00,2025-01-24 19:50:00
503320,2023-03-14 12:29:00,1331,P1070,S019,1,0.15,Net Banking,2023-03-14 14:55:00,2023-05-03 14:55:00
503321,2025-06-04 22:38:00,1271,P1081,S011,2,0.15,Wallet,2025-06-04 23:23:00,2025-08-03 23:23:00
503322,2023-11-16 03:47:00,1415,P1061,S022,7,0.15,Cash,2023-11-16 05:20:00,2023-12-23 05:20:00
503323,2024-05-26 11:12:00,1123,P1095,S022,6,0.2,Net Banking,2024-05-26 13:01:00,2024-06-26 13:01:00
503324,2025-04-14 01:31:00,1066,P1035,S018,4,0.1,UPI,2025-04-14 01:45:00,2025-05-13 01:45:00
503325,2024-03-13 07:51:00,1055,P1050,S020,1,0.0,Debit Card,2024-03-13 09:19:00,2024-05-04 09:19:00
503326,2024-01-24 01:38:00,1439,P1080,S006,8,0.1,Net Banking,2024-01-24 03:37:00,2024-03-22 03:37:00
503327,2024-04-09 13:25:00,1116,P1081,S016,7,0.15,UPI,2024-04-09 16:17:00,2024-06-07 16:17:00
503328,2024-07-02 16:01:00,1394,P1003,S022,1,0.15,Wallet,2024-07-02 16:51:00,2024-08-16 16:51:00
503329,2024-04-12 11:49:00,1432,P1094,S018,3,0.15,UPI,2024-04-12 14:29:00,2024-05-09 14:29:00
503330,2025-11-17 05:54:00,1486,P1107,S008,8,0.2,Debit Card,2025-11-17 07:21:00,2025-11-28 07:21:00
503331,2023-05-20 04:56:00,1391,P1134,S013,7,0.2,UPI,2023-05-20 07:05:00,2023-07-14 07:05:00
503332,2023-07-01 04:43:00,1408,P1043,S003,5,0.05,Debit Card,2023-07-01 05:15:00,2023-07-13 05:15:00
503333,2023-11-22 12:05:00,1251,P1140,S019,3,0.1,Net Banking,2023-11-22 12:32:00,2023-12-29 12:32:00
503334,2024-09-18 12:48:00,1494,P1068,S021,5,0.15,Debit Card,2024-09-18 14:09:00,2024-10-16 14:09:00
503335,2024-03-15 05:23:00,1163,P1072,S010,2,0.0,Net Banking,2024-03-15 08:18:00,2024-05-06 08:18:00
503336,2023-07-19 22:34:00,1392,P1088,S003,4,0.15,Cash,2023-07-20 01:24:00,2023-09-12 01:24:00
503337,2024-01-20 16:01:00,1074,P1015,S007,2,0.2,Credit Card,2024-01-20 18:56:00,2024-02-10 18:56:00
503338,2025-06-29 23:27:00,1400,P1026,S018,5,0.15,UPI,2025-06-30 01:38:00,2025-07-19 01:38:00
503339,2024-06-16 12:42:00,1015,P1020,S009,4,0.05,Credit Card,2024-06-16 13:16:00,2024-06-26 13:16:00
503340,2024-10-24 08:03:00,1095,P1114,S006,4,0.15,UPI,2024-10-24 08:27:00,2024-10-31 08:27:00
503341,2024-02-05 00:32:00,1399,P1102,S010,8,0.15,UPI,2024-02-05 02:35:00,2024-04-01 02:35:00
503342,2026-03-19 00:26:00,1248,P1112,S004,4,0.15,Cash,2026-03-19 03:15:00,2026-04-30 03:15:00
503343,2023-10-23 23:38:00,1248,P1108,S021,8,0.0,Wallet,2023-10-24 01:13:00,2023-10-24 01:13:00
503344,2025-05-02 05:06:00,1022,P1073,S018,7,0.2,UPI,2025-05-02 07:13:00,2025-05-11 07:13:00
503345,2024-09-05 03:32:00,1295,P1057,S002,4,0.05,Cash,2024-09-05 05:11:00,2024-10-27 05:11:00
503346,2024-09-01 20:21:00,1315,P1110,S015,5,0.0,Net Banking,2024-09-01 22:03:00,2024-09-17 22:03:00
503347,2023-06-20 12:02:00,1464,P1060,S020,1,0.15,Debit Card,2023-06-20 13:24:00,2023-08-04 13:24:00
503348,2026-03-11 01:36:00,1008,P1059,S010,3,0.1,Wallet,2026-03-11 03:40:00,2026-04-21 03:40:00
503349,2023-08-23 22:38:00,1028,P1032,S018,2,0.1,Net Banking,2023-08-24 00:33:00,2023-10-06 00:33:00
503350,2026-03-21 03:12:00,1073,P1149,S013,8,0.0,Cash,2026-03-21 04:53:00,2026-04-24 04:53:00
503351,2024-07-21 05:07:00,1127,P1018,S020,4,0.15,Wallet,2024-07-21 06:32:00,2024-09-18 06:32:00
503352,2023-10-11 10:10:00,1002,P1036,S006,2,0.15,Net Banking,2023-10-11 11:52:00,2023-11-30 11:52:00
503353,2023-02-21 17:45:00,1188,P1071,S017,1,0.05,Net Banking,2023-02-21 19:55:00,2023-03-22 19:55:00
503354,2024-04-19 06:49:00,1119,P1129,S010,4,0.2,Wallet,2024-04-19 08:23:00,2024-05-23 08:23:00
503355,2023-06-19 00:26:00,1123,P1084,S003,8,0.1,Debit Card,2023-06-19 01:58:00,2023-07-17 01:58:00
503356,2024-06-03 12:36:00,1354,P1089,S004,1,0.05,Wallet,2024-06-03 13:31:00,2024-07-22 13:31:00
503357,2023-06-16 09:03:00,1467,P1140,S008,4,0.0,Net Banking,2023-06-16 09:25:00,2023-06-25 09:25:00
503358,2024-11-07 11:32:00,1362,P1124,S019,1,0.05,Debit Card,2024-11-07 14:14:00,2024-12-14 14:14:00
503359,2025-07-18 03:31:00,1439,P1125,S023,1,0.05,UPI,2025-07-18 05:37:00,2025-07-23 05:37:00
503360,2024-12-08 13:32:00,1030,P1147,S010,2,0.05,Debit Card,2024-12-08 15:27:00,2025-02-04 15:27:00
503361,2025-02-21 00:21:00,1130,P1139,S008,6,0.05,CREDIT CARD,2025-02-21 00:44:00,2025-03-18 00:44:00
503362,2025-07-06 12:35:00,1388,P1143,S015,7,0.15,Cash,2025-07-06 13:41:00,2025-07-13 13:41:00
503363,2025-06-11 01:00:00,1115,P1080,S011,8,0.05,UPI,2025-06-11 02:39:00,2025-06-28 02:39:00
503364,2025-08-25 07:02:00,1091,P1068,S019,7,0.15,Debit Card,2025-08-25 08:00:00,2025-09-08 08:00:00
503365,2025-10-20 08:55:00,1400,P1001,S010,5,0.2,upi,2025-10-20 10:22:00,2025-10-27 10:22:00
503366,2024-09-13 22:55:00,1411,P1056,S004,2,0.1,Cash,2024-09-14 00:47:00,2024-10-30 00:47:00
503367,2023-02-10 10:54:00,1248,P1014,S015,6,0.2,Wallet,2023-02-10 12:08:00,2023-02-20 12:08:00
503368,2024-09-04 15:26:00,1056,P1014,S016,8,0.15,Debit Card,2024-09-04 15:56:00,2024-09-10 15:56:00
503369,2025-07-09 11:18:00,1180,P1108,S011,8,0.05,Net Banking,2025-07-09 14:10:00,2025-08-25 14:10:00
503370,2026-03-03 14:09:00,1350,P1148,S007,5,0.2,Debit Card,2026-03-03 14:51:00,2026-03-27 14:51:00
503371,2024-07-03 21:01:00,1006,P1130,S009,7,0.2,Debit Card,2024-07-03 21:53:00,2024-08-09 21:53:00
503372,2025-05-03 00:53:00,1371,P1047,S021,7,0.0,Credit Card,2025-05-03 02:44:00,2025-05-27 02:44:00
503373,2025-11-29 04:59:00,1281,P1122,S002,8,0.15,Cash,2025-11-29 06:43:00,2026-01-18 06:43:00
503374,2025-06-18 19:23:00,1388,P1053,S019,7,0.05,Cash,2025-06-18 21:22:00,2025-06-20 21:22:00
503375,2024-04-01 15:29:00,1451,P1114,S003,2,0.0,Cash,2024-04-01 17:59:00,2024-04-12 17:59:00
503376,2024-05-03 11:07:00,1306,P1108,S006,3,0.0,Cash,2024-05-03 11:40:00,2024-06-07 11:40:00
503377,2026-01-10 20:58:00,1104,P1042,S008,4,0.05,UPI,2026-01-10 21:40:00,2026-01-28 21:40:00
503378,2023-10-21 06:39:00,1118,P1065,S009,7,0.0,Cash,2023-10-21 09:09:00,2023-12-19 09:09:00
503379,2023-02-26 12:36:00,1117,P1001,S013,6,0.05,Credit Card,2023-02-26 13:42:00,2023-04-12 13:42:00
503380,2024-11-29 14:34:00,1399,P1036,S020,5,0.0,Credit Card,2024-11-29 16:14:00,2024-12-19 16:14:00
503381,2025-11-01 10:15:00,1428,P1013,S002,7,0.1,Debit Card,2025-11-01 12:18:00,2025-12-16 12:18:00
503382,2025-12-23 17:21:00,1246,P1088,S008,2,0.0,Net Banking,2025-12-23 18:34:00,2026-01-26 18:34:00
503383,2025-12-01 00:16:00,1180,P1080,S005,1,0.1,Credit Card,2025-12-01 00:58:00,2025-12-24 00:58:00
503384,2025-06-28 13:48:00,1187,P1086,S001,8,0.2,Cash,2025-06-28 15:05:00,2025-07-06 15:05:00
503385,2026-02-01 16:40:00,1204,P1008,S022,3,0.0,Credit Card,2026-02-01 18:34:00,2026-03-07 18:34:00
503386,2023-09-24 05:07:00,1039,P1124,S002,2,0.2,Wallet,2023-09-24 06:10:00,2023-11-19 06:10:00
503387,2024-10-29 17:25:00,1107,P1148,S022,3,0.2,Cash,2024-10-29 19:11:00,2024-12-27 19:11:00
503388,2026-03-04 16:49:00,1471,P1133,S016,4,0.0,Debit Card,2026-03-04 18:52:00,2026-03-14 18:52:00
503389,2023-11-19 09:36:00,1210,P1045,S019,2,0.15,Wallet,2023-11-19 11:08:00,2024-01-09 11:08:00
503390,2026-03-28 12:19:00,1219,P1003,S008,4,0.05,Net Banking,2026-03-28 13:35:00,2026-04-04 13:35:00
503391,2026-02-14 16:00:00,1010,P1083,S003,1,0.05,Net Banking,2026-02-14 18:00:00,2026-02-14 18:00:00
503392,2025-09-25 09:21:00,1077,P1006,S005,3,0.0,UPI,2025-09-25 12:16:00,2025-09-30 12:16:00
503393,2025-09-28 11:19:00,1140,P1018,S013,5,0.2,Cash,2025-09-28 12:52:00,2025-11-27 12:52:00
503394,2023-10-09 21:55:00,1029,P1069,S013,7,0.05,Cash,2023-10-10 00:53:00,2023-10-14 00:53:00
503395,2024-10-16 20:47:00,1051,P1092,S006,7,0.2,Cash,2024-10-16 20:51:00,2024-12-04 20:51:00
503396,2024-06-01 08:10:00,1445,P1102,S002,8,0.2,Debit Card,2024-06-01 08:23:00,2024-06-15 08:23:00
503397,2024-08-21 23:34:00,1007,P1147,S012,8,0.05,Credit Card,2024-08-22 00:22:00,2024-09-03 00:22:00
503398,2026-02-11 06:25:00,1330,P1003,S014,1,0.0,Debit Card,2026-02-11 08:41:00,2026-03-28 08:41:00
503399,2024-11-18 14:38:00,1069,P1103,S016,2,0.1,Wallet,2024-11-18 15:17:00,2024-12-02 15:17:00
503400,2025-12-24 10:32:00,1318,P1118,S001,2,0.1,UPI,2025-12-24 13:32:00,2025-12-30 13:32:00
503401,2023-08-07 18:27:00,1434,P1124,S022,3,0.0,Net Banking,2023-08-07 20:34:00,2023-09-14 20:34:00
503402,2023-09-22 11:04:00,1024,P1031,S018,3,0.2,Wallet,2023-09-22 13:30:00,2023-09-30 13:30:00
503403,2024-12-23 04:15:00,1077,P1145,S015,1,0.1,Net Banking,2024-12-23 05:13:00,2025-02-06 05:13:00
503404,2024-02-09 15:37:00,1083,P1027,S011,6,0.1,UPI,2024-02-09 17:04:00,2024-03-12 17:04:00
503405,2023-06-08 13:53:00,1310,P1114,S003,5,0.2,Credit Card,2023-06-08 14:47:00,2023-07-29 14:47:00
503406,2023-02-09 14:21:00,1357,P1029,S010,3,0.1,Net Banking,2023-02-09 16:18:00,2023-02-28 16:18:00
503407,2025-08-15 07:37:00,1198,P1034,S012,2,0.2,Net Banking,2025-08-15 09:22:00,2025-08-25 09:22:00
503408,2024-05-01 22:04:00,1335,P1148,S016,8,0.05,Wallet,2024-05-01 22:49:00,2024-05-20 22:49:00
503409,2025-06-08 22:50:00,1088,P1067,S010,4,0.1,Credit Card,2025-06-09 00:48:00,2025-07-09 00:48:00
503410,2024-12-02 09:39:00,1254,P1043,S020,7,0.1,Cash,2024-12-02 11:37:00,2025-01-04 11:37:00
503411,2023-08-14 10:57:00,1365,P1079,S008,1,0.05,Net Banking,2023-08-14 12:40:00,2023-10-01 12:40:00
503412,2026-03-16 01:48:00,1476,P1137,S021,1,0.1,Credit Card,2026-03-16 02:45:00,2026-04-02 02:45:00
503413,2024-08-23 15:37:00,1321,P1008,S024,1,0.2,Debit Card,2024-08-23 17:24:00,2024-08-26 17:24:00
503414,2023-01-20 19:04:00,1182,P1124,S008,8,0.15,Credit Card,2023-01-20 20:51:00,2023-03-05 20:51:00
503415,2024-08-12 05:25:00,1399,P1036,S005,6,0.1,Net Banking,2024-08-12 07:02:00,2024-09-25 07:02:00
503416,2023-11-11 01:14:00,1307,P1060,S002,2,0.1,Wallet,2023-11-11 02:59:00,2023-12-31 02:59:00
503417,2023-05-01 03:43:00,1239,P1062,S004,2,0.15,Credit Card,2023-05-01 05:08:00,2023-05-10 05:08:00
503418,2024-01-09 12:19:00,1252,P1085,S014,1,0.0,Wallet,2024-01-09 12:35:00,2024-01-25 12:35:00
503419,2023-05-15 16:17:00,1313,P1058,S007,6,0.2,Net Banking,2023-05-15 16:49:00,2023-07-12 16:49:00
503420,2024-07-12 14:51:00,1081,P1148,S018,4,0.1,Net Banking,2024-07-12 16:09:00,2024-07-22 16:09:00
503421,2025-05-04 21:26:00,1404,P1123,S003,6,0.05,Net Banking,2025-05-05 00:23:00,2025-06-04 00:23:00
503422,2023-02-10 05:10:00,1468,P1042,S024,5,0.15,Wallet,2023-02-10 07:00:00,2023-03-31 07:00:00
503423,2024-04-28 12:20:00,1369,P1052,S005,1,0.2,UPI,2024-04-28 12:22:00,2024-04-30 12:22:00
503424,2023-04-24 13:19:00,1035,P1080,S010,3,0.15,Net Banking,2023-04-24 15:15:00,2023-05-20 15:15:00
503425,2025-09-28 07:53:00,1163,P1067,S022,1,0.1,Credit Card,2025-09-28 10:53:00,2025-10-18 10:53:00
503426,2024-05-24 03:25:00,1307,P1037,S024,1,0.15,Cash,2024-05-24 06:03:00,2024-06-24 06:03:00
503427,2025-01-14 08:36:00,1101,P1079,S008,7,0.2,UPI,2025-01-14 09:33:00,2025-02-22 09:33:00
503428,2024-07-21 10:54:00,1399,P1047,S023,6,0.05,Net Banking,2024-07-21 11:48:00,2024-09-06 11:48:00
503429,2025-08-18 17:44:00,1234,P1051,S008,2,0.05,Credit Card,2025-08-18 18:40:00,2025-09-08 18:40:00
503430,2023-02-10 15:14:00,1128,P1054,S002,3,0.05,Cash,2023-02-10 16:24:00,2023-03-03 16:24:00
503431,2024-09-27 03:54:00,1151,P1122,S009,1,0.2,Net Banking,2024-09-27 04:39:00,2024-10-06 04:39:00
503432,2025-02-05 06:45:00,1029,P1062,S008,6,0.0,Debit Card,2025-02-05 08:42:00,2025-02-15 08:42:00
503433,2023-05-29 12:03:00,1421,P1034,S011,2,0.0,Cash,2023-05-29 12:35:00,2023-06-13 12:35:00
503434,2023-07-03 11:22:00,1440,P1128,S002,5,0.0,Debit Card,2023-07-03 12:45:00,2023-08-06 12:45:00
503435,2023-11-08 04:57:00,1352,P1077,S011,7,0.1,UPI,2023-11-08 07:42:00,2023-12-30 07:42:00
503436,2023-06-11 18:39:00,1417,P1096,S003,3,0.1,Credit Card,2023-06-11 19:19:00,2023-07-04 19:19:00
503437,2025-11-11 01:31:00,1301,P1024,S008,6,0.0,Debit Card,2025-11-11 03:43:00,2025-11-15 03:43:00
503438,2024-04-02 23:44:00,1493,P1066,S025,2,0.2,Wallet,2024-04-03 01:03:00,2024-05-12 01:03:00
503439,2025-08-21 03:21:00,1440,P1081,S012,8,0.0,Cash,2025-08-21 06:18:00,2025-09-21 06:18:00
503440,2025-06-04 07:11:00,1333,P1034,S009,7,0.05,UPI,2025-06-04 09:22:00,2025-07-14 09:22:00
503441,2025-05-31 03:47:00,1433,P1020,S022,6,0.15,Credit Card,2025-05-31 05:32:00,2025-06-08 05:32:00
503442,2024-10-09 04:00:00,1224,P1019,S011,1,0.1,Credit Card,2024-10-09 04:00:00,2024-11-07 04:00:00
503443,2023-04-23 10:38:00,1198,P1129,S012,7,0.2,Cash,2023-04-23 13:01:00,2023-06-04 13:01:00
503444,2025-08-01 02:19:00,1111,P1109,S001,1,0.2,UPI,2025-08-01 03:07:00,2025-09-13 03:07:00
503445,2023-08-12 01:05:00,1387,P1107,S024,2,0.0,Wallet,2023-08-12 02:17:00,2023-09-29 02:17:00
503446,2024-03-19 19:09:00,1263,P1135,S017,2,0.2,Net Banking,2024-03-19 21:13:00,2024-05-11 21:13:00
503447,2024-02-29 01:17:00,1059,P1099,S008,2,0.15,Net Banking,2024-02-29 02:57:00,2024-04-11 02:57:00
503448,2025-08-26 22:34:00,1271,P1091,S014,1,0.1,Wallet,2025-08-27 00:04:00,2025-09-01 00:04:00
503449,2023-03-14 21:37:00,1205,P1143,S018,3,0.15,Cash,2023-03-14 23:14:00,2023-04-04 23:14:00
503450,2023-12-27 16:02:00,1487,P1040,S023,8,0.05,UPI,2023-12-27 16:05:00,2024-01-26 16:05:00
503451,2026-02-08 03:43:00,1443,P1075,S015,3,0.05,Cash,2026-02-08 06:34:00,2026-04-09 06:34:00
503452,2024-03-07 11:26:00,1239,P1133,S008,1,0.2,Credit Card,2024-03-07 12:38:00,2024-03-08 12:38:00
503453,2023-04-12 12:38:00,1453,P1134,S025,6,0.0,Wallet,2023-04-12 14:31:00,2023-06-11 14:31:00
503454,2024-06-06 11:18:00,1105,P1106,S015,2,0.1,Cash,2024-06-06 13:53:00,2024-07-11 13:53:00
503455,2025-09-11 08:36:00,1223,P1098,S017,7,0.15,Debit Card,2025-09-11 08:45:00,2025-11-10 08:45:00
503456,2023-05-21 17:21:00,1052,P1022,S014,5,0.1,Cash,2023-05-21 19:26:00,2023-07-17 19:26:00
503457,2023-04-04 11:42:00,1188,P1103,S007,5,0.05,UPI,2023-04-04 14:17:00,2023-05-24 14:17:00
503458,2025-10-28 01:58:00,1225,P1054,S019,3,0.0,Wallet,2025-10-28 04:38:00,2025-12-08 04:38:00
503459,2023-03-08 04:22:00,1493,P1089,S014,6,0.05,Credit Card,2023-03-08 06:37:00,2023-04-30 06:37:00
503460,2025-08-19 22:30:00,1124,P1005,S022,4,0.0,Cash,2025-08-20 00:33:00,2025-10-09 00:33:00
503461,2025-10-11 22:35:00,1304,P1042,S014,2,0.1,Debit Card,2025-10-12 00:38:00,2025-10-18 00:38:00
503462,2026-01-26 15:43:00,1437,P1027,S005,5,0.0,Credit Card,2026-01-26 16:22:00,2026-01-26 16:22:00
503463,2025-02-06 09:21:00,1337,P1015,S011,5,0.2,UPI,2025-02-06 10:43:00,2025-02-07 10:43:00
503464,2025-11-04 23:46:00,1289,P1141,S007,8,0.15,wallet,2025-11-04 23:55:00,2025-12-16 23:55:00
503465,2025-07-27 07:33:00,1070,P1080,S013,2,0.15,Credit Card,2025-07-27 09:43:00,2025-08-26 09:43:00
503466,2023-01-28 06:51:00,1270,P1057,S025,1,0.0,UPI,2023-01-28 08:03:00,2023-02-12 08:03:00
503467,2023-06-12 09:14:00,1315,P1079,S020,4,0.0,Cash,2023-06-12 10:34:00,2023-06-22 10:34:00
503468,2024-07-23 03:28:00,1493,P1106,S011,5,0.15,Cash,2024-07-23 05:53:00,2024-08-28 05:53:00
503469,2023-11-09 16:39:00,1100,P1092,S004,7,0.05,Credit Card,2023-11-09 18:46:00,2023-12-23 18:46:00
503470,2024-11-20 04:28:00,1207,P1015,S001,3,0.05,Credit Card,2024-11-20 05:51:00,2024-12-30 05:51:00
503471,2023-03-18 04:14:00,1191,P1098,S024,8,0.15,UPI,2023-03-18 05:27:00,2023-03-20 05:27:00
503472,2024-01-13 11:05:00,1266,P1145,S024,1,0.1,UPI,2024-01-13 13:53:00,2024-02-05 13:53:00
503473,2025-11-23 20:10:00,1466,P1004,S011,2,0.15,Cash,2025-11-23 22:19:00,2026-01-18 22:19:00
503474,2025-06-02 01:45:00,1059,P1047,S007,3,0.15,Net Banking,2025-06-02 04:03:00,2025-07-23 04:03:00
503475,2026-02-07 09:49:00,1326,P1009,S019,7,0.05,Cash,2026-02-07 10:59:00,2026-03-10 10:59:00
503476,2023-06-19 10:08:00,1314,P1083,S018,5,0.1,Debit Card,2023-06-19 12:09:00,2023-07-14 12:09:00
503477,2023-11-15 00:09:00,1133,P1143,S005,5,0.2,Net Banking,2023-11-15 00:49:00,2024-01-05 00:49:00
503478,2025-03-15 06:46:00,1445,P1119,S008,8,0.0,Debit Card,2025-03-15 07:04:00,2025-03-30 07:04:00
503479,2025-01-21 01:14:00,1428,P1029,S018,1,0.05,Cash,2025-01-21 01:32:00,2025-03-15 01:32:00
503480,2025-02-18 20:37:00,1135,P1032,S020,4,0.2,Cash,2025-02-18 21:08:00,2025-04-17 21:08:00
503481,2023-01-14 12:05:00,1233,P1024,S017,2,0.0,Net Banking,2023-01-14 12:11:00,2023-01-30 12:11:00
503482,2023-09-14 23:20:00,1347,P1037,S010,8,0.15,Net Banking,2023-09-15 00:56:00,2023-10-27 00:56:00
503483,2026-02-04 21:49:00,1033,P1012,S008,5,0.0,Debit Card,2026-02-04 22:43:00,2026-02-22 22:43:00
503484,2023-07-10 06:48:00,1054,P1029,S018,2,0.1,UPI,2023-07-10 07:05:00,2023-08-12 07:05:00
503485,2024-12-01 02:44:00,1081,P1081,S021,2,0.15,Net Banking,2024-12-01 05:44:00,2024-12-15 05:44:00
503486,2023-01-05 09:19:00,1258,P1093,S014,1,0.2,Wallet,2023-01-05 11:14:00,2023-01-07 11:14:00
503487,2024-07-16 01:51:00,1052,P1076,S022,8,0.2,Credit Card,2024-07-16 03:29:00,2024-08-14 03:29:00
503488,2023-05-22 00:12:00,1415,P1091,S025,7,0.1,Debit Card,2023-05-22 00:38:00,2023-06-07 00:38:00
503489,2025-08-28 04:48:00,1168,P1121,S020,5,0.0,Cash,2025-08-28 05:27:00,2025-09-26 05:27:00
503490,2024-07-02 00:14:00,1480,P1116,S009,5,0.2,Wallet,2024-07-02 01:08:00,2024-08-25 01:08:00
503491,2025-12-11 14:00:00,1118,P1064,S020,2,0.05,Cash,2025-12-11 16:34:00,2026-02-09 16:34:00
503492,2024-08-14 02:11:00,1494,P1077,S003,1,0.15,UPI,2024-08-14 04:52:00,2024-09-08 04:52:00
503493,2024-04-04 05:27:00,1120,P1017,S023,1,0.1,Cash,2024-04-04 07:22:00,2024-04-26 07:22:00
503494,2025-03-23 07:05:00,1019,P1021,S001,7,0.1,Debit Card,2025-03-23 10:00:00,2025-05-15 10:00:00
503495,2025-04-13 03:10:00,1203,P1010,S013,5,0.0,UPI,2025-04-13 04:32:00,2025-04-27 04:32:00
503496,2024-07-29 14:18:00,1238,P1077,S018,7,0.2,Net Banking,2024-07-29 16:31:00,2024-08-23 16:31:00
503497,2024-07-10 16:16:00,1240,P1004,S021,4,0.15,UPI,2024-07-10 18:28:00,2024-07-14 18:28:00
503498,2023-02-21 01:58:00,1240,P1002,S025,2,0.15,Cash,2023-02-21 03:54:00,2023-04-13 03:54:00
503499,2024-03-30 20:30:00,1465,P1080,S020,4,0.05,upi,2024-03-30 21:50:00,2024-05-05 21:50:00
503500,2025-06-28 16:06:00,1454,P1019,S015,2,0.2,Wallet,2025-06-28 16:34:00,2025-08-26 16:34:00
503501,2025-05-16 01:02:00,1013,P1044,S003,5,0.1,Debit Card,2025-05-16 02:13:00,2025-06-24 02:13:00
503502,2023-06-26 11:21:00,1230,P1072,S008,4,0.05,Wallet,2023-06-26 13:52:00,2023-07-23 13:52:00
503503,2025-11-28 09:42:00,1209,P1088,S012,3,0.05,Net Banking,2025-11-28 12:06:00,2026-01-13 12:06:00
503504,2023-08-12 15:49:00,1420,P1055,S024,4,0.1,Credit Card,2023-08-12 18:43:00,2023-08-13 18:43:00
503505,2023-01-03 01:19:00,1409,P1150,S019,3,0.15,Wallet,2023-01-03 03:57:00,2023-02-16 03:57:00
503506,2025-04-07 11:13:00,1058,P1123,S021,8,0.05,UPI,2025-04-07 12:51:00,2025-05-22 12:51:00
503507,2025-07-19 06:36:00,1219,P1040,S009,8,0.05,credit card,2025-07-19 07:53:00,2025-09-05 07:53:00
503508,2026-02-21 11:54:00,1440,P1085,S022,4,0.2,Credit Card,2026-02-21 14:08:00,2026-03-17 14:08:00
503509,2025-09-08 21:51:00,1233,P1024,S009,2,0.05,Debit Card,2025-09-08 23:30:00,2025-10-13 23:30:00
503510,2026-03-26 06:50:00,1392,P1124,S020,7,0.15,UPI,2026-03-26 07:21:00,2026-05-22 07:21:00
503511,2025-05-31 00:23:00,1329,P1026,S016,4,0.1,Cash,2025-05-31 01:56:00,2025-07-05 01:56:00
503512,2023-09-14 03:56:00,1070,P1087,S001,7,0.2,Net Banking,2023-09-14 04:27:00,2023-10-08 04:27:00
503513,2024-01-20 11:48:00,1155,P1103,S007,8,0.0,UPI,2024-01-20 12:55:00,2024-02-14 12:55:00
503514,2024-08-29 21:40:00,1185,P1125,S001,4,0.2,Wallet,2024-08-30 00:25:00,2024-09-19 00:25:00
503515,2024-05-01 08:42:00,1357,P1026,S024,7,0.15,WALLET,2024-05-01 09:15:00,2024-05-31 09:15:00
503516,2023-11-06 11:20:00,1427,P1015,S011,1,0.2,CREDIT CARD,2023-11-06 11:52:00,2023-12-14 11:52:00
503517,2025-03-08 01:00:00,1042,P1029,S022,1,0.0,Debit Card,2025-03-08 01:12:00,2025-04-19 01:12:00
503518,2025-05-18 02:26:00,1300,P1118,S007,5,0.1,Wallet,2025-05-18 02:44:00,2025-07-11 02:44:00
503519,2025-11-19 02:08:00,1119,P1001,S002,3,0.05,Net Banking,2025-11-19 02:30:00,2026-01-12 02:30:00
503520,2024-09-12 21:24:00,1027,P1144,S013,8,0.05,Credit Card,2024-09-12 23:50:00,2024-10-21 23:50:00
503521,2024-03-22 02:03:00,1135,P1136,S004,8,0.15,Wallet,2024-03-22 03:10:00,2024-05-03 03:10:00
503522,2024-05-16 20:26:00,1372,P1108,S003,3,0.05,UPI,2024-05-16 21:58:00,2024-06-05 21:58:00
503523,2025-12-22 17:08:00,1211,P1055,S025,2,0.2,Wallet,2025-12-22 17:43:00,2025-12-23 17:43:00
503524,2025-03-25 09:07:00,1033,P1058,S001,3,0.05,cash,2025-03-25 11:10:00,2025-04-18 11:10:00
503525,2024-06-20 03:44:00,1312,P1062,S014,4,0.1,Wallet,2024-06-20 06:24:00,2024-07-17 06:24:00
503526,2023-05-16 13:54:00,1141,P1004,S008,3,0.05,Net Banking,2023-05-16 15:52:00,2023-06-12 15:52:00
503527,2023-05-19 22:36:00,1092,P1088,S005,3,0.15,Cash,2023-05-19 23:34:00,2023-06-30 23:34:00
503528,2023-07-28 05:24:00,1237,P1150,S009,6,0.05,Credit Card,2023-07-28 07:58:00,2023-08-12 07:58:00
503529,2024-10-03 05:58:00,1390,P1066,S009,5,0.2,Debit Card,2024-10-03 08:35:00,2024-10-29 08:35:00
503530,2024-05-23 23:40:00,1361,P1139,S014,2,0.0,UPI,2024-05-24 01:29:00,2024-07-12 01:29:00
503531,2024-09-25 07:14:00,1132,P1007,S020,1,0.1,Net Banking,2024-09-25 07:25:00,2024-10-22 07:25:00
503532,2025-10-20 15:05:00,1360,P1090,S020,1,0.15,Wallet,2025-10-20 16:30:00,2025-11-09 16:30:00
503533,2023-12-08 15:33:00,1313,P1014,S006,6,0.2,UPI,2023-12-08 17:35:00,2024-02-05 17:35:00
503534,2023-11-08 00:45:00,1489,P1061,S015,3,0.0,Cash,2023-11-08 01:53:00,2023-12-02 01:53:00
503535,2024-01-01 23:25:00,1012,P1056,S005,4,0.1,Net Banking,2024-01-02 01:06:00,2024-02-17 01:06:00
503536,2024-08-31 02:34:00,1319,P1082,S012,8,0.15,Credit Card,2024-08-31 02:35:00,2024-09-11 02:35:00
503537,2025-07-21 18:12:00,1184,P1126,S019,6,0.1,UPI,2025-07-21 20:46:00,2025-09-12 20:46:00
503538,2026-03-01 20:52:00,1369,P1116,S009,2,0.0,UPI,2026-03-01 21:29:00,2026-03-17 21:29:00
503539,2025-09-08 21:13:00,1234,P1004,S007,7,0.05,Debit Card,2025-09-08 22:53:00,2025-11-06 22:53:00
503540,2025-03-15 20:29:00,1053,P1042,S012,5,0.05,Credit Card,2025-03-15 22:19:00,2025-03-21 22:19:00
503541,2024-03-01 00:50:00,1022,P1093,S013,4,0.0,Wallet,2024-03-01 00:53:00,2024-04-04 00:53:00
503542,2025-11-06 22:09:00,1322,P1065,S021,3,0.2,Cash,2025-11-07 00:36:00,2025-11-17 00:36:00
503543,2024-04-02 05:51:00,1455,P1121,S022,4,0.0,credit card,2024-04-02 06:19:00,2024-04-04 06:19:00
503544,2025-06-22 07:45:00,1391,P1075,S018,6,0.05,Credit Card,2025-06-22 09:34:00,2025-07-14 09:34:00
503545,2023-01-06 15:08:00,1316,P1115,S001,5,0.05,Net Banking,2023-01-06 15:09:00,2023-01-10 15:09:00
503546,2025-08-20 08:53:00,1224,P1042,S016,7,0.05,Wallet,2025-08-20 11:45:00,2025-08-24 11:45:00
503547,2025-03-21 10:04:00,1375,P1084,S012,6,0.0,wallet,2025-03-21 10:44:00,2025-04-29 10:44:00
503548,2023-02-09 00:23:00,1263,P1030,S020,5,0.2,Debit Card,2023-02-09 00:43:00,2023-02-11 00:43:00
503549,2023-09-21 04:27:00,1354,P1013,S001,4,0.15,UPI,2023-09-21 05:11:00,2023-10-04 05:11:00
503550,2025-07-14 04:08:00,1020,P1040,S024,4,0.0,Wallet,2025-07-14 05:09:00,2025-08-03 05:09:00
503551,2024-01-25 21:17:00,1450,P1071,S007,8,0.1,Credit Card,2024-01-26 00:11:00,2024-02-04 00:11:00
503552,2026-03-22 03:27:00,1435,P1144,S001,2,0.15,Wallet,2026-03-22 05:53:00,2026-03-31 05:53:00
503553,2025-03-22 07:07:00,1461,P1110,S020,7,0.2,Cash,2025-03-22 08:55:00,2025-05-14 08:55:00
503554,2024-09-17 00:15:00,1001,P1066,S012,5,0.1,UPI,2024-09-17 01:07:00,2024-11-10 01:07:00
503555,2023-02-08 12:06:00,1136,P1149,S015,1,0.0,Wallet,2023-02-08 13:57:00,2023-03-05 13:57:00
503556,2026-01-24 09:18:00,1015,P1026,S011,2,0.15,Cash,2026-01-24 10:42:00,2026-02-28 10:42:00
503557,2024-09-05 04:37:00,1355,P1044,S017,1,0.2,Credit Card,2024-09-05 06:22:00,2024-10-28 06:22:00
503558,2024-08-28 03:07:00,1163,P1005,S021,7,0.2,Net Banking,2024-08-28 04:38:00,2024-08-28 04:38:00
503559,2025-05-01 03:46:00,1169,P1042,S023,6,0.1,Credit Card,2025-05-01 04:35:00,2025-05-08 04:35:00
503560,2024-05-15 22:10:00,1407,P1142,S002,6,0.2,Net Banking,2024-05-15 22:44:00,2024-06-26 22:44:00
503561,2024-01-31 14:41:00,1156,P1061,S012,5,0.0,Wallet,2024-01-31 16:34:00,2024-03-11 16:34:00
503562,2024-09-18 15:25:00,1175,P1051,S020,6,0.0,UPI,2024-09-18 16:09:00,2024-11-17 16:09:00
503563,2023-06-28 03:58:00,1082,P1084,S011,7,0.05,Cash,2023-06-28 05:22:00,2023-08-16 05:22:00
503564,2025-07-01 22:34:00,1091,P1103,S002,4,0.0,cash,2025-07-02 00:55:00,2025-08-05 00:55:00
503565,2024-07-19 17:37:00,1011,P1066,S012,1,0.2,Cash,2024-07-19 17:41:00,2024-08-03 17:41:00
503566,2023-08-30 17:27:00,1456,P1080,S005,3,0.2,Credit Card,2023-08-30 17:44:00,2023-10-20 17:44:00
503567,2025-01-23 22:21:00,1152,P1094,S020,3,,Debit Card,2025-01-24 01:18:00,2025-03-14 01:18:00
503568,2024-12-23 18:26:00,1228,P1127,S020,2,0.0,Wallet,2024-12-23 20:19:00,2025-01-12 20:19:00
503569,2024-01-21 14:37:00,1010,P1079,S025,6,0.15,Cash,2024-01-21 16:57:00,2024-02-04 16:57:00
503570,2023-10-20 14:55:00,1393,P1027,S003,7,0.0,Net Banking,2023-10-20 15:59:00,2023-11-09 15:59:00
503571,2026-03-13 11:33:00,1467,P1010,S025,2,0.1,Wallet,2026-03-13 13:59:00,2026-04-11 13:59:00
503572,2023-12-10 05:07:00,1195,P1134,S020,7,0.0,UPI,2023-12-10 05:59:00,2023-12-22 05:59:00
503573,2025-11-18 06:17:00,1349,P1019,S005,4,0.0,Wallet,2025-11-18 08:14:00,2025-12-15 08:14:00
503574,2025-10-12 08:24:00,1060,P1064,S024,8,0.2,Net Banking,2025-10-12 08:51:00,2025-11-28 08:51:00
503575,2023-09-17 14:06:00,1476,P1085,S023,7,0.0,Credit Card,2023-09-17 16:48:00,2023-11-14 16:48:00
503576,2024-03-08 16:43:00,1277,P1133,S022,6,0.05,Net Banking,2024-03-08 18:47:00,2024-04-24 18:47:00
503577,2025-01-18 23:41:00,1315,P1132,S013,2,0.2,Debit Card,2025-01-19 02:04:00,2025-03-15 02:04:00
503578,2024-04-25 18:29:00,1125,P1014,S023,1,0.0,Cash,2024-04-25 20:10:00,2024-06-08 20:10:00
503579,2024-04-30 15:37:00,1299,P1077,S009,6,,Wallet,2024-04-30 16:49:00,2024-06-08 16:49:00
503580,2024-06-01 09:17:00,1494,P1012,S015,7,0.2,Credit Card,2024-06-01 09:45:00,2024-07-25 09:45:00
503581,2025-05-22 04:24:00,1475,P1088,S010,4,0.1,Cash,2025-05-22 07:07:00,2025-07-10 07:07:00
503582,2024-12-27 18:06:00,1016,P1067,S008,6,0.2,Wallet,2024-12-27 21:02:00,2025-01-21 21:02:00
503583,2025-11-21 06:58:00,1169,P1146,S024,1,0.15,Net Banking,2025-11-21 09:34:00,2025-12-24 09:34:00
503584,2026-03-18 13:23:00,1161,P1116,S017,4,0.15,Debit Card,2026-03-18 15:32:00,2026-05-11 15:32:00
503585,2025-05-03 21:51:00,1194,P1123,S017,5,0.05,Debit Card,2025-05-04 00:12:00,2025-05-08 00:12:00
503586,2023-03-21 15:53:00,1030,P1114,S021,2,0.15,Cash,2023-03-21 18:50:00,2023-04-03 18:50:00
503587,2025-03-05 03:56:00,1441,P1050,S011,1,0.0,Cash,2025-03-05 06:51:00,2025-04-14 06:51:00
503588,2025-11-06 17:13:00,1081,P1039,S007,4,0.2,Debit Card,2025-11-06 18:52:00,2025-12-13 18:52:00
503589,2024-08-01 00:15:00,1298,P1088,S005,6,0.0,Wallet,2024-08-01 01:03:00,2024-08-27 01:03:00
503590,2024-01-19 07:05:00,1421,P1101,S011,4,0.05,Cash,2024-01-19 07:40:00,2024-03-18 07:40:00
503591,2024-05-02 10:44:00,1170,P1031,S010,8,0.05,Debit Card,2024-05-02 13:35:00,2024-06-16 13:35:00
503592,2023-04-20 06:08:00,1138,P1124,S016,2,0.1,Cash,2023-04-20 06:40:00,2023-05-05 06:40:00
503593,2024-11-06 01:37:00,1183,P1081,S012,6,0.15,UPI,2024-11-06 02:39:00,2024-12-21 02:39:00
503594,2023-11-01 01:02:00,1241,P1065,S003,4,0.15,Debit Card,2023-11-01 02:47:00,2023-11-08 02:47:00
503595,2024-06-27 11:36:00,1241,P1101,S004,3,0.0,Net Banking,2024-06-27 12:46:00,2024-08-17 12:46:00
503596,2026-02-28 07:59:00,1048,P1038,S016,1,0.15,Debit Card,2026-02-28 10:48:00,2026-04-07 10:48:00
503597,2023-03-02 14:47:00,1464,P1040,S006,3,0.2,Wallet,2023-03-02 16:30:00,2023-03-08 16:30:00
503598,2024-04-30 20:45:00,1187,P1099,S010,5,0.15,Net Banking,2024-04-30 23:26:00,2024-05-01 23:26:00
503599,2024-12-23 07:42:00,1132,P1095,S012,6,0.1,Net Banking,2024-12-23 07:43:00,2025-02-20 07:43:00
503600,2024-11-12 01:08:00,1362,P1086,S014,1,0.15,Cash,2024-11-12 02:52:00,2024-11-25 02:52:00
503601,2025-09-24 17:38:00,1473,P1056,S008,3,0.15,Cash,2025-09-24 20:30:00,2025-10-13 20:30:00
503602,2024-01-28 18:46:00,1135,P1106,S002,1,0.2,CREDIT CARD,2024-01-28 21:19:00,2024-01-31 21:19:00
503603,2024-05-15 12:36:00,1339,P1037,S014,1,0.05,Wallet,2024-05-15 14:12:00,2024-06-30 14:12:00
503604,2024-01-12 04:03:00,1192,P1087,S022,1,0.15,UPI,2024-01-12 06:27:00,2024-02-09 06:27:00
503605,2025-07-26 19:02:00,1481,P1119,S001,2,0.1,Wallet,2025-07-26 20:52:00,2025-09-05 20:52:00
503606,2023-08-09 05:02:00,1300,P1054,S009,5,0.2,upi,2023-08-09 05:16:00,2023-08-22 05:16:00
503607,2025-07-25 13:38:00,1084,P1030,S013,3,0.0,Net Banking,2025-07-25 15:39:00,2025-09-20 15:39:00
503608,2024-02-01 21:15:00,1119,P1019,S024,3,0.2,Cash,2024-02-02 00:10:00,2024-03-25 00:10:00
503609,2023-10-28 03:00:00,1013,P1123,S003,3,0.05,Cash,2023-10-28 04:26:00,2023-11-11 04:26:00
503610,2023-03-28 01:57:00,1453,P1038,S017,4,0.15,Cash,2023-03-28 04:20:00,2023-04-05 04:20:00
503611,2024-07-26 05:29:00,1147,P1144,S011,8,0.2,Net Banking,2024-07-26 05:42:00,2024-08-15 05:42:00
503612,2025-06-30 05:57:00,1075,P1016,S013,4,0.05,Credit Card,2025-06-30 08:17:00,2025-08-28 08:17:00
503613,2025-11-27 22:47:00,1086,P1108,S019,1,0.1,Debit Card,2025-11-27 22:53:00,2025-12-02 22:53:00
503614,2025-05-01 22:26:00,1297,P1083,S005,5,0.15,Cash,2025-05-01 23:59:00,2025-06-02 23:59:00
503615,2023-01-27 18:26:00,1010,P1110,S009,8,0.05,Wallet,2023-01-27 21:23:00,2023-03-20 21:23:00
503616,2024-06-10 10:11:00,1112,P1116,S018,8,0.1,Cash,2024-06-10 11:43:00,2024-07-09 11:43:00
503617,2025-10-10 17:57:00,1008,P1114,S001,5,0.15,Debit Card,2025-10-10 20:14:00,2025-10-26 20:14:00
503618,2025-09-07 14:29:00,1045,P1037,S020,8,0.05,Net Banking,2025-09-07 14:42:00,2025-10-04 14:42:00
503619,2024-09-19 04:25:00,1408,P1035,S017,3,0.15,Wallet,2024-09-19 06:38:00,2024-09-22 06:38:00
503620,2023-05-26 22:41:00,1062,P1113,S001,1,0.1,Credit Card,2023-05-27 00:17:00,2023-06-12 00:17:00
503621,2025-10-06 02:41:00,1218,P1009,S011,7,0.15,Net Banking,2025-10-06 04:53:00,2025-12-05 04:53:00
503622,2025-11-21 00:50:00,1354,P1103,S013,5,0.15,Net Banking,2025-11-21 01:41:00,2025-11-25 01:41:00
503623,2025-01-23 20:04:00,1299,P1135,S007,2,0.05,Debit Card,2025-01-23 20:40:00,2025-02-21 20:40:00
503624,2023-10-01 17:43:00,1192,P1070,S003,7,0.0,UPI,2023-10-01 19:15:00,2023-10-16 19:15:00
503625,2026-03-27 19:05:00,1349,P1067,S018,1,0.2,Cash,2026-03-27 21:42:00,2026-05-01 21:42:00
503626,2023-01-06 22:07:00,1355,P1132,S025,7,0.15,UPI,2023-01-07 00:07:00,2023-01-07 00:07:00
503627,2025-01-21 05:02:00,1333,P1027,S024,1,0.15,Debit Card,2025-01-21 07:04:00,2025-02-19 07:04:00
503628,2023-04-30 09:14:00,1500,P1141,S019,6,0.15,Net Banking,2023-04-30 10:11:00,2023-05-27 10:11:00
503629,2025-02-15 14:44:00,1467,P1076,S014,2,0.0,Debit Card,2025-02-15 15:22:00,2025-03-28 15:22:00
503630,2023-05-18 02:02:00,1001,P1014,S022,8,0.0,UPI,2023-05-18 04:28:00,2023-07-16 04:28:00
503631,2025-10-13 17:47:00,1372,P1046,S001,6,0.0,Credit Card,2025-10-13 19:19:00,2025-10-14 19:19:00
503632,2024-12-13 21:18:00,1084,P1059,S023,3,0.0,UPI,2024-12-13 23:42:00,2025-01-12 23:42:00
503633,2023-01-25 21:11:00,1454,P1121,S012,8,0.1,Wallet,2023-01-25 23:49:00,2023-03-23 23:49:00
503634,2025-08-01 21:44:00,1441,P1086,S021,4,0.2,Cash,2025-08-02 00:31:00,2025-09-13 00:31:00
503635,2024-10-20 19:55:00,1159,P1066,S025,3,0.1,Credit Card,2024-10-20 21:50:00,2024-12-06 21:50:00
503636,2025-02-24 21:43:00,1391,P1067,S022,3,0.0,debit card,2025-02-25 00:37:00,2025-04-05 00:37:00
503637,2023-06-20 12:18:00,1399,P1055,S015,5,0.0,Wallet,2023-06-20 12:46:00,2023-07-12 12:46:00
503638,2025-01-20 02:57:00,1235,P1059,S015,7,0.15,Wallet,2025-01-20 03:45:00,2025-02-04 03:45:00
503639,2026-03-20 21:38:00,1274,P1030,S024,7,0.0,Net Banking,2026-03-20 23:32:00,2026-04-13 23:32:00
503640,2024-10-17 10:31:00,1408,P1118,S010,1,0.1,Net Banking,2024-10-17 10:53:00,2024-12-07 10:53:00
503641,2024-09-02 19:46:00,1261,P1021,S009,5,0.2,Net Banking,2024-09-02 21:26:00,2024-10-05 21:26:00
503642,2023-03-13 16:03:00,1409,P1087,S017,7,0.05,Debit Card,2023-03-13 16:57:00,2023-05-04 16:57:00
503643,2023-04-03 21:22:00,1136,P1085,S001,7,0.05,Credit Card,2023-04-03 23:15:00,2023-04-19 23:15:00
503644,2024-06-13 11:48:00,1075,P1113,S024,2,0.0,UPI,2024-06-13 12:50:00,2024-07-03 12:50:00
503645,2023-07-05 22:03:00,1191,P1019,S018,5,0.15,Wallet,2023-07-06 01:02:00,2023-08-08 01:02:00
503646,2025-05-18 16:39:00,1373,P1083,S020,4,0.05,UPI,2025-05-18 19:00:00,2025-06-29 19:00:00
503647,2024-05-12 11:52:00,1061,P1129,S022,4,0.0,Wallet,2024-05-12 14:19:00,2024-06-07 14:19:00
503648,2025-07-18 23:44:00,1141,P1137,S001,1,0.05,Credit Card,2025-07-19 00:34:00,2025-08-29 00:34:00
503649,2025-05-07 08:09:00,1496,P1127,S022,3,0.0,Debit Card,2025-05-07 09:37:00,2025-06-15 09:37:00
503650,2024-11-10 09:34:00,1295,P1133,S016,2,0.2,Credit Card,2024-11-10 10:15:00,2025-01-01 10:15:00
503651,2023-05-12 09:30:00,1312,P1139,S009,8,0.1,Cash,2023-05-12 12:24:00,2023-05-28 12:24:00
503652,2023-01-11 09:11:00,1479,P1117,S004,8,0.2,Debit Card,2023-01-11 11:40:00,2023-01-26 11:40:00
503653,2025-08-29 05:05:00,1041,P1118,S006,8,0.1,Net Banking,2025-08-29 06:12:00,2025-09-25 06:12:00
503654,2023-04-08 08:22:00,1427,P1047,S014,8,0.15,Net Banking,2023-04-08 08:58:00,2023-05-17 08:58:00
503655,2025-10-28 16:41:00,1302,P1139,S017,8,0.15,Debit Card,2025-10-28 19:19:00,2025-11-26 19:19:00
503656,2024-08-23 08:21:00,1453,P1116,S025,5,0.0,Credit Card,2024-08-23 10:32:00,2024-09-08 10:32:00
503657,2024-07-22 00:07:00,1070,P1149,S023,4,0.15,UPI,2024-07-22 02:43:00,2024-09-19 02:43:00
503658,2024-11-03 19:27:00,1233,P1086,S022,2,0.2,Credit Card,2024-11-03 20:13:00,2024-12-17 20:13:00
503659,2024-05-29 12:57:00,1309,P1007,S004,3,0.1,Net Banking,2024-05-29 14:00:00,2024-07-01 14:00:00
503660,2024-08-09 09:30:00,1217,P1090,S014,2,0.0,debit card,2024-08-09 12:04:00,2024-08-24 12:04:00
503661,2025-04-18 17:51:00,1362,P1034,S023,4,0.0,Cash,2025-04-18 19:33:00,2025-04-26 19:33:00
503662,2023-02-27 21:26:00,1130,P1133,S001,6,0.05,UPI,2023-02-27 22:51:00,2023-04-07 22:51:00
503663,2025-02-14 01:08:00,1231,P1077,S008,4,0.0,Credit Card,2025-02-14 04:08:00,2025-02-22 04:08:00
503664,2025-06-20 21:11:00,1385,P1126,S003,7,0.05,Debit Card,2025-06-20 23:57:00,2025-08-04 23:57:00
503665,2024-09-02 14:55:00,1097,P1017,S004,3,0.0,Credit Card,2024-09-02 16:25:00,2024-09-28 16:25:00
503666,2026-01-18 22:00:00,1434,P1048,S018,8,0.2,UPI,2026-01-19 00:05:00,2026-02-22 00:05:00
503667,2025-03-20 13:04:00,1452,P1077,S012,6,0.2,Cash,2025-03-20 14:25:00,2025-05-03 14:25:00
503668,2025-02-10 07:22:00,1363,P1076,S003,1,0.05,Wallet,2025-02-10 09:12:00,2025-03-02 09:12:00
503669,2026-02-02 21:33:00,1072,P1020,S006,7,0.15,Net Banking,2026-02-02 22:18:00,2026-02-23 22:18:00
503670,2023-03-26 10:53:00,1200,P1135,S025,5,0.05,Net Banking,2023-03-26 13:30:00,2023-04-12 13:30:00
503671,2025-10-24 05:44:00,1230,P1010,S011,3,0.0,Credit Card,2025-10-24 08:00:00,2025-11-11 08:00:00
503672,2023-06-12 21:14:00,1418,P1139,S018,8,0.0,Wallet,2023-06-13 00:06:00,2023-06-23 00:06:00
503673,2023-12-10 06:47:00,1009,P1054,S014,7,0.2,Cash,2023-12-10 07:27:00,2024-02-06 07:27:00
503674,2024-08-23 04:50:00,1447,P1124,S018,7,0.05,Cash,2024-08-23 06:43:00,2024-10-21 06:43:00
503675,2026-01-14 22:42:00,1242,P1037,S017,8,0.15,UPI,2026-01-15 00:08:00,2026-01-26 00:08:00
503676,2024-05-13 04:00:00,1248,P1115,S018,4,0.1,Cash,2024-05-13 06:09:00,2024-07-10 06:09:00
503677,2023-06-13 23:00:00,1341,P1138,S008,4,0.1,Wallet,2023-06-14 00:44:00,2023-06-25 00:44:00
503678,2024-12-11 20:45:00,1125,P1088,S014,3,0.05,Wallet,2024-12-11 22:19:00,2025-01-10 22:19:00
503679,2023-09-22 14:31:00,1393,P1010,S002,5,0.1,Credit Card,2023-09-22 17:15:00,2023-11-06 17:15:00
503680,2024-11-26 16:22:00,1241,P1056,S002,3,0.15,credit card,2024-11-26 19:22:00,2025-01-02 19:22:00
503681,2023-09-17 05:35:00,1474,P1115,S001,5,0.05,Debit Card,2023-09-17 07:03:00,2023-11-08 07:03:00
503682,2023-03-27 23:09:00,1173,P1075,S014,4,0.2,Cash,2023-03-28 00:33:00,2023-04-18 00:33:00
503683,2025-07-27 20:02:00,1054,P1107,S016,2,0.1,NET BANKING,2025-07-27 21:17:00,2025-08-02 21:17:00
503684,2025-05-12 20:50:00,1446,P1118,S008,7,0.1,Cash,2025-05-12 22:03:00,2025-06-06 22:03:00
503685,2023-01-21 09:17:00,1475,P1068,S024,7,0.15,Wallet,2023-01-21 11:28:00,2023-03-04 11:28:00
503686,2024-04-12 06:11:00,1435,P1019,S023,3,0.1,Net Banking,2024-04-12 06:56:00,2024-05-21 06:56:00
503687,2024-11-07 11:34:00,1354,P1113,S001,1,0.15,Credit Card,2024-11-07 13:33:00,2025-01-04 13:33:00
503688,2024-05-04 21:39:00,1161,P1150,S019,5,0.05,Cash,2024-05-04 22:46:00,2024-07-03 22:46:00
503689,2024-07-16 01:31:00,1326,P1143,S020,6,0.05,UPI,2024-07-16 03:16:00,2024-07-17 03:16:00
503690,2023-06-24 04:45:00,1441,P1063,S019,1,0.0,Credit Card,2023-06-24 04:57:00,2023-07-08 04:57:00
503691,2025-10-30 15:05:00,1279,P1058,S008,6,0.15,Net Banking,2025-10-30 16:41:00,2025-11-08 16:41:00
503692,2023-04-20 10:57:00,1039,P1010,S018,1,0.0,Debit Card,2023-04-20 13:17:00,2023-06-08 13:17:00
503693,2024-03-23 06:29:00,1414,P1051,S011,7,0.15,UPI,2024-03-23 07:40:00,2024-05-15 07:40:00
503694,2023-09-22 20:41:00,1085,P1131,S025,8,0.0,Debit Card,2023-09-22 22:36:00,2023-10-23 22:36:00
503695,2025-02-19 11:38:00,1318,P1095,S015,5,0.1,Cash,2025-02-19 13:28:00,2025-04-02 13:28:00
503696,2024-11-28 18:21:00,1190,P1095,S001,6,,Wallet,2024-11-28 20:57:00,2025-01-03 20:57:00
503697,2024-05-06 22:40:00,1289,P1022,S015,2,0.1,Net Banking,2024-05-07 00:19:00,2024-05-15 00:19:00
503698,2025-01-16 09:57:00,1115,P1089,S006,6,0.05,Wallet,2025-01-16 10:16:00,2025-02-20 10:16:00
503699,2025-01-21 04:51:00,1233,P1136,S021,3,0.0,cash,2025-01-21 05:06:00,2025-03-22 05:06:00
503700,2024-10-03 03:55:00,1323,P1048,S003,5,0.1,Cash,2024-10-03 04:12:00,2024-11-11 04:12:00
503701,2024-08-27 22:18:00,1031,P1053,S002,3,0.15,Wallet,2024-08-27 23:39:00,2024-09-05 23:39:00
503702,2025-02-28 19:56:00,1104,P1007,S017,3,0.1,UPI,2025-02-28 21:03:00,2025-03-29 21:03:00
503703,2024-01-22 23:23:00,1124,P1045,S024,2,0.05,Wallet,2024-01-23 02:17:00,2024-03-17 02:17:00
503704,2024-08-05 09:00:00,1299,P1052,S025,7,0.05,Debit Card,2024-08-05 11:59:00,2024-08-16 11:59:00
503705,2023-02-15 18:16:00,1409,P1023,S018,1,0.1,Wallet,2023-02-15 18:39:00,2023-02-26 18:39:00
503706,2023-12-04 11:30:00,1299,P1146,S002,1,0.1,Cash,2023-12-04 13:56:00,2023-12-24 13:56:00
503707,2024-06-01 02:08:00,1463,P1040,S011,5,0.15,UPI,2024-06-01 04:55:00,2024-06-16 04:55:00
503708,2023-06-26 17:57:00,1489,P1030,S007,5,0.05,Debit Card,2023-06-26 20:29:00,2023-07-01 20:29:00
503709,2025-10-25 22:23:00,1104,P1055,S020,7,0.05,Cash,2025-10-26 00:24:00,2025-10-30 00:24:00
503710,2025-05-25 17:26:00,1253,P1062,S010,3,0.0,UPI,2025-05-25 17:48:00,2025-06-05 17:48:00
503711,2023-11-05 00:49:00,1045,P1053,S017,2,0.05,UPI,2023-11-05 01:31:00,2023-12-14 01:31:00
503712,2023-07-08 09:37:00,1018,P1042,S020,1,0.2,Net Banking,2023-07-08 10:55:00,2023-08-12 10:55:00
503713,2025-12-17 22:04:00,1347,P1106,S010,6,0.05,credit card,2025-12-18 00:32:00,2026-01-11 00:32:00
503714,2023-08-28 18:06:00,1445,P1010,S017,3,0.0,Wallet,2023-08-28 20:59:00,2023-10-03 20:59:00
503715,2024-03-20 06:20:00,1373,P1053,S004,8,0.05,Credit Card,2024-03-20 08:00:00,2024-04-24 08:00:00
503716,2025-06-01 20:25:00,1154,P1018,S016,2,0.0,Wallet,2025-06-01 22:30:00,2025-06-04 22:30:00
503717,2024-03-21 22:35:00,1317,P1030,S017,8,0.1,UPI,2024-03-22 00:59:00,2024-03-27 00:59:00
503718,2024-10-19 00:07:00,1106,P1041,S001,4,0.1,Debit Card,2024-10-19 01:08:00,2024-12-04 01:08:00
503719,2025-01-23 13:01:00,1132,P1133,S016,7,0.1,UPI,2025-01-23 15:07:00,2025-01-27 15:07:00
503720,2025-10-12 14:22:00,1184,P1118,S005,4,0.0,Cash,2025-10-12 17:22:00,2025-10-21 17:22:00
503721,2024-03-03 03:25:00,1101,P1128,S021,2,0.0,Wallet,2024-03-03 03:31:00,2024-04-25 03:31:00
503722,2023-04-23 10:49:00,1226,P1008,S007,7,0.05,UPI,2023-04-23 13:45:00,2023-06-10 13:45:00
503723,2025-05-19 12:55:00,1007,P1089,S020,5,0.15,Net Banking,2025-05-19 14:53:00,2025-05-20 14:53:00
503724,2025-03-23 12:43:00,1441,P1036,S025,4,0.05,Wallet,2025-03-23 15:17:00,2025-04-07 15:17:00
503725,2025-08-02 01:01:00,1381,P1082,S017,1,0.0,Net Banking,2025-08-02 03:07:00,2025-08-08 03:07:00
503726,2025-10-11 02:17:00,1287,P1108,S007,4,0.05,Credit Card,2025-10-11 05:04:00,2025-10-14 05:04:00
503727,2024-09-02 06:54:00,1386,P1104,S011,8,0.1,Debit Card,2024-09-02 07:01:00,2024-10-23 07:01:00
503728,2026-01-14 22:33:00,1320,P1044,S008,8,0.1,Net Banking,2026-01-15 00:54:00,2026-01-27 00:54:00
503729,2023-01-11 18:31:00,1269,P1084,S018,3,0.1,Net Banking,2023-01-11 19:18:00,2023-01-20 19:18:00
503730,2024-11-22 23:17:00,1446,P1029,S007,2,0.2,Cash,2024-11-23 00:48:00,2024-12-13 00:48:00
503731,2023-02-19 06:58:00,1442,P1043,S025,4,0.15,Cash,2023-02-19 08:17:00,2023-03-24 08:17:00
503732,2026-01-16 17:58:00,1364,P1126,S007,7,0.2,Wallet,2026-01-16 18:50:00,2026-02-20 18:50:00
503733,2024-01-30 04:15:00,1017,P1067,S023,4,0.15,Debit Card,2024-01-30 06:31:00,2024-01-31 06:31:00
503734,2025-06-18 11:33:00,1216,P1071,S017,7,0.15,WALLET,2025-06-18 12:52:00,2025-07-14 12:52:00
503735,2024-06-28 03:25:00,1393,P1023,S005,1,0.15,Credit Card,2024-06-28 04:24:00,2024-07-29 04:24:00
503736,2023-08-05 14:21:00,1087,P1148,S015,8,0.15,UPI,2023-08-05 15:49:00,2023-09-30 15:49:00
503737,2023-09-07 08:22:00,1003,P1132,S004,2,0.1,Debit Card,2023-09-07 10:33:00,2023-09-26 10:33:00
503738,2023-06-12 11:28:00,1058,P1080,S023,4,0.15,UPI,2023-06-12 12:13:00,2023-07-16 12:13:00
503739,2023-05-29 13:34:00,1053,P1079,S013,1,0.05,Cash,2023-05-29 15:11:00,2023-06-05 15:11:00
503740,2023-06-05 02:33:00,1205,P1006,S011,6,0.1,WALLET,2023-06-05 05:08:00,2023-06-15 05:08:00
503741,2024-07-06 12:22:00,1380,P1102,S017,4,0.15,net banking,2024-07-06 13:28:00,2024-07-17 13:28:00
503742,2024-06-07 07:31:00,1137,P1007,S007,5,0.1,Wallet,2024-06-07 09:26:00,2024-06-12 09:26:00
503743,2024-10-06 08:21:00,1346,P1106,S014,1,0.0,Credit Card,2024-10-06 10:46:00,2024-10-28 10:46:00
503744,2023-01-15 02:05:00,1330,P1036,S005,8,0.05,Credit Card,2023-01-15 04:38:00,2023-02-10 04:38:00
503745,2025-12-06 12:51:00,1465,P1069,S022,3,0.0,Wallet,2025-12-06 15:21:00,2026-01-05 15:21:00
503746,2025-06-30 23:55:00,1409,P1136,S008,6,0.0,Net Banking,2025-07-01 00:48:00,2025-07-25 00:48:00
503747,2024-10-27 21:40:00,1405,P1150,S007,5,0.0,Wallet,2024-10-27 23:35:00,2024-10-28 23:35:00
503748,2026-03-20 02:26:00,1465,P1093,S002,2,0.0,Credit Card,2026-03-20 05:20:00,2026-05-17 05:20:00
503749,2025-04-23 22:50:00,1457,P1005,S008,5,0.2,Wallet,2025-04-23 23:56:00,2025-06-16 23:56:00
503750,2024-05-30 17:17:00,1382,P1122,S015,1,0.0,Wallet,2024-05-30 18:05:00,2024-07-24 18:05:00
503751,2025-05-10 05:51:00,1293,P1085,S023,6,,Debit Card,2025-05-10 07:55:00,2025-07-08 07:55:00
503752,2024-01-07 19:22:00,1314,P1100,S014,6,0.1,Credit Card,2024-01-07 20:27:00,2024-01-25 20:27:00
503753,2023-06-23 23:48:00,1432,P1091,S014,3,0.15,Debit Card,2023-06-24 02:46:00,2023-07-24 02:46:00
503754,2023-12-12 16:00:00,1213,P1018,S021,8,0.05,Debit Card,2023-12-12 16:03:00,2023-12-19 16:03:00
503755,2024-09-18 14:37:00,1146,P1082,S019,3,0.05,Debit Card,2024-09-18 17:26:00,2024-11-07 17:26:00
503756,2023-08-29 13:45:00,1117,P1042,S014,5,0.2,Net Banking,2023-08-29 14:39:00,2023-10-03 14:39:00
503757,2025-09-23 22:05:00,1437,P1012,S002,2,0.15,UPI,2025-09-24 01:00:00,2025-11-06 01:00:00
503758,2025-08-10 17:06:00,1365,P1073,S021,6,0.15,Cash,2025-08-10 17:38:00,2025-09-22 17:38:00
503759,2023-06-03 23:47:00,1439,P1070,S025,5,0.2,Debit Card,2023-06-04 00:48:00,2023-06-06 00:48:00
503760,2023-07-04 22:58:00,1321,P1063,S011,6,0.05,Net Banking,2023-07-05 00:11:00,2023-07-16 00:11:00
503761,2024-02-18 20:13:00,1346,P1137,S016,6,0.15,Wallet,2024-02-18 22:16:00,2024-02-28 22:16:00
503762,2025-10-04 18:35:00,1107,P1013,S005,7,0.1,CASH,2025-10-04 19:06:00,2025-11-15 19:06:00
503763,2024-07-14 20:29:00,1424,P1022,S011,3,0.0,Net Banking,2024-07-14 22:29:00,2024-07-20 22:29:00
503764,2025-08-17 01:43:00,1305,P1072,S003,1,0.15,Wallet,2025-08-17 03:56:00,2025-10-06 03:56:00
503765,2026-03-27 03:07:00,1039,P1077,S013,5,0.1,Cash,2026-03-27 04:53:00,2026-04-03 04:53:00
503766,2023-06-17 03:37:00,1031,P1148,S015,6,0.1,Credit Card,2023-06-17 05:46:00,2023-07-02 05:46:00
503767,2024-09-10 15:13:00,1470,P1140,S021,6,0.05,Credit Card,2024-09-10 18:04:00,2024-10-13 18:04:00
503768,2025-10-14 23:42:00,1287,P1127,S015,1,0.0,cash,2025-10-15 01:45:00,2025-11-02 01:45:00
503769,2026-02-21 17:56:00,1076,P1088,S008,3,0.1,UPI,2026-02-21 18:26:00,2026-04-02 18:26:00
503770,2023-11-18 02:48:00,1395,P1143,S001,3,0.05,Cash,2023-11-18 05:34:00,2024-01-03 05:34:00
503771,2025-09-16 18:37:00,1210,P1104,S014,1,0.05,Net Banking,2025-09-16 18:52:00,2025-10-25 18:52:00
503772,2025-05-31 11:58:00,1111,P1147,S021,6,0.15,UPI,2025-05-31 12:50:00,2025-07-05 12:50:00
503773,2025-04-19 09:25:00,1069,P1028,S025,1,0.0,Credit Card,2025-04-19 12:16:00,2025-05-22 12:16:00
503774,2025-08-25 00:53:00,1011,P1115,S002,4,0.15,Net Banking,2025-08-25 03:24:00,2025-10-17 03:24:00
503775,2023-05-05 16:40:00,1376,P1107,S023,7,0.2,Credit Card,2023-05-05 18:51:00,2023-06-22 18:51:00
503776,2023-12-03 01:31:00,1293,P1132,S008,5,0.2,Debit Card,2023-12-03 04:31:00,2023-12-05 04:31:00
503777,2023-11-13 21:44:00,1252,P1078,S018,8,0.15,Wallet,2023-11-14 00:41:00,2023-12-11 00:41:00
503778,2023-12-27 19:26:00,1437,P1122,S010,5,0.1,Cash,2023-12-27 20:54:00,2023-12-30 20:54:00
503779,2024-10-10 14:08:00,1203,P1093,S022,5,0.0,Net Banking,2024-10-10 15:57:00,2024-11-09 15:57:00
503780,2025-11-10 05:32:00,1301,P1070,S016,8,0.2,Debit Card,2025-11-10 05:58:00,2025-12-08 05:58:00
503781,2023-01-08 01:12:00,1392,P1034,S025,3,0.0,Credit Card,2023-01-08 02:30:00,2023-01-29 02:30:00
503782,2025-06-14 05:25:00,1030,P1056,S005,7,0.1,Debit Card,2025-06-14 08:01:00,2025-06-28 08:01:00
503783,2023-12-18 11:28:00,1006,P1009,S015,5,0.0,Wallet,2023-12-18 12:25:00,2024-01-02 12:25:00
503784,2025-02-19 07:21:00,1264,P1088,S005,3,0.1,Cash,2025-02-19 07:43:00,2025-03-18 07:43:00
503785,2025-03-29 23:30:00,1065,P1088,S023,4,0.15,Wallet,2025-03-30 01:04:00,2025-04-06 01:04:00
503786,2026-03-23 18:01:00,1409,P1092,S007,7,0.15,Net Banking,2026-03-23 18:16:00,2026-05-08 18:16:00
503787,2024-03-03 06:08:00,1119,P1056,S009,3,0.05,Net Banking,2024-03-03 08:14:00,2024-03-30 08:14:00
503788,2024-12-27 22:25:00,1485,P1134,S008,8,0.05,Credit Card,2024-12-27 23:05:00,2025-02-14 23:05:00
503789,2025-10-15 21:11:00,1385,P1149,S007,2,0.0,Credit Card,2025-10-15 21:58:00,2025-11-05 21:58:00
503790,2024-04-14 22:30:00,1454,P1014,S001,5,0.05,Wallet,2024-04-15 01:28:00,2024-05-30 01:28:00
503791,2024-03-01 08:59:00,1381,P1115,S001,5,0.05,Credit Card,2024-03-01 09:07:00,2024-03-14 09:07:00
503792,2024-04-22 06:43:00,1321,P1138,S017,4,0.2,Debit Card,2024-04-22 07:14:00,2024-06-01 07:14:00
503793,2025-01-21 12:40:00,1185,P1125,S018,1,0.1,Cash,2025-01-21 13:01:00,2025-01-29 13:01:00
503794,2024-03-24 14:06:00,1411,P1096,S025,2,0.15,Cash,2024-03-24 16:37:00,2024-04-26 16:37:00
503795,2026-03-16 21:24:00,1458,P1099,S010,6,0.1,Debit Card,2026-03-16 23:42:00,2026-03-17 23:42:00
503796,2024-09-11 23:53:00,1050,P1095,S016,4,0.15,Net Banking,2024-09-12 02:49:00,2024-09-21 02:49:00
503797,2023-11-19 13:18:00,1106,P1038,S021,8,0.05,Wallet,2023-11-19 13:25:00,2023-12-09 13:25:00
503798,2025-05-27 16:33:00,1105,P1068,S024,3,0.2,Net Banking,2025-05-27 18:05:00,2025-07-05 18:05:00
503799,2024-03-13 20:51:00,1114,P1117,S020,8,0.2,Credit Card,2024-03-13 23:17:00,2024-03-15 23:17:00
503800,2024-03-08 02:44:00,1122,P1043,S004,6,0.2,Wallet,2024-03-08 04:19:00,2024-03-09 04:19:00
503801,2025-05-11 11:51:00,1042,P1008,S005,6,0.0,Cash,2025-05-11 13:23:00,2025-06-29 13:23:00
503802,2025-06-11 13:56:00,1208,P1010,S013,8,0.05,Debit Card,2025-06-11 16:42:00,2025-07-14 16:42:00
503803,2025-10-09 13:30:00,1153,P1146,S019,7,0.05,Credit Card,2025-10-09 13:53:00,2025-12-03 13:53:00
503804,2026-02-19 18:22:00,1456,P1001,S008,6,0.05,Debit Card,2026-02-19 20:59:00,2026-02-24 20:59:00
503805,2023-10-28 15:24:00,1053,P1084,S012,7,0.05,Wallet,2023-10-28 16:07:00,2023-11-06 16:07:00
503806,2025-06-23 09:13:00,1213,P1059,S020,5,0.2,Debit Card,2025-06-23 11:39:00,2025-08-05 11:39:00
503807,2024-08-14 00:12:00,1179,P1083,S024,5,0.15,Debit Card,2024-08-14 02:34:00,2024-09-19 02:34:00
503808,2025-06-10 21:41:00,1039,P1121,S002,8,0.05,UPI,2025-06-10 23:15:00,2025-06-22 23:15:00
503809,2023-04-20 04:47:00,1340,P1038,S024,8,0.05,Cash,2023-04-20 05:10:00,2023-04-21 05:10:00
503810,2025-02-09 07:43:00,1377,P1100,S022,8,0.05,Wallet,2025-02-09 08:25:00,2025-03-03 08:25:00
503811,2024-01-16 05:46:00,1471,P1130,S015,5,0.2,Credit Card,2024-01-16 06:38:00,2024-02-03 06:38:00
503812,2023-05-14 13:42:00,1409,P1025,S019,2,0.0,Net Banking,2023-05-14 15:22:00,2023-05-14 15:22:00
503813,2023-01-22 09:35:00,1203,P1006,S024,8,0.05,Wallet,2023-01-22 11:47:00,2023-02-18 11:47:00
503814,2023-11-12 13:19:00,1387,P1115,S025,4,0.15,Net Banking,2023-11-12 14:36:00,2024-01-10 14:36:00
503815,2025-01-01 19:23:00,1144,P1024,S016,7,0.0,Net Banking,2025-01-01 22:04:00,2025-03-02 22:04:00
503816,2023-02-17 19:12:00,1471,P1107,S010,6,0.2,UPI,2023-02-17 21:18:00,2023-02-23 21:18:00
503817,2023-01-30 09:22:00,1127,P1070,S014,7,0.2,Debit Card,2023-01-30 11:27:00,2023-03-23 11:27:00
503818,2024-06-06 15:50:00,1492,P1060,S018,8,0.2,UPI,2024-06-06 16:44:00,2024-07-20 16:44:00
503819,2024-10-28 04:32:00,1338,P1085,S013,7,0.1,UPI,2024-10-28 06:58:00,2024-10-29 06:58:00
503820,2026-02-06 06:28:00,1458,P1078,S024,8,0.15,UPI,2026-02-06 08:46:00,2026-03-29 08:46:00
503821,2025-12-18 17:32:00,1141,P1063,S009,6,0.0,Net Banking,2025-12-18 18:32:00,2026-01-15 18:32:00
503822,2025-04-05 16:20:00,1258,P1011,S013,3,0.1,UPI,2025-04-05 18:58:00,2025-04-18 18:58:00
503823,2023-11-03 07:02:00,1293,P1100,S009,7,0.2,Wallet,2023-11-03 09:12:00,2023-12-28 09:12:00
503824,2023-12-05 08:59:00,1397,P1060,S012,5,0.2,Cash,2023-12-05 09:55:00,2023-12-24 09:55:00
503825,2024-11-06 05:07:00,1053,P1092,S013,1,0.05,Net Banking,2024-11-06 05:54:00,2024-12-28 05:54:00
503826,2025-07-14 02:00:00,1024,P1054,S011,5,0.15,Net Banking,2025-07-14 04:13:00,2025-08-17 04:13:00
503827,2024-08-18 12:27:00,1154,P1016,S007,8,0.15,Debit Card,2024-08-18 12:27:00,2024-10-14 12:27:00
503828,2025-06-22 08:29:00,1468,P1150,S004,2,0.15,UPI,2025-06-22 10:19:00,2025-08-08 10:19:00
503829,2024-01-17 05:07:00,1387,P1061,S024,7,0.1,Debit Card,2024-01-17 06:33:00,2024-01-19 06:33:00
503830,2026-02-02 13:45:00,1475,P1018,S021,1,0.0,Debit Card,2026-02-02 15:53:00,2026-03-19 15:53:00
503831,2023-09-09 10:33:00,1111,P1056,S012,3,0.2,Cash,2023-09-09 13:07:00,2023-09-23 13:07:00
503832,2025-04-01 00:06:00,1161,P1081,S024,1,0.0,Credit Card,2025-04-01 01:03:00,2025-05-03 01:03:00
503833,2024-11-24 15:12:00,1055,P1008,S003,3,0.1,Debit Card,2024-11-24 17:24:00,2024-11-24 17:24:00
503834,2025-08-11 03:34:00,1192,P1144,S002,7,0.0,Net Banking,2025-08-11 03:57:00,2025-10-08 03:57:00
503835,2024-08-27 19:36:00,1098,P1103,S021,6,0.0,Debit Card,2024-08-27 22:04:00,2024-09-03 22:04:00
503836,2024-11-19 03:36:00,1417,P1057,S019,7,0.2,Cash,2024-11-19 04:00:00,2024-12-31 04:00:00
503837,2023-06-16 16:27:00,1040,P1124,S001,1,0.1,Net Banking,2023-06-16 19:16:00,2023-07-17 19:16:00
503838,2023-10-30 19:54:00,1084,P1143,S023,6,0.0,Cash,2023-10-30 20:46:00,2023-12-14 20:46:00
503839,2023-07-27 19:27:00,1493,P1057,S007,3,0.0,Credit Card,2023-07-27 19:48:00,2023-08-05 19:48:00
503840,2024-07-26 18:22:00,1022,P1145,S025,5,0.0,Wallet,2024-07-26 19:03:00,2024-08-03 19:03:00
503841,2023-04-17 06:30:00,1480,P1121,S016,6,0.2,Net Banking,2023-04-17 09:23:00,2023-04-21 09:23:00
503842,2024-12-15 12:09:00,1277,P1002,S013,7,0.0,UPI,2024-12-15 14:03:00,2024-12-31 14:03:00
503843,2024-01-07 13:50:00,1017,P1059,S002,7,0.2,Debit Card,2024-01-07 14:23:00,2024-02-22 14:23:00
503844,2023-05-31 13:20:00,1048,P1044,S004,2,0.2,Cash,2023-05-31 15:25:00,2023-07-13 15:25:00
503845,2023-04-09 20:04:00,1461,P1032,S022,3,,Wallet,2023-04-09 22:22:00,2023-04-14 22:22:00
503846,2024-03-29 06:03:00,1183,P1150,S024,8,0.2,Wallet,2024-03-29 06:49:00,2024-04-18 06:49:00
503847,2023-10-05 01:27:00,1059,P1073,S022,6,0.2,Cash,2023-10-05 02:05:00,2023-10-19 02:05:00
503848,2026-02-10 21:44:00,1310,P1027,S001,7,0.0,Net Banking,2026-02-10 23:53:00,2026-03-26 23:53:00
503849,2025-04-08 17:03:00,1016,P1089,S006,2,0.0,Credit Card,2025-04-08 18:16:00,2025-04-30 18:16:00
503850,2023-04-11 06:50:00,1266,P1032,S013,5,0.0,Wallet,2023-04-11 08:38:00,2023-04-11 08:38:00
503851,2026-02-14 00:16:00,1408,P1105,S002,2,0.2,cash,2026-02-14 01:21:00,2026-04-02 01:21:00
503852,2023-07-29 08:02:00,1121,P1070,S014,6,0.1,Debit Card,2023-07-29 10:23:00,2023-09-20 10:23:00
503853,2026-03-05 11:01:00,1303,P1086,S017,1,0.15,Credit Card,2026-03-05 12:44:00,2026-03-05 12:44:00
503854,2025-07-24 08:21:00,1305,P1143,S008,6,0.2,Wallet,2025-07-24 10:02:00,2025-08-20 10:02:00
503855,2023-03-25 15:16:00,1141,P1021,S010,3,0.2,Wallet,2023-03-25 15:52:00,2023-05-02 15:52:00
503856,2023-02-02 09:39:00,1477,P1114,S014,3,0.1,Credit Card,2023-02-02 11:10:00,2023-03-03 11:10:00
503857,2025-12-28 09:29:00,1200,P1022,S020,6,0.05,upi,2025-12-28 11:12:00,2026-02-14 11:12:00
503858,2023-07-16 12:54:00,1072,P1135,S021,7,0.0,Cash,2023-07-16 14:07:00,2023-08-16 14:07:00
503859,2024-08-24 21:45:00,1266,P1082,S019,1,0.05,Wallet,2024-08-24 23:21:00,2024-10-19 23:21:00
503860,2025-03-04 04:38:00,1044,P1031,S025,7,0.15,Credit Card,2025-03-04 06:32:00,2025-03-28 06:32:00
503861,2026-01-11 12:27:00,1098,P1079,S020,3,0.1,Cash,2026-01-11 12:29:00,2026-03-01 12:29:00
503862,2026-01-28 19:58:00,1346,P1106,S016,1,0.0,Cash,2026-01-28 22:39:00,2026-03-19 22:39:00
503863,2025-01-26 12:10:00,1252,P1076,S002,3,0.0,Debit Card,2025-01-26 14:17:00,2025-03-14 14:17:00
503864,2025-10-15 04:13:00,1481,P1038,S011,3,0.1,Credit Card,2025-10-15 04:35:00,2025-11-29 04:35:00
503865,2024-02-20 10:09:00,1381,P1100,S002,1,0.2,Debit Card,2024-02-20 11:36:00,2024-04-12 11:36:00
503866,2025-12-06 19:19:00,1450,P1017,S015,3,0.0,Debit Card,2025-12-06 21:52:00,2025-12-30 21:52:00
503867,2023-04-26 10:49:00,1321,P1093,S024,4,0.1,Credit Card,2023-04-26 11:27:00,2023-04-26 11:27:00
503868,2023-06-29 06:46:00,1140,P1096,S014,1,0.1,Net Banking,2023-06-29 07:16:00,2023-07-31 07:16:00
503869,2024-04-15 09:42:00,1077,P1033,S024,2,0.0,Net Banking,2024-04-15 10:20:00,2024-04-30 10:20:00
503870,2023-06-24 04:58:00,1470,P1067,S024,4,0.0,Debit Card,2023-06-24 07:26:00,2023-07-11 07:26:00
503871,2023-06-03 08:55:00,1463,P1138,S016,4,0.1,Wallet,2023-06-03 09:02:00,2023-07-24 09:02:00
503872,2024-02-08 21:53:00,1449,P1124,S019,3,0.1,UPI,2024-02-09 00:35:00,2024-03-09 00:35:00
503873,2023-11-01 03:59:00,1477,P1136,S005,4,0.0,Credit Card,2023-11-01 04:28:00,2023-11-28 04:28:00
503874,2025-10-04 19:36:00,1382,P1133,S003,2,0.0,UPI,2025-10-04 22:30:00,2025-11-30 22:30:00
503875,2026-03-06 12:09:00,1499,P1105,S012,8,0.2,Net Banking,2026-03-06 13:28:00,2026-03-16 13:28:00
503876,2025-06-10 06:43:00,1259,P1122,S015,5,0.1,Credit Card,2025-06-10 08:08:00,2025-07-03 08:08:00
503877,2025-05-04 06:49:00,1258,P1134,S018,3,0.05,Wallet,2025-05-04 09:48:00,2025-05-23 09:48:00
503878,2025-10-08 20:09:00,1152,P1048,S005,6,0.05,Debit Card,2025-10-08 21:29:00,2025-10-27 21:29:00
503879,2023-08-28 02:57:00,1348,P1143,S025,3,0.2,UPI,2023-08-28 04:56:00,2023-09-30 04:56:00
503880,2024-11-09 01:15:00,1188,P1059,S018,3,0.2,Cash,2024-11-09 02:19:00,2024-11-30 02:19:00
503881,2023-11-22 00:16:00,1243,P1112,S013,7,0.0,Net Banking,2023-11-22 02:08:00,2023-12-17 02:08:00
503882,2023-09-21 17:34:00,1165,P1129,S015,2,0.05,UPI,2023-09-21 19:40:00,2023-10-10 19:40:00
503883,2025-08-25 10:13:00,1432,P1056,S023,7,0.2,Debit Card,2025-08-25 10:31:00,2025-10-07 10:31:00
503884,2024-01-24 03:23:00,1066,P1025,S022,1,0.15,Debit Card,2024-01-24 03:57:00,2024-02-18 03:57:00
503885,2023-06-18 08:50:00,1002,P1032,S001,7,0.0,Debit Card,2023-06-18 09:57:00,2023-07-02 09:57:00
503886,2024-08-09 11:09:00,1445,P1098,S010,6,0.15,Debit Card,2024-08-09 13:40:00,2024-09-28 13:40:00
503887,2024-07-09 06:13:00,1408,P1123,S004,2,0.1,Credit Card,2024-07-09 06:30:00,2024-08-16 06:30:00
503888,2024-04-10 07:56:00,1298,P1116,S006,7,0.2,Cash,2024-04-10 09:06:00,2024-05-30 09:06:00
503889,2023-02-28 02:01:00,1106,P1078,S008,5,0.1,Net Banking,2023-02-28 02:12:00,2023-04-16 02:12:00
503890,2025-10-13 11:47:00,1183,P1142,S023,7,0.0,Wallet,2025-10-13 14:05:00,2025-11-26 14:05:00
503891,2025-12-22 16:32:00,1478,P1122,S017,7,0.0,WALLET,2025-12-22 16:55:00,2026-02-13 16:55:00
503892,2023-09-25 03:23:00,1079,P1128,S020,5,0.05,Cash,2023-09-25 05:49:00,2023-11-01 05:49:00
503893,2025-06-14 07:32:00,1463,P1074,S019,1,0.05,Credit Card,2025-06-14 08:04:00,2025-07-15 08:04:00
503894,2023-08-29 05:10:00,1446,P1083,S009,1,0.15,upi,2023-08-29 05:57:00,2023-09-12 05:57:00
503895,2024-08-16 14:13:00,1160,P1135,S007,7,0.2,Cash,2024-08-16 17:08:00,2024-08-23 17:08:00
503896,2024-09-26 14:30:00,1004,P1118,S001,4,0.15,Cash,2024-09-26 16:37:00,2024-10-12 16:37:00
503897,2025-04-21 11:25:00,1345,P1116,S013,3,0.05,Net Banking,2025-04-21 11:28:00,2025-04-21 11:28:00
503898,2023-11-13 03:55:00,1352,P1138,S005,2,0.2,Credit Card,2023-11-13 04:41:00,2024-01-02 04:41:00
503899,2025-10-28 13:55:00,1247,P1143,S009,8,0.05,Cash,2025-10-28 16:12:00,2025-11-07 16:12:00
503900,2024-06-19 22:50:00,1106,P1051,S001,5,0.1,Wallet,2024-06-19 23:45:00,2024-07-27 23:45:00
503901,2025-06-01 18:10:00,1019,P1103,S013,7,0.0,Debit Card,2025-06-01 20:59:00,2025-07-19 20:59:00
503902,2026-01-17 11:14:00,1104,P1065,S021,5,0.05,Debit Card,2026-01-17 11:38:00,2026-01-28 11:38:00
503903,2025-12-03 23:17:00,1288,P1024,S004,5,0.15,Debit Card,2025-12-04 01:45:00,2026-01-29 01:45:00
503904,2023-07-20 04:16:00,1015,P1100,S024,4,0.15,Net Banking,2023-07-20 05:02:00,2023-07-27 05:02:00
503905,2023-06-30 15:48:00,1287,P1058,S013,5,0.2,UPI,2023-06-30 15:52:00,2023-07-19 15:52:00
503906,2023-06-20 22:26:00,1180,P1093,S024,6,0.2,Debit Card,2023-06-20 23:52:00,2023-07-27 23:52:00
503907,2023-12-08 02:39:00,1294,P1051,S004,4,0.15,Credit Card,2023-12-08 03:42:00,2024-01-08 03:42:00
503908,2025-03-17 10:36:00,1251,P1103,S015,7,0.2,Cash,2025-03-17 12:43:00,2025-03-28 12:43:00
503909,2025-09-02 15:23:00,1185,P1144,S014,2,0.05,Debit Card,2025-09-02 17:48:00,2025-09-15 17:48:00
503910,2023-07-02 15:16:00,1300,P1089,S008,1,0.2,Wallet,2023-07-02 17:48:00,2023-07-06 17:48:00
503911,2026-01-19 09:11:00,1252,P1034,S007,4,0.2,net banking,2026-01-19 11:01:00,2026-03-10 11:01:00
503912,2023-01-27 21:51:00,1208,P1030,S012,1,0.0,UPI,2023-01-27 23:56:00,2023-03-22 23:56:00
503913,2023-06-03 02:14:00,1172,P1079,S017,1,0.1,Debit Card,2023-06-03 04:50:00,2023-06-09 04:50:00
503914,2024-01-11 23:12:00,1256,P1041,S025,2,0.1,Net Banking,2024-01-12 00:57:00,2024-01-28 00:57:00
503915,2023-01-27 02:00:00,1202,P1025,S013,5,0.15,Wallet,2023-01-27 04:14:00,2023-03-28 04:14:00
503916,2023-02-07 09:53:00,1338,P1147,S003,6,0.15,Credit Card,2023-02-07 12:33:00,2023-03-30 12:33:00
503917,2025-12-22 21:59:00,1233,P1147,S013,8,0.05,Cash,2025-12-22 22:05:00,2026-01-15 22:05:00
503918,2025-07-14 05:02:00,1202,P1031,S002,3,0.05,Cash,2025-07-14 07:31:00,2025-08-26 07:31:00
503919,2024-01-07 13:19:00,1089,P1015,S012,7,0.2,Net Banking,2024-01-07 14:16:00,2024-02-19 14:16:00
503920,2025-06-17 05:57:00,1186,P1121,S004,6,0.1,Wallet,2025-06-17 07:05:00,2025-08-14 07:05:00
503921,2025-06-28 19:12:00,1449,P1126,S015,1,0.0,UPI,2025-06-28 19:52:00,2025-08-16 19:52:00
503922,2024-11-18 09:43:00,1427,P1120,S022,8,0.05,Wallet,2024-11-18 12:21:00,2024-11-24 12:21:00
503923,2024-01-10 23:53:00,1419,P1109,S017,6,0.15,Net Banking,2024-01-11 01:38:00,2024-01-11 01:38:00
503924,2026-02-04 22:34:00,1282,P1108,S025,2,0.0,Net Banking,2026-02-05 01:18:00,2026-03-20 01:18:00
503925,2024-12-03 21:38:00,1483,P1089,S017,7,0.15,Net Banking,2024-12-03 23:39:00,2024-12-15 23:39:00
503926,2024-08-23 06:44:00,1211,P1071,S009,8,0.0,Credit Card,2024-08-23 07:33:00,2024-10-16 07:33:00
503927,2025-02-22 06:09:00,1430,P1127,S022,7,0.1,Net Banking,2025-02-22 08:14:00,2025-03-19 08:14:00
503928,2025-03-17 08:47:00,1228,P1100,S013,5,0.2,Wallet,2025-03-17 10:12:00,2025-04-19 10:12:00
503929,2024-06-26 14:47:00,1182,P1062,S009,8,0.1,Debit Card,2024-06-26 15:07:00,2024-07-18 15:07:00
503930,2023-03-15 22:40:00,1013,P1094,S008,8,0.15,Credit Card,2023-03-15 23:13:00,2023-03-31 23:13:00
503931,2023-01-12 17:46:00,1426,P1135,S020,7,0.1,Credit Card,2023-01-12 18:55:00,2023-02-24 18:55:00
503932,2024-06-13 10:56:00,1226,P1090,S009,1,0.15,Net Banking,2024-06-13 11:02:00,2024-06-28 11:02:00
503933,2023-01-15 11:14:00,1102,P1137,S012,7,0.2,Credit Card,2023-01-15 13:30:00,2023-01-28 13:30:00
503934,2024-01-18 23:38:00,1209,P1098,S010,1,0.1,UPI,2024-01-19 00:08:00,2024-02-03 00:08:00
503935,2025-08-30 07:29:00,1496,P1071,S003,6,0.0,Wallet,2025-08-30 08:22:00,2025-09-02 08:22:00
503936,2025-03-02 06:11:00,1430,P1008,S011,2,0.0,Wallet,2025-03-02 09:11:00,2025-03-18 09:11:00
503937,2023-10-17 13:23:00,1446,P1137,S015,7,0.05,Credit Card,2023-10-17 15:35:00,2023-10-31 15:35:00
503938,2024-08-19 12:29:00,1219,P1069,S023,7,0.15,Wallet,2024-08-19 13:40:00,2024-09-29 13:40:00
503939,2023-03-18 07:13:00,1249,P1051,S019,8,0.1,UPI,2023-03-18 07:47:00,2023-05-14 07:47:00
503940,2024-11-18 19:09:00,1489,P1148,S010,2,0.0,UPI,2024-11-18 19:22:00,2025-01-02 19:22:00
503941,2023-02-13 05:40:00,1023,P1124,S018,2,0.2,debit card,2023-02-13 07:45:00,2023-03-12 07:45:00
503942,2023-08-24 12:19:00,1304,P1119,S016,8,0.05,Net Banking,2023-08-24 14:31:00,2023-09-09 14:31:00
503943,2024-02-07 07:55:00,1045,P1068,S009,4,0.1,Cash,2024-02-07 08:00:00,2024-03-05 08:00:00
503944,2025-01-30 08:45:00,1303,P1054,S011,1,0.1,Wallet,2025-01-30 10:46:00,2025-03-04 10:46:00
503945,2024-01-11 13:02:00,1240,P1008,S024,7,,Cash,2024-01-11 13:49:00,2024-02-28 13:49:00
503946,2024-11-15 13:48:00,1247,P1022,S021,2,0.05,Net Banking,2024-11-15 15:48:00,2024-11-18 15:48:00
503947,2024-01-09 07:56:00,1049,P1056,S019,2,0.05,Credit Card,2024-01-09 09:38:00,2024-03-08 09:38:00
503948,2025-10-04 14:16:00,1331,P1134,S010,2,0.05,Credit Card,2025-10-04 15:49:00,2025-11-11 15:49:00
503949,2025-10-17 13:59:00,1005,P1086,S023,1,0.15,Net Banking,2025-10-17 16:07:00,2025-11-14 16:07:00
503950,2023-05-16 01:40:00,1329,P1094,S004,1,0.15,Debit Card,2023-05-16 03:23:00,2023-07-09 03:23:00
503951,2023-03-25 15:02:00,1105,P1138,S022,5,0.15,Net Banking,2023-03-25 16:58:00,2023-04-27 16:58:00
503952,2024-07-04 16:12:00,1131,P1133,S025,6,0.15,Credit Card,2024-07-04 16:14:00,2024-07-18 16:14:00
503953,2025-06-05 10:42:00,1348,P1002,S010,5,0.2,Credit Card,2025-06-05 11:54:00,2025-07-19 11:54:00
503954,2025-09-08 05:32:00,1006,P1049,S004,8,0.2,Net Banking,2025-09-08 05:46:00,2025-10-17 05:46:00
503955,2024-05-16 21:50:00,1132,P1063,S024,2,0.15,Cash,2024-05-16 23:29:00,2024-07-06 23:29:00
503956,2025-11-29 10:47:00,1425,P1069,S009,5,,Net Banking,2025-11-29 13:26:00,2025-12-31 13:26:00
503957,2026-02-24 21:36:00,1301,P1056,S001,4,0.05,Wallet,2026-02-24 22:56:00,2026-04-12 22:56:00
503958,2023-03-10 14:40:00,1003,P1088,S005,7,0.2,Net Banking,2023-03-10 16:15:00,2023-04-06 16:15:00
503959,2023-04-21 03:47:00,1106,P1010,S005,7,0.15,Credit Card,2023-04-21 05:19:00,2023-05-01 05:19:00
503960,2024-03-24 00:38:00,1126,P1092,S013,6,0.1,UPI,2024-03-24 01:20:00,2024-05-21 01:20:00
503961,2024-05-16 00:28:00,1304,P1031,S012,5,0.0,Credit Card,2024-05-16 03:00:00,2024-06-26 03:00:00
503962,2025-08-06 06:59:00,1061,P1038,S021,6,0.05,UPI,2025-08-06 07:40:00,2025-08-07 07:40:00
503963,2026-02-17 10:00:00,1066,P1052,S003,3,0.0,Wallet,2026-02-17 10:05:00,2026-03-07 10:05:00
503964,2025-02-26 16:08:00,1271,P1032,S023,1,0.2,Credit Card,2025-02-26 16:22:00,2025-03-17 16:22:00
503965,2023-04-25 11:19:00,1363,P1115,S007,6,0.15,Cash,2023-04-25 13:34:00,2023-05-13 13:34:00
503966,2025-07-04 06:37:00,1384,P1039,S009,6,0.1,Credit Card,2025-07-04 08:51:00,2025-09-02 08:51:00
503967,2025-12-13 03:23:00,1081,P1125,S005,4,0.2,Credit Card,2025-12-13 03:44:00,2026-01-16 03:44:00
503968,2025-06-13 08:54:00,1182,P1026,S017,6,0.05,Debit Card,2025-06-13 09:27:00,2025-07-20 09:27:00
503969,2025-01-17 20:29:00,1397,P1136,S017,2,0.1,Debit Card,2025-01-17 23:24:00,2025-02-12 23:24:00
503970,2023-03-26 07:03:00,1295,P1109,S024,6,0.1,Debit Card,2023-03-26 09:14:00,2023-04-02 09:14:00
503971,2025-10-24 14:24:00,1410,P1087,S001,5,0.2,Net Banking,2025-10-24 14:50:00,2025-12-06 14:50:00
503972,2024-07-30 18:47:00,1366,P1084,S024,1,0.2,Net Banking,2024-07-30 19:16:00,2024-09-24 19:16:00
503973,2023-10-06 20:16:00,1365,P1075,S002,4,0.1,UPI,2023-10-06 21:29:00,2023-11-01 21:29:00
503974,2025-06-27 13:38:00,1402,P1091,S020,4,0.1,Debit Card,2025-06-27 15:10:00,2025-07-19 15:10:00
503975,2025-11-07 16:04:00,1388,P1035,S022,3,0.15,Cash,2025-11-07 16:19:00,2025-12-09 16:19:00
503976,2024-11-06 09:28:00,1255,P1127,S009,6,0.2,Credit Card,2024-11-06 11:23:00,2024-12-16 11:23:00
503977,2025-01-27 09:56:00,1112,P1132,S015,3,0.1,Wallet,2025-01-27 10:26:00,2025-02-04 10:26:00
503978,2024-05-23 15:38:00,1020,P1005,S016,1,0.1,Debit Card,2024-05-23 17:38:00,2024-07-01 17:38:00
503979,2025-01-15 19:18:00,1159,P1146,S023,7,0.15,Debit Card,2025-01-15 21:38:00,2025-03-09 21:38:00
503980,2023-08-05 13:27:00,1348,P1145,S011,7,0.15,UPI,2023-08-05 14:00:00,2023-08-17 14:00:00
503981,2023-11-12 10:23:00,1176,P1008,S006,8,0.15,Cash,2023-11-12 12:53:00,2023-11-26 12:53:00
503982,2024-06-23 19:46:00,1155,P1032,S005,3,0.15,Credit Card,2024-06-23 19:51:00,2024-07-17 19:51:00
503983,2025-09-15 12:23:00,1033,P1073,S012,2,0.05,Debit Card,2025-09-15 13:13:00,2025-11-05 13:13:00
503984,2023-07-31 15:58:00,1026,P1015,S011,5,0.1,Debit Card,2023-07-31 18:41:00,2023-09-21 18:41:00
503985,2026-02-12 07:50:00,1183,P1087,S012,7,0.05,UPI,2026-02-12 09:04:00,2026-03-06 09:04:00
503986,2025-05-18 17:42:00,1191,P1124,S023,7,0.15,Net Banking,2025-05-18 18:36:00,2025-05-31 18:36:00
503987,2023-04-21 17:52:00,1389,P1002,S010,2,0.0,Net Banking,2023-04-21 20:28:00,2023-05-13 20:28:00
503988,2025-05-04 22:03:00,1041,P1122,S003,6,0.1,Wallet,2025-05-04 23:18:00,2025-05-16 23:18:00
503989,2025-08-23 17:20:00,1321,P1149,S015,4,0.05,Cash,2025-08-23 18:00:00,2025-08-28 18:00:00
503990,2026-02-12 12:56:00,1481,P1063,S003,7,0.0,Net Banking,2026-02-12 13:07:00,2026-04-02 13:07:00
503991,2026-03-25 16:32:00,1331,P1007,S003,1,0.1,Debit Card,2026-03-25 18:51:00,2026-04-16 18:51:00
503992,2026-02-04 06:38:00,1056,P1095,S007,3,0.0,Credit Card,2026-02-04 06:58:00,2026-02-09 06:58:00
503993,2025-04-11 09:03:00,1363,P1049,S022,4,0.05,Net Banking,2025-04-11 09:11:00,2025-05-20 09:11:00
503994,2025-06-06 07:31:00,1095,P1001,S022,4,0.2,Net Banking,2025-06-06 10:01:00,2025-06-08 10:01:00
503995,2025-07-05 16:10:00,1033,P1144,S018,4,0.2,Debit Card,2025-07-05 18:57:00,2025-09-03 18:57:00
503996,2024-08-03 14:33:00,1388,P1106,S025,8,0.15,cash,2024-08-03 14:58:00,2024-09-20 14:58:00
503997,2024-05-23 23:56:00,1432,P1035,S024,1,0.2,Credit Card,2024-05-24 01:05:00,2024-07-19 01:05:00
503998,2024-09-04 16:44:00,1151,P1048,S024,7,,Debit Card,2024-09-04 17:07:00,2024-09-15 17:07:00
503999,2025-09-11 08:09:00,1141,P1008,S009,8,0.2,Credit Card,2025-09-11 09:54:00,2025-09-30 09:54:00
504000,2023-12-07 15:38:00,1123,P1114,S020,6,0.2,UPI,2023-12-07 17:29:00,2024-01-02 17:29:00
504001,2026-01-30 15:28:00,1313,P1146,S006,5,0.15,Net Banking,2026-01-30 16:45:00,2026-02-16 16:45:00
504002,2025-07-02 21:05:00,1487,P1066,S013,4,0.2,Net Banking,2025-07-02 22:23:00,2025-08-30 22:23:00
504003,2024-11-16 07:05:00,1414,P1112,S013,5,0.05,Credit Card,2024-11-16 08:28:00,2024-12-07 08:28:00
504004,2024-07-25 00:09:00,1406,P1150,S025,1,0.2,Net Banking,2024-07-25 02:49:00,2024-08-18 02:49:00
504005,2025-02-07 08:49:00,1200,P1108,S022,2,0.0,Wallet,2025-02-07 11:19:00,2025-03-03 11:19:00
504006,2026-01-06 05:53:00,1401,P1038,S008,3,0.1,Cash,2026-01-06 06:28:00,2026-02-11 06:28:00
504007,2026-02-21 15:08:00,1027,P1058,S015,4,0.05,Cash,2026-02-21 15:55:00,2026-04-19 15:55:00
504008,2026-02-16 08:03:00,1365,P1017,S007,7,0.15,Debit Card,2026-02-16 09:42:00,2026-03-31 09:42:00
504009,2025-12-02 10:31:00,1027,P1068,S011,6,0.2,Cash,2025-12-02 12:39:00,2025-12-17 12:39:00
504010,2024-10-28 21:49:00,1205,P1096,S015,7,0.2,Wallet,2024-10-28 23:44:00,2024-12-09 23:44:00
504011,2023-01-05 01:56:00,1035,P1034,S013,8,0.15,Debit Card,2023-01-05 03:26:00,2023-01-26 03:26:00
504012,2024-06-07 19:16:00,1469,P1058,S006,8,0.0,Debit Card,2024-06-07 20:10:00,2024-07-03 20:10:00
504013,2025-04-21 03:16:00,1099,P1065,S009,3,0.0,UPI,2025-04-21 05:07:00,2025-05-13 05:07:00
504014,2024-08-20 04:05:00,1221,P1114,S009,8,0.0,Debit Card,2024-08-20 07:00:00,2024-09-21 07:00:00
504015,2023-10-09 01:15:00,1324,P1148,S003,6,0.0,Debit Card,2023-10-09 02:38:00,2023-10-14 02:38:00
504016,2025-04-17 11:40:00,1115,P1082,S018,6,0.0,Net Banking,2025-04-17 12:05:00,2025-05-02 12:05:00
504017,2023-06-29 20:16:00,1096,P1048,S023,8,0.15,Cash,2023-06-29 21:04:00,2023-08-26 21:04:00
504018,2024-02-24 05:54:00,1303,P1013,S025,5,0.05,Credit Card,2024-02-24 07:59:00,2024-04-06 07:59:00
504019,2024-02-23 17:06:00,1021,P1130,S020,2,0.15,upi,2024-02-23 17:06:00,2024-03-19 17:06:00
504020,2023-03-20 11:09:00,1042,P1136,S009,6,0.15,Wallet,2023-03-20 11:41:00,2023-04-27 11:41:00
504021,2024-08-28 18:53:00,1317,P1006,S011,3,0.15,UPI,2024-08-28 20:37:00,2024-09-20 20:37:00
504022,2024-01-05 11:39:00,1049,P1029,S010,4,0.1,Net Banking,2024-01-05 14:17:00,2024-02-01 14:17:00
504023,2024-02-01 01:19:00,1248,P1123,S024,6,0.0,Credit Card,2024-02-01 01:20:00,2024-03-12 01:20:00
504024,2023-03-24 13:04:00,1385,P1040,S005,2,0.15,Net Banking,2023-03-24 13:06:00,2023-05-01 13:06:00
504025,2025-07-22 09:21:00,1236,P1029,S010,8,0.05,Credit Card,2025-07-22 10:12:00,2025-09-12 10:12:00
504026,2023-03-31 09:15:00,1065,P1114,S010,4,0.0,Credit Card,2023-03-31 09:36:00,2023-05-09 09:36:00
504027,2025-04-27 13:26:00,1439,P1012,S006,4,0.05,Cash,2025-04-27 14:55:00,2025-05-22 14:55:00
504028,2023-06-27 13:22:00,1012,P1108,S025,3,0.1,Cash,2023-06-27 14:48:00,2023-07-29 14:48:00
504029,2024-10-29 10:21:00,1234,P1036,S002,4,0.15,Wallet,2024-10-29 10:59:00,2024-11-24 10:59:00
504030,2025-08-26 23:03:00,1371,P1081,S004,1,0.0,Debit Card,2025-08-26 23:39:00,2025-09-24 23:39:00
504031,2025-06-13 17:31:00,1297,P1001,S011,8,0.0,UPI,2025-06-13 17:41:00,2025-07-10 17:41:00
504032,2023-12-31 02:44:00,1435,P1099,S015,4,0.05,Credit Card,2023-12-31 04:57:00,2024-01-05 04:57:00
504033,2025-01-17 06:36:00,1357,P1060,S001,6,0.1,Net Banking,2025-01-17 07:34:00,2025-03-06 07:34:00
504034,2024-07-31 23:37:00,1496,P1021,S014,6,0.15,UPI,2024-08-01 02:36:00,2024-08-21 02:36:00
504035,2025-06-24 18:18:00,1441,P1028,S023,4,0.0,Credit Card,2025-06-24 19:06:00,2025-07-03 19:06:00
504036,2024-07-09 05:25:00,1212,P1136,S011,6,0.0,Net Banking,2024-07-09 08:19:00,2024-07-25 08:19:00
504037,2023-02-20 04:46:00,1036,P1017,S011,5,0.2,Net Banking,2023-02-20 04:54:00,2023-03-11 04:54:00
504038,2023-03-09 10:06:00,1114,P1049,S010,7,0.1,Wallet,2023-03-09 10:18:00,2023-04-16 10:18:00
504039,2024-05-22 07:26:00,1122,P1002,S011,8,0.1,Wallet,2024-05-22 08:17:00,2024-07-09 08:17:00
504040,2024-09-11 06:29:00,1028,P1001,S019,5,0.0,Cash,2024-09-11 09:28:00,2024-11-05 09:28:00
504041,2024-06-23 07:28:00,1328,P1038,S004,8,0.0,Wallet,2024-06-23 09:22:00,2024-06-25 09:22:00
504042,2024-07-06 14:03:00,1095,P1088,S023,3,0.2,Wallet,2024-07-06 14:31:00,2024-08-27 14:31:00
504043,2024-04-03 06:58:00,1290,P1121,S003,8,0.2,Debit Card,2024-04-03 09:38:00,2024-05-25 09:38:00
504044,2025-02-18 16:06:00,1310,P1114,S012,1,0.1,Net Banking,2025-02-18 18:02:00,2025-03-14 18:02:00
504045,2023-07-13 15:47:00,1397,P1145,S008,1,0.0,UPI,2023-07-13 16:47:00,2023-08-26 16:47:00
504046,2024-12-11 23:23:00,1397,P1097,S020,4,0.05,Wallet,2024-12-12 01:53:00,2024-12-17 01:53:00
504047,2023-05-31 15:37:00,1193,P1074,S021,8,0.0,Net Banking,2023-05-31 16:31:00,2023-07-26 16:31:00
504048,2024-06-11 23:19:00,1180,P1076,S012,3,0.1,Net Banking,2024-06-11 23:30:00,2024-07-05 23:30:00
504049,2024-02-19 11:29:00,1255,P1098,S012,1,0.2,Debit Card,2024-02-19 11:34:00,2024-04-01 11:34:00
504050,2025-03-13 05:55:00,1276,P1083,S014,3,0.05,Cash,2025-03-13 05:58:00,2025-04-12 05:58:00
504051,2023-08-15 18:42:00,1014,P1033,S021,7,0.0,UPI,2023-08-15 19:22:00,2023-09-10 19:22:00
504052,2026-02-23 13:32:00,1061,P1007,S020,4,0.15,UPI,2026-02-23 13:37:00,2026-04-11 13:37:00
504053,2023-05-20 18:17:00,1418,P1143,S003,8,0.0,UPI,2023-05-20 20:43:00,2023-05-20 20:43:00
504054,2024-02-07 04:31:00,1342,P1044,S017,1,0.1,Wallet,2024-02-07 07:27:00,2024-03-03 07:27:00
504055,2025-12-08 14:29:00,1254,P1013,S003,5,0.2,Cash,2025-12-08 16:34:00,2026-01-31 16:34:00
504056,2023-10-02 22:24:00,1452,P1026,S004,6,0.15,Wallet,2023-10-03 00:33:00,2023-10-11 00:33:00
504057,2025-04-01 09:27:00,1231,P1052,S021,6,0.2,Debit Card,2025-04-01 09:34:00,2025-05-02 09:34:00
504058,2025-03-10 22:51:00,1058,P1043,S005,1,0.1,UPI,2025-03-11 01:15:00,2025-04-23 01:15:00
504059,2024-02-24 11:25:00,1475,P1146,S024,8,0.1,WALLET,2024-02-24 12:26:00,2024-04-18 12:26:00
504060,2025-12-22 21:39:00,1023,P1013,S016,6,0.0,Cash,2025-12-22 22:23:00,2026-01-13 22:23:00
504061,2025-08-14 23:17:00,1328,P1122,S007,6,0.2,UPI,2025-08-15 01:31:00,2025-09-10 01:31:00
504062,2026-02-02 04:46:00,1373,P1128,S009,8,0.1,CASH,2026-02-02 05:14:00,2026-03-05 05:14:00
504063,2025-07-12 19:15:00,1315,P1086,S021,5,0.05,Net Banking,2025-07-12 20:50:00,2025-09-05 20:50:00
504064,2024-04-26 11:24:00,1303,P1121,S025,2,0.05,Debit Card,2024-04-26 13:58:00,2024-06-02 13:58:00
504065,2023-10-24 01:53:00,1103,P1016,S023,7,0.1,Cash,2023-10-24 02:13:00,2023-12-02 02:13:00
504066,2026-03-29 03:09:00,1252,P1029,S019,2,0.2,Cash,2026-03-29 04:46:00,2026-05-19 04:46:00
504067,2026-03-24 06:13:00,1348,P1010,S007,2,0.05,NET BANKING,2026-03-24 07:47:00,2026-04-08 07:47:00
504068,2025-09-06 17:13:00,1329,P1101,S017,3,0.2,Wallet,2025-09-06 17:23:00,2025-09-26 17:23:00
504069,2025-09-04 11:14:00,1432,P1085,S006,7,,UPI,2025-09-04 12:14:00,2025-09-25 12:14:00
504070,2023-10-06 19:43:00,1282,P1126,S009,8,0.2,UPI,2023-10-06 20:53:00,2023-11-24 20:53:00
504071,2023-08-21 05:35:00,1303,P1051,S010,6,0.0,Cash,2023-08-21 06:15:00,2023-09-15 06:15:00
504072,2024-04-17 18:10:00,1297,P1057,S003,8,0.15,Net Banking,2024-04-17 18:42:00,2024-04-25 18:42:00
504073,2025-06-02 10:57:00,1126,P1146,S021,5,0.15,Debit Card,2025-06-02 10:59:00,2025-07-22 10:59:00
504074,2023-04-24 10:20:00,1339,P1127,S024,8,0.2,UPI,2023-04-24 12:23:00,2023-06-07 12:23:00
504075,2025-07-28 09:13:00,1065,P1078,S007,5,0.1,Credit Card,2025-07-28 09:31:00,2025-09-24 09:31:00
504076,2024-12-17 07:32:00,1036,P1085,S016,6,0.0,Net Banking,2024-12-17 10:30:00,2024-12-21 10:30:00
504077,2023-10-16 14:10:00,1140,P1132,S002,4,0.15,Net Banking,2023-10-16 14:22:00,2023-11-24 14:22:00
504078,2025-02-03 14:41:00,1096,P1066,S007,4,0.2,UPI,2025-02-03 16:11:00,2025-03-01 16:11:00
504079,2025-04-13 17:24:00,1413,P1134,S018,6,0.1,UPI,2025-04-13 19:21:00,2025-04-13 19:21:00
504080,2025-03-29 18:48:00,1397,P1149,S021,5,0.1,UPI,2025-03-29 19:57:00,2025-04-12 19:57:00
504081,2023-05-04 22:04:00,1075,P1125,S025,8,0.1,Net Banking,2023-05-04 22:08:00,2023-05-23 22:08:00
504082,2024-01-31 11:17:00,1059,P1001,S004,2,0.2,Net Banking,2024-01-31 13:46:00,2024-02-09 13:46:00
504083,2025-05-01 19:57:00,1059,P1055,S005,4,0.1,Cash,2025-05-01 22:36:00,2025-06-11 22:36:00
504084,2024-10-19 06:33:00,1258,P1020,S004,2,0.1,Wallet,2024-10-19 07:51:00,2024-12-08 07:51:00
504085,2025-10-19 01:54:00,1235,P1095,S013,1,0.0,Cash,2025-10-19 02:42:00,2025-11-07 02:42:00
504086,2024-08-09 21:10:00,1155,P1086,S011,5,0.15,Credit Card,2024-08-09 22:48:00,2024-08-20 22:48:00
504087,2023-01-07 05:07:00,1364,P1065,S013,3,0.05,Wallet,2023-01-07 06:06:00,2023-01-28 06:06:00
504088,2024-05-26 18:18:00,1429,P1022,S025,8,0.05,Wallet,2024-05-26 18:19:00,2024-06-26 18:19:00
504089,2024-08-27 07:17:00,1468,P1016,S020,6,0.1,Cash,2024-08-27 08:55:00,2024-09-20 08:55:00
504090,2023-04-12 23:42:00,1026,P1064,S019,2,0.0,Cash,2023-04-12 23:54:00,2023-05-08 23:54:00
504091,2026-03-29 11:06:00,1173,P1035,S003,5,0.0,Wallet,2026-03-29 12:46:00,2026-04-10 12:46:00
504092,2023-12-30 00:58:00,1150,P1028,S016,6,0.15,UPI,2023-12-30 01:41:00,2024-01-09 01:41:00
504093,2025-02-23 16:02:00,1224,P1065,S022,2,0.2,Wallet,2025-02-23 18:37:00,2025-03-16 18:37:00
504094,2024-11-18 08:07:00,1346,P1051,S014,7,0.1,Wallet,2024-11-18 08:56:00,2024-12-01 08:56:00
504095,2023-01-26 04:33:00,1306,P1018,S011,7,0.1,Net Banking,2023-01-26 06:00:00,2023-03-27 06:00:00
504096,2023-08-27 14:41:00,1342,P1096,S024,8,0.2,credit card,2023-08-27 17:17:00,2023-09-02 17:17:00
504097,2026-03-04 01:45:00,1378,P1078,S019,3,0.05,UPI,2026-03-04 03:09:00,2026-03-15 03:09:00
504098,2023-08-26 20:43:00,1145,P1041,S019,5,0.2,UPI,2023-08-26 21:09:00,2023-10-06 21:09:00
504099,2024-08-17 03:18:00,1044,P1056,S017,6,0.15,Net Banking,2024-08-17 03:19:00,2024-10-04 03:19:00
504100,2024-01-24 18:07:00,1087,P1106,S011,3,0.0,UPI,2024-01-24 19:19:00,2024-03-18 19:19:00
504101,2023-11-29 22:01:00,1155,P1011,S005,1,0.2,Net Banking,2023-11-29 22:28:00,2023-12-27 22:28:00
504102,2024-09-11 22:19:00,1258,P1132,S017,7,0.15,Debit Card,2024-09-12 00:10:00,2024-10-21 00:10:00
504103,2024-08-31 17:04:00,1076,P1119,S006,2,0.05,Wallet,2024-08-31 20:00:00,2024-10-04 20:00:00
504104,2025-02-28 14:56:00,1487,P1027,S014,5,0.1,Wallet,2025-02-28 17:47:00,2025-03-20 17:47:00
504105,2026-03-27 03:58:00,1408,P1039,S024,2,,Wallet,2026-03-27 05:18:00,2026-04-08 05:18:00
504106,2023-02-22 03:06:00,1265,P1081,S005,4,0.0,Debit Card,2023-02-22 03:54:00,2023-02-25 03:54:00
504107,2025-04-04 17:49:00,1494,P1061,S010,3,0.2,Debit Card,2025-04-04 18:32:00,2025-05-30 18:32:00
504108,2023-01-26 23:08:00,1372,P1065,S013,3,0.15,CASH,2023-01-26 23:45:00,2023-03-23 23:45:00
504109,2023-06-17 20:15:00,1072,P1081,S008,5,0.05,CREDIT CARD,2023-06-17 20:55:00,2023-06-17 20:55:00
504110,2026-01-04 13:28:00,1230,P1122,S013,1,0.1,Credit Card,2026-01-04 13:38:00,2026-02-25 13:38:00
504111,2024-02-10 20:40:00,1303,P1138,S016,7,0.15,Cash,2024-02-10 23:29:00,2024-03-23 23:29:00
504112,2024-09-11 01:34:00,1459,P1128,S016,3,0.0,UPI,2024-09-11 04:33:00,2024-11-06 04:33:00
504113,2025-07-08 20:21:00,1150,P1014,S001,4,0.05,Wallet,2025-07-08 21:06:00,2025-08-27 21:06:00
504114,2023-03-15 11:54:00,1353,P1127,S005,5,0.15,Credit Card,2023-03-15 12:12:00,2023-03-16 12:12:00
504115,2024-12-06 08:11:00,1149,P1017,S014,4,0.2,Credit Card,2024-12-06 10:01:00,2024-12-28 10:01:00
504116,2025-09-21 13:48:00,1283,P1082,S023,3,0.05,Net Banking,2025-09-21 14:47:00,2025-10-28 14:47:00
504117,2023-07-31 17:10:00,1098,P1098,S021,4,0.05,Cash,2023-07-31 19:20:00,2023-09-05 19:20:00
504118,2026-01-29 20:27:00,1245,P1011,S009,3,0.05,Debit Card,2026-01-29 22:39:00,2026-01-30 22:39:00
504119,2025-07-24 20:14:00,1315,P1095,S019,4,0.0,UPI,2025-07-24 20:34:00,2025-08-26 20:34:00
504120,2025-05-23 21:37:00,1346,P1021,S021,4,0.1,CREDIT CARD,2025-05-24 00:08:00,2025-06-04 00:08:00
504121,2024-10-01 22:29:00,1004,P1121,S021,1,0.15,Cash,2024-10-01 22:43:00,2024-10-23 22:43:00
504122,2025-02-06 00:46:00,1471,P1077,S019,5,0.2,Net Banking,2025-02-06 03:08:00,2025-03-13 03:08:00
504123,2025-03-29 06:50:00,1194,P1130,S014,7,0.05,UPI,2025-03-29 08:18:00,2025-04-27 08:18:00
504124,2024-05-01 17:59:00,1167,P1149,S012,2,0.2,Debit Card,2024-05-01 18:01:00,2024-06-21 18:01:00
504125,2026-02-05 08:47:00,1384,P1044,S006,6,0.2,Debit Card,2026-02-05 10:18:00,2026-02-22 10:18:00
504126,2024-11-20 03:12:00,1018,P1084,S020,2,0.1,Debit Card,2024-11-20 04:00:00,2025-01-04 04:00:00
504127,2023-07-17 18:26:00,1353,P1091,S004,2,0.0,Net Banking,2023-07-17 19:19:00,2023-08-28 19:19:00
504128,2025-04-21 15:19:00,1345,P1059,S014,4,0.15,Debit Card,2025-04-21 16:46:00,2025-04-27 16:46:00
504129,2023-01-21 10:46:00,1034,P1126,S008,8,0.05,Credit Card,2023-01-21 10:53:00,2023-02-06 10:53:00
504130,2024-04-30 08:08:00,1360,P1125,S017,8,0.0,Wallet,2024-04-30 09:55:00,2024-06-24 09:55:00
504131,2024-02-11 21:11:00,1423,P1140,S004,3,0.2,UPI,2024-02-11 22:06:00,2024-03-22 22:06:00
504132,2025-06-22 02:56:00,1319,P1146,S025,4,0.1,Debit Card,2025-06-22 05:10:00,2025-08-13 05:10:00
504133,2025-06-26 23:43:00,1072,P1031,S003,3,0.15,Wallet,2025-06-27 01:04:00,2025-08-22 01:04:00
504134,2024-10-11 18:27:00,1439,P1128,S007,2,0.0,debit card,2024-10-11 19:29:00,2024-11-28 19:29:00
504135,2024-02-26 07:06:00,1258,P1104,S006,4,0.0,Cash,2024-02-26 07:10:00,2024-03-31 07:10:00
504136,2024-11-15 18:56:00,1426,P1007,S001,4,0.2,UPI,2024-11-15 20:02:00,2024-12-28 20:02:00
504137,2025-11-09 00:15:00,1153,P1141,S012,2,0.0,UPI,2025-11-09 03:15:00,2025-12-05 03:15:00
504138,2023-09-22 02:32:00,1039,P1065,S001,2,0.15,UPI,2023-09-22 03:11:00,2023-10-11 03:11:00
504139,2023-10-03 16:16:00,1218,P1141,S016,8,0.05,Credit Card,2023-10-03 18:04:00,2023-10-07 18:04:00
504140,2023-05-12 09:36:00,1245,P1003,S007,3,0.0,Debit Card,2023-05-12 12:11:00,2023-06-17 12:11:00
504141,2024-01-20 20:19:00,1131,P1055,S024,4,0.1,Debit Card,2024-01-20 23:09:00,2024-02-20 23:09:00
504142,2023-09-23 03:02:00,1034,P1012,S001,5,0.15,UPI,2023-09-23 04:47:00,2023-10-16 04:47:00
504143,2023-05-15 00:40:00,1103,P1032,S008,6,0.1,Debit Card,2023-05-15 01:54:00,2023-05-22 01:54:00
504144,2025-07-21 18:19:00,1370,P1121,S025,3,0.05,Wallet,2025-07-21 18:53:00,2025-07-24 18:53:00
504145,2024-04-20 19:22:00,1441,P1119,S005,2,0.15,Cash,2024-04-20 21:10:00,2024-06-07 21:10:00
504146,2023-06-07 22:33:00,1389,P1144,S019,8,0.2,Cash,2023-06-08 01:06:00,2023-08-04 01:06:00
504147,2025-10-02 13:30:00,1190,P1017,S007,8,0.15,Wallet,2025-10-02 15:22:00,2025-11-29 15:22:00
504148,2023-06-06 04:50:00,1275,P1022,S018,4,0.2,Cash,2023-06-06 05:44:00,2023-07-14 05:44:00
504149,2023-11-26 01:17:00,1116,P1010,S009,6,0.0,Net Banking,2023-11-26 03:26:00,2023-12-26 03:26:00
504150,2024-06-01 10:21:00,1476,P1131,S003,8,0.05,Debit Card,2024-06-01 12:29:00,2024-06-27 12:29:00
504151,2023-08-21 17:35:00,1256,P1149,S022,7,0.1,Wallet,2023-08-21 20:30:00,2023-08-22 20:30:00
504152,2023-03-24 07:40:00,1055,P1090,S016,6,0.2,Debit Card,2023-03-24 10:22:00,2023-05-13 10:22:00
504153,2024-01-30 18:06:00,1167,P1062,S022,7,0.05,upi,2024-01-30 20:24:00,2024-03-10 20:24:00
504154,2025-01-10 08:52:00,1098,P1061,S019,3,0.15,UPI,2025-01-10 10:10:00,2025-02-17 10:10:00
504155,2026-02-28 10:16:00,1211,P1059,S017,6,0.15,Cash,2026-02-28 10:23:00,2026-04-29 10:23:00
504156,2023-01-18 04:03:00,1039,P1091,S007,8,0.2,Wallet,2023-01-18 06:02:00,2023-02-27 06:02:00
504157,2024-07-25 05:03:00,1178,P1092,S022,6,0.1,Credit Card,2024-07-25 07:58:00,2024-09-20 07:58:00
504158,2024-10-16 08:18:00,1389,P1133,S023,7,0.15,Cash,2024-10-16 08:27:00,2024-11-13 08:27:00
504159,2025-10-27 16:34:00,1449,P1043,S021,3,0.0,UPI,2025-10-27 19:04:00,2025-12-25 19:04:00
504160,2023-03-21 14:49:00,1342,P1003,S009,1,0.2,Debit Card,2023-03-21 15:24:00,2023-05-03 15:24:00
504161,2025-10-09 02:07:00,1207,P1028,S023,8,0.1,Wallet,2025-10-09 02:51:00,2025-10-27 02:51:00
504162,2025-10-04 17:44:00,1484,P1072,S004,1,0.1,Net Banking,2025-10-04 17:47:00,2025-11-30 17:47:00
504163,2025-05-25 13:30:00,1215,P1066,S009,3,0.15,Credit Card,2025-05-25 13:50:00,2025-06-27 13:50:00
504164,2024-08-21 09:52:00,1357,P1067,S019,7,0.15,UPI,2024-08-21 11:59:00,2024-08-24 11:59:00
504165,2023-08-24 00:07:00,1239,P1004,S008,4,0.05,debit card,2023-08-24 02:15:00,2023-09-22 02:15:00
504166,2025-08-06 01:44:00,1151,P1058,S025,1,0.15,Credit Card,2025-08-06 02:57:00,2025-09-17 02:57:00
504167,2023-10-03 09:53:00,1217,P1136,S019,8,0.1,Net Banking,2023-10-03 11:29:00,2023-11-14 11:29:00
504168,2023-05-03 06:40:00,1409,P1059,S017,2,0.15,Cash,2023-05-03 06:54:00,2023-05-19 06:54:00
504169,2025-10-21 18:36:00,1207,P1147,S006,5,0.15,UPI,2025-10-21 19:12:00,2025-11-06 19:12:00
504170,2024-08-01 16:07:00,1479,P1050,S002,2,0.2,Cash,2024-08-01 16:33:00,2024-09-29 16:33:00
504171,2024-08-13 07:08:00,1417,P1068,S012,7,0.1,UPI,2024-08-13 08:11:00,2024-08-18 08:11:00
504172,2025-11-10 03:10:00,1305,P1021,S016,1,0.0,Credit Card,2025-11-10 05:08:00,2025-12-03 05:08:00
504173,2024-07-09 07:57:00,1102,P1040,S012,7,0.15,Debit Card,2024-07-09 09:54:00,2024-07-26 09:54:00
504174,2023-02-28 22:21:00,1071,P1081,S003,3,0.05,UPI,2023-02-28 23:14:00,2023-03-24 23:14:00
504175,2023-05-30 10:16:00,1035,P1030,S019,1,0.05,UPI,2023-05-30 10:43:00,2023-07-09 10:43:00
504176,2025-02-15 00:31:00,1378,P1103,S021,4,0.0,UPI,2025-02-15 00:57:00,2025-03-02 00:57:00
504177,2025-01-08 04:11:00,1159,P1068,S006,7,0.15,WALLET,2025-01-08 04:30:00,2025-02-20 04:30:00
504178,2024-05-15 23:48:00,1103,P1144,S009,3,0.1,Cash,2024-05-16 01:21:00,2024-07-07 01:21:00
504179,2023-09-03 03:53:00,1494,P1081,S022,5,0.1,Wallet,2023-09-03 05:37:00,2023-09-09 05:37:00
504180,2023-10-18 13:50:00,1274,P1071,S011,6,0.05,cash,2023-10-18 16:49:00,2023-10-23 16:49:00
504181,2024-10-10 17:09:00,1066,P1095,S002,2,0.1,Net Banking,2024-10-10 18:51:00,2024-11-12 18:51:00
504182,2024-09-28 01:11:00,1100,P1089,S018,6,0.2,Credit Card,2024-09-28 02:00:00,2024-10-06 02:00:00
504183,2024-12-13 16:03:00,1486,P1086,S021,3,0.2,Net Banking,2024-12-13 19:00:00,2024-12-26 19:00:00
504184,2023-03-03 10:01:00,1024,P1128,S023,2,0.2,Wallet,2023-03-03 12:07:00,2023-03-23 12:07:00
504185,2025-07-12 06:23:00,1405,P1076,S005,6,0.05,Debit Card,2025-07-12 07:29:00,2025-08-31 07:29:00
504186,2025-08-27 15:31:00,1147,P1071,S019,7,0.1,Net Banking,2025-08-27 17:34:00,2025-09-12 17:34:00
504187,2024-05-17 01:19:00,1414,P1014,S002,7,0.0,Cash,2024-05-17 03:08:00,2024-06-04 03:08:00
504188,2026-03-09 17:55:00,1070,P1100,S010,7,0.05,Wallet,2026-03-09 20:05:00,2026-05-07 20:05:00
504189,2025-07-25 11:51:00,1107,P1128,S015,4,0.2,DEBIT CARD,2025-07-25 13:24:00,2025-09-14 13:24:00
504190,2024-08-17 20:51:00,1299,P1026,S005,2,0.0,Debit Card,2024-08-17 22:28:00,2024-08-18 22:28:00
504191,2023-02-19 14:10:00,1415,P1091,S024,4,0.2,Cash,2023-02-19 15:42:00,2023-03-07 15:42:00
504192,2023-03-31 02:48:00,1294,P1057,S005,5,0.15,UPI,2023-03-31 04:39:00,2023-04-03 04:39:00
504193,2025-06-20 18:09:00,1070,P1093,S022,2,0.15,Debit Card,2025-06-20 19:50:00,2025-08-19 19:50:00
504194,2024-02-17 03:43:00,1030,P1056,S005,6,0.0,Wallet,2024-02-17 05:23:00,2024-04-06 05:23:00
504195,2024-04-18 23:43:00,1300,P1077,S008,5,0.1,Credit Card,2024-04-19 02:40:00,2024-06-07 02:40:00
504196,2025-07-30 17:36:00,1352,P1063,S014,2,0.15,Net Banking,2025-07-30 19:07:00,2025-08-08 19:07:00
504197,2024-06-25 18:26:00,1475,P1079,S020,6,0.2,Debit Card,2024-06-25 19:33:00,2024-07-16 19:33:00
504198,2025-07-23 23:32:00,1230,P1050,S024,2,0.15,Wallet,2025-07-24 00:01:00,2025-08-04 00:01:00
504199,2024-08-12 21:46:00,1074,P1113,S024,2,0.2,Credit Card,2024-08-13 00:34:00,2024-10-03 00:34:00
504200,2023-09-29 04:59:00,1462,P1007,S006,4,0.2,Credit Card,2023-09-29 07:53:00,2023-10-16 07:53:00
504201,2025-03-18 21:58:00,1199,P1027,S015,7,0.1,Wallet,2025-03-18 22:31:00,2025-04-17 22:31:00
504202,2023-03-04 21:17:00,1373,P1100,S011,6,0.0,UPI,2023-03-04 21:27:00,2023-03-21 21:27:00
504203,2023-12-01 17:24:00,1041,P1032,S001,6,0.0,Credit Card,2023-12-01 18:23:00,2024-01-02 18:23:00
504204,2023-09-26 17:45:00,1020,P1123,S025,5,0.1,Net Banking,2023-09-26 20:19:00,2023-10-06 20:19:00
504205,2024-12-31 05:50:00,1486,P1035,S015,7,0.15,Cash,2024-12-31 08:04:00,2025-02-14 08:04:00
504206,2024-07-12 05:13:00,1163,P1068,S007,4,0.15,Credit Card,2024-07-12 07:52:00,2024-07-25 07:52:00
504207,2023-09-30 22:28:00,1312,P1108,S025,3,,Debit Card,2023-10-01 00:41:00,2023-10-14 00:41:00
504208,2023-09-03 01:00:00,1001,P1126,S015,3,0.0,Debit Card,2023-09-03 01:35:00,2023-09-27 01:35:00
504209,2024-02-01 20:40:00,1268,P1099,S019,7,0.1,Credit Card,2024-02-01 21:44:00,2024-03-16 21:44:00
504210,2025-10-14 02:23:00,1128,P1029,S001,6,0.05,UPI,2025-10-14 03:54:00,2025-11-13 03:54:00
504211,2026-02-21 18:35:00,1285,P1117,S008,1,0.2,Debit Card,2026-02-21 19:24:00,2026-02-25 19:24:00
504212,2023-04-16 15:39:00,1120,P1120,S015,4,0.0,Credit Card,2023-04-16 16:32:00,2023-06-08 16:32:00
504213,2025-09-02 06:56:00,1044,P1080,S017,6,0.0,Credit Card,2025-09-02 08:06:00,2025-11-01 08:06:00
504214,2025-07-18 21:58:00,1328,P1007,S017,3,0.15,Net Banking,2025-07-18 23:33:00,2025-08-25 23:33:00
504215,2023-02-07 00:38:00,1078,P1045,S001,8,0.0,Credit Card,2023-02-07 00:53:00,2023-03-09 00:53:00
504216,2023-09-06 16:37:00,1093,P1063,S020,6,0.2,Cash,2023-09-06 17:48:00,2023-09-28 17:48:00
504217,2023-03-19 04:15:00,1417,P1084,S020,8,0.1,UPI,2023-03-19 05:08:00,2023-03-23 05:08:00
504218,2025-07-31 11:28:00,1102,P1043,S007,1,0.2,Net Banking,2025-07-31 14:06:00,2025-08-01 14:06:00
504219,2026-01-07 01:50:00,1002,P1073,S003,8,0.1,UPI,2026-01-07 03:41:00,2026-03-03 03:41:00
504220,2023-12-13 23:17:00,1114,P1007,S002,8,0.2,Wallet,2023-12-13 23:48:00,2024-02-11 23:48:00
504221,2026-01-23 13:31:00,1265,P1125,S011,6,0.2,Debit Card,2026-01-23 16:17:00,2026-02-14 16:17:00
504222,2023-01-11 18:21:00,1050,P1078,S011,1,0.1,Net Banking,2023-01-11 20:48:00,2023-02-28 20:48:00
504223,2025-06-15 05:57:00,1212,P1075,S022,7,0.05,Cash,2025-06-15 07:00:00,2025-07-10 07:00:00
504224,2023-12-31 16:27:00,1277,P1032,S010,3,0.0,Debit Card,2023-12-31 17:53:00,2024-01-06 17:53:00
504225,2024-04-07 20:35:00,1340,P1083,S002,5,0.15,Credit Card,2024-04-07 21:44:00,2024-05-25 21:44:00
504226,2023-08-06 15:56:00,1340,P1050,S010,4,0.2,Debit Card,2023-08-06 17:34:00,2023-08-22 17:34:00
504227,2023-08-07 13:50:00,1132,P1009,S015,7,0.2,Net Banking,2023-08-07 15:26:00,2023-09-04 15:26:00
504228,2025-01-07 17:20:00,1318,P1020,S025,2,0.0,Cash,2025-01-07 19:14:00,2025-01-24 19:14:00
504229,2025-06-13 14:41:00,1149,P1024,S017,8,0.2,Credit Card,2025-06-13 15:19:00,2025-07-10 15:19:00
504230,2026-03-31 14:34:00,1163,P1056,S015,8,0.0,UPI,2026-03-31 17:10:00,2026-05-27 17:10:00
504231,2023-11-24 08:36:00,1432,P1029,S014,5,0.1,Wallet,2023-11-24 09:30:00,2024-01-19 09:30:00
504232,2025-12-04 04:59:00,1480,P1113,S018,1,0.1,Cash,2025-12-04 06:05:00,2025-12-19 06:05:00
504233,2023-01-06 09:02:00,1302,P1052,S013,6,,Net Banking,2023-01-06 11:05:00,2023-02-15 11:05:00
504234,2025-07-04 11:25:00,1222,P1036,S025,1,0.05,Wallet,2025-07-04 13:53:00,2025-07-15 13:53:00
504235,2023-11-22 15:13:00,1255,P1031,S005,6,0.15,Cash,2023-11-22 16:40:00,2024-01-10 16:40:00
504236,2024-01-14 02:09:00,1014,P1142,S025,6,0.15,wallet,2024-01-14 03:12:00,2024-01-14 03:12:00
504237,2025-11-02 18:22:00,1189,P1060,S005,5,0.05,Debit Card,2025-11-02 20:52:00,2025-11-09 20:52:00
504238,2025-03-06 12:01:00,1277,P1001,S011,8,0.2,Credit Card,2025-03-06 12:02:00,2025-04-12 12:02:00
504239,2025-04-14 20:38:00,1489,P1053,S001,4,0.1,UPI,2025-04-14 20:49:00,2025-05-28 20:49:00
504240,2024-05-18 20:25:00,1097,P1033,S019,6,0.15,Wallet,2024-05-18 21:51:00,2024-06-28 21:51:00
504241,2026-01-02 08:39:00,1440,P1114,S024,8,0.0,wallet,2026-01-02 11:32:00,2026-02-09 11:32:00
504242,2025-10-17 01:27:00,1256,P1070,S013,2,0.1,Credit Card,2025-10-17 01:38:00,2025-10-18 01:38:00
504243,2024-05-21 14:02:00,1143,P1021,S024,8,0.1,DEBIT CARD,2024-05-21 14:15:00,2024-07-10 14:15:00
504244,2024-02-08 12:35:00,1339,P1098,S008,8,0.15,Credit Card,2024-02-08 14:27:00,2024-02-13 14:27:00
504245,2023-06-12 11:57:00,1251,P1078,S001,6,0.1,Debit Card,2023-06-12 13:59:00,2023-07-27 13:59:00
504246,2025-10-24 13:27:00,1077,P1075,S025,8,0.1,UPI,2025-10-24 13:58:00,2025-11-26 13:58:00
504247,2024-07-15 05:31:00,1452,P1060,S021,2,0.1,UPI,2024-07-15 07:40:00,2024-08-07 07:40:00
504248,2025-10-27 16:30:00,1107,P1067,S022,3,0.0,Wallet,2025-10-27 17:14:00,2025-11-22 17:14:00
504249,2023-11-26 04:13:00,1446,P1150,S017,3,0.0,Debit Card,2023-11-26 05:09:00,2024-01-01 05:09:00
504250,2026-02-27 00:00:00,1421,P1032,S007,3,0.0,Debit Card,2026-02-27 01:58:00,2026-04-12 01:58:00
504251,2024-07-13 16:16:00,1233,P1124,S003,6,0.1,UPI,2024-07-13 17:45:00,2024-08-08 17:45:00
504252,2025-08-09 20:44:00,1004,P1076,S011,7,0.2,Net Banking,2025-08-09 22:21:00,2025-09-02 22:21:00
504253,2024-04-17 18:05:00,1352,P1080,S012,8,0.15,Cash,2024-04-17 18:30:00,2024-05-12 18:30:00
504254,2025-07-10 12:59:00,1243,P1111,S013,7,0.1,Cash,2025-07-10 14:34:00,2025-08-31 14:34:00
504255,2025-03-18 01:35:00,1005,P1129,S022,6,0.05,Net Banking,2025-03-18 03:05:00,2025-03-26 03:05:00
504256,2025-06-11 09:21:00,1095,P1019,S016,6,0.0,Debit Card,2025-06-11 10:43:00,2025-08-09 10:43:00
504257,2026-03-19 19:34:00,1271,P1035,S019,8,0.05,Cash,2026-03-19 21:46:00,2026-04-19 21:46:00
504258,2025-01-08 09:47:00,1086,P1002,S014,2,0.2,Debit Card,2025-01-08 10:57:00,2025-01-17 10:57:00
504259,2023-03-25 13:56:00,1305,P1138,S015,4,0.2,Cash,2023-03-25 16:31:00,2023-04-04 16:31:00
504260,2024-07-18 01:03:00,1246,P1036,S010,7,0.15,Credit Card,2024-07-18 02:40:00,2024-09-07 02:40:00
504261,2023-03-18 07:10:00,1127,P1015,S007,2,0.2,Wallet,2023-03-18 07:32:00,2023-04-03 07:32:00
504262,2024-01-24 18:52:00,1421,P1006,S003,2,0.0,Net Banking,2024-01-24 19:53:00,2024-02-08 19:53:00
504263,2024-06-22 21:01:00,1129,P1129,S018,6,0.1,Net Banking,2024-06-22 22:43:00,2024-07-14 22:43:00
504264,2025-10-17 10:23:00,1149,P1092,S005,7,0.0,Debit Card,2025-10-17 10:57:00,2025-11-30 10:57:00
504265,2023-06-03 08:12:00,1235,P1065,S012,8,0.2,Credit Card,2023-06-03 09:57:00,2023-07-11 09:57:00
504266,2024-10-11 02:59:00,1451,P1140,S007,8,0.0,Wallet,2024-10-11 04:54:00,2024-11-16 04:54:00
504267,2024-05-09 10:22:00,1468,P1111,S008,4,0.2,Wallet,2024-05-09 12:03:00,2024-06-05 12:03:00
504268,2026-03-23 11:45:00,1341,P1065,S003,8,0.2,Credit Card,2026-03-23 14:02:00,2026-04-19 14:02:00
504269,2024-10-31 21:24:00,1063,P1150,S004,7,0.05,Debit Card,2024-10-31 21:35:00,2024-12-14 21:35:00
504270,2025-05-19 19:19:00,1216,P1044,S019,4,0.15,Wallet,2025-05-19 22:01:00,2025-06-18 22:01:00
504271,2026-01-04 09:08:00,1441,P1093,S004,8,0.2,Cash,2026-01-04 10:58:00,2026-02-06 10:58:00
504272,2024-01-27 13:30:00,1430,P1013,S003,1,0.05,Wallet,2024-01-27 15:54:00,2024-03-13 15:54:00
504273,2025-10-09 02:38:00,1403,P1081,S024,3,0.0,Credit Card,2025-10-09 02:52:00,2025-11-21 02:52:00
504274,2026-01-10 21:29:00,1469,P1033,S004,6,0.0,Net Banking,2026-01-10 22:09:00,2026-01-16 22:09:00
504275,2023-03-26 20:17:00,1408,P1098,S006,5,0.1,Cash,2023-03-26 21:47:00,2023-05-11 21:47:00
504276,2024-01-10 04:02:00,1173,P1109,S014,4,0.05,Net Banking,2024-01-10 04:26:00,2024-02-04 04:26:00
504277,2024-03-10 21:22:00,1080,P1074,S007,3,0.15,Credit Card,2024-03-10 21:31:00,2024-04-12 21:31:00
504278,2024-10-23 07:43:00,1489,P1071,S001,4,0.0,Wallet,2024-10-23 10:00:00,2024-10-28 10:00:00
504279,2025-10-09 10:20:00,1270,P1073,S003,5,0.05,UPI,2025-10-09 12:52:00,2025-11-26 12:52:00
504280,2023-10-17 09:33:00,1386,P1089,S002,8,0.1,Debit Card,2023-10-17 10:49:00,2023-10-29 10:49:00
504281,2023-01-30 23:38:00,1444,P1064,S006,-1,0.2,Wallet,2023-01-31 00:32:00,2023-03-19 00:32:00
504282,2026-03-03 19:50:00,1072,P1068,S009,1,0.1,Credit Card,2026-03-03 21:49:00,2026-03-04 21:49:00
504283,2023-06-26 00:58:00,1240,P1124,S004,3,0.05,Wallet,2023-06-26 03:36:00,2023-06-26 03:36:00
504284,2024-11-03 22:44:00,1476,P1034,S025,8,0.15,Wallet,2024-11-03 23:45:00,2025-01-02 23:45:00
504285,2024-03-27 15:27:00,1132,P1113,S013,2,0.15,Credit Card,2024-03-27 16:57:00,2024-04-17 16:57:00
504286,2025-06-27 11:30:00,1165,P1080,S018,2,0.1,Cash,2025-06-27 12:27:00,2025-07-18 12:27:00
504287,2023-07-19 05:58:00,1220,P1028,S011,4,0.2,Credit Card,2023-07-19 07:37:00,2023-08-14 07:37:00
504288,2026-03-27 23:55:00,1137,P1046,S015,1,0.05,UPI,2026-03-28 00:27:00,2026-05-05 00:27:00
504289,2024-12-09 01:59:00,1107,P1066,S008,4,0.2,UPI,2024-12-09 04:43:00,2024-12-15 04:43:00
504290,2025-06-13 05:30:00,1380,P1139,S020,6,0.2,Credit Card,2025-06-13 08:08:00,2025-08-06 08:08:00
504291,2024-08-12 14:30:00,1361,P1145,S003,3,0.2,Net Banking,2024-08-12 15:18:00,2024-08-25 15:18:00
504292,2023-03-30 07:28:00,1308,P1029,S005,8,0.1,net banking,2023-03-30 07:56:00,2023-05-13 07:56:00
504293,2024-05-11 18:44:00,1237,P1023,S010,3,0.0,Wallet,2024-05-11 20:16:00,2024-05-31 20:16:00
504294,2023-07-03 13:43:00,1018,P1101,S021,6,0.2,UPI,2023-07-03 14:30:00,2023-07-14 14:30:00
504295,2023-04-04 00:45:00,1129,P1049,S013,5,0.05,Cash,2023-04-04 01:55:00,2023-05-27 01:55:00
504296,2024-06-30 09:16:00,1083,P1145,S014,2,0.1,Credit Card,2024-06-30 10:09:00,2024-08-21 10:09:00
504297,2023-11-17 22:48:00,1029,P1119,S021,3,0.05,Cash,2023-11-17 22:49:00,2023-12-27 22:49:00
504298,2025-03-26 22:32:00,1081,P1119,S017,1,0.2,Cash,2025-03-26 23:33:00,2025-04-15 23:33:00
504299,2026-01-21 10:42:00,1029,P1056,S007,6,0.05,UPI,2026-01-21 12:45:00,2026-01-27 12:45:00
504300,2023-01-30 01:37:00,1031,P1109,S007,3,0.1,Net Banking,2023-01-30 01:48:00,2023-03-28 01:48:00
504301,2025-05-18 20:30:00,1170,P1073,S013,6,0.2,Cash,2025-05-18 22:24:00,2025-07-13 22:24:00
504302,2023-09-04 15:10:00,1159,P1119,S021,1,0.05,Debit Card,2023-09-04 17:31:00,2023-10-16 17:31:00
504303,2024-07-15 13:40:00,1095,P1074,S013,6,0.15,Net Banking,2024-07-15 14:35:00,2024-07-29 14:35:00
504304,2024-08-06 02:21:00,1211,P1052,S011,2,0.15,Debit Card,2024-08-06 03:36:00,2024-09-22 03:36:00
504305,2025-10-10 06:20:00,1264,P1094,S004,8,0.15,Net Banking,2025-10-10 06:37:00,2025-12-01 06:37:00
504306,2025-03-02 11:45:00,1468,P1149,S014,6,0.15,UPI,2025-03-02 14:09:00,2025-03-25 14:09:00
504307,2023-03-27 20:58:00,1113,P1115,S024,6,0.05,Credit Card,2023-03-27 21:56:00,2023-05-11 21:56:00
504308,2026-03-12 12:47:00,1132,P1036,S003,1,0.2,Credit Card,2026-03-12 13:56:00,2026-04-14 13:56:00
504309,2024-01-12 04:20:00,1136,P1087,S012,8,0.2,Wallet,2024-01-12 04:43:00,2024-02-27 04:43:00
504310,2025-01-24 23:12:00,1067,P1059,S016,7,0.15,UPI,2025-01-25 01:08:00,2025-03-07 01:08:00
504311,2024-07-13 02:18:00,1220,P1079,S007,1,0.05,Net Banking,2024-07-13 02:54:00,2024-09-10 02:54:00
504312,2025-08-24 01:34:00,1405,P1125,S005,3,0.2,Net Banking,2025-08-24 01:53:00,2025-09-07 01:53:00
504313,2023-10-20 03:01:00,1103,P1093,S021,3,0.1,Wallet,2023-10-20 05:39:00,2023-12-08 05:39:00
504314,2024-01-25 19:09:00,1327,P1095,S002,2,0.1,Net Banking,2024-01-25 19:51:00,2024-03-03 19:51:00
504315,2025-03-18 04:35:00,1236,P1111,S022,6,0.05,Net Banking,2025-03-18 05:41:00,2025-03-19 05:41:00
504316,2023-04-22 17:29:00,1109,P1076,S025,8,0.15,Cash,2023-04-22 19:46:00,2023-06-20 19:46:00
504317,2023-02-19 01:28:00,1160,P1078,S013,7,0.15,Cash,2023-02-19 03:37:00,2023-02-28 03:37:00
504318,2024-09-24 22:35:00,1476,P1002,S022,5,0.05,Net Banking,2024-09-24 23:31:00,2024-10-21 23:31:00
504319,2025-04-16 16:10:00,1183,P1005,S017,6,0.1,Net Banking,2025-04-16 19:04:00,2025-06-02 19:04:00
504320,2024-01-06 10:50:00,1085,P1147,S016,3,0.15,Cash,2024-01-06 13:32:00,2024-02-02 13:32:00
504321,2026-03-04 04:13:00,1230,P1041,S016,4,0.1,Wallet,2026-03-04 04:49:00,2026-03-24 04:49:00
504322,2025-04-25 17:52:00,1085,P1122,S002,5,0.15,Credit Card,2025-04-25 20:27:00,2025-06-09 20:27:00
504323,2024-01-30 21:43:00,1327,P1065,S014,7,0.15,UPI,2024-01-30 22:44:00,2024-02-15 22:44:00
504324,2023-04-05 11:06:00,1374,P1099,S003,1,0.15,Net Banking,2023-04-05 12:22:00,2023-05-13 12:22:00
504325,2025-03-21 05:32:00,1388,P1134,S023,8,0.2,credit card,2025-03-21 07:52:00,2025-04-14 07:52:00
504326,2024-07-10 08:38:00,1010,P1063,S022,6,0.0,Net Banking,2024-07-10 09:43:00,2024-09-04 09:43:00
504327,2025-05-24 19:45:00,1410,P1023,S008,5,0.1,UPI,2025-05-24 21:07:00,2025-06-19 21:07:00
504328,2026-02-23 17:14:00,1121,P1026,S018,4,0.2,UPI,2026-02-23 20:12:00,2026-04-05 20:12:00
504329,2023-09-06 12:37:00,1241,P1108,S019,2,0.05,Wallet,2023-09-06 13:25:00,2023-09-23 13:25:00
504330,2024-02-21 15:31:00,1127,P1142,S001,2,0.05,Credit Card,2024-02-21 18:05:00,2024-04-11 18:05:00
504331,2023-02-26 02:24:00,1257,P1094,S006,1,0.0,Wallet,2023-02-26 03:19:00,2023-03-04 03:19:00
504332,2023-11-10 07:37:00,1078,P1056,S003,4,0.05,Cash,2023-11-10 08:02:00,2023-12-03 08:02:00
504333,2024-03-20 21:04:00,1003,P1142,S006,2,0.05,cash,2024-03-20 22:18:00,2024-05-08 22:18:00
504334,2023-04-04 05:15:00,1305,P1110,S016,3,0.0,UPI,2023-04-04 05:46:00,2023-05-09 05:46:00
504335,2024-01-10 19:22:00,1460,P1063,S004,8,0.15,Wallet,2024-01-10 21:56:00,2024-01-11 21:56:00
504336,2024-10-17 12:57:00,1353,P1004,S001,1,0.0,Wallet,2024-10-17 15:24:00,2024-11-30 15:24:00
504337,2023-06-12 14:24:00,1492,P1055,S025,3,0.1,Debit Card,2023-06-12 15:51:00,2023-08-04 15:51:00
504338,2025-12-20 07:16:00,1443,P1131,S025,8,0.0,Debit Card,2025-12-20 08:11:00,2026-02-08 08:11:00
504339,2023-05-29 10:18:00,1223,P1030,S004,8,0.0,Wallet,2023-05-29 12:24:00,2023-06-17 12:24:00
504340,2026-02-05 14:00:00,1073,P1137,S006,1,0.1,UPI,2026-02-05 14:34:00,2026-03-07 14:34:00
504341,2023-04-06 19:15:00,1369,P1134,S001,4,0.1,wallet,2023-04-06 22:03:00,2023-05-22 22:03:00
504342,2026-03-09 20:07:00,1105,P1043,S004,7,0.0,UPI,2026-03-09 20:52:00,2026-05-01 20:52:00
504343,2025-02-06 19:55:00,1136,P1020,S018,4,0.05,Wallet,2025-02-06 20:49:00,2025-02-17 20:49:00
504344,2024-12-18 05:45:00,1083,P1093,S005,1,0.05,UPI,2024-12-18 07:40:00,2025-01-11 07:40:00
504345,2024-03-27 03:06:00,1289,P1089,S024,5,0.05,Net Banking,2024-03-27 04:57:00,2024-04-25 04:57:00
504346,2024-03-16 05:56:00,1348,P1007,S004,2,0.15,Cash,2024-03-16 07:34:00,2024-04-16 07:34:00
504347,2025-11-01 03:07:00,1240,P1138,S014,3,0.2,UPI,2025-11-01 04:57:00,2025-12-30 04:57:00
504348,2024-01-03 10:06:00,1260,P1102,S009,3,0.15,Cash,2024-01-03 11:31:00,2024-01-15 11:31:00
504349,2024-04-23 00:10:00,1315,P1147,S010,2,0.15,Wallet,2024-04-23 00:53:00,2024-04-25 00:53:00
504350,2024-11-23 06:41:00,1485,P1004,S012,4,0.0,Net Banking,2024-11-23 06:46:00,2024-12-11 06:46:00
504351,2025-12-04 08:49:00,1341,P1088,S001,8,0.1,Debit Card,2025-12-04 09:08:00,2025-12-07 09:08:00
504352,2023-01-06 16:16:00,1084,P1141,S010,7,0.15,Cash,2023-01-06 18:24:00,2023-01-26 18:24:00
504353,2023-05-08 07:50:00,1129,P1112,S015,8,0.0,Wallet,2023-05-08 09:57:00,2023-06-09 09:57:00
504354,2023-01-15 17:41:00,1334,P1116,S013,5,0.1,UPI,2023-01-15 18:39:00,2023-01-16 18:39:00
504355,2024-11-26 16:14:00,1368,P1002,S003,8,0.05,Cash,2024-11-26 17:36:00,2024-12-16 17:36:00
504356,2023-12-09 14:41:00,1125,P1036,S018,3,0.2,UPI,2023-12-09 17:13:00,2024-01-06 17:13:00
504357,2023-08-30 22:35:00,1006,P1093,S004,2,0.05,UPI,2023-08-30 23:35:00,2023-09-07 23:35:00
504358,2024-01-31 08:01:00,1101,P1099,S018,1,0.0,Net Banking,2024-01-31 09:50:00,2024-03-28 09:50:00
504359,2023-03-22 11:01:00,1022,P1103,S011,2,0.0,Wallet,2023-03-22 11:46:00,2023-04-10 11:46:00
504360,2025-08-18 20:45:00,1487,P1122,S003,2,0.15,UPI,2025-08-18 21:54:00,2025-10-11 21:54:00
504361,2025-03-15 08:34:00,1416,P1113,S019,7,0.2,Net Banking,2025-03-15 10:04:00,2025-05-14 10:04:00
504362,2025-04-10 06:40:00,1084,P1066,S002,8,0.2,UPI,2025-04-10 09:28:00,2025-04-15 09:28:00
504363,2024-09-22 20:19:00,1042,P1064,S018,2,0.2,UPI,2024-09-22 22:38:00,2024-11-04 22:38:00
504364,2023-09-12 03:48:00,1466,P1086,S023,7,0.15,Wallet,2023-09-12 04:58:00,2023-11-03 04:58:00
504365,2025-04-03 14:28:00,1037,P1150,S011,3,0.1,Net Banking,2025-04-03 16:14:00,2025-05-30 16:14:00
504366,2025-03-28 23:01:00,1020,P1146,S005,2,0.15,CASH,2025-03-28 23:25:00,2025-04-27 23:25:00
504367,2024-09-19 10:04:00,1486,P1120,S025,1,0.05,Credit Card,2024-09-19 12:07:00,2024-11-13 12:07:00
504368,2024-02-26 17:00:00,1180,P1059,S010,8,0.2,Credit Card,2024-02-26 18:04:00,2024-04-11 18:04:00
504369,2025-06-20 14:42:00,1442,P1049,S024,3,0.0,Net Banking,2025-06-20 15:16:00,2025-07-10 15:16:00
504370,2024-12-24 20:37:00,1094,P1137,S009,8,0.05,DEBIT CARD,2024-12-24 23:21:00,2025-02-06 23:21:00
504371,2025-10-25 15:11:00,1318,P1049,S007,6,0.15,Wallet,2025-10-25 17:08:00,2025-11-04 17:08:00
504372,2023-02-02 05:44:00,1458,P1063,S019,7,0.15,Credit Card,2023-02-02 06:49:00,2023-02-03 06:49:00
504373,2025-12-18 09:49:00,1274,P1074,S009,3,0.15,Credit Card,2025-12-18 11:27:00,2026-01-05 11:27:00
504374,2026-02-15 07:20:00,1347,P1089,S005,4,0.2,upi,2026-02-15 09:00:00,2026-04-06 09:00:00
504375,2026-02-06 23:35:00,1233,P1104,S006,3,0.15,Credit Card,2026-02-07 01:21:00,2026-03-21 01:21:00
504376,2024-11-13 07:53:00,1160,P1001,S013,3,0.0,UPI,2024-11-13 08:53:00,2025-01-06 08:53:00
504377,2025-04-21 13:12:00,1400,P1016,S004,5,0.05,UPI,2025-04-21 14:14:00,2025-05-08 14:14:00
504378,2025-02-05 12:44:00,1452,P1088,S006,7,0.05,Cash,2025-02-05 13:34:00,2025-02-21 13:34:00
504379,2023-12-17 16:35:00,1455,P1056,S007,6,0.15,UPI,2023-12-17 18:22:00,2023-12-28 18:22:00
504380,2024-08-03 08:17:00,1410,P1031,S024,5,,Debit Card,2024-08-03 09:50:00,2024-08-26 09:50:00
504381,2024-08-17 04:05:00,1240,P1087,S009,5,0.1,Net Banking,2024-08-17 04:24:00,2024-08-23 04:24:00
504382,2024-11-11 15:41:00,1392,P1021,S021,5,0.05,Wallet,2024-11-11 16:54:00,2024-11-21 16:54:00
504383,2024-09-06 12:15:00,1461,P1094,S003,3,0.2,UPI,2024-09-06 14:24:00,2024-09-13 14:24:00
504384,2023-09-09 13:17:00,1313,P1045,S009,7,0.1,Credit Card,2023-09-09 15:22:00,2023-10-20 15:22:00
504385,2025-10-23 14:11:00,1373,P1053,S011,4,0.2,Net Banking,2025-10-23 15:15:00,2025-11-20 15:15:00
504386,2025-12-17 15:23:00,1416,P1031,S012,4,0.0,UPI,2025-12-17 18:08:00,2026-01-22 18:08:00
504387,2025-08-09 10:51:00,1189,P1020,S017,4,0.1,Cash,2025-08-09 11:21:00,2025-08-25 11:21:00
504388,2026-03-10 05:58:00,1121,P1013,S011,8,0.2,Credit Card,2026-03-10 08:53:00,2026-05-06 08:53:00
504389,2024-06-16 10:47:00,1014,P1129,S003,3,0.1,Cash,2024-06-16 11:37:00,2024-06-20 11:37:00
504390,2024-09-06 07:47:00,1328,P1099,S006,5,0.05,Wallet,2024-09-06 09:49:00,2024-10-10 09:49:00
504391,2023-04-08 20:04:00,1213,P1004,S014,7,0.2,Cash,2023-04-08 21:12:00,2023-05-18 21:12:00
504392,2023-08-22 23:01:00,1443,P1106,S008,8,0.1,Net Banking,2023-08-23 00:37:00,2023-10-13 00:37:00
504393,2023-07-29 04:51:00,1468,P1126,S020,1,0.15,Debit Card,2023-07-29 05:07:00,2023-08-31 05:07:00
504394,2023-01-19 13:04:00,1043,P1090,S019,1,0.0,UPI,2023-01-19 14:12:00,2023-02-16 14:12:00
504395,2023-12-04 10:00:00,1098,P1021,S014,1,0.0,debit card,2023-12-04 10:35:00,2024-01-19 10:35:00
504396,2023-04-18 05:58:00,1286,P1139,S014,4,0.05,UPI,2023-04-18 08:01:00,2023-04-28 08:01:00
504397,2023-12-20 01:35:00,1041,P1068,S024,5,0.05,Debit Card,2023-12-20 03:15:00,2024-02-14 03:15:00
504398,2023-03-17 14:39:00,1195,P1116,S017,5,0.05,UPI,2023-03-17 16:20:00,2023-05-04 16:20:00
504399,2023-05-07 20:04:00,1143,P1070,S005,5,0.15,UPI,2023-05-07 21:17:00,2023-05-12 21:17:00
504400,2025-09-01 07:53:00,1127,P1137,S014,2,0.1,net banking,2025-09-01 09:58:00,2025-09-11 09:58:00
504401,2025-01-24 05:33:00,1432,P1083,S024,5,0.15,Debit Card,2025-01-24 08:33:00,2025-03-24 08:33:00
504402,2025-08-21 22:27:00,1386,P1126,S023,3,0.2,Credit Card,2025-08-21 23:21:00,2025-10-17 23:21:00
504403,2023-02-28 10:20:00,1295,P1121,S022,-1,0.15,Cash,2023-02-28 12:27:00,2023-03-30 12:27:00
504404,2025-06-08 00:30:00,1321,P1026,S002,6,0.2,Credit Card,2025-06-08 01:49:00,2025-07-24 01:49:00
504405,2024-07-12 23:43:00,1163,P1002,S025,5,0.05,Net Banking,2024-07-13 02:00:00,2024-07-19 02:00:00
504406,2023-04-25 07:21:00,1014,P1035,S017,6,0.2,Wallet,2023-04-25 09:12:00,2023-06-11 09:12:00
504407,2025-04-19 19:40:00,1367,P1004,S020,7,0.05,Debit Card,2025-04-19 21:18:00,2025-05-16 21:18:00
504408,2024-09-21 21:29:00,1465,P1125,S011,2,0.05,UPI,2024-09-21 23:09:00,2024-09-22 23:09:00
504409,2023-04-27 02:32:00,1200,P1043,S022,3,0.15,Debit Card,2023-04-27 03:46:00,2023-05-05 03:46:00
504410,2024-08-08 03:33:00,1402,P1034,S009,6,0.2,Debit Card,2024-08-08 03:38:00,2024-10-03 03:38:00
504411,2023-05-05 16:22:00,1120,P1083,S013,6,0.05,Debit Card,2023-05-05 18:57:00,2023-06-14 18:57:00
504412,2023-11-19 08:41:00,1396,P1117,S025,6,0.0,Cash,2023-11-19 09:43:00,2023-12-19 09:43:00
504413,2025-05-04 21:59:00,1397,P1083,S015,4,0.15,Debit Card,2025-05-04 23:31:00,2025-06-22 23:31:00
504414,2026-02-21 23:51:00,1472,P1040,S011,2,0.05,Credit Card,2026-02-22 01:21:00,2026-04-09 01:21:00
504415,2024-11-08 23:35:00,1235,P1014,S003,8,0.1,Credit Card,2024-11-09 00:49:00,2024-12-05 00:49:00
504416,2023-11-20 15:37:00,1090,P1071,S019,7,0.1,Credit Card,2023-11-20 18:19:00,2024-01-17 18:19:00
504417,2024-03-04 19:25:00,1348,P1150,S019,1,0.05,UPI,2024-03-04 21:32:00,2024-03-20 21:32:00
504418,2024-04-03 21:33:00,1020,P1113,S001,1,0.2,Debit Card,2024-04-03 22:59:00,2024-04-20 22:59:00
504419,2023-07-03 10:36:00,1066,P1073,S005,7,0.2,Wallet,2023-07-03 10:57:00,2023-09-01 10:57:00
504420,2024-10-17 15:56:00,1429,P1140,S011,2,0.05,Wallet,2024-10-17 17:17:00,2024-10-31 17:17:00
504421,2025-09-14 12:45:00,1083,P1073,S014,2,0.1,Credit Card,2025-09-14 13:48:00,2025-10-05 13:48:00
504422,2025-06-08 23:10:00,1031,P1131,S012,3,0.0,Cash,2025-06-08 23:15:00,2025-06-25 23:15:00
504423,2024-05-18 06:16:00,1036,P1135,S020,8,0.2,Cash,2024-05-18 08:00:00,2024-05-22 08:00:00
504424,2024-01-22 14:09:00,1334,P1098,S012,4,0.05,WALLET,2024-01-22 16:22:00,2024-02-02 16:22:00
504425,2025-11-05 01:18:00,1489,P1017,S016,2,0.15,upi,2025-11-05 01:44:00,2025-12-20 01:44:00
504426,2024-05-17 06:53:00,1032,P1130,S012,5,0.1,UPI,2024-05-17 09:46:00,2024-05-31 09:46:00
504427,2025-12-19 20:19:00,1335,P1111,S002,3,0.0,Wallet,2025-12-19 21:22:00,2026-01-14 21:22:00
504428,2024-02-12 02:14:00,1284,P1139,S002,3,0.0,UPI,2024-02-12 04:14:00,2024-04-10 04:14:00
504429,2024-05-07 13:31:00,1482,P1118,S015,8,0.05,Cash,2024-05-07 15:16:00,2024-06-07 15:16:00
504430,2024-12-01 14:24:00,1179,P1077,S011,1,0.05,Debit Card,2024-12-01 15:43:00,2024-12-23 15:43:00
504431,2025-10-29 03:39:00,1441,P1065,S007,6,0.0,UPI,2025-10-29 05:03:00,2025-12-19 05:03:00
504432,2023-04-14 04:24:00,1294,P1081,S012,4,0.05,UPI,2023-04-14 07:03:00,2023-04-27 07:03:00
504433,2026-01-05 19:46:00,1354,P1064,S007,2,0.05,Debit Card,2026-01-05 20:20:00,2026-01-17 20:20:00
504434,2023-05-24 09:41:00,1173,P1008,S015,1,0.05,Cash,2023-05-24 11:54:00,2023-06-13 11:54:00
504435,2024-05-27 00:27:00,1408,P1109,S001,7,0.15,Debit Card,2024-05-27 01:02:00,2024-07-17 01:02:00
504436,2023-08-06 10:40:00,1423,P1077,S010,8,0.15,Credit Card,2023-08-06 11:11:00,2023-09-22 11:11:00
504437,2023-08-08 13:18:00,1377,P1066,S022,3,0.15,Wallet,2023-08-08 15:41:00,2023-08-23 15:41:00
504438,2026-03-31 14:15:00,1299,P1073,S002,7,0.2,Debit Card,2026-03-31 14:28:00,2026-04-11 14:28:00
504439,2025-09-05 05:22:00,1018,P1041,S008,6,0.2,NET BANKING,2025-09-05 06:04:00,2025-10-17 06:04:00
504440,2024-02-27 14:29:00,1192,P1140,S006,5,0.2,Net Banking,2024-02-27 14:57:00,2024-03-08 14:57:00
504441,2023-06-23 18:42:00,1426,P1092,S003,7,0.1,Net Banking,2023-06-23 21:12:00,2023-07-12 21:12:00
504442,2023-05-18 23:45:00,1142,P1081,S013,5,0.1,Cash,2023-05-19 02:44:00,2023-06-25 02:44:00
504443,2024-05-29 10:09:00,1300,P1002,S001,5,0.0,Debit Card,2024-05-29 11:09:00,2024-07-20 11:09:00
504444,2023-12-14 09:55:00,1450,P1135,S013,8,0.2,Debit Card,2023-12-14 10:34:00,2024-02-08 10:34:00
504445,2024-11-07 08:31:00,1036,P1129,S019,8,0.15,Net Banking,2024-11-07 08:33:00,2024-12-27 08:33:00
504446,2024-12-10 01:07:00,1193,P1116,S002,4,0.15,CASH,2024-12-10 04:02:00,2024-12-29 04:02:00
504447,2023-10-21 20:21:00,1066,P1129,S023,1,0.0,WALLET,2023-10-21 20:32:00,2023-12-07 20:32:00
504448,2024-09-26 21:04:00,1461,P1009,S021,8,0.05,Debit Card,2024-09-26 23:02:00,2024-10-26 23:02:00
504449,2025-05-17 01:43:00,1212,P1026,S008,5,0.0,Wallet,2025-05-17 02:46:00,2025-05-23 02:46:00
504450,2025-09-25 18:39:00,1351,P1023,S013,5,0.1,Cash,2025-09-25 19:11:00,2025-11-15 19:11:00
504451,2024-10-24 05:31:00,1332,P1046,S023,4,0.05,Net Banking,2024-10-24 06:59:00,2024-11-11 06:59:00
504452,2025-03-29 15:43:00,1472,P1024,S012,1,0.15,Cash,2025-03-29 17:51:00,2025-04-19 17:51:00
504453,2025-12-03 16:04:00,1381,P1120,S004,6,0.1,Cash,2025-12-03 17:32:00,2025-12-25 17:32:00
504454,2025-05-02 02:55:00,1287,P1150,S010,1,0.2,Credit Card,2025-05-02 04:42:00,2025-05-28 04:42:00
504455,2025-05-11 23:15:00,1209,P1004,S011,6,0.1,UPI,2025-05-12 00:54:00,2025-05-28 00:54:00
504456,2025-04-26 03:55:00,1107,P1086,S014,4,0.05,Credit Card,2025-04-26 04:13:00,2025-05-10 04:13:00
504457,2024-06-18 11:59:00,1077,P1096,S013,7,0.0,Net Banking,2024-06-18 12:18:00,2024-07-20 12:18:00
504458,2023-09-21 02:09:00,1220,P1146,S015,5,0.2,Wallet,2023-09-21 04:53:00,2023-11-05 04:53:00
504459,2025-03-05 18:31:00,1270,P1124,S019,7,0.05,UPI,2025-03-05 20:52:00,2025-03-24 20:52:00
504460,2026-03-16 13:59:00,1178,P1042,S016,1,0.1,Wallet,2026-03-16 14:56:00,2026-03-19 14:56:00
504461,2024-02-24 12:36:00,1391,P1089,S019,2,0.15,Debit Card,2024-02-24 13:22:00,2024-03-06 13:22:00
504462,2023-09-30 07:00:00,1248,P1073,S013,1,0.0,Cash,2023-09-30 07:30:00,2023-10-08 07:30:00
504463,2025-03-10 06:06:00,1293,P1129,S014,4,0.15,Wallet,2025-03-10 08:41:00,2025-03-15 08:41:00
504464,2023-02-04 16:23:00,1116,P1100,S001,7,0.05,Credit Card,2023-02-04 19:13:00,2023-02-26 19:13:00
504465,2024-01-30 00:26:00,1214,P1121,S007,6,0.15,Cash,2024-01-30 01:14:00,2024-02-21 01:14:00
504466,2025-02-04 12:39:00,1393,P1134,S010,2,0.0,Debit Card,2025-02-04 13:53:00,2025-02-14 13:53:00
504467,2023-01-18 22:02:00,1382,P1041,S016,4,0.0,Credit Card,2023-01-18 22:57:00,2023-03-13 22:57:00
504468,2023-09-19 09:49:00,1364,P1114,S010,7,0.05,WALLET,2023-09-19 12:03:00,2023-09-30 12:03:00
504469,2024-10-27 04:43:00,1175,P1106,S003,2,0.2,Net Banking,2024-10-27 05:41:00,2024-12-16 05:41:00
504470,2023-11-06 00:15:00,1352,P1110,S022,6,0.2,Wallet,2023-11-06 02:33:00,2023-11-06 02:33:00
504471,2025-04-25 04:42:00,1172,P1052,S021,2,0.0,UPI,2025-04-25 04:59:00,2025-05-30 04:59:00
504472,2023-12-02 16:48:00,1249,P1008,S007,7,0.15,Cash,2023-12-02 17:08:00,2023-12-31 17:08:00
504473,2025-03-16 07:25:00,1481,P1078,S016,3,0.2,UPI,2025-03-16 10:11:00,2025-05-01 10:11:00
504474,2024-05-19 05:26:00,1264,P1072,S011,1,0.05,Credit Card,2024-05-19 06:49:00,2024-06-25 06:49:00
504475,2025-10-03 19:03:00,1340,P1072,S001,4,0.15,Debit Card,2025-10-03 19:47:00,2025-11-14 19:47:00
504476,2024-03-23 11:40:00,1342,P1028,S022,4,0.05,Wallet,2024-03-23 14:36:00,2024-04-04 14:36:00
504477,2024-05-28 23:21:00,1353,P1115,S023,6,0.15,Cash,2024-05-28 23:53:00,2024-07-21 23:53:00
504478,2023-07-20 18:40:00,1417,P1064,S002,6,0.15,Net Banking,2023-07-20 20:07:00,2023-07-23 20:07:00
504479,2025-07-20 17:03:00,1035,P1033,S023,7,0.1,Credit Card,2025-07-20 18:59:00,2025-09-08 18:59:00
504480,2024-08-04 19:18:00,1037,P1129,S012,3,0.2,Net Banking,2024-08-04 21:36:00,2024-09-11 21:36:00
504481,2024-05-02 16:32:00,1003,P1019,S011,2,0.1,Net Banking,2024-05-02 17:15:00,2024-06-29 17:15:00
504482,2025-08-14 14:31:00,1295,P1023,S008,7,0.0,Cash,2025-08-14 16:16:00,2025-08-31 16:16:00
504483,2024-12-21 14:26:00,1261,P1043,S005,7,0.0,Net Banking,2024-12-21 15:54:00,2024-12-29 15:54:00
504484,2024-11-02 21:17:00,1418,P1007,S005,5,0.2,Debit Card,2024-11-02 23:41:00,2024-12-14 23:41:00
504485,2024-08-30 06:42:00,1440,P1082,S015,8,0.15,Cash,2024-08-30 07:47:00,2024-10-16 07:47:00
504486,2023-06-07 23:56:00,1278,P1138,S014,6,0.1,UPI,2023-06-08 00:56:00,2023-08-05 00:56:00
504487,2023-03-11 22:57:00,1047,P1095,S020,6,0.15,Wallet,2023-03-12 01:26:00,2023-05-05 01:26:00
504488,2025-06-27 16:12:00,1107,P1145,S023,6,,Credit Card,2025-06-27 16:48:00,2025-08-26 16:48:00
504489,2025-02-24 00:59:00,1400,P1073,S003,3,0.15,UPI,2025-02-24 01:28:00,2025-04-02 01:28:00
504490,2025-04-30 12:06:00,1168,P1059,S014,1,0.2,Cash,2025-04-30 14:29:00,2025-06-18 14:29:00
504491,2025-12-31 01:59:00,1001,P1036,S001,4,0.05,Net Banking,2025-12-31 03:51:00,2026-01-08 03:51:00
504492,2026-01-29 03:04:00,1389,P1148,S020,7,0.15,Cash,2026-01-29 03:44:00,2026-01-29 03:44:00
504493,2025-05-27 07:28:00,1009,P1052,S021,8,0.05,Debit Card,2025-05-27 08:09:00,2025-07-26 08:09:00
504494,2024-05-27 16:14:00,1216,P1124,S001,8,0.0,Net Banking,2024-05-27 17:50:00,2024-06-19 17:50:00
504495,2023-01-06 11:25:00,1167,P1126,S010,4,0.2,Cash,2023-01-06 14:13:00,2023-03-01 14:13:00
504496,2025-09-28 15:02:00,1201,P1116,S007,4,0.0,Cash,2025-09-28 16:23:00,2025-10-14 16:23:00
504497,2024-05-29 23:38:00,1485,P1088,S009,7,0.2,Wallet,2024-05-29 23:39:00,2024-07-05 23:39:00
504498,2025-12-26 15:47:00,1339,P1013,S025,6,0.2,Net Banking,2025-12-26 16:48:00,2026-02-09 16:48:00
504499,2025-05-28 17:07:00,1083,P1085,S007,2,0.05,Net Banking,2025-05-28 17:21:00,2025-07-21 17:21:00
504500,2023-12-27 13:53:00,1162,P1070,S016,1,0.0,Net Banking,2023-12-27 15:40:00,2024-01-04 15:40:00
504501,2024-11-02 16:03:00,1435,P1024,S025,5,0.15,UPI,2024-11-02 17:21:00,2024-11-02 17:21:00
504502,2024-10-08 19:50:00,1376,P1004,S002,1,0.0,Net Banking,2024-10-08 21:49:00,2024-11-26 21:49:00
504503,2023-04-24 01:28:00,1260,P1082,S009,7,0.15,wallet,2023-04-24 02:21:00,2023-05-27 02:21:00
504504,2024-04-19 20:19:00,1125,P1103,S025,4,0.2,Wallet,2024-04-19 22:26:00,2024-05-07 22:26:00
504505,2023-03-08 17:38:00,1108,P1028,S019,6,0.2,Cash,2023-03-08 18:48:00,2023-03-14 18:48:00
504506,2025-10-16 02:33:00,1056,P1052,S001,6,0.1,Credit Card,2025-10-16 03:29:00,2025-10-25 03:29:00
504507,2026-01-14 20:16:00,1364,P1045,S012,2,,UPI,2026-01-14 23:03:00,2026-03-05 23:03:00
504508,2023-03-27 06:48:00,1154,P1004,S019,5,,Wallet,2023-03-27 08:18:00,2023-05-04 08:18:00
504509,2026-03-28 09:04:00,1290,P1115,S020,1,0.05,Credit Card,2026-03-28 09:50:00,2026-04-17 09:50:00
504510,2024-05-20 17:34:00,1215,P1120,S013,7,0.0,Wallet,2024-05-20 19:28:00,2024-07-02 19:28:00
504511,2025-03-04 05:53:00,1481,P1082,S003,4,0.1,UPI,2025-03-04 08:07:00,2025-04-09 08:07:00
504512,2024-03-11 18:39:00,1112,P1137,S015,5,0.1,Wallet,2024-03-11 20:39:00,2024-04-15 20:39:00
504513,2024-02-03 00:33:00,1101,P1105,S008,3,0.2,Wallet,2024-02-03 00:58:00,2024-03-06 00:58:00
504514,2024-02-23 20:39:00,1230,P1003,S006,7,0.15,Credit Card,2024-02-23 23:34:00,2024-04-15 23:34:00
504515,2025-11-10 05:56:00,1063,P1090,S010,2,0.2,Debit Card,2025-11-10 05:57:00,2025-12-10 05:57:00
504516,2023-08-29 07:14:00,1417,P1121,S017,7,0.0,Debit Card,2023-08-29 07:40:00,2023-09-02 07:40:00
504517,2025-06-15 14:25:00,1037,P1035,S023,3,0.0,Credit Card,2025-06-15 16:20:00,2025-07-16 16:20:00
504518,2023-05-01 04:33:00,1412,P1113,S009,1,0.1,Net Banking,2023-05-01 06:26:00,2023-05-21 06:26:00
504519,2024-01-16 07:43:00,1214,P1004,S013,8,0.15,Net Banking,2024-01-16 07:46:00,2024-01-29 07:46:00
504520,2025-09-14 03:38:00,1137,P1121,S022,3,0.15,Debit Card,2025-09-14 06:22:00,2025-09-24 06:22:00
504521,2024-11-30 14:04:00,1208,P1073,S019,7,0.15,Debit Card,2024-11-30 14:52:00,2025-01-28 14:52:00
504522,2025-01-14 03:44:00,1118,P1116,S012,3,0.1,Cash,2025-01-14 05:03:00,2025-02-03 05:03:00
504523,2024-09-07 09:43:00,1075,P1083,S005,7,0.2,Net Banking,2024-09-07 11:55:00,2024-10-11 11:55:00
504524,2023-04-10 22:07:00,1486,P1027,S025,2,0.0,Debit Card,2023-04-11 00:20:00,2023-05-04 00:20:00
504525,2025-06-05 15:57:00,1119,P1140,S012,2,0.1,Cash,2025-06-05 17:00:00,2025-07-25 17:00:00
504526,2025-05-26 09:47:00,1019,P1095,S002,7,0.2,UPI,2025-05-26 11:34:00,2025-06-26 11:34:00
504527,2026-01-20 06:32:00,1441,P1150,S008,5,0.15,Debit Card,2026-01-20 07:25:00,2026-01-24 07:25:00
504528,2023-05-04 05:48:00,1261,P1110,S002,4,0.1,Wallet,2023-05-04 07:52:00,2023-05-24 07:52:00
504529,2024-12-05 12:12:00,1438,P1053,S025,3,0.05,Debit Card,2024-12-05 15:08:00,2024-12-20 15:08:00
504530,2025-01-06 04:17:00,1028,P1087,S003,6,0.1,Wallet,2025-01-06 05:39:00,2025-02-03 05:39:00
504531,2025-08-21 16:40:00,1099,P1138,S018,1,0.05,Credit Card,2025-08-21 17:14:00,2025-09-15 17:14:00
504532,2024-07-05 21:47:00,1046,P1097,S004,7,0.05,Wallet,2024-07-05 22:24:00,2024-08-03 22:24:00
504533,2025-11-13 20:24:00,1237,P1065,S016,7,0.05,Credit Card,2025-11-13 22:52:00,2026-01-11 22:52:00
504534,2025-08-19 00:13:00,1177,P1072,S016,8,0.05,Cash,2025-08-19 03:08:00,2025-09-23 03:08:00
504535,2025-12-14 03:36:00,1063,P1040,S006,5,0.0,Wallet,2025-12-14 04:24:00,2026-02-10 04:24:00
504536,2023-12-26 22:14:00,1386,P1001,S025,7,0.05,Debit Card,2023-12-26 22:49:00,2024-01-27 22:49:00
504537,2024-05-07 21:37:00,1375,P1025,S017,6,0.1,debit card,2024-05-07 22:41:00,2024-07-01 22:41:00
504538,2025-01-23 08:04:00,1085,P1082,S018,4,0.0,Debit Card,2025-01-23 10:22:00,2025-03-03 10:22:00
504539,2023-01-08 01:56:00,1206,P1058,S001,4,0.05,Net Banking,2023-01-08 02:55:00,2023-01-30 02:55:00
504540,2023-11-05 13:30:00,1342,P1078,S020,1,0.1,Cash,2023-11-05 14:18:00,2023-11-25 14:18:00
504541,2026-01-24 12:23:00,1219,P1129,S019,7,0.05,UPI,2026-01-24 14:16:00,2026-01-30 14:16:00
504542,2024-02-03 04:49:00,1269,P1107,S006,7,0.2,Debit Card,2024-02-03 06:22:00,2024-02-06 06:22:00
504543,2025-03-01 09:40:00,1225,P1099,S002,3,0.05,UPI,2025-03-01 10:33:00,2025-03-20 10:33:00
504544,2026-03-26 05:54:00,1225,P1046,S017,5,0.15,Cash,2026-03-26 07:26:00,2026-04-29 07:26:00
504545,2024-03-13 12:13:00,1104,P1063,S001,5,0.15,UPI,2024-03-13 12:32:00,2024-04-07 12:32:00
504546,2023-07-31 15:10:00,1078,P1132,S025,1,0.05,Credit Card,2023-07-31 16:50:00,2023-09-26 16:50:00
504547,2025-04-09 09:38:00,1423,P1073,S022,8,0.1,Net Banking,2025-04-09 09:50:00,2025-05-11 09:50:00
504548,2023-06-15 20:05:00,1123,P1066,S021,4,0.0,Credit Card,2023-06-15 21:55:00,2023-08-05 21:55:00
504549,2023-07-14 01:45:00,1199,P1106,S008,7,0.15,Credit Card,2023-07-14 04:41:00,2023-07-20 04:41:00
504550,2023-10-22 16:17:00,1163,P1079,S003,5,0.0,Net Banking,2023-10-22 17:49:00,2023-12-14 17:49:00
504551,2024-11-09 14:39:00,1084,P1148,S012,2,0.0,Wallet,2024-11-09 16:15:00,2024-11-18 16:15:00
504552,2023-01-04 16:19:00,1041,P1010,S013,7,0.0,Wallet,2023-01-04 18:33:00,2023-01-31 18:33:00
504553,2023-05-04 05:55:00,1004,P1076,S014,1,0.0,Cash,2023-05-04 07:34:00,2023-06-30 07:34:00
504554,2024-06-20 19:42:00,1262,P1028,S024,7,0.05,Debit Card,2024-06-20 21:07:00,2024-07-02 21:07:00
504555,2024-07-22 02:01:00,1321,P1126,S018,5,0.1,Cash,2024-07-22 03:47:00,2024-08-15 03:47:00
504556,2024-03-28 04:58:00,1179,P1015,S006,5,0.05,Credit Card,2024-03-28 05:17:00,2024-04-24 05:17:00
504557,2025-12-10 18:12:00,1381,P1066,S001,8,,UPI,2025-12-10 19:40:00,2025-12-27 19:40:00
504558,2023-02-01 21:29:00,1265,P1096,S001,3,0.05,Wallet,2023-02-01 22:12:00,2023-03-12 22:12:00
504559,2023-02-22 11:40:00,1218,P1112,S015,2,0.1,Net Banking,2023-02-22 11:47:00,2023-04-16 11:47:00
504560,2024-11-26 07:59:00,1102,P1032,S016,2,0.1,Cash,2024-11-26 08:55:00,2025-01-07 08:55:00
504561,2026-03-23 10:22:00,1415,P1017,S006,3,0.1,Net Banking,2026-03-23 11:27:00,2026-05-09 11:27:00
504562,2023-12-31 05:00:00,1491,P1141,S003,6,0.05,UPI,2023-12-31 05:46:00,2024-02-01 05:46:00
504563,2025-11-08 18:55:00,1072,P1029,S015,7,0.2,UPI,2025-11-08 21:49:00,2025-11-30 21:49:00
504564,2023-09-04 05:26:00,1086,P1086,S002,6,0.0,CASH,2023-09-04 08:01:00,2023-10-01 08:01:00
504565,2024-04-11 22:08:00,1471,P1017,S008,5,0.05,upi,2024-04-11 23:19:00,2024-05-28 23:19:00
504566,2024-05-20 22:48:00,1024,P1044,S016,5,0.2,Cash,2024-05-20 23:31:00,2024-06-12 23:31:00
504567,2023-11-08 07:35:00,1492,P1073,S010,1,0.05,Cash,2023-11-08 08:33:00,2023-12-10 08:33:00
504568,2025-03-15 11:16:00,1300,P1069,S005,6,0.2,UPI,2025-03-15 12:09:00,2025-04-22 12:09:00
504569,2024-01-27 07:01:00,1328,P1066,S004,5,0.2,Cash,2024-01-27 09:14:00,2024-02-22 09:14:00
504570,2024-05-18 04:37:00,1264,P1082,S001,6,0.0,Debit Card,2024-05-18 07:23:00,2024-05-20 07:23:00
504571,2025-11-12 15:42:00,1300,P1008,S011,2,0.2,Credit Card,2025-11-12 16:09:00,2025-12-03 16:09:00
504572,2024-03-08 14:31:00,1031,P1014,S016,5,0.1,Debit Card,2024-03-08 15:14:00,2024-03-14 15:14:00
504573,2025-08-21 18:44:00,1055,P1019,S016,2,0.15,Debit Card,2025-08-21 19:43:00,2025-09-26 19:43:00
504574,2023-01-21 00:12:00,1202,P1136,S022,5,0.2,Cash,2023-01-21 01:17:00,2023-02-12 01:17:00
504575,2024-11-05 21:59:00,1107,P1123,S010,5,0.2,Cash,2024-11-06 00:03:00,2024-12-24 00:03:00
504576,2025-04-09 12:00:00,1113,P1101,S013,1,0.1,Cash,2025-04-09 13:53:00,2025-04-17 13:53:00
504577,2024-06-23 03:09:00,1055,P1140,S001,4,0.15,Net Banking,2024-06-23 03:10:00,2024-07-28 03:10:00
504578,2024-03-07 16:40:00,1431,P1034,S018,5,0.0,Debit Card,2024-03-07 17:19:00,2024-03-29 17:19:00
504579,2024-03-18 18:15:00,1206,P1005,S005,7,0.2,Wallet,2024-03-18 19:48:00,2024-03-25 19:48:00
504580,2024-11-03 15:28:00,1354,P1111,S014,5,0.2,UPI,2024-11-03 17:03:00,2024-11-11 17:03:00
504581,2024-03-20 21:47:00,1101,P1103,S016,2,0.15,Debit Card,2024-03-20 22:12:00,2024-04-16 22:12:00
504582,2023-11-03 08:53:00,1035,P1064,S011,4,0.15,Cash,2023-11-03 11:38:00,2023-12-08 11:38:00
504583,2024-07-02 05:39:00,1388,P1057,S001,4,0.2,DEBIT CARD,2024-07-02 07:50:00,2024-07-16 07:50:00
504584,2024-05-07 19:23:00,1358,P1102,S002,6,0.05,Credit Card,2024-05-07 19:57:00,2024-06-23 19:57:00
504585,2026-02-18 14:56:00,1361,P1008,S003,2,0.1,Net Banking,2026-02-18 15:56:00,2026-03-08 15:56:00
504586,2025-09-28 23:19:00,1140,P1126,S007,8,0.15,UPI,2025-09-29 01:15:00,2025-10-20 01:15:00
504587,2024-07-18 18:39:00,1214,P1118,S018,2,0.2,Debit Card,2024-07-18 18:49:00,2024-08-23 18:49:00
504588,2025-01-16 12:55:00,1246,P1116,S008,7,0.0,UPI,2025-01-16 14:21:00,2025-02-21 14:21:00
504589,2024-02-15 21:16:00,1241,P1053,S013,2,0.0,net banking,2024-02-15 21:21:00,2024-03-07 21:21:00
504590,2023-02-11 09:51:00,1346,P1128,S011,7,0.2,Wallet,2023-02-11 10:19:00,2023-03-28 10:19:00
504591,2024-07-23 06:02:00,1366,P1042,S004,8,0.15,UPI,2024-07-23 08:03:00,2024-09-15 08:03:00
504592,2025-05-19 18:37:00,1164,P1130,S015,3,0.05,Cash,2025-05-19 19:02:00,2025-06-12 19:02:00
504593,2024-05-21 09:48:00,1017,P1068,S018,6,0.15,Net Banking,2024-05-21 10:05:00,2024-05-28 10:05:00
504594,2025-05-09 14:59:00,1075,P1099,S011,8,,Net Banking,2025-05-09 15:27:00,2025-07-08 15:27:00
504595,2023-05-17 17:09:00,1061,P1043,S016,6,0.05,Debit Card,2023-05-17 19:39:00,2023-07-09 19:39:00
504596,2026-03-28 21:37:00,1451,P1104,S001,5,0.0,Wallet,2026-03-28 21:53:00,2026-05-06 21:53:00
504597,2024-12-13 21:35:00,1189,P1050,S015,4,0.0,Wallet,2024-12-13 23:00:00,2025-02-07 23:00:00
504598,2024-07-23 06:29:00,1064,P1136,S011,6,0.2,Cash,2024-07-23 08:15:00,2024-08-05 08:15:00
504599,2025-10-08 00:31:00,1385,P1066,S009,2,0.1,Wallet,2025-10-08 01:02:00,2025-11-04 01:02:00
504600,2024-09-17 00:00:00,1376,P1070,S002,8,0.1,Cash,2024-09-17 00:15:00,2024-11-03 00:15:00
504601,2023-04-03 04:15:00,1373,P1109,S010,1,0.15,Net Banking,2023-04-03 04:46:00,2023-04-06 04:46:00
504602,2025-09-22 05:37:00,1380,P1042,S006,6,0.1,Credit Card,2025-09-22 07:22:00,2025-10-25 07:22:00
504603,2025-07-17 06:47:00,1302,P1125,S019,3,0.1,UPI,2025-07-17 07:55:00,2025-08-02 07:55:00
504604,2025-09-10 22:12:00,1324,P1083,S009,8,0.1,Net Banking,2025-09-10 23:57:00,2025-10-06 23:57:00
504605,2025-08-03 17:44:00,1125,P1124,S003,1,0.1,Credit Card,2025-08-03 20:34:00,2025-09-18 20:34:00
504606,2023-10-20 11:41:00,1408,P1111,S023,8,0.15,UPI,2023-10-20 14:12:00,2023-10-23 14:12:00
504607,2026-02-17 10:12:00,1394,P1028,S016,5,0.05,Wallet,2026-02-17 11:54:00,2026-02-17 11:54:00
504608,2023-02-11 08:03:00,1194,P1016,S002,5,0.0,Credit Card,2023-02-11 08:43:00,2023-03-05 08:43:00
504609,2023-07-23 13:43:00,1254,P1120,S012,3,0.15,UPI,2023-07-23 15:24:00,2023-09-15 15:24:00
504610,2025-06-15 03:09:00,1362,P1120,S004,8,0.15,Credit Card,2025-06-15 05:03:00,2025-07-21 05:03:00
504611,2024-10-29 00:26:00,1357,P1118,S006,1,0.1,Credit Card,2024-10-29 01:41:00,2024-11-09 01:41:00
504612,2025-11-14 17:40:00,1466,P1105,S015,7,0.05,Credit Card,2025-11-14 18:05:00,2025-12-15 18:05:00
504613,2025-06-16 01:09:00,1127,P1019,S013,4,0.2,UPI,2025-06-16 02:38:00,2025-07-05 02:38:00
504614,2024-10-14 16:19:00,1454,P1124,S005,6,0.15,UPI,2024-10-14 18:06:00,2024-10-31 18:06:00
504615,2024-08-02 12:51:00,1263,P1041,S021,1,0.05,Cash,2024-08-02 14:50:00,2024-09-28 14:50:00
504616,2023-02-13 12:44:00,1364,P1090,S002,3,0.15,UPI,2023-02-13 13:11:00,2023-03-05 13:11:00
504617,2024-05-01 08:01:00,1446,P1121,S008,2,0.05,Credit Card,2024-05-01 11:00:00,2024-06-09 11:00:00
504618,2023-04-24 22:27:00,1223,P1104,S011,5,0.0,debit card,2023-04-25 00:05:00,2023-05-23 00:05:00
504619,2024-04-24 23:40:00,1081,P1030,S023,7,0.2,Debit Card,2024-04-25 00:25:00,2024-05-12 00:25:00
504620,2024-03-29 10:14:00,1484,P1129,S024,7,0.0,Cash,2024-03-29 13:13:00,2024-04-08 13:13:00
504621,2026-01-31 21:00:00,1456,P1018,S008,1,0.1,Cash,2026-01-31 22:33:00,2026-03-07 22:33:00
504622,2024-04-04 05:07:00,1398,P1114,S018,7,,Debit Card,2024-04-04 06:04:00,2024-04-28 06:04:00
504623,2024-11-11 11:08:00,1162,P1031,S001,8,0.0,Wallet,2024-11-11 12:52:00,2024-11-18 12:52:00
504624,2024-12-13 21:23:00,1187,P1041,S020,6,0.0,Net Banking,2024-12-13 23:30:00,2024-12-13 23:30:00
504625,2025-03-27 17:31:00,1048,P1033,S025,4,0.1,Wallet,2025-03-27 18:39:00,2025-04-14 18:39:00
504626,2026-01-23 18:27:00,1478,P1082,S018,7,0.2,Credit Card,2026-01-23 21:14:00,2026-02-03 21:14:00
504627,2025-03-28 07:20:00,1018,P1099,S021,3,0.1,Wallet,2025-03-28 09:10:00,2025-03-29 09:10:00
504628,2024-12-09 02:23:00,1410,P1115,S023,6,0.0,Net Banking,2024-12-09 02:45:00,2025-01-08 02:45:00
504629,2024-02-16 15:56:00,1302,P1086,S007,2,0.05,Cash,2024-02-16 18:09:00,2024-03-03 18:09:00
504630,2024-02-10 08:48:00,1445,P1086,S017,1,0.0,Net Banking,2024-02-10 09:52:00,2024-04-01 09:52:00
504631,2025-10-05 13:44:00,1102,P1069,S014,2,0.15,Debit Card,2025-10-05 14:24:00,2025-10-12 14:24:00
504632,2025-02-10 02:20:00,1359,P1111,S025,6,0.05,Credit Card,2025-02-10 02:58:00,2025-04-11 02:58:00
504633,2023-10-17 04:54:00,1134,P1116,S002,2,0.0,UPI,2023-10-17 07:46:00,2023-12-06 07:46:00
504634,2024-07-06 16:44:00,1299,P1114,S003,5,0.0,Net Banking,2024-07-06 17:11:00,2024-07-16 17:11:00
504635,2024-05-29 07:28:00,1342,P1031,S005,7,0.2,UPI,2024-05-29 08:45:00,2024-07-03 08:45:00
504636,2025-09-25 19:15:00,1008,P1134,S001,6,0.2,Net Banking,2025-09-25 19:17:00,2025-11-10 19:17:00
504637,2023-01-25 10:54:00,1261,P1011,S018,2,0.1,UPI,2023-01-25 13:41:00,2023-03-24 13:41:00
504638,2024-01-30 06:18:00,1018,P1142,S024,2,0.0,Debit Card,2024-01-30 06:24:00,2024-02-20 06:24:00
504639,2025-02-10 22:14:00,1266,P1111,S019,1,0.05,UPI,2025-02-10 23:41:00,2025-03-23 23:41:00
504640,2024-04-28 02:06:00,1213,P1146,S010,7,0.0,Credit Card,2024-04-28 03:51:00,2024-06-11 03:51:00
504641,2023-06-03 05:58:00,1221,P1115,S014,5,0.05,Net Banking,2023-06-03 07:12:00,2023-07-30 07:12:00
504642,2023-08-24 04:45:00,1373,P1089,S019,4,,Credit Card,2023-08-24 07:40:00,2023-10-09 07:40:00
504643,2023-04-16 14:52:00,1261,P1144,S009,6,0.2,UPI,2023-04-16 16:00:00,2023-05-25 16:00:00
504644,2023-12-19 12:00:00,1001,P1063,S008,2,0.1,Wallet,2023-12-19 14:28:00,2023-12-28 14:28:00
504645,2025-06-05 11:26:00,1254,P1031,S025,7,0.15,Debit Card,2025-06-05 14:21:00,2025-06-27 14:21:00
504646,2025-10-02 16:40:00,1012,P1074,S019,6,0.0,Debit Card,2025-10-02 17:04:00,2025-10-15 17:04:00
504647,2024-04-26 16:36:00,1203,P1075,S021,2,0.15,Debit Card,2024-04-26 19:28:00,2024-06-13 19:28:00
504648,2024-12-21 01:33:00,1449,P1145,S011,4,0.05,Credit Card,2024-12-21 03:11:00,2024-12-30 03:11:00
504649,2024-04-08 00:30:00,1458,P1142,S016,7,0.1,UPI,2024-04-08 01:07:00,2024-04-25 01:07:00
504650,2024-01-17 13:06:00,1444,P1146,S012,6,0.15,Debit Card,2024-01-17 14:01:00,2024-02-28 14:01:00
504651,2024-10-18 17:25:00,1382,P1004,S023,6,0.2,Credit Card,2024-10-18 17:55:00,2024-11-19 17:55:00
504652,2026-03-26 07:19:00,1113,P1095,S009,5,0.05,Wallet,2026-03-26 07:28:00,2026-04-28 07:28:00
504653,2025-08-28 16:33:00,1280,P1131,S004,3,0.0,cash,2025-08-28 18:03:00,2025-10-03 18:03:00
504654,2025-02-23 11:24:00,1092,P1095,S022,7,0.05,Cash,2025-02-23 14:00:00,2025-03-07 14:00:00
504655,2025-06-11 22:10:00,1213,P1138,S008,2,0.05,Cash,2025-06-11 22:45:00,2025-06-26 22:45:00
504656,2024-11-28 07:57:00,1273,P1053,S020,6,0.1,Wallet,2024-11-28 09:02:00,2024-12-05 09:02:00
504657,2025-08-21 17:52:00,1464,P1035,S017,1,0.0,Cash,2025-08-21 18:00:00,2025-08-31 18:00:00
504658,2025-10-15 02:43:00,1067,P1145,S010,6,0.0,Credit Card,2025-10-15 02:49:00,2025-11-10 02:49:00
504659,2025-03-02 21:48:00,1137,P1117,S008,6,0.05,Debit Card,2025-03-03 00:14:00,2025-03-21 00:14:00
504660,2023-07-15 20:18:00,1319,P1019,S001,4,0.05,Credit Card,2023-07-15 23:16:00,2023-07-30 23:16:00
504661,2023-09-11 16:27:00,1219,P1120,S019,1,0.15,Cash,2023-09-11 19:16:00,2023-10-28 19:16:00
504662,2025-09-23 23:16:00,1331,P1035,S025,1,0.0,UPI,2025-09-24 01:16:00,2025-10-24 01:16:00
504663,2023-05-06 09:00:00,1261,P1065,S008,8,0.2,Credit Card,2023-05-06 11:21:00,2023-05-20 11:21:00
504664,2025-03-18 00:50:00,1280,P1115,S016,8,0.2,Debit Card,2025-03-18 01:11:00,2025-04-28 01:11:00
504665,2024-03-30 06:55:00,1069,P1084,S007,4,0.2,Credit Card,2024-03-30 08:07:00,2024-04-08 08:07:00
504666,2023-10-02 08:08:00,1392,P1127,S016,8,0.05,Cash,2023-10-02 09:40:00,2023-11-27 09:40:00
504667,2025-07-23 08:23:00,1174,P1013,S006,2,0.2,Net Banking,2025-07-23 10:17:00,2025-09-04 10:17:00
504668,2024-12-06 05:05:00,1474,P1073,S017,5,0.15,UPI,2024-12-06 05:30:00,2025-02-03 05:30:00
504669,2024-04-10 22:24:00,1118,P1150,S013,8,0.2,Net Banking,2024-04-10 23:12:00,2024-05-13 23:12:00
504670,2024-09-01 05:51:00,1384,P1074,S015,6,0.2,net banking,2024-09-01 05:55:00,2024-10-19 05:55:00
504671,2024-05-20 11:42:00,1305,P1080,S015,8,0.0,Cash,2024-05-20 13:50:00,2024-07-09 13:50:00
504672,2026-03-26 22:46:00,1302,P1046,S017,6,0.05,Credit Card,2026-03-26 23:48:00,2026-05-08 23:48:00
504673,2023-04-22 04:59:00,1209,P1021,S014,8,0.2,Debit Card,2023-04-22 06:20:00,2023-05-11 06:20:00
504674,2025-04-22 23:28:00,1269,P1018,S017,7,0.05,Wallet,2025-04-23 02:13:00,2025-05-21 02:13:00
504675,2025-04-28 23:58:00,1116,P1147,S011,5,0.1,Net Banking,2025-04-29 00:18:00,2025-06-23 00:18:00
504676,2023-10-04 22:04:00,1287,P1086,S024,8,0.05,Credit Card,2023-10-04 22:33:00,2023-11-18 22:33:00
504677,2024-11-11 20:03:00,1144,P1118,S007,8,0.15,Net Banking,2024-11-11 20:25:00,2024-12-20 20:25:00
504678,2025-05-15 04:25:00,1259,P1150,S013,6,0.1,Net Banking,2025-05-15 07:17:00,2025-05-27 07:17:00
504679,2025-10-07 21:29:00,1363,P1123,S018,3,0.05,UPI,2025-10-07 23:54:00,2025-10-12 23:54:00
504680,2023-04-01 17:45:00,1012,P1008,S004,5,0.05,Net Banking,2023-04-01 20:30:00,2023-04-08 20:30:00
504681,2025-04-15 21:26:00,1203,P1047,S011,2,0.1,Cash,2025-04-15 23:58:00,2025-04-18 23:58:00
504682,2024-10-24 18:21:00,1444,P1150,S025,1,0.2,Wallet,2024-10-24 18:48:00,2024-11-09 18:48:00
504683,2025-03-25 14:06:00,1402,P1004,S022,1,0.0,Wallet,2025-03-25 16:47:00,2025-05-08 16:47:00
504684,2024-06-27 20:22:00,1248,P1047,S009,3,0.05,Cash,2024-06-27 22:33:00,2024-08-10 22:33:00
504685,2024-08-23 23:44:00,1217,P1090,S023,3,0.2,Debit Card,2024-08-24 02:14:00,2024-09-18 02:14:00
504686,2025-11-23 06:54:00,1177,P1030,S015,2,0.2,Cash,2025-11-23 07:05:00,2026-01-22 07:05:00
504687,2023-11-15 23:21:00,1335,P1056,S009,4,0.05,Debit Card,2023-11-15 23:37:00,2023-11-26 23:37:00
504688,2024-04-20 13:29:00,1230,P1124,S016,8,0.05,Debit Card,2024-04-20 15:04:00,2024-06-02 15:04:00
504689,2023-09-24 12:51:00,1438,P1124,S011,1,0.05,Wallet,2023-09-24 14:16:00,2023-10-28 14:16:00
504690,2023-05-23 00:19:00,1225,P1024,S009,1,0.15,Cash,2023-05-23 03:04:00,2023-06-29 03:04:00
504691,2023-06-03 20:57:00,1094,P1131,S001,7,0.0,WALLET,2023-06-03 23:52:00,2023-07-13 23:52:00
504692,2026-03-26 19:02:00,1136,P1101,S013,7,0.2,Cash,2026-03-26 21:05:00,2026-05-18 21:05:00
504693,2024-07-13 15:09:00,1062,P1044,S010,4,0.1,Cash,2024-07-13 15:32:00,2024-08-11 15:32:00
504694,2025-05-16 16:42:00,1377,P1013,S007,3,0.1,Credit Card,2025-05-16 17:44:00,2025-07-05 17:44:00
504695,2025-03-03 18:23:00,1186,P1084,S018,8,0.15,Cash,2025-03-03 18:59:00,2025-04-28 18:59:00
504696,2024-02-28 10:46:00,1497,P1144,S025,2,0.0,wallet,2024-02-28 10:48:00,2024-03-29 10:48:00
504697,2025-10-19 05:33:00,1335,P1077,S015,7,0.1,Wallet,2025-10-19 08:29:00,2025-11-02 08:29:00
504698,2025-04-30 23:43:00,1349,P1097,S003,5,0.2,Wallet,2025-05-01 00:01:00,2025-05-12 00:01:00
504699,2024-02-24 21:25:00,1122,P1028,S025,7,0.05,Cash,2024-02-25 00:16:00,2024-04-24 00:16:00
504700,2024-11-14 12:44:00,1115,P1149,S025,1,0.2,Debit Card,2024-11-14 14:00:00,2024-11-30 14:00:00
504701,2023-05-11 20:38:00,1456,P1103,S007,1,0.0,Wallet,2023-05-11 22:04:00,2023-06-05 22:04:00
504702,2025-03-17 06:24:00,1474,P1031,S002,6,0.0,Cash,2025-03-17 07:01:00,2025-05-01 07:01:00
504703,2024-06-14 01:28:00,1446,P1015,S010,2,0.0,Credit Card,2024-06-14 03:38:00,2024-07-13 03:38:00
504704,2025-01-15 06:55:00,1244,P1064,S020,7,0.1,Credit Card,2025-01-15 09:51:00,2025-03-02 09:51:00
504705,2025-09-15 20:56:00,1411,P1082,S019,7,0.15,Cash,2025-09-15 21:37:00,2025-11-02 21:37:00
504706,2025-08-18 22:03:00,1153,P1133,S019,1,0.15,UPI,2025-08-18 23:28:00,2025-09-10 23:28:00
504707,2024-01-09 22:37:00,1312,P1025,S011,5,0.2,Credit Card,2024-01-10 01:11:00,2024-02-03 01:11:00
504708,2025-09-06 00:03:00,1294,P1064,S007,2,0.05,Credit Card,2025-09-06 02:51:00,2025-09-14 02:51:00
504709,2025-03-11 16:36:00,1418,P1068,S014,1,0.05,UPI,2025-03-11 17:25:00,2025-04-10 17:25:00
504710,2024-05-26 13:48:00,1275,P1074,S003,6,0.15,Cash,2024-05-26 16:07:00,2024-07-19 16:07:00
504711,2023-06-21 22:08:00,1270,P1069,S006,6,0.0,Wallet,2023-06-22 00:43:00,2023-06-26 00:43:00
504712,2024-12-24 13:48:00,1224,P1094,S011,3,0.05,Credit Card,2024-12-24 14:09:00,2025-01-23 14:09:00
504713,2025-01-24 11:56:00,1280,P1083,S018,8,0.0,Cash,2025-01-24 12:29:00,2025-03-09 12:29:00
504714,2024-02-04 00:50:00,1394,P1038,S018,3,0.2,Credit Card,2024-02-04 03:40:00,2024-02-13 03:40:00
504715,2024-04-27 11:09:00,1225,P1135,S020,8,0.0,Debit Card,2024-04-27 13:28:00,2024-06-20 13:28:00
504716,2024-02-02 11:51:00,1210,P1077,S016,3,0.15,Net Banking,2024-02-02 14:24:00,2024-03-14 14:24:00
504717,2024-09-26 23:31:00,1142,P1093,S011,1,0.15,Wallet,2024-09-27 00:39:00,2024-10-23 00:39:00
504718,2023-11-06 16:15:00,1006,P1032,S018,6,0.0,Net Banking,2023-11-06 16:41:00,2023-12-24 16:41:00
504719,2026-01-23 01:59:00,1162,P1104,S024,5,0.1,UPI,2026-01-23 04:17:00,2026-02-22 04:17:00
504720,2024-11-24 17:07:00,1164,P1136,S001,2,0.0,Net Banking,2024-11-24 19:53:00,2024-11-24 19:53:00
504721,2026-02-12 21:52:00,1305,P1126,S009,5,0.15,Cash,2026-02-12 23:39:00,2026-03-15 23:39:00
504722,2023-06-12 18:13:00,1416,P1141,S014,7,0.05,Cash,2023-06-12 20:07:00,2023-07-16 20:07:00
504723,2024-08-28 12:48:00,1480,P1057,S008,5,0.15,Cash,2024-08-28 14:12:00,2024-09-12 14:12:00
504724,2024-07-20 23:36:00,1102,P1123,S019,3,0.05,WALLET,2024-07-21 01:20:00,2024-08-04 01:20:00
504725,2025-05-31 05:32:00,1474,P1020,S012,1,0.05,Credit Card,2025-05-31 06:01:00,2025-07-09 06:01:00
504726,2025-09-20 09:13:00,1328,P1128,S008,5,0.1,upi,2025-09-20 11:33:00,2025-11-15 11:33:00
504727,2024-10-23 05:07:00,1005,P1082,S021,1,0.1,Cash,2024-10-23 07:40:00,2024-11-10 07:40:00
504728,2023-09-25 13:01:00,1443,P1145,S014,3,0.2,UPI,2023-09-25 15:40:00,2023-10-25 15:40:00
504729,2024-07-06 11:37:00,1121,P1105,S013,1,0.2,Net Banking,2024-07-06 13:41:00,2024-08-03 13:41:00
504730,2024-10-11 18:07:00,1048,P1113,S025,5,0.15,Wallet,2024-10-11 20:42:00,2024-11-15 20:42:00
504731,2024-04-19 12:27:00,1315,P1113,S021,6,0.2,Cash,2024-04-19 14:00:00,2024-05-02 14:00:00
504732,2024-09-05 16:47:00,1349,P1089,S021,6,0.15,UPI,2024-09-05 19:19:00,2024-10-18 19:19:00
504733,2024-05-16 03:51:00,1275,P1065,S009,5,0.2,Cash,2024-05-16 06:32:00,2024-06-24 06:32:00
504734,2023-05-13 13:15:00,1093,P1087,S016,5,0.15,Cash,2023-05-13 15:39:00,2023-06-02 15:39:00
504735,2025-09-16 08:15:00,1081,P1021,S005,4,0.2,Debit Card,2025-09-16 10:07:00,2025-10-26 10:07:00
504736,2025-11-21 14:28:00,1463,P1019,S020,2,0.2,Net Banking,2025-11-21 16:02:00,2025-12-15 16:02:00
504737,2025-11-29 15:21:00,1304,P1138,S008,3,0.05,NET BANKING,2025-11-29 16:56:00,2025-12-30 16:56:00
504738,2023-03-24 20:49:00,1031,P1083,S019,1,0.1,Debit Card,2023-03-24 20:56:00,2023-05-21 20:56:00
504739,2024-12-19 23:07:00,1195,P1083,S018,6,0.1,UPI,2024-12-20 00:59:00,2025-01-03 00:59:00
504740,2024-10-22 23:36:00,1115,P1071,S010,3,0.1,Cash,2024-10-22 23:53:00,2024-11-27 23:53:00
504741,2023-09-15 21:47:00,1069,P1049,S020,4,0.05,upi,2023-09-15 23:47:00,2023-09-21 23:47:00
504742,2025-04-12 10:15:00,1450,P1050,S023,6,0.2,Cash,2025-04-12 11:06:00,2025-05-05 11:06:00
504743,2024-10-04 18:42:00,1293,P1102,S006,3,0.0,Net Banking,2024-10-04 21:00:00,2024-10-05 21:00:00
504744,2025-04-06 00:33:00,1251,P1084,S021,8,0.2,Wallet,2025-04-06 02:38:00,2025-05-11 02:38:00
504745,2026-02-04 04:49:00,1244,P1049,S015,7,0.05,UPI,2026-02-04 07:48:00,2026-03-26 07:48:00
504746,2025-08-18 14:14:00,1417,P1132,S024,4,0.15,Cash,2025-08-18 16:42:00,2025-09-28 16:42:00
504747,2025-04-23 00:36:00,1292,P1128,S017,6,0.1,UPI,2025-04-23 02:43:00,2025-06-04 02:43:00
504748,2023-04-24 21:41:00,1187,P1012,S015,3,0.2,Cash,2023-04-24 22:55:00,2023-05-11 22:55:00
504749,2023-11-18 19:57:00,1042,P1005,S015,4,0.05,Wallet,2023-11-18 20:03:00,2023-12-31 20:03:00
504750,2023-10-30 12:22:00,1265,P1041,S012,5,0.15,Credit Card,2023-10-30 12:59:00,2023-11-27 12:59:00
504751,2023-02-02 10:39:00,1041,P1090,S014,8,0.0,UPI,2023-02-02 11:56:00,2023-03-16 11:56:00
504752,2025-07-28 14:20:00,1283,P1114,S006,5,0.1,net banking,2025-07-28 15:12:00,2025-09-03 15:12:00
504753,2023-07-05 22:56:00,1434,P1142,S015,1,0.2,Wallet,2023-07-06 01:27:00,2023-08-25 01:27:00
504754,2025-10-22 09:00:00,1365,P1081,S025,4,0.2,UPI,2025-10-22 11:06:00,2025-11-12 11:06:00
504755,2025-01-16 06:47:00,1317,P1123,S005,7,0.2,Credit Card,2025-01-16 08:27:00,2025-02-06 08:27:00
504756,2025-01-29 01:49:00,1358,P1007,S012,2,0.05,UPI,2025-01-29 03:45:00,2025-03-17 03:45:00
504757,2025-04-17 19:26:00,1034,P1033,S018,2,0.1,Cash,2025-04-17 21:20:00,2025-04-28 21:20:00
504758,2026-01-26 07:35:00,1015,P1047,S016,6,0.05,Cash,2026-01-26 09:30:00,2026-03-17 09:30:00
504759,2026-03-11 17:49:00,1148,P1147,S006,5,0.0,Credit Card,2026-03-11 18:28:00,2026-03-18 18:28:00
504760,2025-08-26 03:30:00,1446,P1110,S023,4,0.2,UPI,2025-08-26 04:31:00,2025-08-26 04:31:00
504761,2025-12-19 11:33:00,1209,P1144,S009,4,0.15,Net Banking,2025-12-19 12:28:00,2025-12-21 12:28:00
504762,2023-09-11 13:28:00,1275,P1102,S014,6,0.15,UPI,2023-09-11 14:09:00,2023-09-23 14:09:00
504763,2025-03-28 15:30:00,1180,P1145,S012,8,0.05,Wallet,2025-03-28 17:05:00,2025-05-26 17:05:00
504764,2024-10-31 09:06:00,1484,P1114,S016,3,0.1,UPI,2024-10-31 09:06:00,2024-11-20 09:06:00
504765,2024-08-24 01:11:00,1423,P1137,S021,2,0.0,Wallet,2024-08-24 02:35:00,2024-10-07 02:35:00
504766,2026-01-12 10:51:00,1230,P1039,S007,6,0.15,Net Banking,2026-01-12 12:14:00,2026-02-14 12:14:00
504767,2024-08-20 11:50:00,1077,P1012,S017,1,0.05,Debit Card,2024-08-20 13:50:00,2024-09-29 13:50:00
504768,2023-08-22 00:50:00,1190,P1016,S015,5,0.2,Credit Card,2023-08-22 02:03:00,2023-08-27 02:03:00
504769,2023-08-28 12:24:00,1344,P1031,S014,2,0.0,Debit Card,2023-08-28 12:27:00,2023-09-30 12:27:00
504770,2025-01-21 20:24:00,1119,P1073,S001,5,0.15,Wallet,2025-01-21 22:15:00,2025-01-26 22:15:00
504771,2024-12-30 01:02:00,1425,P1080,S011,5,0.0,Wallet,2024-12-30 01:12:00,2025-02-23 01:12:00
504772,2026-02-08 18:08:00,1245,P1006,S013,1,0.15,Debit Card,2026-02-08 18:41:00,2026-03-20 18:41:00
504773,2024-09-22 19:15:00,1333,P1090,S024,1,0.05,Wallet,2024-09-22 20:40:00,2024-10-19 20:40:00
504774,2025-03-17 06:35:00,1150,P1125,S005,3,0.1,Debit Card,2025-03-17 07:30:00,2025-04-11 07:30:00
504775,2024-10-28 16:58:00,1020,P1135,S024,4,0.05,Debit Card,2024-10-28 17:22:00,2024-11-28 17:22:00
504776,2023-05-13 09:55:00,1095,P1067,S009,7,0.15,Wallet,2023-05-13 12:39:00,2023-06-24 12:39:00
504777,2024-05-22 21:38:00,1021,P1009,S009,6,0.05,Net Banking,2024-05-22 21:47:00,2024-07-10 21:47:00
504778,2026-01-28 00:17:00,1462,P1141,S025,7,0.15,Wallet,2026-01-28 03:16:00,2026-03-24 03:16:00
504779,2023-12-06 10:06:00,1352,P1148,S013,2,,UPI,2023-12-06 11:23:00,2023-12-06 11:23:00
504780,2026-03-02 18:32:00,1038,P1128,S001,2,,Cash,2026-03-02 20:26:00,2026-03-15 20:26:00
504781,2025-12-28 17:06:00,1010,P1059,S021,5,0.15,Net Banking,2025-12-28 18:03:00,2026-02-23 18:03:00
504782,2023-08-11 21:11:00,1187,P1014,S004,7,0.1,Debit Card,2023-08-11 23:31:00,2023-08-17 23:31:00
504783,2024-06-18 13:24:00,1225,P1060,S004,3,0.1,Credit Card,2024-06-18 14:03:00,2024-07-11 14:03:00
504784,2025-05-13 03:08:00,1304,P1129,S015,7,0.05,Credit Card,2025-05-13 05:00:00,2025-06-07 05:00:00
504785,2024-12-27 15:50:00,1483,P1080,S016,5,0.1,UPI,2024-12-27 18:33:00,2025-02-02 18:33:00
504786,2026-02-11 01:40:00,1259,P1116,S004,8,0.05,Wallet,2026-02-11 04:04:00,2026-03-24 04:04:00
504787,2024-03-27 02:48:00,1254,P1025,S014,1,0.1,Credit Card,2024-03-27 04:14:00,2024-05-15 04:14:00
504788,2025-02-22 02:16:00,1045,P1107,S011,1,0.1,Debit Card,2025-02-22 03:20:00,2025-03-22 03:20:00
504789,2023-08-03 11:11:00,1146,P1089,S022,3,0.2,Cash,2023-08-03 13:01:00,2023-08-19 13:01:00
504790,2024-08-08 23:23:00,1338,P1147,S004,4,0.15,Net Banking,2024-08-09 00:28:00,2024-08-14 00:28:00
504791,2023-04-02 08:38:00,1425,P1110,S005,1,0.2,Credit Card,2023-04-02 10:47:00,2023-05-03 10:47:00
504792,2026-01-26 06:28:00,1201,P1084,S024,3,0.1,Credit Card,2026-01-26 07:31:00,2026-03-05 07:31:00
504793,2025-08-31 21:26:00,1411,P1125,S010,2,0.1,Cash,2025-08-31 21:26:00,2025-10-15 21:26:00
504794,2024-06-19 08:00:00,1356,P1032,S007,6,0.05,Debit Card,2024-06-19 08:43:00,2024-07-16 08:43:00
504795,2023-11-14 10:22:00,1045,P1143,S007,3,0.15,Wallet,2023-11-14 11:49:00,2023-12-08 11:49:00
504796,2023-11-09 02:13:00,1481,P1032,S023,6,0.1,UPI,2023-11-09 04:29:00,2023-11-25 04:29:00
504797,2023-01-19 18:42:00,1477,P1034,S021,6,0.05,CASH,2023-01-19 20:12:00,2023-02-05 20:12:00
504798,2024-11-25 00:23:00,1278,P1129,S021,1,0.2,Debit Card,2024-11-25 02:05:00,2025-01-21 02:05:00
504799,2025-12-12 05:44:00,1081,P1121,S003,3,0.15,Credit Card,2025-12-12 05:47:00,2026-01-09 05:47:00
504800,2024-02-25 09:02:00,1095,P1055,S016,2,0.05,Credit Card,2024-02-25 11:59:00,2024-04-07 11:59:00
504801,2025-04-12 15:10:00,1125,P1040,S014,3,0.15,Cash,2025-04-12 17:05:00,2025-04-27 17:05:00
504802,2025-05-29 14:18:00,1315,P1086,S017,2,0.2,Wallet,2025-05-29 16:09:00,2025-07-24 16:09:00
504803,2024-08-22 12:34:00,1362,P1118,S025,5,0.2,Wallet,2024-08-22 14:28:00,2024-10-01 14:28:00
504804,2023-11-06 18:18:00,1313,P1050,S003,4,0.15,Cash,2023-11-06 19:26:00,2023-12-14 19:26:00
504805,2024-12-10 20:56:00,1444,P1104,S014,5,0.2,UPI,2024-12-10 23:02:00,2024-12-20 23:02:00
504806,2024-11-07 07:25:00,1460,P1113,S021,4,0.05,UPI,2024-11-07 10:11:00,2024-12-04 10:11:00
504807,2024-01-27 02:25:00,1366,P1053,S004,8,0.15,Net Banking,2024-01-27 02:56:00,2024-03-24 02:56:00
504808,2023-01-31 10:15:00,1469,P1054,S018,4,0.05,Credit Card,2023-01-31 11:32:00,2023-02-02 11:32:00
504809,2023-07-28 20:20:00,1455,P1025,S017,1,0.0,cash,2023-07-28 23:10:00,2023-09-26 23:10:00
504810,2025-04-04 08:34:00,1128,P1109,S005,1,0.0,Net Banking,2025-04-04 08:36:00,2025-04-14 08:36:00
504811,2024-03-30 16:33:00,1469,P1094,S007,2,0.0,Debit Card,2024-03-30 19:30:00,2024-05-16 19:30:00
504812,2024-07-19 21:57:00,1248,P1140,S004,6,0.15,Credit Card,2024-07-19 22:58:00,2024-08-24 22:58:00
504813,2024-06-16 02:55:00,1412,P1022,S001,7,0.15,UPI,2024-06-16 04:16:00,2024-07-23 04:16:00
504814,2025-10-21 13:54:00,1367,P1098,S012,1,0.1,Cash,2025-10-21 14:40:00,2025-11-05 14:40:00
504815,2023-03-19 04:26:00,1415,P1037,S010,8,0.2,Wallet,2023-03-19 07:13:00,2023-03-30 07:13:00
504816,2023-09-27 04:59:00,1327,P1141,S023,3,0.15,Wallet,2023-09-27 06:25:00,2023-10-03 06:25:00
504817,2023-07-23 07:21:00,1065,P1017,S002,5,0.0,UPI,2023-07-23 07:32:00,2023-08-18 07:32:00
504818,2024-10-23 15:54:00,1298,P1128,S021,1,0.15,Credit Card,2024-10-23 18:31:00,2024-12-18 18:31:00
504819,2025-12-08 02:02:00,1245,P1091,S006,7,0.2,Cash,2025-12-08 04:26:00,2026-01-16 04:26:00
504820,2025-05-06 11:03:00,1215,P1142,S003,7,0.2,Wallet,2025-05-06 13:19:00,2025-05-19 13:19:00
504821,2023-12-02 03:18:00,1489,P1058,S016,4,0.0,Net Banking,2023-12-02 03:28:00,2023-12-30 03:28:00
504822,2025-07-17 02:59:00,1102,P1149,S001,4,0.2,UPI,2025-07-17 04:10:00,2025-09-03 04:10:00
504823,2023-11-14 00:58:00,1433,P1101,S006,7,0.0,Cash,2023-11-14 01:11:00,2023-12-05 01:11:00
504824,2023-01-15 20:11:00,1146,P1127,S010,6,0.15,Net Banking,2023-01-15 22:57:00,2023-03-15 22:57:00
504825,2025-12-07 22:34:00,1088,P1017,S008,3,0.15,Credit Card,2025-12-08 00:49:00,2026-01-16 00:49:00
504826,2025-12-27 03:56:00,1090,P1040,S020,4,0.05,Credit Card,2025-12-27 05:20:00,2026-02-25 05:20:00
504827,2026-03-23 14:42:00,1494,P1084,S009,1,0.0,Debit Card,2026-03-23 17:35:00,2026-04-03 17:35:00
504828,2024-05-24 17:43:00,1395,P1095,S010,4,0.0,Net Banking,2024-05-24 18:58:00,2024-06-24 18:58:00
504829,2026-01-04 12:50:00,1308,P1069,S015,1,0.0,Cash,2026-01-04 14:09:00,2026-01-27 14:09:00
504830,2026-03-21 05:47:00,1220,P1056,S013,7,0.2,Net Banking,2026-03-21 06:56:00,2026-05-08 06:56:00
504831,2024-05-10 15:53:00,1327,P1094,S021,1,0.1,Debit Card,2024-05-10 17:22:00,2024-06-02 17:22:00
504832,2026-01-19 07:34:00,1020,P1004,S024,8,0.15,UPI,2026-01-19 09:40:00,2026-02-11 09:40:00
504833,2023-04-22 23:12:00,1405,P1038,S004,2,0.05,Debit Card,2023-04-22 23:41:00,2023-05-20 23:41:00
504834,2025-10-21 00:18:00,1122,P1029,S025,6,0.15,Net Banking,2025-10-21 01:07:00,2025-11-03 01:07:00
504835,2025-05-11 08:01:00,1043,P1080,S013,1,0.0,Net Banking,2025-05-11 08:30:00,2025-05-14 08:30:00
504836,2024-02-14 06:20:00,1435,P1112,S006,3,0.15,UPI,2024-02-14 07:07:00,2024-02-14 07:07:00
504837,2026-03-07 06:04:00,1142,P1034,S025,7,0.15,Credit Card,2026-03-07 07:43:00,2026-04-23 07:43:00
504838,2024-04-18 03:24:00,1027,P1141,S005,4,0.0,UPI,2024-04-18 03:48:00,2024-05-06 03:48:00
504839,2023-05-11 15:05:00,1062,P1150,S010,6,0.15,Wallet,2023-05-11 18:01:00,2023-06-08 18:01:00
504840,2024-05-27 01:21:00,1341,P1147,S012,1,0.2,UPI,2024-05-27 01:49:00,2024-07-04 01:49:00
504841,2023-01-24 00:53:00,1395,P1113,S008,6,0.05,Cash,2023-01-24 02:18:00,2023-02-19 02:18:00
504842,2024-04-07 11:38:00,1242,P1111,S008,6,0.05,Debit Card,2024-04-07 13:12:00,2024-04-12 13:12:00
504843,2023-08-13 07:41:00,1361,P1048,S017,7,0.15,UPI,2023-08-13 07:48:00,2023-08-22 07:48:00
504844,2023-04-22 12:26:00,1217,P1006,S006,5,0.2,Credit Card,2023-04-22 13:49:00,2023-06-08 13:49:00
504845,2024-01-31 11:56:00,1228,P1074,S003,5,,UPI,2024-01-31 13:50:00,2024-02-28 13:50:00
504846,2025-01-22 15:05:00,1099,P1039,S005,8,0.2,Net Banking,2025-01-22 17:12:00,2025-02-12 17:12:00
504847,2025-10-07 22:50:00,1179,P1042,S013,2,0.1,Net Banking,2025-10-08 01:43:00,2025-11-26 01:43:00
504848,2025-08-09 16:39:00,1433,P1135,S020,2,0.15,Wallet,2025-08-09 19:39:00,2025-10-06 19:39:00
504849,2026-02-08 07:06:00,1163,P1030,S003,2,0.1,Credit Card,2026-02-08 09:08:00,2026-02-14 09:08:00
504850,2024-06-22 03:10:00,1413,P1129,S010,6,0.1,Cash,2024-06-22 04:24:00,2024-08-05 04:24:00
504851,2025-06-19 06:04:00,1105,P1114,S003,8,0.1,UPI,2025-06-19 08:56:00,2025-08-17 08:56:00
504852,2026-03-20 00:43:00,1306,P1083,S010,6,0.0,Net Banking,2026-03-20 02:27:00,2026-04-14 02:27:00
504853,2024-12-21 15:47:00,1131,P1002,S004,2,0.15,Cash,2024-12-21 15:48:00,2025-01-02 15:48:00
504854,2023-07-02 14:01:00,1106,P1010,S004,2,0.05,Cash,2023-07-02 15:40:00,2023-07-08 15:40:00
504855,2024-03-12 17:14:00,1488,P1134,S021,2,0.15,Credit Card,2024-03-12 17:37:00,2024-04-23 17:37:00
504856,2023-03-02 07:20:00,1195,P1092,S014,5,0.0,UPI,2023-03-02 09:20:00,2023-04-08 09:20:00
504857,2023-05-11 18:04:00,1437,P1082,S010,3,0.15,Wallet,2023-05-11 20:54:00,2023-06-29 20:54:00
504858,2023-04-28 22:57:00,1420,P1039,S010,2,0.0,Cash,2023-04-29 00:49:00,2023-06-03 00:49:00
504859,2024-07-27 06:17:00,1156,P1018,S004,5,0.15,Debit Card,2024-07-27 09:13:00,2024-08-07 09:13:00
504860,2024-08-20 21:25:00,1141,P1136,S005,3,0.05,UPI,2024-08-20 23:16:00,2024-08-29 23:16:00
504861,2025-05-21 09:08:00,1041,P1109,S017,5,0.15,UPI,2025-05-21 09:26:00,2025-07-10 09:26:00
504862,2024-04-04 16:51:00,1179,P1026,S021,6,0.2,Credit Card,2024-04-04 19:23:00,2024-05-25 19:23:00
504863,2024-05-02 08:58:00,1201,P1082,S005,2,0.15,Debit Card,2024-05-02 11:54:00,2024-05-29 11:54:00
504864,2025-05-19 08:20:00,1474,P1060,S004,7,0.1,Net Banking,2025-05-19 09:08:00,2025-07-06 09:08:00
504865,2024-10-06 00:27:00,1166,P1074,S004,2,0.05,Cash,2024-10-06 00:35:00,2024-11-24 00:35:00
504866,2023-08-02 07:41:00,1329,P1109,S024,4,0.0,wallet,2023-08-02 10:33:00,2023-08-20 10:33:00
504867,2023-01-25 15:34:00,1351,P1012,S021,8,0.2,Cash,2023-01-25 18:07:00,2023-03-20 18:07:00
504868,2026-03-26 21:47:00,1383,P1097,S002,2,0.2,Net Banking,2026-03-26 23:09:00,2026-04-23 23:09:00
504869,2024-04-10 00:17:00,1345,P1083,S021,5,0.1,Cash,2024-04-10 00:44:00,2024-05-24 00:44:00
504870,2024-09-19 15:15:00,1360,P1058,S012,8,0.05,Cash,2024-09-19 16:15:00,2024-10-06 16:15:00
504871,2025-09-05 01:06:00,1258,P1093,S005,6,0.05,UPI,2025-09-05 03:56:00,2025-10-02 03:56:00
504872,2025-09-17 10:03:00,1408,P1145,S007,8,0.0,UPI,2025-09-17 11:08:00,2025-09-17 11:08:00
504873,2023-08-25 16:20:00,1286,P1147,S023,8,0.1,Wallet,2023-08-25 18:59:00,2023-09-19 18:59:00
504874,2023-02-06 23:39:00,1290,P1006,S011,6,0.0,Net Banking,2023-02-07 01:10:00,2023-02-17 01:10:00
504875,2024-12-18 15:58:00,1258,P1018,S017,5,0.15,Wallet,2024-12-18 18:24:00,2024-12-27 18:24:00
504876,2023-11-10 12:25:00,1204,P1053,S024,3,0.1,UPI,2023-11-10 14:34:00,2023-11-13 14:34:00
504877,2025-05-22 20:06:00,1178,P1069,S002,7,0.05,Wallet,2025-05-22 20:29:00,2025-06-29 20:29:00
504878,2025-09-26 16:41:00,1262,P1137,S024,1,0.15,Net Banking,2025-09-26 19:17:00,2025-09-27 19:17:00
504879,2024-02-17 02:48:00,1492,P1031,S015,6,0.2,Credit Card,2024-02-17 03:19:00,2024-02-26 03:19:00
504880,2026-02-09 04:49:00,1124,P1021,S006,6,0.15,Cash,2026-02-09 05:30:00,2026-02-22 05:30:00
504881,2025-10-17 04:22:00,1354,P1055,S017,6,0.15,UPI,2025-10-17 04:22:00,2025-12-08 04:22:00
504882,2025-05-19 05:44:00,1060,P1067,S003,4,0.1,Credit Card,2025-05-19 07:41:00,2025-07-02 07:41:00
504883,2025-10-14 20:45:00,1074,P1052,S011,8,0.05,Wallet,2025-10-14 22:51:00,2025-10-26 22:51:00
504884,2025-09-30 08:11:00,1459,P1080,S024,3,0.0,Net Banking,2025-09-30 08:36:00,2025-11-12 08:36:00
504885,2024-06-01 05:02:00,1123,P1124,S009,2,0.1,Wallet,2024-06-01 06:54:00,2024-07-09 06:54:00
504886,2025-11-06 14:04:00,1316,P1074,S005,6,0.0,Wallet,2025-11-06 16:42:00,2025-12-21 16:42:00
504887,2024-11-05 18:08:00,1407,P1085,S008,1,0.2,Debit Card,2024-11-05 20:57:00,2024-12-29 20:57:00
504888,2025-01-05 22:54:00,1252,P1127,S020,4,0.15,Debit Card,2025-01-06 01:49:00,2025-02-10 01:49:00
504889,2024-01-09 15:13:00,1179,P1117,S005,4,0.2,Wallet,2024-01-09 17:10:00,2024-02-15 17:10:00
504890,2023-07-23 13:43:00,1299,P1039,S003,4,0.1,UPI,2023-07-23 14:01:00,2023-07-31 14:01:00
504891,2023-07-28 21:56:00,1123,P1054,S002,2,0.0,Cash,2023-07-29 00:38:00,2023-08-02 00:38:00
504892,2024-11-03 06:23:00,1092,P1067,S013,5,0.2,Debit Card,2024-11-03 09:16:00,2024-11-05 09:16:00
504893,2023-08-01 05:13:00,1374,P1033,S006,4,0.05,UPI,2023-08-01 05:48:00,2023-09-22 05:48:00
504894,2026-02-16 15:50:00,1386,P1083,S023,8,0.0,Wallet,2026-02-16 16:53:00,2026-03-21 16:53:00
504895,2026-03-24 09:13:00,1427,P1027,S008,8,0.0,Net Banking,2026-03-24 11:42:00,2026-05-16 11:42:00
504896,2024-12-24 17:56:00,1106,P1123,S020,3,0.0,Credit Card,2024-12-24 19:48:00,2025-01-26 19:48:00
504897,2023-08-17 13:52:00,1072,P1097,S021,1,0.2,UPI,2023-08-17 16:13:00,2023-08-28 16:13:00
504898,2024-03-04 14:04:00,1320,P1060,S003,8,0.2,Debit Card,2024-03-04 15:39:00,2024-03-10 15:39:00
504899,2024-07-06 22:38:00,1403,P1064,S018,1,0.05,Cash,2024-07-07 00:57:00,2024-08-11 00:57:00
504900,2024-07-23 20:28:00,1064,P1025,S008,4,0.15,UPI,2024-07-23 21:27:00,2024-08-26 21:27:00
504901,2024-05-27 18:17:00,1157,P1094,S011,5,,Cash,2024-05-27 19:58:00,2024-06-06 19:58:00
504902,2025-09-26 00:00:00,1120,P1092,S011,3,0.05,Debit Card,2025-09-26 01:22:00,2025-11-23 01:22:00
504903,2026-02-04 23:06:00,1399,P1131,S001,3,0.2,Wallet,2026-02-05 01:56:00,2026-02-12 01:56:00
504904,2024-04-20 16:20:00,1477,P1035,S024,5,0.15,CASH,2024-04-20 16:34:00,2024-06-10 16:34:00
504905,2026-02-07 05:21:00,1377,P1091,S008,8,0.0,Debit Card,2026-02-07 07:32:00,2026-03-10 07:32:00
504906,2025-05-22 09:06:00,1436,P1061,S007,1,0.15,UPI,2025-05-22 10:28:00,2025-07-17 10:28:00
504907,2025-02-19 13:26:00,1253,P1016,S021,7,0.05,Credit Card,2025-02-19 16:20:00,2025-04-17 16:20:00
504908,2023-07-05 03:36:00,1221,P1024,S004,6,0.1,Wallet,2023-07-05 03:53:00,2023-08-19 03:53:00
504909,2024-03-27 00:38:00,1106,P1030,S007,5,0.0,Credit Card,2024-03-27 01:40:00,2024-04-27 01:40:00
504910,2025-09-25 15:39:00,1005,P1056,S016,4,0.0,Cash,2025-09-25 15:58:00,2025-10-24 15:58:00
504911,2023-07-19 17:37:00,1027,P1004,S010,6,0.2,Credit Card,2023-07-19 18:12:00,2023-09-13 18:12:00
504912,2023-04-03 15:09:00,1094,P1070,S015,5,0.05,Debit Card,2023-04-03 15:33:00,2023-04-28 15:33:00
504913,2025-06-02 17:17:00,1076,P1093,S011,1,0.15,Debit Card,2025-06-02 19:19:00,2025-06-17 19:19:00
504914,2023-10-03 18:42:00,1172,P1057,S013,8,0.2,wallet,2023-10-03 21:17:00,2023-10-04 21:17:00
504915,2023-09-03 04:01:00,1465,P1009,S020,6,0.15,Net Banking,2023-09-03 05:56:00,2023-09-13 05:56:00
504916,2023-02-16 07:20:00,1165,P1003,S018,2,0.2,NET BANKING,2023-02-16 10:18:00,2023-04-01 10:18:00
504917,2025-04-28 17:55:00,1165,P1112,S011,8,0.2,UPI,2025-04-28 19:02:00,2025-05-15 19:02:00
504918,2025-07-04 08:18:00,1497,P1081,S009,1,0.1,UPI,2025-07-04 09:05:00,2025-07-06 09:05:00
504919,2025-01-27 22:42:00,1248,P1072,S001,3,0.0,UPI,2025-01-28 00:05:00,2025-02-23 00:05:00
504920,2025-03-17 20:31:00,1377,P1063,S002,1,0.0,Credit Card,2025-03-17 21:51:00,2025-04-24 21:51:00
504921,2024-06-11 20:05:00,1018,P1090,S024,1,0.15,Wallet,2024-06-11 21:22:00,2024-08-05 21:22:00
504922,2025-09-07 00:36:00,1131,P1070,S014,6,0.1,Net Banking,2025-09-07 00:54:00,2025-10-30 00:54:00
504923,2024-06-11 00:03:00,1456,P1076,S002,1,0.1,Wallet,2024-06-11 00:06:00,2024-06-13 00:06:00
504924,2025-04-24 08:54:00,1320,P1119,S013,4,0.1,Wallet,2025-04-24 10:25:00,2025-05-10 10:25:00
504925,2026-01-01 14:22:00,1209,P1005,S010,3,0.1,Cash,2026-01-01 15:05:00,2026-01-24 15:05:00
504926,2025-05-20 04:20:00,1031,P1022,S007,1,0.15,Net Banking,2025-05-20 06:13:00,2025-06-16 06:13:00
504927,2024-11-09 23:05:00,1058,P1044,S022,2,0.15,Debit Card,2024-11-09 23:27:00,2024-12-11 23:27:00
504928,2023-12-29 21:42:00,1286,P1031,S012,6,0.2,UPI,2023-12-29 23:17:00,2024-01-01 23:17:00
504929,2024-09-23 07:06:00,1012,P1113,S003,8,0.1,UPI,2024-09-23 08:32:00,2024-11-22 08:32:00
504930,2025-06-05 21:17:00,1412,P1124,S025,7,0.05,UPI,2025-06-05 23:20:00,2025-08-04 23:20:00
504931,2023-03-23 22:57:00,1422,P1041,S023,4,0.0,Net Banking,2023-03-23 23:55:00,2023-05-11 23:55:00
504932,2025-07-28 12:30:00,1186,P1079,S013,2,0.15,Net Banking,2025-07-28 12:44:00,2025-08-07 12:44:00
504933,2024-06-04 09:17:00,1215,P1073,S012,3,0.1,Wallet,2024-06-04 10:54:00,2024-07-11 10:54:00
504934,2024-09-23 02:42:00,1095,P1131,S025,2,0.0,Credit Card,2024-09-23 05:00:00,2024-10-07 05:00:00
504935,2025-06-28 20:08:00,1382,P1072,S025,8,0.2,Wallet,2025-06-28 21:17:00,2025-08-27 21:17:00
504936,2023-11-18 18:29:00,1048,P1069,S010,5,0.0,UPI,2023-11-18 19:52:00,2023-12-24 19:52:00
504937,2026-03-22 21:19:00,1436,P1140,S009,7,0.05,Net Banking,2026-03-22 22:57:00,2026-04-12 22:57:00
504938,2023-11-13 20:47:00,1380,P1129,S016,1,0.15,Credit Card,2023-11-13 22:01:00,2023-12-18 22:01:00
504939,2025-09-06 12:42:00,1413,P1123,S014,5,0.2,Cash,2025-09-06 15:25:00,2025-10-19 15:25:00
504940,2024-02-26 14:33:00,1128,P1071,S005,6,0.0,Net Banking,2024-02-26 14:44:00,2024-03-17 14:44:00
504941,2023-07-24 17:29:00,1065,P1138,S019,8,,Cash,2023-07-24 18:00:00,2023-08-20 18:00:00
504942,2025-06-10 14:27:00,1487,P1103,S025,1,0.2,UPI,2025-06-10 16:15:00,2025-07-24 16:15:00
504943,2023-09-04 19:12:00,1195,P1065,S005,6,0.2,Wallet,2023-09-04 20:45:00,2023-09-14 20:45:00
504944,2024-03-07 03:28:00,1297,P1128,S001,6,0.15,Cash,2024-03-07 05:19:00,2024-05-01 05:19:00
504945,2024-10-14 18:07:00,1192,P1112,S024,4,0.2,Wallet,2024-10-14 18:13:00,2024-11-23 18:13:00
504946,2025-05-01 15:02:00,1439,P1072,S015,8,0.15,UPI,2025-05-01 17:51:00,2025-05-20 17:51:00
504947,2024-07-10 01:22:00,1434,P1120,S002,3,0.1,Wallet,2024-07-10 03:17:00,2024-09-02 03:17:00
504948,2023-02-07 22:05:00,1493,P1073,S009,5,0.0,Wallet,2023-02-07 23:37:00,2023-03-02 23:37:00
504949,2026-01-07 10:29:00,1190,P1100,S021,4,0.15,Debit Card,2026-01-07 11:51:00,2026-01-15 11:51:00
504950,2024-07-01 23:35:00,1173,P1087,S023,8,0.15,Wallet,2024-07-02 00:43:00,2024-07-24 00:43:00
504951,2025-04-19 06:15:00,1140,P1048,S001,6,0.0,Net Banking,2025-04-19 07:41:00,2025-06-02 07:41:00
504952,2024-11-30 06:49:00,1231,P1042,S016,8,0.05,Net Banking,2024-11-30 06:51:00,2025-01-12 06:51:00
504953,2023-10-20 15:24:00,1345,P1130,S018,8,0.0,Wallet,2023-10-20 17:50:00,2023-11-09 17:50:00
504954,2026-02-11 18:17:00,1452,P1110,S013,1,0.05,Cash,2026-02-11 18:57:00,2026-03-30 18:57:00
504955,2025-05-17 19:34:00,1326,P1048,S025,8,0.15,Wallet,2025-05-17 19:41:00,2025-07-06 19:41:00
504956,2024-09-19 08:34:00,1464,P1074,S007,6,0.0,UPI,2024-09-19 09:18:00,2024-10-30 09:18:00
504957,2025-09-14 19:53:00,1053,P1111,S012,4,0.15,Cash,2025-09-14 21:34:00,2025-11-04 21:34:00
504958,2025-08-14 21:33:00,1143,P1126,S004,7,0.1,Net Banking,2025-08-14 22:38:00,2025-08-22 22:38:00
504959,2023-05-13 18:07:00,1484,P1110,S019,6,0.0,Wallet,2023-05-13 19:46:00,2023-05-25 19:46:00
504960,2025-08-22 05:21:00,1177,P1010,S004,7,0.2,UPI,2025-08-22 07:56:00,2025-09-02 07:56:00
504961,2024-12-15 13:39:00,1032,P1123,S020,3,0.05,UPI,2024-12-15 15:40:00,2025-01-17 15:40:00
504962,2025-09-06 21:02:00,1033,P1051,S007,5,0.2,UPI,2025-09-06 21:07:00,2025-10-09 21:07:00
504963,2023-10-17 06:49:00,1119,P1046,S014,3,0.1,Net Banking,2023-10-17 08:51:00,2023-11-05 08:51:00
504964,2024-07-30 03:35:00,1357,P1098,S022,6,0.2,Net Banking,2024-07-30 03:35:00,2024-08-04 03:35:00
504965,2023-08-30 03:41:00,1294,P1077,S014,5,0.0,Credit Card,2023-08-30 06:38:00,2023-09-10 06:38:00
504966,2023-05-20 03:34:00,1237,P1025,S009,7,0.1,Net Banking,2023-05-20 04:13:00,2023-06-24 04:13:00
504967,2024-12-15 03:05:00,1015,P1049,S008,1,0.1,Net Banking,2024-12-15 05:52:00,2024-12-24 05:52:00
504968,2025-02-27 13:43:00,1297,P1065,S005,4,0.2,DEBIT CARD,2025-02-27 15:33:00,2025-04-09 15:33:00
504969,2024-01-22 17:43:00,1247,P1092,S022,5,0.05,Net Banking,2024-01-22 18:36:00,2024-03-08 18:36:00
504970,2025-10-22 09:24:00,1369,P1123,S008,5,0.2,Wallet,2025-10-22 10:26:00,2025-11-21 10:26:00
504971,2024-10-26 01:47:00,1418,P1046,S015,8,0.05,Wallet,2024-10-26 02:49:00,2024-10-26 02:49:00
504972,2023-06-12 14:36:00,1039,P1103,S006,6,0.0,Debit Card,2023-06-12 15:28:00,2023-08-03 15:28:00
504973,2024-12-22 06:10:00,1317,P1038,S009,5,0.2,Credit Card,2024-12-22 07:58:00,2025-01-19 07:58:00
504974,2025-08-12 04:25:00,1237,P1125,S019,4,0.2,Wallet,2025-08-12 06:47:00,2025-09-26 06:47:00
504975,2025-12-14 18:53:00,1305,P1021,S006,7,0.15,Credit Card,2025-12-14 20:01:00,2026-02-07 20:01:00
504976,2025-11-03 15:30:00,1404,P1138,S013,2,0.0,Debit Card,2025-11-03 16:35:00,2025-12-04 16:35:00
504977,2023-02-06 14:24:00,1439,P1043,S020,7,0.2,Cash,2023-02-06 17:24:00,2023-04-02 17:24:00
504978,2024-10-04 05:53:00,1381,P1082,S016,4,0.0,Wallet,2024-10-04 07:05:00,2024-10-10 07:05:00
504979,2025-11-18 01:09:00,1011,P1068,S003,1,0.15,UPI,2025-11-18 01:13:00,2025-12-06 01:13:00
504980,2026-03-06 02:08:00,1412,P1072,S008,4,0.15,UPI,2026-03-06 04:40:00,2026-04-24 04:40:00
504981,2024-01-04 13:23:00,1473,P1026,S010,7,0.05,DEBIT CARD,2024-01-04 15:15:00,2024-02-06 15:15:00
504982,2024-10-12 00:05:00,1190,P1054,S003,2,0.0,UPI,2024-10-12 02:34:00,2024-10-25 02:34:00
504983,2024-10-24 16:19:00,1227,P1058,S003,4,0.15,UPI,2024-10-24 17:53:00,2024-11-18 17:53:00
504984,2023-04-05 23:44:00,1355,P1119,S009,4,0.0,Cash,2023-04-06 00:00:00,2023-05-18 00:00:00
504985,2025-01-06 13:01:00,1004,P1048,S004,8,0.05,Cash,2025-01-06 15:08:00,2025-01-20 15:08:00
504986,2024-03-12 07:53:00,1416,P1012,S003,1,0.0,Wallet,2024-03-12 10:25:00,2024-04-11 10:25:00
504987,2024-08-15 18:10:00,1040,P1142,S020,3,0.05,Wallet,2024-08-15 19:55:00,2024-08-25 19:55:00
504988,2024-06-18 00:00:00,1107,P1135,S013,6,0.1,Wallet,2024-06-18 01:46:00,2024-06-22 01:46:00
504989,2025-05-23 12:03:00,1333,P1081,S003,5,0.05,Debit Card,2025-05-23 12:46:00,2025-07-20 12:46:00
504990,2026-01-16 23:02:00,1242,P1022,S003,1,0.0,debit card,2026-01-17 00:12:00,2026-03-11 00:12:00
504991,2024-11-25 01:05:00,1125,P1018,S023,2,0.2,Debit Card,2024-11-25 02:25:00,2025-01-11 02:25:00
504992,2025-04-12 01:53:00,1208,P1049,S023,5,0.15,Cash,2025-04-12 02:31:00,2025-05-12 02:31:00
504993,2025-06-14 13:03:00,1468,P1129,S011,7,0.05,Debit Card,2025-06-14 14:26:00,2025-06-30 14:26:00
504994,2025-08-25 11:00:00,1092,P1080,S013,5,0.0,Cash,2025-08-25 12:09:00,2025-09-04 12:09:00
504995,2024-06-23 21:47:00,1213,P1029,S025,8,0.1,Debit Card,2024-06-24 00:44:00,2024-07-26 00:44:00
504996,2023-08-05 23:33:00,1398,P1128,S004,2,0.1,Net Banking,2023-08-06 00:13:00,2023-09-06 00:13:00
504997,2026-02-16 03:24:00,1494,P1143,S001,2,0.2,Cash,2026-02-16 03:38:00,2026-03-11 03:38:00
504998,2024-11-07 11:58:00,1286,P1044,S013,8,0.2,Cash,2024-11-07 14:03:00,2024-11-09 14:03:00
504999,2024-10-29 01:16:00,1149,P1024,S010,5,0.05,NET BANKING,2024-10-29 02:25:00,2024-12-14 02:25:00
505000,2024-06-17 04:47:00,1405,P1005,S017,1,0.1,UPI,2024-06-17 06:30:00,2024-07-18 06:30:00
505001,2023-05-13 10:52:00,1225,P1132,S022,7,0.05,CASH,2023-05-13 11:23:00,2023-05-27 11:23:00
505002,2025-11-10 08:56:00,1228,P1012,S010,3,,UPI,2025-11-10 11:34:00,2026-01-09 11:34:00
505003,2025-04-21 23:36:00,1060,P1076,S005,1,0.15,Cash,2025-04-22 02:26:00,2025-05-24 02:26:00
505004,2026-01-08 02:28:00,1023,P1110,S018,2,0.1,Credit Card,2026-01-08 05:15:00,2026-01-08 05:15:00
505005,2025-05-22 11:36:00,1344,P1058,S020,8,0.15,Cash,2025-05-22 13:36:00,2025-05-31 13:36:00
505006,2023-08-03 21:03:00,1063,P1118,S003,6,0.0,UPI,2023-08-03 22:23:00,2023-08-19 22:23:00
505007,2025-10-09 13:00:00,1426,P1118,S012,2,0.2,UPI,2025-10-09 13:20:00,2025-11-22 13:20:00
505008,2023-01-12 14:58:00,1129,P1046,S017,5,0.1,Debit Card,2023-01-12 16:59:00,2023-02-16 16:59:00
505009,2025-07-24 13:06:00,1220,P1124,S016,1,0.15,Cash,2025-07-24 15:21:00,2025-09-02 15:21:00
505010,2025-09-26 04:44:00,1372,P1041,S006,4,0.1,Net Banking,2025-09-26 05:07:00,2025-11-03 05:07:00
505011,2023-08-29 08:13:00,1326,P1039,S004,6,0.05,Cash,2023-08-29 08:15:00,2023-10-28 08:15:00
505012,2023-12-28 23:23:00,1274,P1057,S007,7,0.15,DEBIT CARD,2023-12-29 02:02:00,2024-01-29 02:02:00
505013,2023-04-22 16:43:00,1088,P1012,S012,5,0.1,Wallet,2023-04-22 19:10:00,2023-04-28 19:10:00
505014,2025-08-10 20:56:00,1377,P1137,S018,1,0.0,Credit Card,2025-08-10 22:36:00,2025-09-16 22:36:00
505015,2023-12-05 10:48:00,1067,P1016,S018,4,0.15,UPI,2023-12-05 12:31:00,2024-01-25 12:31:00
505016,2023-01-30 17:34:00,1184,P1126,S022,1,0.0,Cash,2023-01-30 17:43:00,2023-02-08 17:43:00
505017,2023-12-11 22:03:00,1368,P1062,S015,1,0.05,Debit Card,2023-12-12 00:50:00,2024-01-06 00:50:00
505018,2024-11-21 19:22:00,1163,P1032,S013,8,,UPI,2024-11-21 22:01:00,2024-11-27 22:01:00
505019,2025-06-11 22:26:00,1208,P1089,S018,7,0.05,Cash,2025-06-11 23:04:00,2025-07-17 23:04:00
505020,2023-04-22 04:49:00,1442,P1097,S017,8,0.05,Credit Card,2023-04-22 06:21:00,2023-05-07 06:21:00
505021,2023-05-05 19:09:00,1448,P1071,S012,1,0.2,UPI,2023-05-05 19:54:00,2023-05-25 19:54:00
505022,2025-03-04 19:17:00,1225,P1144,S015,4,0.2,Cash,2025-03-04 19:21:00,2025-04-12 19:21:00
505023,2023-07-18 17:58:00,1456,P1074,S004,1,0.0,Wallet,2023-07-18 18:49:00,2023-08-27 18:49:00
505024,2023-01-10 13:24:00,1150,P1132,S010,4,0.2,Credit Card,2023-01-10 14:46:00,2023-02-13 14:46:00
505025,2023-02-25 00:17:00,1116,P1081,S021,7,0.0,Wallet,2023-02-25 02:07:00,2023-02-28 02:07:00
505026,2025-12-28 19:44:00,1455,P1010,S013,5,0.2,Wallet,2025-12-28 22:24:00,2026-01-28 22:24:00
505027,2024-05-16 15:23:00,1003,P1073,S010,8,0.2,UPI,2024-05-16 18:02:00,2024-07-05 18:02:00
505028,2024-10-06 23:35:00,1135,P1121,S001,3,0.15,Wallet,2024-10-07 00:37:00,2024-10-10 00:37:00
505029,2025-12-20 18:01:00,1234,P1109,S009,6,0.0,Credit Card,2025-12-20 18:41:00,2026-02-12 18:41:00
505030,2023-01-09 21:49:00,1472,P1013,S004,6,0.15,Debit Card,2023-01-09 22:01:00,2023-01-29 22:01:00
505031,2024-09-03 15:13:00,1397,P1001,S018,5,0.05,Cash,2024-09-03 17:31:00,2024-10-05 17:31:00
505032,2024-09-21 00:24:00,1085,P1129,S011,1,0.15,Credit Card,2024-09-21 01:04:00,2024-10-23 01:04:00
505033,2024-12-06 10:14:00,1190,P1036,S018,6,0.0,Debit Card,2024-12-06 11:01:00,2024-12-06 11:01:00
505034,2025-01-27 01:07:00,1081,P1065,S015,2,0.0,Cash,2025-01-27 01:55:00,2025-02-17 01:55:00
505035,2026-02-06 16:30:00,1397,P1089,S001,6,0.0,Credit Card,2026-02-06 19:22:00,2026-03-26 19:22:00
505036,2023-09-04 16:40:00,1263,P1007,S012,2,0.1,UPI,2023-09-04 17:48:00,2023-09-09 17:48:00
505037,2023-09-18 00:45:00,1133,P1011,S009,6,0.0,Debit Card,2023-09-18 00:45:00,2023-10-19 00:45:00
505038,2025-05-26 18:38:00,1411,P1040,S016,7,0.2,Credit Card,2025-05-26 19:32:00,2025-06-08 19:32:00
505039,2025-02-22 17:36:00,1230,P1058,S017,8,0.2,Credit Card,2025-02-22 20:05:00,2025-03-10 20:05:00
505040,2023-03-28 18:59:00,1190,P1046,S007,1,0.15,UPI,2023-03-28 19:37:00,2023-05-10 19:37:00
505041,2025-01-21 13:12:00,1024,P1113,S003,3,0.1,UPI,2025-01-21 14:57:00,2025-03-13 14:57:00
505042,2024-02-21 15:13:00,1153,P1023,S005,6,0.2,UPI,2024-02-21 17:49:00,2024-04-15 17:49:00
505043,2026-03-08 07:57:00,1297,P1074,S007,7,0.1,Credit Card,2026-03-08 09:47:00,2026-04-01 09:47:00
505044,2025-05-25 11:43:00,1044,P1079,S024,6,0.2,Debit Card,2025-05-25 14:40:00,2025-06-06 14:40:00
505045,2025-02-02 13:35:00,1017,P1140,S019,6,0.0,Debit Card,2025-02-02 14:05:00,2025-02-25 14:05:00
505046,2025-02-20 22:14:00,1056,P1137,S015,8,0.15,credit card,2025-02-21 01:01:00,2025-04-21 01:01:00
505047,2024-05-06 21:48:00,1102,P1003,S009,3,0.05,Credit Card,2024-05-06 21:59:00,2024-05-14 21:59:00
505048,2024-03-30 22:33:00,1389,P1062,S004,7,0.0,Credit Card,2024-03-31 00:47:00,2024-05-10 00:47:00
505049,2024-10-26 00:39:00,1254,P1005,S009,1,0.0,Debit Card,2024-10-26 03:27:00,2024-11-04 03:27:00
505050,2024-05-17 17:58:00,1195,P1110,S017,5,0.15,UPI,2024-05-17 19:49:00,2024-07-15 19:49:00
505051,2025-10-20 20:09:00,1378,P1042,S015,6,,Wallet,2025-10-20 21:48:00,2025-10-22 21:48:00
505052,2025-11-02 19:26:00,1212,P1129,S001,6,0.05,Cash,2025-11-02 21:15:00,2025-11-14 21:15:00
505053,2024-02-01 16:03:00,1270,P1038,S007,4,0.0,Net Banking,2024-02-01 18:25:00,2024-03-21 18:25:00
505054,2025-07-31 00:05:00,1298,P1139,S006,5,0.15,Cash,2025-07-31 02:40:00,2025-09-20 02:40:00
505055,2023-04-14 20:43:00,1051,P1135,S023,7,0.05,UPI,2023-04-14 22:42:00,2023-05-07 22:42:00
505056,2023-01-07 18:32:00,1449,P1106,S007,7,0.15,Net Banking,2023-01-07 21:21:00,2023-02-16 21:21:00
505057,2023-12-23 16:41:00,1451,P1109,S018,7,0.0,UPI,2023-12-23 19:27:00,2023-12-27 19:27:00
505058,2025-02-13 12:54:00,1465,P1135,S003,3,0.15,net banking,2025-02-13 15:03:00,2025-03-28 15:03:00
505059,2023-04-07 09:46:00,1088,P1140,S022,5,0.15,Debit Card,2023-04-07 10:27:00,2023-04-30 10:27:00
505060,2025-10-28 00:27:00,1039,P1116,S020,3,0.05,Wallet,2025-10-28 02:46:00,2025-12-16 02:46:00
505061,2024-08-07 03:42:00,1403,P1117,S020,8,0.0,Credit Card,2024-08-07 06:18:00,2024-09-15 06:18:00
505062,2023-09-10 01:35:00,1109,P1068,S018,1,0.2,Net Banking,2023-09-10 01:50:00,2023-10-13 01:50:00
505063,2024-12-09 23:16:00,1272,P1117,S018,1,0.1,Net Banking,2024-12-10 00:21:00,2025-02-06 00:21:00
505064,2024-05-20 06:16:00,1408,P1082,S018,7,0.15,Wallet,2024-05-20 08:02:00,2024-07-16 08:02:00
505065,2023-10-05 12:03:00,1111,P1018,S022,1,0.15,Wallet,2023-10-05 12:49:00,2023-10-11 12:49:00
505066,2025-05-15 23:46:00,1029,P1082,S021,8,0.1,Credit Card,2025-05-16 01:32:00,2025-06-04 01:32:00
505067,2023-02-19 16:31:00,1432,P1055,S015,3,0.1,Wallet,2023-02-19 18:53:00,2023-02-19 18:53:00
505068,2024-05-08 14:06:00,1377,P1135,S017,8,0.0,DEBIT CARD,2024-05-08 14:38:00,2024-06-03 14:38:00
505069,2023-06-14 10:50:00,1277,P1026,S008,8,0.05,Wallet,2023-06-14 12:11:00,2023-07-15 12:11:00
505070,2023-06-09 09:52:00,1431,P1123,S022,6,0.15,Credit Card,2023-06-09 10:34:00,2023-06-16 10:34:00
505071,2024-07-07 15:38:00,1495,P1065,S008,4,0.0,Cash,2024-07-07 18:12:00,2024-07-24 18:12:00
505072,2026-01-20 05:28:00,1414,P1010,S012,8,0.15,Cash,2026-01-20 06:25:00,2026-03-07 06:25:00
505073,2023-10-04 01:33:00,1008,P1113,S017,5,0.15,Debit Card,2023-10-04 02:52:00,2023-11-25 02:52:00
505074,2023-01-28 03:21:00,1151,P1105,S013,3,0.0,Net Banking,2023-01-28 05:14:00,2023-02-25 05:14:00
505075,2025-09-21 16:42:00,1219,P1088,S021,3,0.1,Debit Card,2025-09-21 18:03:00,2025-11-13 18:03:00
505076,2024-09-07 04:16:00,1404,P1109,S013,8,0.05,Net Banking,2024-09-07 05:41:00,2024-10-12 05:41:00
505077,2024-01-01 18:38:00,1083,P1035,S023,7,,Net Banking,2024-01-01 18:52:00,2024-01-30 18:52:00
505078,2024-07-09 01:27:00,1051,P1081,S025,5,0.0,Credit Card,2024-07-09 04:17:00,2024-07-10 04:17:00
505079,2025-11-24 05:28:00,1209,P1138,S017,4,0.05,Net Banking,2025-11-24 06:27:00,2025-12-29 06:27:00
505080,2023-10-04 06:53:00,1385,P1135,S013,3,0.05,Debit Card,2023-10-04 09:10:00,2023-11-15 09:10:00
505081,2024-06-01 13:41:00,1216,P1048,S019,7,,UPI,2024-06-01 15:49:00,2024-07-18 15:49:00
505082,2023-05-04 07:23:00,1255,P1069,S021,1,0.2,Debit Card,2023-05-04 09:05:00,2023-05-27 09:05:00
505083,2024-02-16 15:41:00,1157,P1149,S006,7,0.05,Cash,2024-02-16 16:01:00,2024-04-01 16:01:00
505084,2024-04-19 20:23:00,1205,P1009,S002,2,0.05,cash,2024-04-19 20:24:00,2024-05-30 20:24:00
505085,2025-04-24 09:54:00,1424,P1010,S019,7,0.0,Debit Card,2025-04-24 11:33:00,2025-06-03 11:33:00
505086,2023-03-16 18:58:00,1025,P1028,S014,7,0.1,Wallet,2023-03-16 19:19:00,2023-03-16 19:19:00
505087,2024-10-23 09:21:00,1369,P1064,S002,1,0.0,CASH,2024-10-23 10:40:00,2024-12-21 10:40:00
505088,2025-11-28 08:54:00,1336,P1126,S024,5,0.05,UPI,2025-11-28 10:36:00,2025-12-06 10:36:00
505089,2024-10-06 05:52:00,1341,P1141,S019,8,0.05,UPI,2024-10-06 06:25:00,2024-10-27 06:25:00
505090,2025-10-19 06:10:00,1204,P1096,S025,7,0.2,UPI,2025-10-19 06:37:00,2025-11-14 06:37:00
505091,2023-04-04 23:28:00,1273,P1104,S025,2,0.0,Cash,2023-04-04 23:43:00,2023-05-14 23:43:00
505092,2023-07-10 06:42:00,1328,P1038,S012,1,0.0,Cash,2023-07-10 07:46:00,2023-07-10 07:46:00
505093,2024-07-06 05:09:00,1465,P1066,S008,5,0.2,Wallet,2024-07-06 07:06:00,2024-08-01 07:06:00
505094,2024-09-19 21:26:00,1470,P1111,S022,6,0.0,DEBIT CARD,2024-09-19 22:52:00,2024-09-27 22:52:00
505095,2024-01-30 09:31:00,1436,P1068,S003,2,0.15,UPI,2024-01-30 11:36:00,2024-03-13 11:36:00
505096,2023-11-18 16:23:00,1450,P1091,S007,8,0.1,Debit Card,2023-11-18 19:22:00,2023-12-24 19:22:00
505097,2026-02-22 15:59:00,1478,P1048,S002,5,0.0,Wallet,2026-02-22 17:20:00,2026-03-30 17:20:00
505098,2024-12-06 10:10:00,1402,P1043,S025,4,0.0,UPI,2024-12-06 12:25:00,2025-01-22 12:25:00
505099,2025-03-28 08:46:00,1467,P1064,S021,3,0.2,Cash,2025-03-28 09:45:00,2025-03-29 09:45:00
505100,2025-07-26 22:17:00,1397,P1074,S008,4,0.05,Net Banking,2025-07-26 23:32:00,2025-09-05 23:32:00
505101,2024-09-25 11:43:00,1220,P1128,S023,5,0.0,Debit Card,2024-09-25 13:39:00,2024-10-28 13:39:00
505102,2025-08-25 14:08:00,1326,P1101,S024,5,0.2,Cash,2025-08-25 15:15:00,2025-10-04 15:15:00
505103,2023-11-04 23:51:00,1339,P1076,S004,1,0.15,Cash,2023-11-05 02:01:00,2023-11-18 02:01:00
505104,2023-06-02 00:02:00,1227,P1144,S010,5,0.05,Net Banking,2023-06-02 02:34:00,2023-07-08 02:34:00
505105,2025-11-06 05:37:00,1034,P1098,S021,5,0.05,UPI,2025-11-06 08:02:00,2025-11-21 08:02:00
505106,2023-09-21 16:08:00,1260,P1090,S020,8,0.0,Credit Card,2023-09-21 17:56:00,2023-10-13 17:56:00
505107,2024-08-05 16:37:00,1176,P1094,S016,2,0.1,Net Banking,2024-08-05 16:55:00,2024-08-05 16:55:00
505108,2024-06-18 07:16:00,1457,P1097,S012,2,0.05,Credit Card,2024-06-18 10:09:00,2024-07-10 10:09:00
505109,2024-08-10 06:58:00,1029,P1120,S023,1,0.2,UPI,2024-08-10 08:05:00,2024-08-27 08:05:00
505110,2025-04-28 20:13:00,1376,P1062,S019,6,0.2,wallet,2025-04-28 20:31:00,2025-06-27 20:31:00
505111,2024-08-21 07:20:00,1384,P1069,S011,1,0.15,Credit Card,2024-08-21 09:15:00,2024-09-24 09:15:00
505112,2023-09-10 04:33:00,1327,P1026,S003,3,0.15,Debit Card,2023-09-10 05:14:00,2023-09-14 05:14:00
505113,2023-11-08 03:42:00,1164,P1066,S009,8,0.2,Net Banking,2023-11-08 05:52:00,2023-11-13 05:52:00
505114,2024-03-21 14:40:00,1250,P1015,S012,1,0.15,UPI,2024-03-21 16:36:00,2024-03-24 16:36:00
505115,2025-01-29 20:46:00,1206,P1034,S013,4,0.05,Cash,2025-01-29 20:51:00,2025-03-10 20:51:00
505116,2025-04-08 05:59:00,1337,P1052,S005,7,0.1,Cash,2025-04-08 07:04:00,2025-05-23 07:04:00
505117,2023-11-10 00:49:00,1269,P1014,S009,8,0.0,Cash,2023-11-10 02:55:00,2023-12-18 02:55:00
505118,2025-11-17 19:50:00,1226,P1133,S016,8,0.1,credit card,2025-11-17 22:34:00,2025-12-02 22:34:00
505119,2024-01-26 19:37:00,1428,P1050,S013,2,0.2,Debit Card,2024-01-26 22:16:00,2024-02-22 22:16:00
505120,2025-01-11 08:17:00,1348,P1140,S022,4,0.2,Debit Card,2025-01-11 08:44:00,2025-03-07 08:44:00
505121,2025-07-15 22:56:00,1270,P1043,S013,3,0.2,UPI,2025-07-16 01:21:00,2025-07-25 01:21:00
505122,2023-07-26 13:51:00,1162,P1148,S011,3,0.15,Debit Card,2023-07-26 15:21:00,2023-08-01 15:21:00
505123,2025-07-03 17:53:00,1185,P1085,S024,4,0.05,Credit Card,2025-07-03 19:59:00,2025-07-09 19:59:00
505124,2023-05-25 20:28:00,1397,P1059,S003,4,0.1,Cash,2023-05-25 22:54:00,2023-07-24 22:54:00
505125,2024-11-05 12:56:00,1426,P1109,S024,2,0.15,Cash,2024-11-05 13:12:00,2024-12-14 13:12:00
505126,2025-01-08 20:03:00,1411,P1006,S001,1,0.05,Cash,2025-01-08 20:39:00,2025-01-15 20:39:00
505127,2025-12-18 13:19:00,1395,P1145,S012,8,0.0,UPI,2025-12-18 16:08:00,2026-01-26 16:08:00
505128,2024-12-19 03:40:00,1167,P1059,S017,1,0.15,Credit Card,2024-12-19 04:12:00,2025-02-17 04:12:00
505129,2023-07-15 19:44:00,1461,P1056,S016,7,0.2,Credit Card,2023-07-15 19:44:00,2023-08-05 19:44:00
505130,2023-12-16 23:35:00,1295,P1043,S023,8,0.1,Wallet,2023-12-17 01:34:00,2024-01-26 01:34:00
505131,2025-02-27 05:11:00,1264,P1122,S011,4,0.0,UPI,2025-02-27 06:52:00,2025-04-26 06:52:00
505132,2024-12-13 05:42:00,1407,P1053,S018,8,0.05,Wallet,2024-12-13 06:48:00,2025-01-30 06:48:00
505133,2023-02-23 14:20:00,1099,P1025,S010,5,0.1,Wallet,2023-02-23 16:14:00,2023-04-02 16:14:00
505134,2024-07-02 03:37:00,1193,P1070,S011,7,0.05,Wallet,2024-07-02 06:37:00,2024-08-07 06:37:00
505135,2024-06-22 21:12:00,1004,P1148,S023,3,0.15,Cash,2024-06-22 23:33:00,2024-07-09 23:33:00
505136,2023-06-02 11:28:00,1326,P1106,S017,6,0.0,Wallet,2023-06-02 12:26:00,2023-07-14 12:26:00
505137,2025-06-29 01:20:00,1459,P1139,S005,6,0.0,Wallet,2025-06-29 04:12:00,2025-07-06 04:12:00
505138,2023-08-31 00:12:00,1273,P1112,S015,3,0.0,Cash,2023-08-31 00:34:00,2023-10-11 00:34:00
505139,2024-12-28 18:06:00,1425,P1096,S014,7,0.0,Net Banking,2024-12-28 19:16:00,2025-01-14 19:16:00
505140,2025-04-15 12:46:00,1193,P1003,S003,6,0.0,Wallet,2025-04-15 14:43:00,2025-05-28 14:43:00
505141,2024-07-07 07:17:00,1042,P1001,S006,7,0.1,Debit Card,2024-07-07 07:17:00,2024-08-25 07:17:00
505142,2025-07-17 12:44:00,1190,P1108,S021,7,0.1,Wallet,2025-07-17 14:01:00,2025-08-15 14:01:00
505143,2025-07-26 06:46:00,1330,P1123,S016,5,0.0,UPI,2025-07-26 07:21:00,2025-09-01 07:21:00
505144,2024-11-22 00:27:00,1315,P1006,S025,3,0.05,credit card,2024-11-22 02:40:00,2024-12-12 02:40:00
505145,2023-04-22 19:50:00,1447,P1110,S025,3,0.0,Debit Card,2023-04-22 21:06:00,2023-06-18 21:06:00
505146,2025-09-20 20:01:00,1051,P1097,S011,4,0.15,Credit Card,2025-09-20 21:48:00,2025-11-12 21:48:00
505147,2023-01-26 10:13:00,1279,P1001,S016,2,0.15,Credit Card,2023-01-26 11:28:00,2023-02-05 11:28:00
505148,2026-03-31 06:03:00,1333,P1097,S004,6,0.0,Cash,2026-03-31 08:30:00,2026-05-21 08:30:00
505149,2023-08-17 01:27:00,1204,P1014,S008,7,0.15,UPI,2023-08-17 03:08:00,2023-08-24 03:08:00
505150,2024-11-10 18:03:00,1062,P1118,S022,8,0.15,Net Banking,2024-11-10 19:11:00,2024-11-17 19:11:00
505151,2025-06-01 21:12:00,1295,P1073,S014,8,0.0,Net Banking,2025-06-01 21:38:00,2025-07-09 21:38:00
505152,2025-03-04 21:03:00,1139,P1108,S003,3,0.05,Net Banking,2025-03-04 23:23:00,2025-04-02 23:23:00
505153,2025-11-13 07:01:00,1385,P1126,S018,5,0.15,Cash,2025-11-13 09:12:00,2025-12-25 09:12:00
505154,2026-02-27 17:32:00,1132,P1056,S015,6,0.2,Cash,2026-02-27 19:41:00,2026-03-08 19:41:00
505155,2025-12-23 23:25:00,1221,P1046,S015,5,0.2,Credit Card,2025-12-24 01:42:00,2026-02-05 01:42:00
505156,2024-04-24 00:55:00,1366,P1113,S003,6,0.1,Cash,2024-04-24 01:04:00,2024-05-30 01:04:00
505157,2024-11-12 18:22:00,1416,P1050,S025,4,0.15,Cash,2024-11-12 18:26:00,2024-11-19 18:26:00
505158,2023-11-07 23:42:00,1428,P1084,S013,8,0.2,UPI,2023-11-08 00:04:00,2023-11-12 00:04:00
505159,2024-07-21 00:34:00,1274,P1047,S010,7,0.1,Net Banking,2024-07-21 01:14:00,2024-09-17 01:14:00
505160,2023-09-01 20:15:00,1216,P1084,S002,5,0.05,Wallet,2023-09-01 22:10:00,2023-09-06 22:10:00
505161,2024-03-19 21:06:00,1292,P1105,S021,4,0.15,Net Banking,2024-03-19 22:41:00,2024-05-16 22:41:00
505162,2023-06-25 07:07:00,1313,P1017,S012,2,0.2,WALLET,2023-06-25 09:54:00,2023-08-17 09:54:00
505163,2023-06-02 22:15:00,1298,P1006,S001,5,0.15,Net Banking,2023-06-02 23:52:00,2023-07-23 23:52:00
505164,2023-04-09 09:27:00,1307,P1068,S002,6,0.2,UPI,2023-04-09 10:45:00,2023-04-27 10:45:00
505165,2024-11-03 03:38:00,1131,P1040,S016,2,0.0,Net Banking,2024-11-03 04:35:00,2024-12-12 04:35:00
505166,2023-11-25 13:50:00,1028,P1006,S020,7,0.0,Wallet,2023-11-25 16:06:00,2024-01-02 16:06:00
505167,2025-05-15 16:04:00,1441,P1021,S014,7,0.15,UPI,2025-05-15 17:18:00,2025-06-03 17:18:00
505168,2023-07-30 15:48:00,1078,P1072,S006,1,0.15,Cash,2023-07-30 17:47:00,2023-09-11 17:47:00
505169,2023-04-13 17:01:00,1266,P1089,S018,3,0.1,Wallet,2023-04-13 18:28:00,2023-05-30 18:28:00
505170,2023-01-24 08:39:00,1249,P1083,S023,8,0.05,Debit Card,2023-01-24 11:24:00,2023-02-23 11:24:00
505171,2023-01-14 01:14:00,1043,P1094,S003,7,0.0,Cash,2023-01-14 01:29:00,2023-01-26 01:29:00
505172,2024-12-12 18:35:00,1092,P1039,S022,5,0.2,Debit Card,2024-12-12 21:10:00,2025-01-08 21:10:00
505173,2025-08-16 13:16:00,1313,P1070,S019,6,0.2,Credit Card,2025-08-16 16:01:00,2025-08-22 16:01:00
505174,2024-01-06 11:04:00,1020,P1022,S001,3,0.15,Credit Card,2024-01-06 13:37:00,2024-02-11 13:37:00
505175,2024-03-10 08:59:00,1069,P1038,S015,8,0.15,UPI,2024-03-10 11:38:00,2024-05-02 11:38:00
505176,2025-12-24 10:36:00,1348,P1043,S014,3,0.05,Net Banking,2025-12-24 11:54:00,2026-02-16 11:54:00
505177,2025-01-08 23:23:00,1356,P1072,S009,3,0.0,Credit Card,2025-01-09 00:30:00,2025-01-21 00:30:00
505178,2025-12-06 20:00:00,1161,P1087,S016,7,0.2,Debit Card,2025-12-06 20:30:00,2025-12-13 20:30:00
505179,2023-07-24 21:23:00,1319,P1140,S025,6,0.1,Credit Card,2023-07-24 21:49:00,2023-08-06 21:49:00
505180,2023-11-18 06:30:00,1259,P1056,S020,8,0.05,UPI,2023-11-18 08:02:00,2023-11-18 08:02:00
505181,2025-08-05 10:57:00,1164,P1039,S022,4,0.05,DEBIT CARD,2025-08-05 11:39:00,2025-09-26 11:39:00
505182,2024-04-25 08:44:00,1379,P1053,S019,6,0.15,Net Banking,2024-04-25 09:21:00,2024-05-01 09:21:00
505183,2025-06-04 10:27:00,1004,P1126,S007,4,0.1,UPI,2025-06-04 11:09:00,2025-07-09 11:09:00
505184,2023-01-26 13:45:00,1354,P1084,S025,6,0.2,UPI,2023-01-26 14:51:00,2023-03-21 14:51:00
505185,2024-09-16 16:10:00,1150,P1011,S016,3,0.2,Cash,2024-09-16 18:46:00,2024-11-12 18:46:00
505186,2024-01-19 11:47:00,1226,P1047,S019,4,0.15,UPI,2024-01-19 13:15:00,2024-02-21 13:15:00
505187,2025-05-26 05:40:00,1445,P1130,S015,4,0.15,UPI,2025-05-26 08:23:00,2025-06-18 08:23:00
505188,2025-12-08 01:23:00,1069,P1035,S014,3,0.05,Wallet,2025-12-08 02:53:00,2026-01-11 02:53:00
505189,2023-06-19 13:29:00,1011,P1017,S003,6,0.05,Credit Card,2023-06-19 15:04:00,2023-08-12 15:04:00
505190,2025-07-09 23:01:00,1154,P1025,S010,8,0.15,Debit Card,2025-07-09 23:56:00,2025-08-31 23:56:00
505191,2025-02-16 22:34:00,1346,P1108,S007,8,0.0,CREDIT CARD,2025-02-17 00:44:00,2025-04-02 00:44:00
505192,2025-06-19 18:37:00,1005,P1135,S001,6,0.05,Net Banking,2025-06-19 20:54:00,2025-07-19 20:54:00
505193,2024-01-13 17:59:00,1379,P1020,S006,3,0.05,Wallet,2024-01-13 20:28:00,2024-02-17 20:28:00
505194,2025-03-10 10:28:00,1187,P1050,S025,8,0.15,Debit Card,2025-03-10 13:24:00,2025-04-26 13:24:00
505195,2024-08-13 10:07:00,1168,P1099,S005,3,0.05,UPI,2024-08-13 10:47:00,2024-09-22 10:47:00
505196,2026-01-14 21:13:00,1209,P1066,S022,5,0.05,Net Banking,2026-01-14 22:24:00,2026-03-04 22:24:00
505197,2026-03-04 21:46:00,1108,P1133,S002,8,0.0,Net Banking,2026-03-04 23:24:00,2026-03-11 23:24:00
505198,2025-02-09 01:58:00,1304,P1052,S020,5,0.1,UPI,2025-02-09 03:48:00,2025-03-17 03:48:00
505199,2023-03-17 12:42:00,1266,P1039,S020,3,0.0,Cash,2023-03-17 14:57:00,2023-03-29 14:57:00
505200,2023-10-26 18:33:00,1157,P1048,S016,6,0.15,upi,2023-10-26 20:09:00,2023-10-26 20:09:00
505201,2023-04-28 07:26:00,1325,P1004,S012,7,0.2,Debit Card,2023-04-28 10:12:00,2023-05-10 10:12:00
505202,2025-04-30 05:20:00,1352,P1149,S013,5,0.0,Credit Card,2025-04-30 08:00:00,2025-05-02 08:00:00
505203,2024-03-14 10:10:00,1280,P1150,S022,1,0.2,Net Banking,2024-03-14 12:30:00,2024-04-16 12:30:00
505204,2025-11-28 12:48:00,1036,P1024,S001,8,0.0,Debit Card,2025-11-28 12:55:00,2025-12-31 12:55:00
505205,2023-12-24 06:45:00,1126,P1106,S017,1,0.2,Wallet,2023-12-24 08:27:00,2023-12-25 08:27:00
505206,2024-11-14 17:42:00,1134,P1070,S007,8,0.05,UPI,2024-11-14 19:51:00,2024-12-02 19:51:00
505207,2024-02-11 05:27:00,1438,P1107,S007,4,0.0,Wallet,2024-02-11 07:33:00,2024-03-13 07:33:00
505208,2023-06-05 21:59:00,1411,P1078,S008,5,0.05,UPI,2023-06-06 00:08:00,2023-06-09 00:08:00
505209,2025-08-18 18:31:00,1193,P1132,S023,5,0.05,upi,2025-08-18 19:55:00,2025-10-06 19:55:00
505210,2026-02-11 03:35:00,1416,P1135,S024,8,0.1,Cash,2026-02-11 03:43:00,2026-02-15 03:43:00
505211,2023-12-07 19:05:00,1117,P1027,S004,3,0.15,Debit Card,2023-12-07 22:02:00,2024-02-02 22:02:00
505212,2025-06-21 09:24:00,1030,P1034,S022,4,0.0,Credit Card,2025-06-21 09:25:00,2025-07-04 09:25:00
505213,2023-05-28 15:33:00,1403,P1005,S010,3,0.05,CREDIT CARD,2023-05-28 16:02:00,2023-06-25 16:02:00
505214,2025-10-08 10:33:00,1048,P1021,S018,6,0.2,Credit Card,2025-10-08 12:52:00,2025-11-12 12:52:00
505215,2023-02-19 13:13:00,1134,P1030,S013,6,0.05,Cash,2023-02-19 13:19:00,2023-04-14 13:19:00
505216,2023-12-09 12:05:00,1291,P1027,S001,6,0.05,UPI,2023-12-09 14:26:00,2024-02-03 14:26:00
505217,2023-03-29 00:57:00,1309,P1047,S025,6,0.0,Credit Card,2023-03-29 01:14:00,2023-04-27 01:14:00
505218,2025-03-23 20:10:00,1279,P1005,S003,4,0.15,UPI,2025-03-23 20:49:00,2025-04-04 20:49:00
505219,2023-12-28 00:54:00,1455,P1144,S003,5,0.0,UPI,2023-12-28 03:18:00,2024-02-07 03:18:00
505220,2024-07-21 12:39:00,1444,P1061,S013,1,0.15,Cash,2024-07-21 14:18:00,2024-07-26 14:18:00
505221,2023-10-20 15:10:00,1381,P1073,S012,1,0.2,Net Banking,2023-10-20 15:19:00,2023-11-29 15:19:00
505222,2023-01-15 13:47:00,1351,P1090,S008,4,0.05,Debit Card,2023-01-15 14:39:00,2023-02-28 14:39:00
505223,2023-02-25 03:25:00,1068,P1084,S003,1,0.1,Net Banking,2023-02-25 04:12:00,2023-03-23 04:12:00
505224,2024-07-11 12:07:00,1019,P1093,S022,2,0.1,UPI,2024-07-11 14:11:00,2024-07-26 14:11:00
505225,2024-02-28 07:42:00,1303,P1102,S015,4,0.0,Net Banking,2024-02-28 08:14:00,2024-02-29 08:14:00
505226,2023-11-03 09:00:00,1048,P1052,S011,7,0.15,debit card,2023-11-03 11:02:00,2023-11-22 11:02:00
505227,2024-05-04 07:36:00,1408,P1099,S008,6,0.15,Debit Card,2024-05-04 07:48:00,2024-05-18 07:48:00
505228,2024-02-15 07:38:00,1164,P1130,S001,1,0.0,Net Banking,2024-02-15 08:03:00,2024-03-23 08:03:00
505229,2024-09-03 03:25:00,1194,P1125,S012,1,0.0,Wallet,2024-09-03 04:01:00,2024-10-16 04:01:00
505230,2024-09-27 13:33:00,1063,P1069,S013,6,0.0,UPI,2024-09-27 14:34:00,2024-11-07 14:34:00
505231,2024-04-06 18:16:00,1190,P1093,S017,5,0.15,Wallet,2024-04-06 20:58:00,2024-06-02 20:58:00
505232,2024-08-11 20:10:00,1258,P1028,S025,1,0.05,Credit Card,2024-08-11 20:25:00,2024-08-17 20:25:00
505233,2023-12-13 00:06:00,1054,P1134,S018,1,0.15,WALLET,2023-12-13 01:42:00,2024-01-04 01:42:00
505234,2023-02-02 19:07:00,1179,P1009,S015,6,0.0,Wallet,2023-02-02 21:11:00,2023-03-23 21:11:00
505235,2026-03-30 05:24:00,1325,P1091,S001,5,0.15,UPI,2026-03-30 07:22:00,2026-04-29 07:22:00
505236,2025-03-12 20:10:00,1345,P1132,S021,5,0.05,Wallet,2025-03-12 22:59:00,2025-03-21 22:59:00
505237,2025-06-02 11:27:00,1381,P1143,S025,8,0.05,UPI,2025-06-02 13:44:00,2025-07-28 13:44:00
505238,2023-10-19 00:16:00,1042,P1008,S008,7,0.1,credit card,2023-10-19 02:38:00,2023-11-19 02:38:00
505239,2024-08-05 15:24:00,1130,P1075,S005,8,0.0,WALLET,2024-08-05 16:39:00,2024-08-10 16:39:00
505240,2025-06-15 09:21:00,1443,P1076,S012,6,0.1,UPI,2025-06-15 10:16:00,2025-06-19 10:16:00
505241,2026-02-20 01:03:00,1317,P1005,S014,6,0.1,Cash,2026-02-20 01:40:00,2026-04-01 01:40:00
505242,2024-02-05 10:27:00,1416,P1115,S023,3,0.2,Debit Card,2024-02-05 11:32:00,2024-02-13 11:32:00
505243,2024-02-21 13:40:00,1489,P1007,S019,3,0.1,Debit Card,2024-02-21 14:03:00,2024-02-23 14:03:00
505244,2023-04-27 20:33:00,1364,P1111,S022,5,0.15,UPI,2023-04-27 21:02:00,2023-05-13 21:02:00
505245,2023-11-05 06:26:00,1152,P1029,S016,1,0.15,UPI,2023-11-05 06:27:00,2023-12-03 06:27:00
505246,2023-12-09 05:23:00,1166,P1052,S022,2,0.05,Debit Card,2023-12-09 06:06:00,2023-12-30 06:06:00
505247,2023-07-11 14:26:00,1280,P1008,S019,6,0.1,UPI,2023-07-11 15:13:00,2023-07-22 15:13:00
505248,2025-10-04 11:17:00,1050,P1100,S008,8,0.2,UPI,2025-10-04 14:10:00,2025-10-06 14:10:00
505249,2024-12-19 17:17:00,1284,P1030,S015,4,0.2,Credit Card,2024-12-19 19:38:00,2024-12-29 19:38:00
505250,2024-03-08 19:47:00,1323,P1027,S001,3,0.2,Cash,2024-03-08 21:30:00,2024-04-16 21:30:00
505251,2024-12-25 13:06:00,1032,P1098,S010,7,0.1,Wallet,2024-12-25 13:40:00,2025-02-14 13:40:00
505252,2025-04-17 15:24:00,1285,P1092,S013,3,0.1,UPI,2025-04-17 16:30:00,2025-05-16 16:30:00
505253,2026-02-10 08:58:00,1382,P1020,S021,5,0.05,Net Banking,2026-02-10 10:28:00,2026-02-13 10:28:00
505254,2026-03-02 04:22:00,1008,P1149,S019,3,0.2,Cash,2026-03-02 06:21:00,2026-04-27 06:21:00
505255,2023-09-03 00:09:00,1322,P1086,S025,2,0.1,Credit Card,2023-09-03 02:22:00,2023-09-25 02:22:00
505256,2025-12-18 21:54:00,1350,P1086,S005,1,0.05,Credit Card,2025-12-18 22:33:00,2026-01-07 22:33:00
505257,2026-01-14 13:21:00,1275,P1032,S019,1,0.1,Credit Card,2026-01-14 15:45:00,2026-01-21 15:45:00
505258,2025-12-21 06:51:00,1452,P1011,S011,4,0.0,Cash,2025-12-21 09:25:00,2026-02-08 09:25:00
505259,2025-09-28 07:56:00,1344,P1139,S008,1,0.05,Net Banking,2025-09-28 07:59:00,2025-11-13 07:59:00
505260,2025-12-15 09:01:00,1221,P1122,S015,7,0.2,Credit Card,2025-12-15 09:27:00,2026-01-31 09:27:00
505261,2023-05-14 18:55:00,1377,P1005,S011,1,0.15,UPI,2023-05-14 21:40:00,2023-05-21 21:40:00
505262,2026-03-31 14:02:00,1249,P1076,S025,5,0.1,Wallet,2026-03-31 16:36:00,2026-04-22 16:36:00
505263,2024-07-22 00:54:00,1484,P1030,S010,4,0.2,Cash,2024-07-22 02:45:00,2024-08-28 02:45:00
505264,2025-06-07 15:13:00,1157,P1063,S004,6,0.1,Cash,2025-06-07 17:34:00,2025-07-18 17:34:00
505265,2025-10-11 13:38:00,1469,P1119,S020,3,0.2,Cash,2025-10-11 14:58:00,2025-11-18 14:58:00
505266,2024-01-04 23:26:00,1367,P1122,S007,3,0.1,Credit Card,2024-01-05 00:24:00,2024-01-15 00:24:00
505267,2025-09-28 01:12:00,1325,P1021,S019,1,0.1,Cash,2025-09-28 04:05:00,2025-11-22 04:05:00
505268,2025-04-10 10:43:00,1480,P1068,S003,4,0.1,Credit Card,2025-04-10 11:10:00,2025-06-08 11:10:00
505269,2023-02-13 14:25:00,1439,P1060,S005,8,0.15,Wallet,2023-02-13 16:37:00,2023-03-26 16:37:00
505270,2026-01-25 02:41:00,1221,P1009,S012,2,0.2,UPI,2026-01-25 05:23:00,2026-03-13 05:23:00
505271,2025-08-22 00:10:00,1096,P1061,S014,4,0.15,Debit Card,2025-08-22 03:04:00,2025-09-08 03:04:00
505272,2024-03-16 14:15:00,1035,P1056,S003,5,0.05,Debit Card,2024-03-16 16:31:00,2024-03-18 16:31:00
505273,2023-06-03 06:22:00,1367,P1031,S014,3,0.15,UPI,2023-06-03 09:14:00,2023-07-03 09:14:00
505274,2023-05-14 03:47:00,1196,P1044,S001,8,0.05,Debit Card,2023-05-14 05:00:00,2023-06-12 05:00:00
505275,2025-08-02 17:30:00,1177,P1080,S004,5,0.1,Debit Card,2025-08-02 18:28:00,2025-09-17 18:28:00
505276,2025-05-05 09:28:00,1334,P1026,S025,7,0.2,Net Banking,2025-05-05 10:17:00,2025-05-09 10:17:00
505277,2024-10-31 18:11:00,1119,P1122,S021,1,0.0,Net Banking,2024-10-31 19:54:00,2024-11-25 19:54:00
505278,2025-12-06 19:17:00,1100,P1012,S004,5,0.2,wallet,2025-12-06 20:14:00,2026-01-10 20:14:00
505279,2025-01-19 15:32:00,1192,P1111,S001,1,0.1,UPI,2025-01-19 15:58:00,2025-02-13 15:58:00
505280,2025-11-06 21:39:00,1487,P1034,S010,5,0.15,wallet,2025-11-06 21:48:00,2025-12-24 21:48:00
505281,2024-01-14 17:33:00,1034,P1120,S007,5,0.15,UPI,2024-01-14 18:16:00,2024-02-10 18:16:00
505282,2026-01-21 14:13:00,1104,P1021,S009,4,0.0,Net Banking,2026-01-21 16:04:00,2026-03-15 16:04:00
505283,2023-06-24 06:28:00,1078,P1052,S017,1,0.1,Debit Card,2023-06-24 07:02:00,2023-08-11 07:02:00
505284,2023-01-14 20:14:00,1460,P1135,S024,4,0.1,Net Banking,2023-01-14 20:14:00,2023-03-04 20:14:00
505285,2023-08-18 20:05:00,1251,P1106,S009,3,0.15,Credit Card,2023-08-18 21:47:00,2023-09-05 21:47:00
505286,2026-02-22 22:26:00,1050,P1053,S008,8,0.05,Wallet,2026-02-23 00:48:00,2026-04-15 00:48:00
505287,2023-11-27 20:31:00,1286,P1027,S018,2,0.1,Debit Card,2023-11-27 23:29:00,2024-01-15 23:29:00
505288,2024-03-01 21:37:00,1353,P1129,S018,4,0.0,Credit Card,2024-03-01 22:24:00,2024-03-24 22:24:00
505289,2023-06-30 06:25:00,1209,P1014,S021,4,0.05,Net Banking,2023-06-30 08:29:00,2023-07-04 08:29:00
505290,2024-09-28 02:58:00,1267,P1117,S013,1,0.05,NET BANKING,2024-09-28 04:59:00,2024-11-15 04:59:00
505291,2025-10-06 09:38:00,1082,P1106,S023,5,0.2,Net Banking,2025-10-06 09:41:00,2025-11-05 09:41:00
505292,2023-05-26 00:21:00,1128,P1023,S014,8,0.2,UPI,2023-05-26 03:18:00,2023-05-27 03:18:00
505293,2023-12-22 16:32:00,1228,P1057,S020,6,0.2,Credit Card,2023-12-22 19:23:00,2024-01-06 19:23:00
505294,2023-04-29 17:57:00,1095,P1115,S021,2,0.1,Cash,2023-04-29 18:36:00,2023-06-18 18:36:00
505295,2026-03-17 11:15:00,1126,P1108,S019,3,0.05,Credit Card,2026-03-17 13:46:00,2026-04-06 13:46:00
505296,2023-03-29 14:10:00,1417,P1131,S014,2,0.0,Debit Card,2023-03-29 16:51:00,2023-04-17 16:51:00
505297,2025-06-03 21:53:00,1027,P1100,S016,1,0.0,Wallet,2025-06-03 22:33:00,2025-06-17 22:33:00
505298,2026-03-25 08:24:00,1044,P1071,S023,2,0.05,Net Banking,2026-03-25 10:29:00,2026-03-27 10:29:00
505299,2023-01-02 08:18:00,1455,P1041,S002,4,0.15,Credit Card,2023-01-02 10:10:00,2023-01-08 10:10:00
505300,2024-08-06 17:28:00,1169,P1104,S006,4,0.15,Net Banking,2024-08-06 18:46:00,2024-09-07 18:46:00
505301,2026-02-13 13:44:00,1475,P1057,S005,8,0.15,Cash,2026-02-13 14:01:00,2026-03-15 14:01:00
505302,2023-02-21 22:26:00,1449,P1085,S021,2,0.05,Cash,2023-02-21 23:14:00,2023-04-01 23:14:00
505303,2026-02-15 18:55:00,1219,P1093,S025,8,0.1,UPI,2026-02-15 21:24:00,2026-02-18 21:24:00
505304,2025-04-25 18:35:00,1113,P1107,S013,4,0.05,CASH,2025-04-25 19:39:00,2025-06-05 19:39:00
505305,2025-01-30 13:49:00,1441,P1130,S009,6,0.05,Debit Card,2025-01-30 14:10:00,2025-03-28 14:10:00
505306,2025-09-13 14:30:00,1269,P1093,S019,3,0.2,Debit Card,2025-09-13 16:36:00,2025-11-08 16:36:00
505307,2024-11-25 16:14:00,1275,P1132,S023,4,0.15,Debit Card,2024-11-25 17:59:00,2024-11-29 17:59:00
505308,2024-10-01 17:56:00,1086,P1049,S025,7,0.0,Debit Card,2024-10-01 20:20:00,2024-11-27 20:20:00
505309,2023-09-25 08:17:00,1094,P1090,S013,8,0.0,CREDIT CARD,2023-09-25 09:40:00,2023-09-25 09:40:00
505310,2023-09-04 15:51:00,1317,P1086,S019,2,0.15,UPI,2023-09-04 18:03:00,2023-09-15 18:03:00
505311,2023-01-07 07:28:00,1392,P1042,S019,5,0.0,Credit Card,2023-01-07 09:13:00,2023-01-20 09:13:00
505312,2025-11-06 23:01:00,1252,P1066,S003,3,0.15,Net Banking,2025-11-07 00:18:00,2025-11-20 00:18:00
505313,2026-01-29 00:32:00,1164,P1031,S001,7,0.0,Net Banking,2026-01-29 02:08:00,2026-02-18 02:08:00
505314,2025-08-05 00:55:00,1372,P1129,S007,4,0.0,Credit Card,2025-08-05 03:01:00,2025-09-28 03:01:00
505315,2023-09-19 19:19:00,1347,P1121,S012,5,0.05,Debit Card,2023-09-19 19:27:00,2023-09-29 19:27:00
505316,2023-03-29 02:56:00,1230,P1094,S012,6,0.15,Debit Card,2023-03-29 04:39:00,2023-04-21 04:39:00
505317,2025-12-03 12:13:00,1285,P1019,S001,8,0.0,Debit Card,2025-12-03 14:55:00,2025-12-12 14:55:00
505318,2025-03-18 01:55:00,1246,P1054,S017,5,0.0,UPI,2025-03-18 03:21:00,2025-04-07 03:21:00
505319,2026-03-17 12:00:00,1221,P1098,S004,7,0.0,Wallet,2026-03-17 12:07:00,2026-05-03 12:07:00
505320,2024-12-03 06:05:00,1208,P1006,S023,3,0.1,Debit Card,2024-12-03 07:57:00,2024-12-27 07:57:00
505321,2025-02-06 12:38:00,1303,P1024,S017,2,0.1,Credit Card,2025-02-06 14:36:00,2025-03-22 14:36:00
505322,2024-04-16 22:57:00,1318,P1116,S011,8,0.1,Debit Card,2024-04-17 00:36:00,2024-06-11 00:36:00
505323,2024-06-22 12:50:00,1285,P1049,S009,3,0.15,UPI,2024-06-22 12:54:00,2024-07-16 12:54:00
505324,2025-02-02 06:15:00,1081,P1080,S020,7,0.2,Cash,2025-02-02 08:29:00,2025-03-08 08:29:00
505325,2025-02-11 23:03:00,1401,P1030,S017,8,0.1,Net Banking,2025-02-12 01:22:00,2025-03-29 01:22:00
505326,2026-02-12 01:18:00,1328,P1006,S007,7,0.05,Debit Card,2026-02-12 01:45:00,2026-03-02 01:45:00
505327,2025-12-14 14:16:00,1071,P1100,S004,4,0.15,Net Banking,2025-12-14 15:41:00,2025-12-20 15:41:00
505328,2023-04-26 05:10:00,1458,P1054,S001,5,0.1,Credit Card,2023-04-26 07:57:00,2023-06-12 07:57:00
505329,2023-05-24 21:10:00,1102,P1071,S023,6,0.1,Cash,2023-05-24 21:31:00,2023-07-13 21:31:00
505330,2023-03-04 01:30:00,1206,P1100,S025,8,0.05,Credit Card,2023-03-04 02:17:00,2023-03-25 02:17:00
505331,2023-04-28 12:41:00,1215,P1090,S015,4,0.15,Wallet,2023-04-28 13:34:00,2023-06-27 13:34:00
505332,2023-05-31 20:43:00,1495,P1014,S010,2,0.05,Cash,2023-05-31 22:17:00,2023-06-06 22:17:00
505333,2025-09-21 14:30:00,1311,P1093,S019,4,0.05,Wallet,2025-09-21 16:07:00,2025-10-22 16:07:00
505334,2023-09-29 08:55:00,1246,P1056,S015,2,0.2,Cash,2023-09-29 11:28:00,2023-10-23 11:28:00
505335,2025-08-23 10:21:00,1061,P1034,S001,5,0.1,DEBIT CARD,2025-08-23 12:16:00,2025-09-29 12:16:00
505336,2023-02-18 05:34:00,1453,P1072,S010,4,0.2,Wallet,2023-02-18 08:34:00,2023-03-29 08:34:00
505337,2025-12-18 04:24:00,1207,P1147,S009,2,0.05,Wallet,2025-12-18 06:54:00,2026-01-15 06:54:00
505338,2025-03-06 12:31:00,1280,P1134,S014,7,0.2,UPI,2025-03-06 13:40:00,2025-04-24 13:40:00
505339,2025-11-29 15:33:00,1290,P1021,S010,2,0.2,Wallet,2025-11-29 17:21:00,2025-12-13 17:21:00
505340,2024-05-05 10:37:00,1372,P1074,S020,1,0.1,Debit Card,2024-05-05 10:46:00,2024-06-21 10:46:00
505341,2024-06-17 14:17:00,1028,P1116,S005,6,0.1,Debit Card,2024-06-17 15:04:00,2024-07-16 15:04:00
505342,2024-12-04 23:09:00,1211,P1017,S002,6,0.1,Cash,2024-12-05 01:11:00,2025-01-09 01:11:00
505343,2023-12-01 17:30:00,1029,P1117,S011,2,0.2,Credit Card,2023-12-01 18:40:00,2024-01-27 18:40:00
505344,2023-09-11 08:24:00,1230,P1140,S006,1,0.05,Debit Card,2023-09-11 08:25:00,2023-09-26 08:25:00
505345,2025-04-27 16:38:00,1059,P1005,S018,6,0.2,Cash,2025-04-27 19:13:00,2025-06-10 19:13:00
505346,2025-09-10 14:00:00,1016,P1028,S007,4,0.2,Wallet,2025-09-10 16:00:00,2025-10-02 16:00:00
505347,2023-12-22 10:25:00,1314,P1123,S023,5,0.15,CREDIT CARD,2023-12-22 12:20:00,2024-02-13 12:20:00
505348,2023-07-08 15:49:00,1266,P1104,S006,7,0.15,Wallet,2023-07-08 17:52:00,2023-07-12 17:52:00
505349,2025-06-19 23:48:00,1036,P1104,S008,4,0.2,Cash,2025-06-20 02:03:00,2025-07-16 02:03:00
505350,2024-03-01 17:07:00,1481,P1051,S005,7,0.05,DEBIT CARD,2024-03-01 18:08:00,2024-03-01 18:08:00
505351,2025-11-22 13:19:00,1130,P1104,S013,6,0.1,Net Banking,2025-11-22 13:25:00,2025-12-31 13:25:00
505352,2025-09-23 14:01:00,1202,P1077,S009,4,0.1,Net Banking,2025-09-23 15:21:00,2025-10-07 15:21:00
505353,2024-11-20 09:06:00,1335,P1120,S013,3,0.0,Net Banking,2024-11-20 09:39:00,2024-11-26 09:39:00
505354,2023-03-06 02:44:00,1272,P1064,S009,3,0.2,UPI,2023-03-06 03:29:00,2023-04-30 03:29:00
505355,2023-02-18 21:37:00,1010,P1091,S008,7,0.1,UPI,2023-02-18 22:18:00,2023-04-11 22:18:00
505356,2024-08-14 20:22:00,1219,P1108,S020,1,0.0,UPI,2024-08-14 22:04:00,2024-09-16 22:04:00
505357,2023-12-13 06:12:00,1464,P1081,S005,5,0.0,DEBIT CARD,2023-12-13 06:34:00,2024-02-01 06:34:00
505358,2023-09-09 10:40:00,1264,P1069,S023,3,0.15,Cash,2023-09-09 12:36:00,2023-09-29 12:36:00
505359,2025-11-25 13:54:00,1416,P1045,S016,8,0.2,Wallet,2025-11-25 14:17:00,2026-01-05 14:17:00
505360,2024-02-09 07:14:00,1169,P1112,S020,5,0.05,UPI,2024-02-09 08:15:00,2024-04-02 08:15:00
505361,2023-07-11 17:17:00,1165,P1115,S013,7,0.0,Cash,2023-07-11 18:22:00,2023-08-30 18:22:00
505362,2023-12-25 18:53:00,1375,P1107,S010,2,,Credit Card,2023-12-25 20:26:00,2023-12-28 20:26:00
505363,2023-06-09 17:19:00,1334,P1125,S008,3,0.15,Debit Card,2023-06-09 17:35:00,2023-07-19 17:35:00
505364,2023-10-15 06:16:00,1190,P1093,S010,7,0.0,Credit Card,2023-10-15 08:58:00,2023-11-11 08:58:00
505365,2023-05-07 07:48:00,1378,P1106,S015,3,0.15,Debit Card,2023-05-07 10:06:00,2023-05-24 10:06:00
505366,2024-09-11 21:03:00,1309,P1132,S020,3,0.2,Net Banking,2024-09-11 21:22:00,2024-11-05 21:22:00
505367,2023-08-23 09:43:00,1171,P1055,S011,5,0.05,Debit Card,2023-08-23 10:36:00,2023-10-14 10:36:00
505368,2025-05-30 04:53:00,1443,P1109,S024,1,0.15,wallet,2025-05-30 07:09:00,2025-07-11 07:09:00
505369,2025-11-12 02:53:00,1491,P1130,S010,8,0.1,UPI,2025-11-12 03:56:00,2026-01-01 03:56:00
505370,2024-05-16 23:48:00,1023,P1119,S022,5,0.2,UPI,2024-05-17 00:53:00,2024-07-05 00:53:00
505371,2025-10-27 23:20:00,1358,P1138,S005,5,0.0,Debit Card,2025-10-27 23:24:00,2025-11-19 23:24:00
505372,2024-10-07 08:26:00,1068,P1016,S013,1,0.15,UPI,2024-10-07 09:55:00,2024-10-11 09:55:00
505373,2023-07-16 19:50:00,1304,P1117,S007,8,,DEBIT CARD,2023-07-16 21:19:00,2023-09-03 21:19:00
505374,2024-05-03 00:14:00,1274,P1070,S013,5,0.05,Net Banking,2024-05-03 00:44:00,2024-05-23 00:44:00
505375,2024-05-27 08:57:00,1009,P1083,S009,1,0.0,Net Banking,2024-05-27 09:29:00,2024-07-01 09:29:00
505376,2023-12-04 23:48:00,1295,P1091,S002,8,0.2,CASH,2023-12-05 00:41:00,2023-12-11 00:41:00
505377,2024-05-12 00:56:00,1097,P1149,S001,1,0.05,Debit Card,2024-05-12 02:23:00,2024-06-24 02:23:00
505378,2024-03-04 05:47:00,1451,P1100,S005,1,0.1,Wallet,2024-03-04 08:26:00,2024-03-14 08:26:00
505379,2025-01-16 22:23:00,1481,P1098,S005,5,0.2,Cash,2025-01-17 01:23:00,2025-02-08 01:23:00
505380,2025-01-30 12:50:00,1474,P1114,S018,4,0.05,Net Banking,2025-01-30 14:18:00,2025-03-17 14:18:00
505381,2024-05-12 19:37:00,1037,P1008,S019,6,0.0,Net Banking,2024-05-12 20:51:00,2024-05-25 20:51:00
505382,2025-10-30 16:22:00,1226,P1136,S006,1,0.2,Debit Card,2025-10-30 18:15:00,2025-12-04 18:15:00
505383,2025-09-14 05:46:00,1310,P1115,S017,4,0.0,Wallet,2025-09-14 07:56:00,2025-09-29 07:56:00
505384,2023-05-26 17:38:00,1417,P1093,S021,5,0.15,Wallet,2023-05-26 20:01:00,2023-06-22 20:01:00
505385,2023-02-06 14:48:00,1445,P1108,S006,6,0.15,Wallet,2023-02-06 16:02:00,2023-02-27 16:02:00
505386,2025-08-15 00:57:00,1081,P1115,S004,8,0.1,Net Banking,2025-08-15 01:50:00,2025-10-12 01:50:00
505387,2025-07-14 10:03:00,1446,P1009,S022,3,0.0,Cash,2025-07-14 12:31:00,2025-08-18 12:31:00
505388,2024-11-30 21:58:00,1130,P1103,S019,1,0.15,DEBIT CARD,2024-11-30 22:30:00,2024-12-02 22:30:00
505389,2024-03-02 18:01:00,1423,P1067,S018,5,0.15,Cash,2024-03-02 20:42:00,2024-03-27 20:42:00
505390,2024-01-25 19:10:00,1153,P1066,S025,5,0.0,Wallet,2024-01-25 19:20:00,2024-02-03 19:20:00
505391,2025-09-05 07:40:00,1248,P1021,S018,1,0.0,UPI,2025-09-05 08:05:00,2025-10-11 08:05:00
505392,2024-01-06 01:48:00,1204,P1126,S006,2,0.15,Net Banking,2024-01-06 02:38:00,2024-02-23 02:38:00
505393,2024-06-01 04:57:00,1327,P1101,S014,7,0.1,Cash,2024-06-01 06:47:00,2024-06-06 06:47:00
505394,2023-05-16 00:31:00,1113,P1089,S006,8,0.1,Cash,2023-05-16 03:28:00,2023-06-21 03:28:00
505395,2025-01-20 04:44:00,1127,P1028,S022,4,0.0,Wallet,2025-01-20 04:50:00,2025-02-23 04:50:00
505396,2023-01-11 02:47:00,1326,P1135,S008,3,0.0,Debit Card,2023-01-11 04:25:00,2023-01-16 04:25:00
505397,2023-11-21 18:59:00,1430,P1127,S010,2,0.15,Cash,2023-11-21 19:10:00,2023-11-24 19:10:00
505398,2024-07-02 06:02:00,1013,P1076,S005,4,0.0,Cash,2024-07-02 08:22:00,2024-07-26 08:22:00
505399,2025-10-02 04:13:00,1154,P1098,S024,5,,Cash,2025-10-02 04:46:00,2025-11-25 04:46:00
505400,2023-08-25 01:24:00,1202,P1016,S014,8,0.05,Cash,2023-08-25 01:36:00,2023-10-14 01:36:00
505401,2025-07-17 16:34:00,1038,P1066,S004,2,0.0,UPI,2025-07-17 19:12:00,2025-07-27 19:12:00
505402,2025-07-29 05:51:00,1258,P1066,S016,1,0.0,Wallet,2025-07-29 08:26:00,2025-07-30 08:26:00
505403,2023-07-14 14:03:00,1201,P1070,S015,7,0.1,Net Banking,2023-07-14 15:31:00,2023-09-01 15:31:00
505404,2025-01-28 14:48:00,1304,P1006,S008,4,0.15,Wallet,2025-01-28 16:21:00,2025-02-25 16:21:00
505405,2025-08-02 23:20:00,1385,P1072,S025,8,0.2,UPI,2025-08-03 02:02:00,2025-09-09 02:02:00
505406,2023-02-12 18:48:00,1317,P1150,S021,4,0.15,Net Banking,2023-02-12 21:26:00,2023-03-29 21:26:00
505407,2024-08-01 17:45:00,1084,P1056,S025,1,0.2,UPI,2024-08-01 19:27:00,2024-08-21 19:27:00
505408,2024-08-14 10:53:00,1136,P1055,S001,5,0.2,Net Banking,2024-08-14 11:47:00,2024-08-26 11:47:00
505409,2023-12-23 00:50:00,1017,P1001,S001,3,0.15,Cash,2023-12-23 02:48:00,2024-02-15 02:48:00
505410,2024-12-16 10:16:00,1104,P1112,S010,2,0.15,Credit Card,2024-12-16 12:10:00,2025-01-07 12:10:00
505411,2025-12-19 04:21:00,1242,P1037,S021,4,0.0,Credit Card,2025-12-19 04:41:00,2025-12-25 04:41:00
505412,2024-12-15 16:10:00,1411,P1045,S013,4,0.05,UPI,2024-12-15 16:32:00,2025-01-14 16:32:00
505413,2026-01-19 01:50:00,1478,P1004,S018,7,0.0,UPI,2026-01-19 02:56:00,2026-02-23 02:56:00
505414,2023-12-07 11:32:00,1156,P1060,S002,7,0.1,Wallet,2023-12-07 11:37:00,2023-12-26 11:37:00
505415,2025-08-09 15:08:00,1069,P1114,S004,7,0.2,UPI,2025-08-09 15:31:00,2025-08-15 15:31:00
505416,2023-01-02 18:33:00,1338,P1117,S014,7,,Debit Card,2023-01-02 18:57:00,2023-02-25 18:57:00
505417,2023-09-21 02:21:00,1215,P1124,S007,8,0.0,UPI,2023-09-21 02:59:00,2023-11-19 02:59:00
505418,2023-01-26 14:48:00,1203,P1137,S014,7,0.1,Cash,2023-01-26 14:49:00,2023-03-26 14:49:00
505419,2024-09-21 03:18:00,1121,P1090,S020,5,0.15,Net Banking,2024-09-21 05:19:00,2024-11-16 05:19:00
505420,2026-03-11 10:12:00,1150,P1048,S011,3,0.1,Cash,2026-03-11 12:54:00,2026-04-09 12:54:00
505421,2025-06-28 12:34:00,1292,P1126,S023,8,0.05,Wallet,2025-06-28 15:03:00,2025-08-20 15:03:00
505422,2026-03-18 11:05:00,1462,P1099,S002,4,0.05,Wallet,2026-03-18 12:44:00,2026-04-27 12:44:00
505423,2024-05-25 21:30:00,1136,P1005,S020,6,0.0,Wallet,2024-05-25 21:37:00,2024-05-31 21:37:00
505424,2025-06-19 20:51:00,1330,P1025,S020,7,0.05,Credit Card,2025-06-19 21:10:00,2025-07-11 21:10:00
505425,2024-04-02 01:41:00,1467,P1126,S005,6,0.2,Cash,2024-04-02 02:59:00,2024-05-03 02:59:00
505426,2023-06-04 22:05:00,1494,P1089,S022,4,0.05,Net Banking,2023-06-04 23:37:00,2023-07-14 23:37:00
505427,2024-08-19 02:25:00,1388,P1149,S022,1,0.15,Credit Card,2024-08-19 02:57:00,2024-10-17 02:57:00
505428,2026-01-26 23:48:00,1165,P1105,S013,1,0.05,UPI,2026-01-27 01:58:00,2026-02-01 01:58:00
505429,2026-03-25 17:03:00,1043,P1134,S007,5,0.05,Debit Card,2026-03-25 18:32:00,2026-05-24 18:32:00
505430,2026-03-08 06:26:00,1223,P1136,S002,8,0.15,Net Banking,2026-03-08 07:29:00,2026-03-28 07:29:00
505431,2024-05-24 09:31:00,1462,P1067,S004,7,0.15,Cash,2024-05-24 10:08:00,2024-06-11 10:08:00
505432,2023-10-23 03:51:00,1382,P1075,S008,1,0.2,Cash,2023-10-23 06:08:00,2023-11-23 06:08:00
505433,2024-08-08 15:19:00,1328,P1052,S005,7,0.2,Credit Card,2024-08-08 15:52:00,2024-09-15 15:52:00
505434,2024-09-10 16:30:00,1369,P1045,S019,6,0.0,Cash,2024-09-10 16:36:00,2024-10-18 16:36:00
505435,2023-12-12 17:45:00,1285,P1080,S012,5,0.2,Credit Card,2023-12-12 20:15:00,2023-12-14 20:15:00
505436,2025-02-12 04:28:00,1106,P1058,S004,3,0.1,NET BANKING,2025-02-12 06:30:00,2025-04-10 06:30:00
505437,2023-07-16 04:42:00,1239,P1101,S013,4,0.1,UPI,2023-07-16 07:05:00,2023-09-12 07:05:00
505438,2024-06-08 03:39:00,1381,P1065,S009,8,0.15,Debit Card,2024-06-08 05:32:00,2024-08-02 05:32:00
505439,2024-01-08 04:19:00,1313,P1103,S017,6,0.0,Cash,2024-01-08 06:01:00,2024-03-02 06:01:00
505440,2023-12-31 02:30:00,1237,P1027,S008,6,0.05,Wallet,2023-12-31 04:04:00,2024-01-04 04:04:00
505441,2026-02-07 09:20:00,1233,P1008,S023,6,0.0,Wallet,2026-02-07 10:26:00,2026-03-20 10:26:00
505442,2023-02-17 11:51:00,1350,P1086,S023,1,0.15,Cash,2023-02-17 13:43:00,2023-03-05 13:43:00
505443,2025-05-09 09:34:00,1153,P1030,S008,4,0.0,Credit Card,2025-05-09 11:31:00,2025-06-11 11:31:00
505444,2025-07-23 13:02:00,1396,P1061,S007,6,0.2,Debit Card,2025-07-23 15:08:00,2025-08-26 15:08:00
505445,2026-01-12 05:40:00,1132,P1093,S005,5,,Net Banking,2026-01-12 06:12:00,2026-03-11 06:12:00
505446,2023-09-01 12:55:00,1097,P1094,S008,5,,Cash,2023-09-01 12:58:00,2023-10-13 12:58:00
505447,2025-05-18 22:53:00,1209,P1028,S009,2,0.0,Wallet,2025-05-19 00:23:00,2025-06-07 00:23:00
505448,2026-03-31 20:06:00,1052,P1075,S022,8,0.05,Net Banking,2026-03-31 20:14:00,2026-05-11 20:14:00
505449,2023-06-12 20:10:00,1420,P1061,S011,5,0.1,Net Banking,2023-06-12 22:37:00,2023-07-14 22:37:00
505450,2023-01-17 21:06:00,1244,P1019,S005,8,0.15,Wallet,2023-01-17 21:40:00,2023-02-15 21:40:00
505451,2023-08-04 10:24:00,1174,P1050,S020,1,0.2,UPI,2023-08-04 13:09:00,2023-09-05 13:09:00
505452,2025-07-12 09:17:00,1466,P1065,S001,1,0.05,UPI,2025-07-12 11:21:00,2025-08-17 11:21:00
505453,2026-01-06 19:46:00,1290,P1012,S013,5,0.0,Net Banking,2026-01-06 20:26:00,2026-01-16 20:26:00
505454,2025-03-07 10:35:00,1080,P1145,S008,8,0.15,Debit Card,2025-03-07 11:50:00,2025-03-09 11:50:00
505455,2024-10-21 04:52:00,1164,P1143,S015,3,0.2,UPI,2024-10-21 06:38:00,2024-11-30 06:38:00
505456,2023-12-12 07:35:00,1215,P1046,S014,1,0.0,Net Banking,2023-12-12 09:13:00,2024-01-01 09:13:00
505457,2023-01-17 11:37:00,1343,P1031,S017,1,0.0,Wallet,2023-01-17 13:56:00,2023-01-18 13:56:00
505458,2024-05-21 00:00:00,1100,P1117,S018,3,0.2,Cash,2024-05-21 01:25:00,2024-07-19 01:25:00
505459,2025-12-08 23:30:00,1403,P1040,S002,4,0.0,Cash,2025-12-09 02:11:00,2025-12-19 02:11:00
505460,2023-05-25 01:54:00,1461,P1109,S019,3,0.05,Credit Card,2023-05-25 04:12:00,2023-05-29 04:12:00
505461,2025-08-15 12:41:00,1058,P1094,S009,2,0.1,Wallet,2025-08-15 14:21:00,2025-08-25 14:21:00
505462,2023-05-19 18:35:00,1002,P1033,S015,3,0.2,Wallet,2023-05-19 18:50:00,2023-06-16 18:50:00
505463,2023-12-08 22:38:00,1421,P1040,S022,7,0.05,Debit Card,2023-12-08 23:56:00,2024-01-31 23:56:00
505464,2026-01-06 07:19:00,1361,P1100,S007,8,0.1,Net Banking,2026-01-06 09:48:00,2026-01-16 09:48:00
505465,2024-10-25 11:38:00,1313,P1037,S025,4,0.05,Debit Card,2024-10-25 12:00:00,2024-10-28 12:00:00
505466,2025-01-13 16:32:00,1433,P1039,S017,4,0.1,Cash,2025-01-13 18:01:00,2025-02-11 18:01:00
505467,2024-03-17 20:33:00,1455,P1112,S003,1,0.1,Debit Card,2024-03-17 23:08:00,2024-03-23 23:08:00
505468,2026-02-10 15:23:00,1358,P1039,S019,7,0.0,debit card,2026-02-10 16:16:00,2026-02-11 16:16:00
505469,2023-04-27 21:54:00,1034,P1110,S015,6,0.05,Wallet,2023-04-28 00:30:00,2023-05-17 00:30:00
505470,2023-03-28 05:29:00,1470,P1131,S020,2,0.1,Debit Card,2023-03-28 08:01:00,2023-05-16 08:01:00
505471,2024-06-23 17:05:00,1488,P1031,S016,3,0.2,Debit Card,2024-06-23 17:23:00,2024-07-28 17:23:00
505472,2024-11-21 16:19:00,1248,P1070,S019,5,0.0,UPI,2024-11-21 18:36:00,2025-01-07 18:36:00
505473,2026-03-26 05:26:00,1467,P1133,S013,6,0.2,UPI,2026-03-26 06:13:00,2026-04-30 06:13:00
505474,2025-10-07 21:11:00,1029,P1143,S021,1,0.1,Cash,2025-10-07 21:16:00,2025-11-29 21:16:00
505475,2023-02-12 02:36:00,1443,P1054,S025,6,0.15,Debit Card,2023-02-12 04:43:00,2023-03-02 04:43:00
505476,2023-10-28 21:58:00,1170,P1089,S023,6,0.15,Net Banking,2023-10-29 00:35:00,2023-11-06 00:35:00
505477,2023-02-20 22:44:00,1218,P1004,S001,2,0.1,Wallet,2023-02-21 01:04:00,2023-03-10 01:04:00
505478,2026-02-25 03:08:00,1439,P1040,S009,3,0.1,Net Banking,2026-02-25 04:02:00,2026-03-21 04:02:00
505479,2024-08-07 15:43:00,1070,P1089,S004,1,0.15,Wallet,2024-08-07 15:52:00,2024-08-07 15:52:00
505480,2025-07-07 04:19:00,1400,P1109,S002,6,0.15,Wallet,2025-07-07 07:16:00,2025-07-24 07:16:00
505481,2025-09-19 05:53:00,1246,P1125,S010,8,0.15,Credit Card,2025-09-19 07:06:00,2025-10-23 07:06:00
505482,2023-04-22 21:34:00,1226,P1034,S022,1,0.2,UPI,2023-04-22 22:28:00,2023-05-13 22:28:00
505483,2023-04-27 01:45:00,1214,P1064,S009,8,0.1,Wallet,2023-04-27 04:41:00,2023-06-19 04:41:00
505484,2023-06-14 16:00:00,1397,P1035,S002,3,0.05,Credit Card,2023-06-14 17:07:00,2023-08-09 17:07:00
505485,2023-02-01 10:49:00,1449,P1089,S015,4,0.05,Cash,2023-02-01 13:13:00,2023-03-03 13:13:00
505486,2026-02-11 20:48:00,1257,P1123,S013,6,0.15,debit card,2026-02-11 21:35:00,2026-04-11 21:35:00
505487,2025-01-01 11:08:00,1212,P1143,S011,7,0.2,Debit Card,2025-01-01 12:32:00,2025-02-02 12:32:00
505488,2023-02-20 23:27:00,1496,P1129,S016,3,0.15,Debit Card,2023-02-21 01:05:00,2023-03-10 01:05:00
505489,2025-11-10 15:07:00,1027,P1014,S006,6,0.1,Debit Card,2025-11-10 16:04:00,2025-11-12 16:04:00
505490,2025-04-09 20:16:00,1128,P1062,S010,8,0.2,Net Banking,2025-04-09 21:43:00,2025-06-02 21:43:00
505491,2024-12-16 04:37:00,1321,P1131,S010,5,0.15,UPI,2024-12-16 05:44:00,2025-01-25 05:44:00
505492,2024-08-10 03:44:00,1191,P1010,S011,7,,Credit Card,2024-08-10 06:42:00,2024-08-29 06:42:00
505493,2025-09-14 01:27:00,1172,P1028,S003,2,0.2,Cash,2025-09-14 04:01:00,2025-11-11 04:01:00
505494,2023-09-05 06:34:00,1439,P1094,S021,6,0.1,Net Banking,2023-09-05 09:19:00,2023-10-03 09:19:00
505495,2024-07-26 05:11:00,1481,P1027,S022,4,0.05,Wallet,2024-07-26 07:38:00,2024-08-28 07:38:00
505496,2023-11-07 09:04:00,1315,P1118,S015,2,0.0,Net Banking,2023-11-07 11:41:00,2023-12-19 11:41:00
505497,2023-01-12 03:45:00,1227,P1118,S010,4,0.15,UPI,2023-01-12 06:42:00,2023-02-05 06:42:00
505498,2024-06-24 17:39:00,1304,P1134,S011,3,0.15,UPI,2024-06-24 17:39:00,2024-08-18 17:39:00
505499,2024-06-12 07:43:00,1395,P1070,S016,5,0.2,Credit Card,2024-06-12 09:29:00,2024-07-18 09:29:00
505500,2024-09-18 15:24:00,1265,P1137,S019,4,0.2,Cash,2024-09-18 18:22:00,2024-11-17 18:22:00
505501,2023-06-16 12:40:00,1473,P1135,S022,8,0.15,Cash,2023-06-16 13:03:00,2023-07-30 13:03:00
505502,2024-09-20 23:20:00,1029,P1139,S010,4,0.0,Net Banking,2024-09-21 01:34:00,2024-11-03 01:34:00
505503,2025-04-28 20:20:00,1035,P1115,S019,1,0.0,Debit Card,2025-04-28 21:01:00,2025-06-13 21:01:00
505504,2024-02-01 21:04:00,1011,P1095,S011,8,0.1,UPI,2024-02-01 21:38:00,2024-02-27 21:38:00
505505,2023-10-14 20:51:00,1476,P1078,S011,6,0.2,Cash,2023-10-14 23:07:00,2023-12-01 23:07:00
505506,2025-05-17 18:20:00,1446,P1025,S021,3,0.15,Net Banking,2025-05-17 19:55:00,2025-06-22 19:55:00
505507,2023-07-05 07:02:00,1124,P1116,S007,2,0.2,Wallet,2023-07-05 09:08:00,2023-08-07 09:08:00
505508,2024-05-10 11:37:00,1088,P1061,S025,5,0.1,Net Banking,2024-05-10 12:55:00,2024-05-16 12:55:00
505509,2023-12-20 06:11:00,1265,P1015,S024,3,0.1,Debit Card,2023-12-20 07:45:00,2024-02-02 07:45:00
505510,2024-10-15 15:04:00,1197,P1046,S023,8,0.1,CREDIT CARD,2024-10-15 15:30:00,2024-12-03 15:30:00
505511,2024-11-12 03:58:00,1065,P1132,S014,4,0.05,Cash,2024-11-12 05:10:00,2024-12-20 05:10:00
505512,2023-04-23 04:13:00,1132,P1009,S005,2,0.0,Cash,2023-04-23 04:38:00,2023-05-22 04:38:00
505513,2023-01-06 20:54:00,1119,P1076,S009,4,0.05,Debit Card,2023-01-06 22:58:00,2023-01-30 22:58:00
505514,2025-04-30 00:11:00,1383,P1097,S007,4,0.1,Cash,2025-04-30 02:57:00,2025-06-25 02:57:00
505515,2024-07-22 02:45:00,1092,P1141,S022,8,0.0,Credit Card,2024-07-22 04:28:00,2024-08-31 04:28:00
505516,2024-11-08 04:06:00,1370,P1023,S009,4,0.1,UPI,2024-11-08 05:38:00,2024-12-24 05:38:00
505517,2025-08-30 04:41:00,1196,P1130,S012,1,0.1,Wallet,2025-08-30 05:31:00,2025-10-11 05:31:00
505518,2024-09-30 17:23:00,1027,P1037,S024,4,0.1,Debit Card,2024-09-30 18:06:00,2024-10-24 18:06:00
505519,2025-08-21 04:56:00,1019,P1082,S024,6,0.05,UPI,2025-08-21 05:39:00,2025-09-06 05:39:00
505520,2025-04-10 02:07:00,1009,P1002,S009,6,0.2,Net Banking,2025-04-10 03:04:00,2025-05-19 03:04:00
505521,2023-10-04 15:23:00,1101,P1069,S002,8,0.0,Debit Card,2023-10-04 18:05:00,2023-10-14 18:05:00
505522,2025-05-07 17:50:00,1113,P1086,S012,6,0.15,Credit Card,2025-05-07 20:40:00,2025-05-21 20:40:00
505523,2025-11-08 11:37:00,1270,P1040,S018,5,0.05,Net Banking,2025-11-08 13:59:00,2025-11-12 13:59:00
505524,2026-02-28 14:19:00,1200,P1149,S018,1,0.0,Debit Card,2026-02-28 16:34:00,2026-04-19 16:34:00
505525,2025-01-06 15:45:00,1443,P1052,S017,1,0.15,Net Banking,2025-01-06 16:38:00,2025-02-27 16:38:00
505526,2023-09-15 12:40:00,1296,P1074,S001,5,0.1,Cash,2023-09-15 14:19:00,2023-09-15 14:19:00
505527,2025-01-28 00:06:00,1162,P1004,S011,7,0.15,Debit Card,2025-01-28 02:02:00,2025-03-20 02:02:00
505528,2024-10-23 16:38:00,1495,P1010,S021,7,0.1,Net Banking,2024-10-23 19:14:00,2024-12-02 19:14:00
505529,2025-03-23 18:31:00,1104,P1044,S010,3,0.0,Debit Card,2025-03-23 19:05:00,2025-04-02 19:05:00
505530,2024-05-06 00:03:00,1354,P1017,S019,2,0.0,Cash,2024-05-06 01:45:00,2024-05-21 01:45:00
505531,2026-02-28 15:53:00,1435,P1064,S013,4,0.1,Net Banking,2026-02-28 16:18:00,2026-04-16 16:18:00
505532,2023-06-10 21:51:00,1155,P1038,S002,3,0.2,Cash,2023-06-10 22:14:00,2023-08-03 22:14:00
505533,2023-08-11 04:52:00,1081,P1142,S014,2,0.1,UPI,2023-08-11 05:28:00,2023-08-24 05:28:00
505534,2023-09-27 20:18:00,1070,P1038,S009,3,0.05,Debit Card,2023-09-27 21:42:00,2023-10-16 21:42:00
505535,2024-05-06 00:09:00,1068,P1015,S001,1,0.0,Credit Card,2024-05-06 01:08:00,2024-06-19 01:08:00
505536,2023-09-23 14:33:00,1279,P1042,S009,4,0.1,UPI,2023-09-23 17:07:00,2023-10-03 17:07:00
505537,2025-09-27 18:06:00,1118,P1042,S020,6,0.15,UPI,2025-09-27 19:05:00,2025-10-18 19:05:00
505538,2025-09-19 13:11:00,1458,P1133,S009,7,0.15,Cash,2025-09-19 15:41:00,2025-10-06 15:41:00
505539,2024-08-08 01:57:00,1495,P1117,S015,6,0.05,Cash,2024-08-08 04:14:00,2024-09-25 04:14:00
505540,2023-05-22 08:00:00,1001,P1120,S002,1,0.15,CREDIT CARD,2023-05-22 10:21:00,2023-06-03 10:21:00
505541,2024-05-01 12:03:00,1486,P1049,S004,6,0.15,Cash,2024-05-01 12:35:00,2024-06-01 12:35:00
505542,2023-12-02 13:04:00,1478,P1051,S014,3,0.2,Credit Card,2023-12-02 15:09:00,2024-01-18 15:09:00
505543,2024-08-19 10:51:00,1280,P1147,S016,8,0.15,credit card,2024-08-19 13:24:00,2024-09-30 13:24:00
505544,2026-01-18 23:47:00,1154,P1050,S017,3,0.0,Debit Card,2026-01-19 00:33:00,2026-03-04 00:33:00
505545,2025-06-04 05:38:00,1096,P1042,S017,4,0.05,Net Banking,2025-06-04 06:18:00,2025-06-14 06:18:00
505546,2023-06-19 06:32:00,1370,P1042,S007,6,0.2,UPI,2023-06-19 07:55:00,2023-06-30 07:55:00
505547,2025-02-27 04:31:00,1395,P1149,S023,5,0.0,Wallet,2025-02-27 07:25:00,2025-02-28 07:25:00
505548,2023-07-16 08:19:00,1160,P1087,S006,3,0.2,Credit Card,2023-07-16 08:38:00,2023-07-26 08:38:00
505549,2024-05-30 11:24:00,1014,P1134,S022,4,0.2,Wallet,2024-05-30 13:17:00,2024-07-12 13:17:00
505550,2024-04-09 22:41:00,1144,P1107,S006,4,0.05,Wallet,2024-04-10 00:10:00,2024-04-12 00:10:00
505551,2025-07-29 08:07:00,1101,P1088,S018,4,0.05,Wallet,2025-07-29 09:37:00,2025-09-26 09:37:00
505552,2025-12-05 14:32:00,1299,P1094,S020,2,0.2,UPI,2025-12-05 17:16:00,2026-02-03 17:16:00
505553,2024-11-28 07:48:00,1328,P1069,S011,8,0.1,Net Banking,2024-11-28 07:56:00,2025-01-04 07:56:00
505554,2024-12-08 01:32:00,1177,P1123,S005,4,,Wallet,2024-12-08 04:31:00,2024-12-19 04:31:00
505555,2024-01-27 00:00:00,1287,P1108,S003,7,0.2,Debit Card,2024-01-27 02:03:00,2024-01-27 02:03:00
505556,2025-10-27 09:25:00,1146,P1120,S024,6,0.05,Wallet,2025-10-27 12:19:00,2025-11-25 12:19:00
505557,2023-07-20 08:35:00,1188,P1098,S012,1,0.2,Wallet,2023-07-20 09:38:00,2023-09-05 09:38:00
505558,2025-02-19 18:08:00,1072,P1118,S022,1,0.05,Debit Card,2025-02-19 20:58:00,2025-04-13 20:58:00
505559,2023-09-24 21:43:00,1411,P1068,S021,2,0.0,Wallet,2023-09-24 23:17:00,2023-11-14 23:17:00
505560,2023-05-08 11:22:00,1335,P1078,S003,3,0.15,Wallet,2023-05-08 13:07:00,2023-05-19 13:07:00
505561,2025-04-15 14:26:00,1014,P1146,S009,1,0.1,Net Banking,2025-04-15 17:11:00,2025-05-17 17:11:00
505562,2025-04-03 09:30:00,1103,P1109,S009,3,0.1,Debit Card,2025-04-03 09:39:00,2025-04-18 09:39:00
505563,2024-02-11 22:09:00,1164,P1070,S024,4,0.05,Cash,2024-02-11 22:15:00,2024-03-09 22:15:00
505564,2023-05-18 09:14:00,1031,P1054,S016,2,0.1,Credit Card,2023-05-18 10:30:00,2023-07-12 10:30:00
505565,2024-06-29 06:50:00,1312,P1017,S011,7,0.2,Credit Card,2024-06-29 07:20:00,2024-07-01 07:20:00
505566,2023-03-03 19:58:00,1373,P1020,S024,3,0.05,Debit Card,2023-03-03 21:31:00,2023-03-18 21:31:00
505567,2023-12-01 23:55:00,1301,P1114,S010,8,0.2,Cash,2023-12-02 01:37:00,2023-12-19 01:37:00
505568,2023-05-07 13:28:00,1343,P1098,S010,5,0.05,Net Banking,2023-05-07 16:14:00,2023-06-16 16:14:00
505569,2025-04-27 20:59:00,1239,P1008,S015,2,0.0,Wallet,2025-04-27 21:58:00,2025-04-29 21:58:00
505570,2023-05-22 23:02:00,1151,P1075,S017,1,0.1,Cash,2023-05-22 23:29:00,2023-05-30 23:29:00
505571,2024-08-31 04:06:00,1261,P1124,S010,1,0.0,Debit Card,2024-08-31 04:34:00,2024-10-17 04:34:00
505572,2024-06-08 18:04:00,1497,P1016,S015,3,0.05,Wallet,2024-06-08 18:17:00,2024-07-20 18:17:00
505573,2023-05-27 23:53:00,1292,P1045,S001,5,0.2,Net Banking,2023-05-28 01:08:00,2023-07-25 01:08:00
505574,2024-03-01 00:45:00,1029,P1068,S003,3,0.0,UPI,2024-03-01 02:31:00,2024-03-19 02:31:00
505575,2025-07-27 01:42:00,1496,P1053,S003,1,0.1,Debit Card,2025-07-27 02:52:00,2025-09-08 02:52:00
505576,2023-01-20 06:05:00,1268,P1132,S015,6,0.0,Cash,2023-01-20 07:38:00,2023-03-07 07:38:00
505577,2025-04-30 00:49:00,1495,P1092,S021,2,0.1,UPI,2025-04-30 02:39:00,2025-05-28 02:39:00
505578,2024-06-26 16:14:00,1037,P1086,S013,1,0.2,DEBIT CARD,2024-06-26 17:42:00,2024-08-24 17:42:00
505579,2023-09-04 08:46:00,1235,P1122,S002,3,0.0,Debit Card,2023-09-04 09:19:00,2023-11-02 09:19:00
505580,2024-04-16 17:24:00,1494,P1086,S004,2,0.0,Wallet,2024-04-16 17:53:00,2024-04-22 17:53:00
505581,2025-06-08 05:55:00,1050,P1066,S007,6,0.2,Credit Card,2025-06-08 07:55:00,2025-08-01 07:55:00
505582,2024-06-23 03:02:00,1332,P1108,S011,1,0.1,WALLET,2024-06-23 04:42:00,2024-06-29 04:42:00
505583,2025-10-18 05:20:00,1063,P1010,S016,4,0.15,UPI,2025-10-18 06:49:00,2025-10-31 06:49:00
505584,2024-01-18 04:00:00,1165,P1009,S018,5,0.1,Wallet,2024-01-18 05:52:00,2024-01-27 05:52:00
505585,2023-12-29 09:59:00,1265,P1112,S024,1,0.2,Cash,2023-12-29 10:04:00,2024-02-02 10:04:00
505586,2023-09-20 10:49:00,1121,P1105,S002,2,0.0,Net Banking,2023-09-20 11:47:00,2023-11-11 11:47:00
505587,2026-03-23 07:50:00,1447,P1026,S025,5,0.0,UPI,2026-03-23 08:09:00,2026-05-15 08:09:00
505588,2025-10-31 03:10:00,1483,P1029,S019,3,0.05,Net Banking,2025-10-31 05:49:00,2025-11-28 05:49:00
505589,2025-12-02 14:54:00,1040,P1086,S023,5,0.2,Credit Card,2025-12-02 16:12:00,2026-01-17 16:12:00
505590,2024-12-29 08:40:00,1363,P1085,S002,3,0.15,Cash,2024-12-29 09:29:00,2025-01-17 09:29:00
505591,2024-06-17 20:11:00,1273,P1111,S021,7,0.15,Debit Card,2024-06-17 22:13:00,2024-07-02 22:13:00
505592,2026-01-28 02:56:00,1172,P1018,S025,3,0.2,Wallet,2026-01-28 03:17:00,2026-01-30 03:17:00
505593,2023-10-05 22:56:00,1420,P1070,S007,1,0.15,Cash,2023-10-06 00:55:00,2023-10-15 00:55:00
505594,2025-08-22 15:39:00,1340,P1099,S015,8,0.2,UPI,2025-08-22 17:51:00,2025-09-05 17:51:00
505595,2023-01-24 15:00:00,1457,P1035,S009,1,0.2,Net Banking,2023-01-24 17:10:00,2023-03-09 17:10:00
505596,2024-04-01 20:22:00,1356,P1057,S007,2,0.1,Cash,2024-04-01 20:43:00,2024-05-16 20:43:00
505597,2026-03-26 05:03:00,1344,P1064,S014,7,0.0,Wallet,2026-03-26 07:26:00,2026-04-06 07:26:00
505598,2025-03-04 20:10:00,1229,P1039,S019,6,0.0,Wallet,2025-03-04 20:14:00,2025-03-09 20:14:00
505599,2023-10-15 12:41:00,1452,P1144,S014,7,0.0,UPI,2023-10-15 14:23:00,2023-10-18 14:23:00
505600,2023-02-10 17:17:00,1123,P1007,S024,3,0.15,cash,2023-02-10 17:17:00,2023-03-25 17:17:00
505601,2025-09-17 06:48:00,1397,P1136,S014,4,0.05,Credit Card,2025-09-17 08:33:00,2025-09-18 08:33:00
505602,2024-12-10 01:25:00,1208,P1127,S014,1,0.1,Debit Card,2024-12-10 03:05:00,2025-01-23 03:05:00
505603,2023-02-10 16:41:00,1019,P1087,S002,1,0.2,Credit Card,2023-02-10 16:47:00,2023-03-23 16:47:00
505604,2023-03-30 13:40:00,1185,P1013,S023,1,0.1,Debit Card,2023-03-30 16:19:00,2023-04-10 16:19:00
505605,2025-06-01 09:19:00,1294,P1074,S025,2,0.05,Debit Card,2025-06-01 09:38:00,2025-07-08 09:38:00
505606,2024-03-08 13:04:00,1191,P1004,S023,3,0.2,Wallet,2024-03-08 14:44:00,2024-03-11 14:44:00
505607,2023-03-28 14:25:00,1061,P1130,S004,5,0.2,Net Banking,2023-03-28 14:48:00,2023-05-04 14:48:00
505608,2024-03-07 13:31:00,1313,P1004,S008,3,0.0,Cash,2024-03-07 15:44:00,2024-03-23 15:44:00
505609,2025-06-25 08:36:00,1499,P1031,S025,8,0.15,Cash,2025-06-25 11:34:00,2025-06-30 11:34:00
505610,2024-11-12 11:01:00,1405,P1011,S009,4,,Debit Card,2024-11-12 13:58:00,2024-12-24 13:58:00
505611,2024-02-12 23:55:00,1420,P1115,S012,3,0.05,Net Banking,2024-02-13 00:21:00,2024-03-05 00:21:00
505612,2024-10-21 01:45:00,1422,P1144,S013,1,0.05,Net Banking,2024-10-21 04:02:00,2024-11-05 04:02:00
505613,2023-05-01 06:27:00,1285,P1110,S015,6,0.15,Cash,2023-05-01 08:33:00,2023-05-19 08:33:00
505614,2025-01-22 06:49:00,1039,P1081,S008,5,0.15,Debit Card,2025-01-22 08:12:00,2025-03-23 08:12:00
505615,2024-02-18 19:59:00,1001,P1133,S004,3,0.0,Cash,2024-02-18 20:33:00,2024-03-20 20:33:00
505616,2026-01-22 01:48:00,1253,P1139,S003,1,0.0,UPI,2026-01-22 01:54:00,2026-02-04 01:54:00
505617,2024-05-25 20:09:00,1078,P1062,S009,2,0.15,UPI,2024-05-25 20:10:00,2024-06-26 20:10:00
505618,2023-02-20 18:29:00,1361,P1134,S018,6,0.0,Cash,2023-02-20 19:57:00,2023-03-23 19:57:00
505619,2025-03-27 02:36:00,1451,P1102,S009,5,0.1,Net Banking,2025-03-27 02:40:00,2025-04-27 02:40:00
505620,2023-04-09 08:14:00,1382,P1103,S023,2,0.15,Wallet,2023-04-09 10:45:00,2023-04-27 10:45:00
505621,2023-10-17 04:44:00,1354,P1114,S005,7,0.0,UPI,2023-10-17 05:27:00,2023-11-15 05:27:00
505622,2024-11-28 08:49:00,1439,P1010,S006,7,0.0,Wallet,2024-11-28 11:34:00,2025-01-17 11:34:00
505623,2024-01-04 16:41:00,1408,P1106,S012,6,0.2,Credit Card,2024-01-04 17:58:00,2024-02-27 17:58:00
505624,2023-07-06 22:33:00,1197,P1139,S017,7,0.1,Net Banking,2023-07-07 01:03:00,2023-07-27 01:03:00
505625,2026-03-25 06:54:00,1300,P1116,S009,6,0.05,Net Banking,2026-03-25 07:43:00,2026-05-06 07:43:00
505626,2023-05-10 17:02:00,1278,P1076,S018,8,0.15,UPI,2023-05-10 17:47:00,2023-05-24 17:47:00
505627,2024-09-14 09:16:00,1367,P1058,S022,8,0.05,Cash,2024-09-14 10:13:00,2024-10-30 10:13:00
505628,2023-03-17 19:54:00,1169,P1113,S011,4,0.15,Net Banking,2023-03-17 20:09:00,2023-04-18 20:09:00
505629,2024-09-18 14:25:00,1271,P1056,S021,5,0.05,Wallet,2024-09-18 15:20:00,2024-09-24 15:20:00
505630,2026-03-18 00:00:00,1478,P1043,S021,8,0.2,Debit Card,2026-03-18 00:40:00,2026-04-05 00:40:00
505631,2023-11-18 06:18:00,1487,P1021,S011,2,0.05,UPI,2023-11-18 08:00:00,2024-01-03 08:00:00
505632,2025-05-23 15:25:00,1268,P1105,S002,2,0.0,Cash,2025-05-23 15:26:00,2025-07-14 15:26:00
505633,2025-05-24 10:32:00,1258,P1041,S023,5,0.05,Wallet,2025-05-24 13:11:00,2025-06-21 13:11:00
505634,2025-01-26 13:23:00,1387,P1148,S007,6,0.1,Wallet,2025-01-26 15:44:00,2025-02-03 15:44:00
505635,2023-03-27 20:42:00,1151,P1087,S001,4,0.2,Net Banking,2023-03-27 21:58:00,2023-05-12 21:58:00
505636,2025-03-28 06:33:00,1130,P1097,S013,1,0.2,UPI,2025-03-28 07:23:00,2025-05-14 07:23:00
505637,2024-06-11 09:38:00,1023,P1036,S020,7,0.1,Credit Card,2024-06-11 11:53:00,2024-07-06 11:53:00
505638,2024-01-11 21:35:00,1040,P1089,S022,4,0.0,Cash,2024-01-11 22:32:00,2024-03-06 22:32:00
505639,2023-02-04 14:57:00,1054,P1011,S010,8,0.2,Cash,2023-02-04 17:30:00,2023-03-27 17:30:00
505640,2023-02-16 02:22:00,1364,P1058,S008,5,0.1,UPI,2023-02-16 02:37:00,2023-03-20 02:37:00
505641,2024-01-03 19:33:00,1331,P1065,S012,5,0.0,Net Banking,2024-01-03 20:11:00,2024-02-10 20:11:00
505642,2024-03-03 06:49:00,1267,P1028,S010,8,0.1,Credit Card,2024-03-03 08:56:00,2024-04-07 08:56:00
505643,2024-12-17 00:29:00,1270,P1035,S002,4,0.2,Debit Card,2024-12-17 01:47:00,2024-12-31 01:47:00
505644,2023-05-02 20:45:00,1261,P1110,S015,8,0.1,Debit Card,2023-05-02 20:59:00,2023-05-30 20:59:00
505645,2023-01-02 01:49:00,1498,P1082,S016,7,0.0,Wallet,2023-01-02 03:11:00,2023-01-14 03:11:00
505646,2024-03-26 12:54:00,1112,P1100,S003,5,0.05,Debit Card,2024-03-26 14:49:00,2024-04-08 14:49:00
505647,2025-08-24 08:05:00,1425,P1024,S014,4,0.05,Net Banking,2025-08-24 09:36:00,2025-10-11 09:36:00
505648,2024-10-09 13:26:00,1141,P1131,S025,3,0.1,Wallet,2024-10-09 13:42:00,2024-11-19 13:42:00
505649,2024-05-10 13:19:00,1039,P1114,S017,3,0.15,Wallet,2024-05-10 15:38:00,2024-05-31 15:38:00
505650,2025-01-10 23:31:00,1031,P1100,S003,5,0.15,UPI,2025-01-11 01:32:00,2025-01-23 01:32:00
505651,2023-06-13 15:42:00,1045,P1097,S010,1,0.0,UPI,2023-06-13 16:47:00,2023-08-01 16:47:00
505652,2023-11-14 10:26:00,1405,P1052,S022,6,0.2,WALLET,2023-11-14 13:19:00,2023-12-16 13:19:00
505653,2025-05-23 04:28:00,1321,P1143,S016,8,0.15,Cash,2025-05-23 06:41:00,2025-06-07 06:41:00
505654,2024-11-03 08:00:00,1153,P1121,S025,2,0.1,Debit Card,2024-11-03 08:34:00,2024-11-17 08:34:00
505655,2023-08-23 06:28:00,1450,P1002,S025,3,0.2,Wallet,2023-08-23 07:37:00,2023-10-04 07:37:00
505656,2023-12-01 13:52:00,1417,P1111,S011,3,0.2,Credit Card,2023-12-01 15:23:00,2024-01-21 15:23:00
505657,2025-02-09 15:23:00,1233,P1095,S025,5,0.1,Wallet,2025-02-09 17:02:00,2025-02-20 17:02:00
505658,2024-06-13 00:14:00,1325,P1131,S025,4,0.2,Cash,2024-06-13 01:32:00,2024-07-20 01:32:00
505659,2025-01-09 19:22:00,1205,P1077,S021,3,0.05,Wallet,2025-01-09 20:46:00,2025-01-24 20:46:00
505660,2023-04-11 18:16:00,1170,P1066,S009,8,0.15,Debit Card,2023-04-11 20:08:00,2023-04-13 20:08:00
505661,2025-10-29 22:44:00,1339,P1003,S003,8,0.15,Wallet,2025-10-29 23:35:00,2025-12-07 23:35:00
505662,2023-12-03 14:03:00,1123,P1131,S018,6,0.05,Net Banking,2023-12-03 15:12:00,2024-01-26 15:12:00
505663,2025-07-12 02:54:00,1354,P1133,S008,5,0.1,Credit Card,2025-07-12 04:24:00,2025-08-30 04:24:00
505664,2023-02-20 04:52:00,1353,P1120,S023,4,0.2,Debit Card,2023-02-20 07:21:00,2023-03-31 07:21:00
505665,2024-09-28 08:55:00,1144,P1016,S005,5,0.2,UPI,2024-09-28 09:40:00,2024-11-18 09:40:00
505666,2024-09-09 22:27:00,1198,P1143,S021,1,0.2,Wallet,2024-09-10 00:38:00,2024-10-13 00:38:00
505667,2025-07-13 12:12:00,1337,P1045,S016,3,0.1,Cash,2025-07-13 13:17:00,2025-09-11 13:17:00
505668,2025-08-11 03:07:00,1282,P1117,S007,8,0.2,UPI,2025-08-11 04:36:00,2025-09-08 04:36:00
505669,2024-11-30 13:07:00,1034,P1126,S007,7,0.15,UPI,2024-11-30 14:50:00,2024-12-10 14:50:00
505670,2024-04-25 23:33:00,1033,P1075,S001,4,0.0,Net Banking,2024-04-26 01:39:00,2024-05-08 01:39:00
505671,2023-08-29 12:27:00,1397,P1031,S014,3,0.1,Wallet,2023-08-29 14:13:00,2023-10-23 14:13:00
505672,2025-03-24 19:46:00,1371,P1148,S021,7,0.15,Cash,2025-03-24 22:05:00,2025-04-26 22:05:00
505673,2023-12-19 23:04:00,1093,P1080,S015,3,0.05,Debit Card,2023-12-20 01:12:00,2023-12-28 01:12:00
505674,2025-10-08 12:41:00,1226,P1011,S022,8,0.0,cash,2025-10-08 15:02:00,2025-11-04 15:02:00
505675,2025-06-26 02:40:00,1341,P1147,S012,8,0.2,Credit Card,2025-06-26 03:48:00,2025-07-29 03:48:00
505676,2024-11-14 14:34:00,1089,P1050,S011,3,0.2,Net Banking,2024-11-14 16:08:00,2024-12-28 16:08:00
505677,2023-04-23 00:50:00,1150,P1018,S008,8,0.05,Debit Card,2023-04-23 03:28:00,2023-05-05 03:28:00
505678,2024-11-29 08:08:00,1427,P1025,S003,6,0.1,Net Banking,2024-11-29 09:21:00,2024-12-29 09:21:00
505679,2024-01-16 05:04:00,1424,P1145,S011,2,0.15,UPI,2024-01-16 07:26:00,2024-01-23 07:26:00
505680,2023-01-04 14:52:00,1234,P1121,S021,7,0.2,Credit Card,2023-01-04 14:58:00,2023-01-31 14:58:00
505681,2023-08-28 06:06:00,1443,P1077,S011,4,0.2,CREDIT CARD,2023-08-28 07:46:00,2023-10-24 07:46:00
505682,2024-01-31 12:56:00,1179,P1083,S001,4,0.1,Credit Card,2024-01-31 14:11:00,2024-02-10 14:11:00
505683,2024-05-12 22:58:00,1376,P1023,S002,2,0.05,Debit Card,2024-05-12 23:42:00,2024-07-03 23:42:00
505684,2024-09-06 22:25:00,1394,P1018,S010,6,0.2,Cash,2024-09-07 00:20:00,2024-09-27 00:20:00
505685,2025-08-23 01:14:00,1413,P1123,S001,6,0.15,Net Banking,2025-08-23 01:38:00,2025-10-06 01:38:00
505686,2023-09-15 11:35:00,1022,P1018,S009,4,0.1,Debit Card,2023-09-15 12:25:00,2023-09-26 12:25:00
505687,2025-01-29 12:51:00,1203,P1121,S020,4,,Net Banking,2025-01-29 13:40:00,2025-03-20 13:40:00
505688,2025-06-06 07:26:00,1427,P1077,S022,5,0.1,Net Banking,2025-06-06 10:07:00,2025-07-30 10:07:00
505689,2025-11-05 03:01:00,1477,P1050,S025,3,0.15,Cash,2025-11-05 05:50:00,2025-11-30 05:50:00
505690,2024-01-31 18:08:00,1194,P1006,S009,3,0.2,Debit Card,2024-01-31 20:50:00,2024-02-01 20:50:00
505691,2023-10-28 19:39:00,1040,P1023,S020,3,0.1,Cash,2023-10-28 20:14:00,2023-12-15 20:14:00
505692,2024-06-21 06:41:00,1026,P1111,S020,8,0.2,Credit Card,2024-06-21 09:22:00,2024-07-12 09:22:00
505693,2023-05-03 18:37:00,1246,P1035,S004,2,0.05,UPI,2023-05-03 19:30:00,2023-06-04 19:30:00
505694,2024-03-17 16:09:00,1259,P1050,S019,1,0.0,Debit Card,2024-03-17 18:40:00,2024-04-25 18:40:00
505695,2023-01-06 21:49:00,1319,P1090,S010,8,0.15,UPI,2023-01-07 00:42:00,2023-01-30 00:42:00
505696,2025-06-09 17:48:00,1322,P1100,S017,1,0.05,UPI,2025-06-09 18:03:00,2025-07-25 18:03:00
505697,2024-09-27 23:54:00,1443,P1084,S022,5,0.15,Net Banking,2024-09-28 00:01:00,2024-09-28 00:01:00
505698,2023-02-04 02:51:00,1103,P1031,S009,4,0.05,Cash,2023-02-04 05:50:00,2023-03-25 05:50:00
505699,2023-01-02 11:31:00,1096,P1027,S024,2,0.0,Debit Card,2023-01-02 12:38:00,2023-01-14 12:38:00
505700,2024-06-28 18:21:00,1379,P1034,S019,2,0.15,Net Banking,2024-06-28 20:59:00,2024-08-07 20:59:00
505701,2023-08-09 19:24:00,1337,P1013,S020,2,0.05,Cash,2023-08-09 22:03:00,2023-09-29 22:03:00
505702,2024-08-22 02:31:00,1163,P1146,S005,1,0.1,Net Banking,2024-08-22 05:15:00,2024-09-17 05:15:00
505703,2024-09-11 17:40:00,1204,P1007,S019,1,0.0,Cash,2024-09-11 18:32:00,2024-10-31 18:32:00
505704,2025-11-30 00:06:00,1458,P1056,S024,7,0.0,Net Banking,2025-11-30 00:27:00,2025-12-21 00:27:00
505705,2025-02-27 09:13:00,1187,P1051,S021,5,0.2,Cash,2025-02-27 11:48:00,2025-03-18 11:48:00
505706,2024-03-01 04:03:00,1299,P1106,S002,2,0.1,Credit Card,2024-03-01 04:03:00,2024-04-24 04:03:00
505707,2024-11-16 06:51:00,1015,P1092,S008,3,0.1,Cash,2024-11-16 09:32:00,2025-01-05 09:32:00
505708,2023-12-20 09:43:00,1380,P1144,S021,1,0.1,Net Banking,2023-12-20 12:06:00,2024-01-23 12:06:00
505709,2025-10-11 01:16:00,1283,P1085,S011,6,0.0,Wallet,2025-10-11 03:01:00,2025-10-28 03:01:00
505710,2025-04-08 18:46:00,1368,P1073,S002,6,0.15,Wallet,2025-04-08 19:39:00,2025-04-18 19:39:00
505711,2024-08-15 03:05:00,1105,P1095,S007,2,0.0,Credit Card,2024-08-15 05:48:00,2024-09-20 05:48:00
505712,2025-11-16 20:49:00,1356,P1102,S025,7,0.15,Cash,2025-11-16 23:17:00,2025-11-20 23:17:00
505713,2023-02-24 19:55:00,1080,P1019,S017,6,0.2,Cash,2023-02-24 22:48:00,2023-03-19 22:48:00
505714,2025-12-22 22:02:00,1097,P1067,S005,1,0.0,Net Banking,2025-12-22 23:08:00,2026-02-04 23:08:00
505715,2025-12-23 18:09:00,1467,P1139,S021,6,0.15,Net Banking,2025-12-23 19:32:00,2026-02-10 19:32:00
505716,2024-02-14 19:45:00,1099,P1123,S001,4,0.15,Cash,2024-02-14 22:04:00,2024-02-16 22:04:00
505717,2024-02-27 02:09:00,1496,P1142,S018,7,0.2,Wallet,2024-02-27 02:22:00,2024-03-21 02:22:00
505718,2024-09-18 16:22:00,1032,P1117,S009,8,0.2,UPI,2024-09-18 17:14:00,2024-11-01 17:14:00
505719,2024-01-22 08:01:00,1354,P1031,S009,1,0.1,UPI,2024-01-22 10:32:00,2024-02-13 10:32:00
505720,2023-05-28 17:06:00,1433,P1099,S003,8,0.0,UPI,2023-05-28 18:08:00,2023-07-12 18:08:00
505721,2023-03-18 08:32:00,1373,P1028,S024,3,0.05,Wallet,2023-03-18 10:03:00,2023-04-06 10:03:00
505722,2024-05-28 16:59:00,1448,P1150,S010,6,0.05,Debit Card,2024-05-28 17:25:00,2024-05-28 17:25:00
505723,2024-10-31 07:44:00,1075,P1083,S012,7,0.0,Debit Card,2024-10-31 10:10:00,2024-11-24 10:10:00
505724,2024-07-04 03:59:00,1493,P1145,S018,8,0.0,UPI,2024-07-04 04:38:00,2024-08-15 04:38:00
505725,2023-04-30 19:12:00,1063,P1086,S005,5,0.0,Cash,2023-04-30 22:01:00,2023-05-08 22:01:00
505726,2025-06-02 03:07:00,1436,P1079,S017,4,0.05,Debit Card,2025-06-02 03:31:00,2025-07-28 03:31:00
505727,2023-03-19 19:25:00,1388,P1035,S022,7,0.0,Credit Card,2023-03-19 20:52:00,2023-05-17 20:52:00
505728,2023-09-10 12:52:00,1289,P1077,S017,2,0.0,UPI,2023-09-10 14:37:00,2023-10-25 14:37:00
505729,2023-06-07 02:10:00,1357,P1006,S004,7,0.15,Net Banking,2023-06-07 03:03:00,2023-06-21 03:03:00
505730,2025-02-20 10:23:00,1334,P1119,S008,3,0.05,Net Banking,2025-02-20 13:03:00,2025-03-16 13:03:00
505731,2024-01-29 12:32:00,1151,P1062,S010,5,0.15,Credit Card,2024-01-29 13:50:00,2024-02-04 13:50:00
505732,2023-12-25 16:01:00,1340,P1015,S011,4,0.2,Wallet,2023-12-25 18:05:00,2024-01-10 18:05:00
505733,2026-03-16 20:00:00,1315,P1095,S001,5,0.05,Net Banking,2026-03-16 21:27:00,2026-05-01 21:27:00
505734,2023-05-21 13:34:00,1079,P1085,S015,8,0.05,UPI,2023-05-21 14:33:00,2023-06-15 14:33:00
505735,2023-02-23 22:32:00,1240,P1074,S004,1,0.1,Net Banking,2023-02-24 00:37:00,2023-03-07 00:37:00
505736,2023-06-12 11:47:00,1446,P1147,S017,2,0.1,Debit Card,2023-06-12 13:44:00,2023-08-08 13:44:00
505737,2024-11-19 02:35:00,1183,P1095,S006,7,0.1,Credit Card,2024-11-19 03:54:00,2024-12-26 03:54:00
505738,2024-10-12 04:08:00,1102,P1033,S018,5,,DEBIT CARD,2024-10-12 04:32:00,2024-11-11 04:32:00
505739,2025-12-10 15:59:00,1088,P1146,S018,1,0.05,UPI,2025-12-10 18:43:00,2026-01-21 18:43:00
505740,2023-11-14 19:04:00,1235,P1045,S013,6,0.0,Wallet,2023-11-14 21:48:00,2024-01-12 21:48:00
505741,2024-05-14 23:16:00,1160,P1086,S016,2,0.05,UPI,2024-05-14 23:53:00,2024-05-16 23:53:00
505742,2024-08-18 11:48:00,1370,P1096,S008,1,0.05,UPI,2024-08-18 13:25:00,2024-08-26 13:25:00
505743,2023-10-11 08:54:00,1009,P1004,S004,2,,UPI,2023-10-11 09:10:00,2023-10-25 09:10:00
505744,2024-07-30 13:19:00,1043,P1073,S008,8,0.15,Net Banking,2024-07-30 14:37:00,2024-08-10 14:37:00
505745,2023-02-26 11:21:00,1316,P1036,S024,3,0.15,Cash,2023-02-26 14:10:00,2023-04-25 14:10:00
505746,2023-02-18 21:08:00,1380,P1079,S019,8,0.15,Net Banking,2023-02-18 22:57:00,2023-02-21 22:57:00
505747,2025-08-26 19:37:00,1231,P1048,S012,7,0.2,Cash,2025-08-26 21:49:00,2025-10-24 21:49:00
505748,2024-09-18 02:04:00,1008,P1115,S023,7,0.1,Net Banking,2024-09-18 02:58:00,2024-10-10 02:58:00
505749,2025-02-17 14:10:00,1362,P1104,S007,4,0.2,Cash,2025-02-17 17:09:00,2025-03-17 17:09:00
505750,2025-11-02 00:02:00,1467,P1028,S020,5,0.15,DEBIT CARD,2025-11-02 01:55:00,2025-11-09 01:55:00
505751,2023-04-08 21:49:00,1095,P1033,S002,2,0.0,Credit Card,2023-04-08 23:20:00,2023-05-18 23:20:00
505752,2025-09-17 00:46:00,1066,P1095,S019,4,0.05,Wallet,2025-09-17 01:58:00,2025-09-26 01:58:00
505753,2023-10-11 06:48:00,1414,P1078,S008,4,0.0,Cash,2023-10-11 09:09:00,2023-10-16 09:09:00
505754,2023-06-02 13:25:00,1341,P1121,S010,5,0.15,Net Banking,2023-06-02 16:04:00,2023-07-28 16:04:00
505755,2025-09-23 01:31:00,1310,P1135,S023,6,0.0,UPI,2025-09-23 02:00:00,2025-09-30 02:00:00
505756,2023-08-30 11:31:00,1233,P1033,S008,1,0.05,Cash,2023-08-30 13:50:00,2023-10-26 13:50:00
505757,2023-08-29 10:41:00,1473,P1133,S013,1,0.05,Cash,2023-08-29 12:15:00,2023-10-27 12:15:00
505758,2024-09-09 04:13:00,1092,P1078,S011,5,0.15,Wallet,2024-09-09 05:56:00,2024-11-03 05:56:00
505759,2024-02-27 14:04:00,1332,P1142,S016,6,0.0,Net Banking,2024-02-27 15:15:00,2024-03-27 15:15:00
505760,2023-02-17 11:41:00,1322,P1017,S003,8,0.2,Debit Card,2023-02-17 14:38:00,2023-03-18 14:38:00
505761,2024-09-20 08:03:00,1376,P1125,S009,5,0.05,Debit Card,2024-09-20 08:18:00,2024-09-29 08:18:00
505762,2024-09-20 07:28:00,1105,P1104,S013,7,0.0,Debit Card,2024-09-20 10:03:00,2024-11-11 10:03:00
505763,2024-09-25 17:48:00,1377,P1118,S004,2,0.2,Net Banking,2024-09-25 19:29:00,2024-11-14 19:29:00
505764,2023-06-05 13:04:00,1379,P1126,S023,8,0.05,Debit Card,2023-06-05 15:18:00,2023-06-15 15:18:00
505765,2025-07-01 14:18:00,1225,P1133,S024,5,0.1,Wallet,2025-07-01 16:48:00,2025-07-27 16:48:00
505766,2023-09-14 14:57:00,1125,P1027,S021,2,0.1,Cash,2023-09-14 15:57:00,2023-10-28 15:57:00
505767,2025-10-11 10:54:00,1420,P1055,S011,5,0.1,Debit Card,2025-10-11 12:06:00,2025-10-18 12:06:00
505768,2025-06-16 19:29:00,1016,P1118,S020,1,0.15,Cash,2025-06-16 22:12:00,2025-08-06 22:12:00
505769,2023-04-24 09:40:00,1173,P1054,S001,1,0.0,Cash,2023-04-24 12:23:00,2023-05-17 12:23:00
505770,2024-02-06 03:49:00,1078,P1121,S006,6,0.2,Credit Card,2024-02-06 04:56:00,2024-02-12 04:56:00
505771,2023-08-11 20:11:00,1284,P1092,S013,8,0.05,Debit Card,2023-08-11 22:38:00,2023-09-20 22:38:00
505772,2023-04-18 11:23:00,1331,P1042,S011,2,0.15,Cash,2023-04-18 12:50:00,2023-06-07 12:50:00
505773,2024-08-14 20:34:00,1165,P1040,S021,7,0.1,Credit Card,2024-08-14 22:04:00,2024-09-10 22:04:00
505774,2024-07-06 06:28:00,1259,P1035,S005,1,0.05,Credit Card,2024-07-06 07:46:00,2024-07-15 07:46:00
505775,2023-04-16 08:04:00,1150,P1147,S013,1,0.15,Credit Card,2023-04-16 08:04:00,2023-05-12 08:04:00
505776,2025-02-09 10:10:00,1449,P1028,S024,5,0.2,Cash,2025-02-09 10:25:00,2025-04-03 10:25:00
505777,2025-05-08 01:39:00,1487,P1060,S015,3,0.1,UPI,2025-05-08 03:24:00,2025-06-05 03:24:00
505778,2023-04-23 18:15:00,1377,P1147,S011,7,0.2,CREDIT CARD,2023-04-23 18:56:00,2023-04-30 18:56:00
505779,2024-01-03 01:23:00,1373,P1089,S002,7,0.2,Cash,2024-01-03 01:23:00,2024-01-30 01:23:00
505780,2023-08-21 21:46:00,1277,P1134,S009,5,0.1,Credit Card,2023-08-21 23:11:00,2023-10-18 23:11:00
505781,2024-03-21 12:16:00,1136,P1019,S004,1,0.0,WALLET,2024-03-21 14:44:00,2024-05-18 14:44:00
505782,2023-12-16 01:34:00,1252,P1104,S024,1,0.1,UPI,2023-12-16 03:59:00,2024-01-09 03:59:00
505783,2025-04-23 04:15:00,1429,P1093,S004,8,0.1,UPI,2025-04-23 05:02:00,2025-04-29 05:02:00
505784,2025-02-09 15:37:00,1296,P1105,S001,6,,Cash,2025-02-09 16:22:00,2025-04-06 16:22:00
505785,2024-12-25 07:05:00,1408,P1055,S009,3,0.05,UPI,2024-12-25 08:14:00,2025-02-06 08:14:00
505786,2025-10-11 01:57:00,1041,P1012,S015,8,0.05,Credit Card,2025-10-11 03:10:00,2025-10-24 03:10:00
505787,2023-10-21 17:29:00,1477,P1086,S017,4,0.15,Cash,2023-10-21 18:33:00,2023-11-29 18:33:00
505788,2024-08-23 05:34:00,1043,P1125,S025,7,0.15,Wallet,2024-08-23 07:15:00,2024-08-25 07:15:00
505789,2025-12-21 14:13:00,1449,P1133,S002,2,0.0,UPI,2025-12-21 16:21:00,2026-02-07 16:21:00
505790,2024-02-28 01:41:00,1352,P1149,S005,4,0.2,Credit Card,2024-02-28 03:10:00,2024-03-10 03:10:00
505791,2025-01-15 05:09:00,1253,P1086,S002,5,0.1,Net Banking,2025-01-15 06:02:00,2025-02-13 06:02:00
505792,2023-03-03 12:41:00,1096,P1068,S009,7,0.2,Debit Card,2023-03-03 13:42:00,2023-04-12 13:42:00
505793,2025-04-19 01:17:00,1479,P1044,S014,2,0.15,Wallet,2025-04-19 01:45:00,2025-06-17 01:45:00
505794,2025-01-20 10:40:00,1240,P1150,S008,4,0.2,Net Banking,2025-01-20 11:59:00,2025-01-28 11:59:00
505795,2025-08-18 01:08:00,1453,P1077,S022,7,0.0,Wallet,2025-08-18 01:38:00,2025-10-13 01:38:00
505796,2025-02-28 19:53:00,1243,P1098,S003,1,0.05,Net Banking,2025-02-28 20:01:00,2025-03-19 20:01:00
505797,2025-05-25 21:48:00,1188,P1068,S010,2,0.2,Wallet,2025-05-26 00:34:00,2025-07-06 00:34:00
505798,2023-04-02 08:12:00,1444,P1009,S006,7,0.15,UPI,2023-04-02 10:17:00,2023-05-01 10:17:00
505799,2024-11-07 00:13:00,1399,P1044,S008,8,0.05,Debit Card,2024-11-07 01:35:00,2024-12-03 01:35:00
505800,2025-03-24 21:17:00,1204,P1003,S010,6,0.0,UPI,2025-03-24 22:40:00,2025-05-14 22:40:00
505801,2023-03-06 12:20:00,1121,P1046,S006,7,0.15,Net Banking,2023-03-06 14:00:00,2023-04-21 14:00:00
505802,2023-05-26 03:04:00,1173,P1030,S006,6,0.2,Wallet,2023-05-26 05:09:00,2023-06-27 05:09:00
505803,2023-12-17 21:29:00,1496,P1149,S003,7,0.2,DEBIT CARD,2023-12-17 22:14:00,2024-02-05 22:14:00
505804,2023-10-13 04:08:00,1474,P1090,S008,5,0.0,Net Banking,2023-10-13 06:43:00,2023-10-22 06:43:00
505805,2025-06-26 10:50:00,1200,P1023,S016,7,0.1,Wallet,2025-06-26 12:52:00,2025-08-24 12:52:00
505806,2025-09-19 05:10:00,1442,P1094,S017,4,0.15,Cash,2025-09-19 08:01:00,2025-10-05 08:01:00
505807,2023-01-29 15:37:00,1121,P1073,S002,4,0.05,Cash,2023-01-29 18:00:00,2023-02-11 18:00:00
505808,2025-11-13 06:25:00,1181,P1148,S006,7,0.15,Net Banking,2025-11-13 09:07:00,2025-11-20 09:07:00
505809,2025-04-11 12:41:00,1278,P1006,S016,6,0.15,Debit Card,2025-04-11 14:53:00,2025-04-12 14:53:00
505810,2024-05-03 01:01:00,1416,P1037,S016,6,0.0,Net Banking,2024-05-03 01:13:00,2024-05-14 01:13:00
505811,2024-02-18 22:26:00,1009,P1072,S016,1,0.2,CREDIT CARD,2024-02-19 01:14:00,2024-04-11 01:14:00
505812,2026-02-21 01:15:00,1411,P1023,S009,3,0.0,Credit Card,2026-02-21 02:11:00,2026-03-21 02:11:00
505813,2025-08-25 09:28:00,1424,P1146,S008,3,0.05,Wallet,2025-08-25 10:13:00,2025-09-25 10:13:00
505814,2025-04-14 23:45:00,1143,P1147,S011,5,0.05,Cash,2025-04-15 01:53:00,2025-05-24 01:53:00
505815,2025-05-03 23:56:00,1127,P1064,S013,4,0.05,Debit Card,2025-05-04 00:28:00,2025-06-12 00:28:00
505816,2023-03-02 21:30:00,1470,P1132,S003,6,0.2,Net Banking,2023-03-02 22:14:00,2023-04-22 22:14:00
505817,2023-08-03 20:58:00,1472,P1020,S022,1,0.2,Net Banking,2023-08-03 23:48:00,2023-08-29 23:48:00
505818,2023-03-05 19:34:00,1032,P1068,S001,4,0.05,cash,2023-03-05 21:57:00,2023-04-20 21:57:00
505819,2023-12-29 14:09:00,1155,P1085,S005,3,0.15,Debit Card,2023-12-29 15:17:00,2024-02-16 15:17:00
505820,2024-06-14 04:24:00,1409,P1035,S023,8,0.05,Credit Card,2024-06-14 06:29:00,2024-06-28 06:29:00
505821,2023-10-30 03:51:00,1122,P1038,S011,1,0.0,Cash,2023-10-30 05:11:00,2023-11-21 05:11:00
505822,2026-03-30 06:49:00,1478,P1114,S009,-1,0.0,UPI,2026-03-30 07:36:00,2026-05-05 07:36:00
505823,2025-03-19 10:52:00,1401,P1018,S014,1,0.2,Cash,2025-03-19 13:51:00,2025-05-07 13:51:00
505824,2023-12-22 09:53:00,1167,P1028,S008,4,0.2,Cash,2023-12-22 12:24:00,2024-02-10 12:24:00
505825,2025-05-22 23:00:00,1238,P1083,S005,7,0.15,Wallet,2025-05-23 00:27:00,2025-07-14 00:27:00
505826,2024-09-16 15:04:00,1263,P1022,S007,3,0.0,Cash,2024-09-16 17:58:00,2024-09-21 17:58:00
505827,2023-11-14 06:47:00,1299,P1023,S018,5,0.15,Debit Card,2023-11-14 09:13:00,2023-11-21 09:13:00
505828,2025-01-17 01:49:00,1112,P1111,S019,6,0.0,Cash,2025-01-17 03:34:00,2025-03-17 03:34:00
505829,2025-07-27 23:55:00,1448,P1093,S012,2,0.2,Cash,2025-07-28 01:42:00,2025-09-07 01:42:00
505830,2025-04-24 18:28:00,1380,P1048,S005,4,0.15,Debit Card,2025-04-24 20:11:00,2025-04-27 20:11:00
505831,2024-09-19 18:45:00,1409,P1089,S022,2,0.1,Credit Card,2024-09-19 21:11:00,2024-11-08 21:11:00
505832,2025-07-11 21:00:00,1455,P1065,S005,5,0.2,UPI,2025-07-11 22:08:00,2025-07-23 22:08:00
505833,2025-05-06 04:27:00,1255,P1120,S016,5,0.1,Credit Card,2025-05-06 05:17:00,2025-05-13 05:17:00
505834,2024-01-06 04:06:00,1155,P1034,S021,2,0.2,Cash,2024-01-06 04:53:00,2024-02-18 04:53:00
505835,2024-01-28 16:05:00,1448,P1148,S001,4,0.1,Cash,2024-01-28 18:56:00,2024-03-14 18:56:00
505836,2024-02-22 03:29:00,1017,P1046,S019,6,0.2,Credit Card,2024-02-22 04:52:00,2024-02-28 04:52:00
505837,2026-02-19 10:00:00,1106,P1061,S006,8,0.0,upi,2026-02-19 12:09:00,2026-04-07 12:09:00
505838,2024-09-03 10:13:00,1495,P1056,S011,7,0.05,Wallet,2024-09-03 11:35:00,2024-09-08 11:35:00
505839,2024-08-26 07:04:00,1494,P1020,S020,2,0.15,Credit Card,2024-08-26 10:02:00,2024-09-23 10:02:00
505840,2024-02-05 11:16:00,1044,P1092,S009,4,0.05,Wallet,2024-02-05 13:10:00,2024-03-16 13:10:00
505841,2025-11-02 05:20:00,1249,P1106,S018,3,0.05,UPI,2025-11-02 06:37:00,2025-11-08 06:37:00
505842,2025-03-26 17:08:00,1331,P1066,S011,1,0.05,Net Banking,2025-03-26 19:33:00,2025-05-25 19:33:00
505843,2024-09-13 11:29:00,1286,P1107,S019,2,0.2,Wallet,2024-09-13 11:59:00,2024-10-26 11:59:00
505844,2025-11-19 02:27:00,1483,P1076,S020,4,0.0,Debit Card,2025-11-19 03:12:00,2025-12-12 03:12:00
505845,2024-10-21 07:46:00,1052,P1052,S007,7,0.0,Credit Card,2024-10-21 09:33:00,2024-11-11 09:33:00
505846,2025-04-28 14:44:00,1198,P1021,S014,2,0.15,UPI,2025-04-28 15:58:00,2025-06-21 15:58:00
505847,2024-10-14 08:15:00,1350,P1006,S016,4,,cash,2024-10-14 09:12:00,2024-11-11 09:12:00
505848,2023-06-10 04:31:00,1248,P1002,S014,6,0.05,UPI,2023-06-10 07:30:00,2023-06-26 07:30:00
505849,2023-12-23 03:29:00,1393,P1078,S001,7,0.2,CASH,2023-12-23 05:44:00,2024-02-13 05:44:00
505850,2023-10-15 19:27:00,1438,P1014,S009,2,0.2,Cash,2023-10-15 21:21:00,2023-10-24 21:21:00
505851,2023-12-14 19:12:00,1388,P1028,S021,7,0.15,Net Banking,2023-12-14 19:28:00,2024-01-22 19:28:00
505852,2025-07-15 10:47:00,1286,P1099,S023,5,0.15,Debit Card,2025-07-15 13:43:00,2025-09-12 13:43:00
505853,2023-01-30 03:38:00,1187,P1089,S008,2,0.15,Debit Card,2023-01-30 04:14:00,2023-03-11 04:14:00
505854,2024-10-30 00:16:00,1053,P1112,S004,5,0.05,Net Banking,2024-10-30 01:56:00,2024-12-22 01:56:00
505855,2024-07-10 01:14:00,1239,P1033,S013,8,0.1,Debit Card,2024-07-10 03:48:00,2024-09-03 03:48:00
505856,2024-12-08 14:26:00,1030,P1149,S010,2,0.1,Credit Card,2024-12-08 16:56:00,2025-01-17 16:56:00
505857,2024-12-29 21:48:00,1181,P1101,S007,7,0.0,Credit Card,2024-12-29 22:03:00,2025-02-06 22:03:00
505858,2025-11-09 10:41:00,1260,P1134,S006,4,0.0,Credit Card,2025-11-09 12:03:00,2025-11-19 12:03:00
505859,2023-11-01 19:39:00,1263,P1056,S010,4,0.1,Net Banking,2023-11-01 21:28:00,2023-12-02 21:28:00
505860,2025-01-17 19:37:00,1311,P1119,S025,8,0.15,Credit Card,2025-01-17 20:04:00,2025-03-13 20:04:00
505861,2025-11-15 11:32:00,1411,P1148,S005,3,0.1,Wallet,2025-11-15 13:12:00,2025-12-30 13:12:00
505862,2024-07-06 07:31:00,1101,P1108,S013,3,0.2,Cash,2024-07-06 10:28:00,2024-08-01 10:28:00
505863,2023-07-18 02:29:00,1224,P1095,S007,6,0.2,Debit Card,2023-07-18 02:58:00,2023-09-07 02:58:00
505864,2024-12-11 06:38:00,1190,P1013,S014,6,0.2,Wallet,2024-12-11 07:46:00,2025-02-08 07:46:00
505865,2023-09-21 19:16:00,1121,P1016,S020,8,0.05,Net Banking,2023-09-21 21:33:00,2023-10-17 21:33:00
505866,2024-11-14 10:44:00,1063,P1115,S019,4,0.2,Debit Card,2024-11-14 13:24:00,2024-12-01 13:24:00
505867,2024-03-25 02:19:00,1061,P1068,S006,2,0.1,Debit Card,2024-03-25 04:43:00,2024-05-09 04:43:00
505868,2024-09-26 23:55:00,1206,P1119,S013,3,0.1,Credit Card,2024-09-27 00:03:00,2024-11-03 00:03:00
505869,2026-01-31 11:31:00,1159,P1006,S025,6,0.05,Wallet,2026-01-31 12:37:00,2026-02-02 12:37:00
505870,2025-09-20 20:44:00,1405,P1006,S007,6,0.1,Cash,2025-09-20 22:43:00,2025-11-18 22:43:00
505871,2025-06-01 12:59:00,1494,P1116,S022,8,0.2,Net Banking,2025-06-01 13:58:00,2025-06-04 13:58:00
505872,2025-09-27 10:04:00,1001,P1150,S001,7,0.1,UPI,2025-09-27 12:54:00,2025-11-07 12:54:00
505873,2024-08-02 00:31:00,1410,P1059,S009,7,0.0,debit card,2024-08-02 01:14:00,2024-09-23 01:14:00
505874,2023-03-27 08:07:00,1026,P1132,S005,3,0.05,UPI,2023-03-27 08:23:00,2023-04-27 08:23:00
505875,2023-10-21 10:05:00,1317,P1008,S001,3,0.2,Wallet,2023-10-21 13:04:00,2023-11-03 13:04:00
505876,2024-12-29 01:04:00,1226,P1066,S022,8,0.05,Net Banking,2024-12-29 01:27:00,2025-01-17 01:27:00
505877,2026-03-17 01:45:00,1165,P1033,S008,8,0.2,CREDIT CARD,2026-03-17 03:13:00,2026-04-09 03:13:00
505878,2023-02-27 08:39:00,1246,P1075,S011,7,0.2,Debit Card,2023-02-27 10:45:00,2023-03-21 10:45:00
505879,2024-08-03 04:52:00,1101,P1054,S008,5,0.15,Debit Card,2024-08-03 06:29:00,2024-08-17 06:29:00
505880,2023-05-16 18:58:00,1366,P1075,S018,4,0.0,Net Banking,2023-05-16 19:08:00,2023-05-29 19:08:00
505881,2023-10-10 09:05:00,1061,P1109,S002,7,0.1,Wallet,2023-10-10 09:58:00,2023-10-12 09:58:00
505882,2024-06-22 18:02:00,1328,P1145,S008,5,0.0,Cash,2024-06-22 18:53:00,2024-07-15 18:53:00
505883,2025-09-18 23:56:00,1105,P1073,S023,4,0.0,Wallet,2025-09-19 02:36:00,2025-10-01 02:36:00
505884,2025-07-18 03:35:00,1500,P1026,S021,3,0.0,Cash,2025-07-18 04:13:00,2025-09-09 04:13:00
505885,2023-02-04 13:42:00,1085,P1057,S003,7,0.15,Wallet,2023-02-04 14:30:00,2023-03-12 14:30:00
505886,2025-12-03 03:43:00,1413,P1007,S018,1,0.05,Credit Card,2025-12-03 04:04:00,2026-01-14 04:04:00
505887,2026-01-14 17:15:00,1349,P1123,S001,3,0.1,Cash,2026-01-14 18:57:00,2026-02-19 18:57:00
505888,2024-10-10 07:50:00,1159,P1070,S022,2,0.0,Net Banking,2024-10-10 09:21:00,2024-11-06 09:21:00
505889,2024-01-23 11:18:00,1095,P1134,S013,4,0.2,Net Banking,2024-01-23 13:13:00,2024-03-07 13:13:00
505890,2025-03-14 05:19:00,1081,P1060,S017,5,0.2,Credit Card,2025-03-14 05:23:00,2025-04-25 05:23:00
505891,2023-04-28 07:04:00,1177,P1020,S009,6,0.0,Net Banking,2023-04-28 09:05:00,2023-06-07 09:05:00
505892,2023-04-01 19:41:00,1098,P1094,S025,8,0.05,Net Banking,2023-04-01 19:47:00,2023-05-12 19:47:00
505893,2025-02-09 19:15:00,1121,P1148,S021,2,0.0,Cash,2025-02-09 21:52:00,2025-03-02 21:52:00
505894,2025-09-11 07:14:00,1267,P1048,S015,7,0.1,Credit Card,2025-09-11 08:08:00,2025-11-08 08:08:00
505895,2024-08-28 17:42:00,1092,P1077,S019,7,0.15,Net Banking,2024-08-28 17:55:00,2024-10-21 17:55:00
505896,2026-03-23 22:10:00,1186,P1141,S012,6,0.05,UPI,2026-03-23 23:10:00,2026-04-27 23:10:00
505897,2023-05-31 00:43:00,1359,P1094,S022,5,0.1,Debit Card,2023-05-31 01:11:00,2023-07-10 01:11:00
505898,2026-02-01 09:31:00,1003,P1115,S009,1,0.1,UPI,2026-02-01 12:03:00,2026-02-10 12:03:00
505899,2026-01-30 14:00:00,1069,P1044,S004,-1,0.15,Debit Card,2026-01-30 14:48:00,2026-03-14 14:48:00
505900,2023-04-22 04:22:00,1460,P1136,S008,2,0.0,Credit Card,2023-04-22 05:26:00,2023-06-08 05:26:00
505901,2023-12-27 00:44:00,1371,P1014,S008,8,0.05,Net Banking,2023-12-27 01:54:00,2024-01-02 01:54:00
505902,2023-05-19 01:09:00,1089,P1088,S015,6,0.1,UPI,2023-05-19 03:41:00,2023-06-17 03:41:00
505903,2023-11-15 13:13:00,1330,P1015,S016,7,0.05,Credit Card,2023-11-15 15:11:00,2023-11-18 15:11:00
505904,2023-02-17 05:10:00,1240,P1100,S014,7,0.2,Net Banking,2023-02-17 06:39:00,2023-02-23 06:39:00
505905,2023-12-23 03:57:00,1147,P1107,S006,2,0.05,Credit Card,2023-12-23 04:39:00,2024-01-23 04:39:00
505906,2024-09-12 11:36:00,1091,P1095,S013,6,0.15,Credit Card,2024-09-12 13:04:00,2024-10-17 13:04:00
505907,2023-05-11 18:10:00,1372,P1084,S020,1,0.2,Wallet,2023-05-11 20:43:00,2023-07-09 20:43:00
505908,2026-03-06 09:55:00,1385,P1077,S016,6,0.05,Cash,2026-03-06 11:11:00,2026-03-10 11:11:00
505909,2025-05-25 06:48:00,1285,P1045,S012,7,0.1,Net Banking,2025-05-25 08:43:00,2025-07-12 08:43:00
505910,2024-12-25 17:27:00,1224,P1107,S019,6,0.1,Wallet,2024-12-25 18:46:00,2025-01-25 18:46:00
505911,2025-10-14 15:46:00,1061,P1144,S014,6,0.0,Cash,2025-10-14 15:47:00,2025-11-03 15:47:00
505912,2025-08-08 19:46:00,1473,P1072,S011,2,0.0,Debit Card,2025-08-08 22:14:00,2025-09-03 22:14:00
505913,2023-01-11 10:39:00,1432,P1085,S014,8,0.0,Debit Card,2023-01-11 11:14:00,2023-03-07 11:14:00
505914,2023-12-06 13:16:00,1256,P1092,S002,1,0.1,Wallet,2023-12-06 14:52:00,2024-01-14 14:52:00
505915,2025-03-24 13:53:00,1488,P1100,S008,3,0.2,Debit Card,2025-03-24 13:54:00,2025-05-07 13:54:00
505916,2023-03-06 22:18:00,1073,P1119,S011,1,0.05,UPI,2023-03-06 22:44:00,2023-04-01 22:44:00
505917,2023-11-20 05:21:00,1095,P1058,S018,1,0.05,Net Banking,2023-11-20 06:05:00,2023-11-27 06:05:00
505918,2024-07-30 08:44:00,1432,P1035,S016,7,0.05,Debit Card,2024-07-30 10:21:00,2024-09-24 10:21:00
505919,2023-07-16 09:32:00,1303,P1121,S021,2,0.1,Wallet,2023-07-16 11:30:00,2023-08-01 11:30:00
505920,2023-07-19 04:43:00,1169,P1071,S012,4,0.2,Debit Card,2023-07-19 07:15:00,2023-09-17 07:15:00
505921,2024-04-02 20:55:00,1257,P1076,S019,2,0.15,Net Banking,2024-04-02 21:53:00,2024-04-23 21:53:00
505922,2024-12-12 07:22:00,1308,P1087,S005,3,0.2,Wallet,2024-12-12 10:07:00,2025-01-22 10:07:00
505923,2025-08-27 20:43:00,1067,P1002,S019,1,0.0,Net Banking,2025-08-27 22:05:00,2025-09-01 22:05:00
505924,2023-07-03 15:42:00,1295,P1118,S008,2,0.0,UPI,2023-07-03 16:59:00,2023-08-20 16:59:00
505925,2024-08-11 19:27:00,1217,P1007,S019,2,0.0,Debit Card,2024-08-11 20:28:00,2024-08-24 20:28:00
505926,2023-01-06 09:43:00,1385,P1100,S021,2,0.2,Wallet,2023-01-06 11:05:00,2023-02-13 11:05:00
505927,2025-07-15 20:17:00,1434,P1093,S020,8,0.1,Net Banking,2025-07-15 20:32:00,2025-07-16 20:32:00
505928,2024-03-01 08:58:00,1184,P1070,S006,2,0.0,Wallet,2024-03-01 11:50:00,2024-03-19 11:50:00
505929,2024-09-05 05:01:00,1464,P1076,S003,3,0.2,Wallet,2024-09-05 07:54:00,2024-10-07 07:54:00
505930,2025-04-13 10:17:00,1427,P1120,S018,8,0.05,Debit Card,2025-04-13 12:42:00,2025-04-15 12:42:00
505931,2024-11-04 01:45:00,1062,P1086,S004,1,0.2,Credit Card,2024-11-04 03:20:00,2024-11-23 03:20:00
505932,2025-07-26 11:53:00,1239,P1001,S015,7,0.0,Wallet,2025-07-26 13:47:00,2025-09-12 13:47:00
505933,2025-04-03 02:58:00,1301,P1071,S004,4,0.1,UPI,2025-04-03 05:49:00,2025-04-30 05:49:00
505934,2023-12-18 17:16:00,1195,P1081,S025,6,0.2,Debit Card,2023-12-18 19:38:00,2023-12-31 19:38:00
505935,2026-01-07 05:31:00,1032,P1105,S019,3,0.05,Cash,2026-01-07 07:29:00,2026-02-23 07:29:00
505936,2023-08-15 11:24:00,1344,P1065,S020,1,0.15,UPI,2023-08-15 13:48:00,2023-09-27 13:48:00
505937,2025-12-08 20:11:00,1064,P1005,S001,3,0.05,Debit Card,2025-12-08 22:18:00,2026-01-04 22:18:00
505938,2023-06-07 21:08:00,1320,P1067,S012,7,0.2,UPI,2023-06-07 21:14:00,2023-08-05 21:14:00
505939,2024-11-15 15:13:00,1308,P1067,S007,6,0.15,Credit Card,2024-11-15 18:13:00,2024-12-01 18:13:00
505940,2024-02-23 15:22:00,1263,P1069,S019,2,0.05,Wallet,2024-02-23 17:47:00,2024-04-18 17:47:00
505941,2026-01-12 23:30:00,1255,P1001,S004,2,0.0,UPI,2026-01-13 02:30:00,2026-02-15 02:30:00
505942,2024-04-17 07:50:00,1167,P1041,S007,4,0.0,Debit Card,2024-04-17 09:51:00,2024-05-26 09:51:00
505943,2024-04-26 05:17:00,1464,P1114,S001,8,0.0,Credit Card,2024-04-26 05:37:00,2024-06-05 05:37:00
505944,2025-09-29 16:31:00,1123,P1063,S024,8,0.2,Wallet,2025-09-29 19:05:00,2025-10-25 19:05:00
505945,2023-03-25 16:46:00,1346,P1045,S006,1,0.2,Credit Card,2023-03-25 17:03:00,2023-04-06 17:03:00
505946,2024-01-06 01:19:00,1151,P1062,S011,2,0.2,Cash,2024-01-06 02:31:00,2024-02-08 02:31:00
505947,2025-11-20 17:06:00,1131,P1091,S016,2,0.0,Debit Card,2025-11-20 18:52:00,2026-01-15 18:52:00
505948,2023-10-17 21:55:00,1303,P1005,S001,3,0.2,Debit Card,2023-10-17 23:22:00,2023-11-25 23:22:00
505949,2023-12-03 04:17:00,1023,P1032,S018,4,0.0,Credit Card,2023-12-03 04:41:00,2024-01-03 04:41:00
505950,2025-10-09 15:43:00,1132,P1009,S008,1,0.1,Wallet,2025-10-09 16:53:00,2025-10-22 16:53:00
505951,2025-08-26 18:10:00,1414,P1024,S016,4,0.05,Credit Card,2025-08-26 19:35:00,2025-10-10 19:35:00
505952,2024-12-12 16:07:00,1257,P1042,S025,3,0.0,UPI,2024-12-12 17:06:00,2025-01-07 17:06:00
505953,2024-11-16 04:39:00,1316,P1108,S018,6,,Cash,2024-11-16 07:35:00,2024-12-17 07:35:00
505954,2023-12-26 02:05:00,1232,P1003,S021,1,0.15,credit card,2023-12-26 03:43:00,2024-02-24 03:43:00
505955,2023-03-31 16:08:00,1068,P1069,S001,8,0.15,Cash,2023-03-31 16:35:00,2023-05-22 16:35:00
505956,2024-08-05 23:40:00,1342,P1055,S013,3,0.2,Credit Card,2024-08-06 02:22:00,2024-08-27 02:22:00
505957,2023-08-27 22:15:00,1325,P1026,S004,4,0.1,Debit Card,2023-08-27 23:40:00,2023-08-29 23:40:00
505958,2025-02-11 17:58:00,1421,P1149,S011,1,0.2,Credit Card,2025-02-11 20:54:00,2025-04-08 20:54:00
505959,2026-02-27 02:53:00,1261,P1150,S019,5,0.1,Debit Card,2026-02-27 05:07:00,2026-03-17 05:07:00
505960,2024-07-23 23:38:00,1181,P1076,S015,3,0.0,Debit Card,2024-07-24 01:30:00,2024-08-02 01:30:00
505961,2025-09-29 08:50:00,1348,P1028,S015,6,0.15,Credit Card,2025-09-29 10:08:00,2025-10-07 10:08:00
505962,2026-03-11 08:37:00,1135,P1099,S011,2,0.1,Debit Card,2026-03-11 08:37:00,2026-05-10 08:37:00
505963,2024-06-13 09:26:00,1186,P1125,S010,2,0.1,Wallet,2024-06-13 12:23:00,2024-08-03 12:23:00
505964,2024-10-13 05:20:00,1455,P1131,S025,7,0.1,Cash,2024-10-13 05:54:00,2024-11-27 05:54:00
505965,2024-10-13 00:56:00,1118,P1007,S009,4,0.0,Cash,2024-10-13 03:19:00,2024-11-21 03:19:00
505966,2026-02-16 09:09:00,1481,P1026,S008,7,0.2,Net Banking,2026-02-16 09:28:00,2026-03-03 09:28:00
505967,2025-10-19 10:16:00,1316,P1055,S016,8,0.15,Credit Card,2025-10-19 12:30:00,2025-11-02 12:30:00
505968,2025-06-22 23:07:00,1428,P1039,S006,5,0.0,Credit Card,2025-06-23 00:39:00,2025-07-09 00:39:00
505969,2024-10-11 00:45:00,1270,P1054,S009,2,0.05,Debit Card,2024-10-11 01:37:00,2024-12-04 01:37:00
505970,2025-08-30 04:11:00,1439,P1117,S005,1,0.15,Debit Card,2025-08-30 05:09:00,2025-10-24 05:09:00
505971,2023-05-21 19:30:00,1422,P1123,S002,1,0.15,Credit Card,2023-05-21 20:58:00,2023-06-03 20:58:00
505972,2023-11-27 07:38:00,1340,P1143,S016,8,0.05,Credit Card,2023-11-27 10:12:00,2024-01-01 10:12:00
505973,2025-02-02 05:06:00,1175,P1136,S007,8,0.1,Debit Card,2025-02-02 05:06:00,2025-03-07 05:06:00
505974,2026-01-23 05:26:00,1486,P1023,S017,5,0.1,UPI,2026-01-23 06:23:00,2026-02-02 06:23:00
505975,2023-05-05 17:33:00,1260,P1145,S023,2,0.2,UPI,2023-05-05 19:01:00,2023-06-22 19:01:00
505976,2023-07-24 19:39:00,1288,P1031,S016,4,0.1,Credit Card,2023-07-24 20:48:00,2023-08-04 20:48:00
505977,2023-01-05 13:16:00,1337,P1082,S011,4,0.1,Credit Card,2023-01-05 14:04:00,2023-01-17 14:04:00
505978,2024-01-20 09:36:00,1365,P1026,S025,8,0.05,Wallet,2024-01-20 12:29:00,2024-02-18 12:29:00
505979,2023-01-26 08:03:00,1484,P1056,S006,5,0.05,Debit Card,2023-01-26 10:27:00,2023-03-10 10:27:00
505980,2024-02-06 20:49:00,1013,P1021,S022,8,0.05,UPI,2024-02-06 20:57:00,2024-04-01 20:57:00
505981,2025-02-09 06:14:00,1332,P1059,S001,8,0.05,Debit Card,2025-02-09 06:48:00,2025-02-27 06:48:00
505982,2024-06-05 15:32:00,1294,P1008,S016,2,0.05,UPI,2024-06-05 16:33:00,2024-07-28 16:33:00
505983,2023-12-09 11:31:00,1277,P1111,S020,2,0.0,Credit Card,2023-12-09 14:09:00,2024-01-29 14:09:00
505984,2024-09-13 03:36:00,1418,P1046,S016,3,0.1,Debit Card,2024-09-13 05:44:00,2024-11-05 05:44:00
505985,2025-01-07 05:02:00,1293,P1150,S021,2,0.1,Credit Card,2025-01-07 06:54:00,2025-01-31 06:54:00
505986,2026-01-11 06:05:00,1397,P1145,S015,8,0.2,Net Banking,2026-01-11 06:28:00,2026-03-11 06:28:00
505987,2024-12-31 03:27:00,1438,P1015,S004,1,0.0,Debit Card,2024-12-31 05:10:00,2025-01-22 05:10:00
505988,2024-07-19 09:01:00,1225,P1100,S002,2,0.05,Credit Card,2024-07-19 09:37:00,2024-08-17 09:37:00
505989,2023-07-19 12:08:00,1242,P1095,S003,1,0.0,UPI,2023-07-19 13:34:00,2023-09-10 13:34:00
505990,2024-03-17 12:55:00,1276,P1090,S016,5,0.05,Net Banking,2024-03-17 14:40:00,2024-05-04 14:40:00
505991,2025-08-30 20:15:00,1440,P1116,S021,2,0.2,Debit Card,2025-08-30 22:35:00,2025-09-16 22:35:00
505992,2025-01-19 16:04:00,1441,P1013,S006,2,0.05,Net Banking,2025-01-19 17:43:00,2025-02-02 17:43:00
505993,2023-06-09 17:10:00,1100,P1122,S005,6,0.0,UPI,2023-06-09 17:59:00,2023-07-05 17:59:00
505994,2023-10-13 19:42:00,1017,P1053,S025,2,0.0,Credit Card,2023-10-13 21:55:00,2023-12-11 21:55:00
505995,2025-02-18 04:14:00,1186,P1010,S013,8,0.1,Net Banking,2025-02-18 06:06:00,2025-02-19 06:06:00
505996,2023-12-24 21:22:00,1079,P1148,S006,6,0.1,CASH,2023-12-24 22:02:00,2024-02-17 22:02:00
505997,2024-11-20 22:43:00,1193,P1057,S003,7,0.2,UPI,2024-11-20 23:54:00,2024-12-21 23:54:00
505998,2024-08-31 11:22:00,1432,P1014,S007,7,0.1,Credit Card,2024-08-31 13:54:00,2024-10-30 13:54:00
505999,2024-12-28 23:59:00,1427,P1053,S015,3,0.1,Cash,2024-12-29 01:11:00,2025-01-08 01:11:00
506000,2025-05-18 14:55:00,1433,P1033,S006,7,0.15,Cash,2025-05-18 16:33:00,2025-07-04 16:33:00
506001,2023-06-01 15:19:00,1302,P1004,S009,6,0.1,Credit Card,2023-06-01 18:03:00,2023-06-29 18:03:00
506002,2023-10-20 09:46:00,1023,P1093,S020,7,0.1,Credit Card,2023-10-20 10:29:00,2023-12-03 10:29:00
506003,2025-01-20 09:38:00,1027,P1097,S009,4,0.15,UPI,2025-01-20 11:33:00,2025-02-23 11:33:00
506004,2025-03-26 01:44:00,1149,P1131,S020,8,0.05,UPI,2025-03-26 04:29:00,2025-04-07 04:29:00
506005,2023-08-11 13:02:00,1195,P1088,S008,6,0.05,UPI,2023-08-11 13:33:00,2023-09-02 13:33:00
506006,2023-07-16 23:40:00,1144,P1047,S009,1,0.0,Debit Card,2023-07-17 02:34:00,2023-08-06 02:34:00
506007,2023-02-16 21:47:00,1431,P1120,S020,1,0.2,Cash,2023-02-16 22:53:00,2023-03-01 22:53:00
506008,2026-01-27 00:33:00,1174,P1135,S023,6,0.1,Net Banking,2026-01-27 02:44:00,2026-02-11 02:44:00
506009,2024-04-04 13:16:00,1325,P1144,S015,6,0.2,Cash,2024-04-04 14:38:00,2024-04-20 14:38:00
506010,2026-03-22 18:49:00,1069,P1090,S024,5,0.05,Wallet,2026-03-22 20:52:00,2026-04-07 20:52:00
506011,2023-04-29 23:49:00,1197,P1136,S006,8,0.1,Cash,2023-04-30 01:06:00,2023-05-13 01:06:00
506012,2025-11-20 08:37:00,1345,P1136,S011,1,0.15,Net Banking,2025-11-20 10:43:00,2026-01-15 10:43:00
506013,2025-06-01 15:59:00,1163,P1060,S002,2,0.1,Net Banking,2025-06-01 16:45:00,2025-07-19 16:45:00
506014,2023-01-12 17:54:00,1268,P1067,S012,2,0.0,Net Banking,2023-01-12 19:37:00,2023-02-09 19:37:00
506015,2024-03-31 21:57:00,1146,P1106,S016,2,0.2,Net Banking,2024-03-31 22:37:00,2024-05-21 22:37:00
506016,2023-11-13 14:21:00,1225,P1028,S001,1,0.05,Wallet,2023-11-13 15:04:00,2023-11-26 15:04:00
506017,2025-01-23 19:41:00,1163,P1019,S025,8,0.1,Cash,2025-01-23 21:19:00,2025-02-04 21:19:00
506018,2023-04-24 11:13:00,1289,P1063,S013,2,0.05,Wallet,2023-04-24 11:59:00,2023-04-26 11:59:00
506019,2023-02-11 02:18:00,1209,P1071,S004,8,0.05,Wallet,2023-02-11 03:37:00,2023-04-03 03:37:00
506020,2026-03-01 21:18:00,1030,P1055,S014,8,0.1,Net Banking,2026-03-01 21:36:00,2026-04-12 21:36:00
506021,2023-01-30 12:36:00,1364,P1135,S019,5,0.0,UPI,2023-01-30 13:32:00,2023-02-08 13:32:00
506022,2023-07-07 14:04:00,1018,P1064,S023,8,0.0,Net Banking,2023-07-07 14:52:00,2023-09-01 14:52:00
506023,2025-07-30 03:33:00,1427,P1118,S019,1,0.2,Cash,2025-07-30 04:40:00,2025-08-25 04:40:00
506024,2025-09-02 22:14:00,1498,P1028,S014,3,0.15,Debit Card,2025-09-03 00:15:00,2025-09-16 00:15:00
506025,2023-12-13 15:19:00,1025,P1022,S002,1,0.15,Wallet,2023-12-13 17:04:00,2024-02-10 17:04:00
506026,2025-06-25 15:18:00,1305,P1119,S002,2,0.2,Credit Card,2025-06-25 15:31:00,2025-06-25 15:31:00
506027,2023-09-28 11:40:00,1401,P1102,S013,2,0.2,UPI,2023-09-28 14:32:00,2023-11-11 14:32:00
506028,2025-02-12 03:00:00,1174,P1063,S015,1,0.0,Cash,2025-02-12 05:14:00,2025-04-11 05:14:00
506029,2023-05-08 00:06:00,1077,P1036,S005,2,0.05,Wallet,2023-05-08 00:07:00,2023-07-05 00:07:00
506030,2025-03-21 17:53:00,1484,P1011,S011,2,0.0,UPI,2025-03-21 18:48:00,2025-05-15 18:48:00
506031,2023-06-06 17:58:00,1194,P1145,S007,5,0.2,UPI,2023-06-06 18:15:00,2023-07-22 18:15:00
506032,2023-01-11 12:58:00,1316,P1133,S016,2,0.0,UPI,2023-01-11 14:56:00,2023-02-07 14:56:00
506033,2024-07-30 19:19:00,1406,P1109,S008,3,0.2,Credit Card,2024-07-30 19:39:00,2024-08-04 19:39:00
506034,2023-11-07 11:07:00,1132,P1035,S019,6,0.2,Wallet,2023-11-07 13:32:00,2023-12-01 13:32:00
506035,2025-03-01 03:27:00,1056,P1017,S016,1,0.05,debit card,2025-03-01 05:21:00,2025-03-10 05:21:00
506036,2024-06-02 09:50:00,1162,P1084,S002,3,0.1,Wallet,2024-06-02 12:22:00,2024-06-26 12:22:00
506037,2023-11-17 22:05:00,1494,P1037,S011,5,0.2,UPI,2023-11-18 00:17:00,2023-12-30 00:17:00
506038,2024-11-09 22:29:00,1429,P1085,S001,3,0.1,Credit Card,2024-11-09 23:57:00,2024-12-18 23:57:00
506039,2024-05-30 20:49:00,1111,P1063,S012,3,0.05,UPI,2024-05-30 21:24:00,2024-06-25 21:24:00
506040,2025-08-06 20:20:00,1227,P1128,S004,4,0.05,UPI,2025-08-06 21:33:00,2025-09-07 21:33:00
506041,2023-11-13 00:25:00,1106,P1034,S001,4,0.0,Net Banking,2023-11-13 00:48:00,2023-12-27 00:48:00
506042,2025-04-30 14:27:00,1158,P1133,S006,3,0.2,Wallet,2025-04-30 16:25:00,2025-05-17 16:25:00
506043,2025-09-28 17:00:00,1100,P1016,S002,5,0.2,Cash,2025-09-28 19:07:00,2025-11-25 19:07:00
506044,2024-04-16 01:44:00,1198,P1107,S013,8,0.15,Credit Card,2024-04-16 04:12:00,2024-06-13 04:12:00
506045,2026-03-08 12:02:00,1486,P1112,S021,5,0.2,Net Banking,2026-03-08 14:43:00,2026-03-18 14:43:00
506046,2023-05-24 20:02:00,1366,P1127,S004,7,0.1,Net Banking,2023-05-24 21:07:00,2023-07-13 21:07:00
506047,2024-11-02 08:53:00,1258,P1068,S024,5,0.15,Debit Card,2024-11-02 10:15:00,2024-12-12 10:15:00
506048,2025-08-16 14:45:00,1353,P1116,S004,6,0.05,Debit Card,2025-08-16 15:15:00,2025-08-31 15:15:00
506049,2023-12-09 14:32:00,1326,P1045,S017,8,0.05,Credit Card,2023-12-09 17:00:00,2023-12-22 17:00:00
506050,2023-12-22 14:49:00,1492,P1083,S009,5,0.05,Cash,2023-12-22 16:25:00,2024-01-18 16:25:00
506051,2024-09-16 19:49:00,1353,P1079,S011,5,0.0,Credit Card,2024-09-16 21:03:00,2024-10-13 21:03:00
506052,2023-03-03 23:01:00,1052,P1077,S008,7,0.15,Debit Card,2023-03-03 23:40:00,2023-04-13 23:40:00
506053,2026-02-27 09:22:00,1284,P1045,S007,3,,Debit Card,2026-02-27 10:13:00,2026-04-03 10:13:00
506054,2024-11-12 23:15:00,1199,P1107,S017,3,0.05,Net Banking,2024-11-13 00:10:00,2024-12-05 00:10:00
506055,2025-04-30 11:49:00,1189,P1078,S020,3,0.0,Credit Card,2025-04-30 13:52:00,2025-06-11 13:52:00
506056,2026-01-25 00:07:00,1415,P1120,S021,7,0.0,Net Banking,2026-01-25 00:58:00,2026-02-08 00:58:00
506057,2023-06-09 11:43:00,1498,P1003,S004,5,0.0,UPI,2023-06-09 13:39:00,2023-07-09 13:39:00
506058,2023-06-11 11:47:00,1326,P1098,S005,4,0.0,Debit Card,2023-06-11 14:02:00,2023-06-17 14:02:00
506059,2024-05-13 19:17:00,1038,P1029,S012,8,0.15,Debit Card,2024-05-13 19:58:00,2024-06-17 19:58:00
506060,2023-03-21 18:49:00,1104,P1115,S021,6,0.0,DEBIT CARD,2023-03-21 19:05:00,2023-04-14 19:05:00
506061,2025-06-18 23:38:00,1447,P1095,S003,1,0.2,Net Banking,2025-06-19 00:13:00,2025-06-26 00:13:00
506062,2023-07-09 01:01:00,1438,P1068,S010,4,0.0,UPI,2023-07-09 03:45:00,2023-08-15 03:45:00
506063,2023-10-12 14:31:00,1385,P1004,S022,7,0.1,Cash,2023-10-12 15:28:00,2023-10-20 15:28:00
506064,2026-03-04 09:09:00,1212,P1049,S018,1,0.2,Credit Card,2026-03-04 11:03:00,2026-04-14 11:03:00
506065,2025-02-22 06:59:00,1202,P1114,S014,4,0.0,UPI,2025-02-22 07:41:00,2025-04-18 07:41:00
506066,2024-09-25 07:05:00,1174,P1059,S020,8,0.0,Debit Card,2024-09-25 07:20:00,2024-10-24 07:20:00
506067,2023-08-11 08:54:00,1370,P1075,S005,4,0.0,Cash,2023-08-11 09:41:00,2023-09-07 09:41:00
506068,2024-06-10 23:24:00,1482,P1051,S017,4,0.2,Wallet,2024-06-10 23:52:00,2024-06-28 23:52:00
506069,2023-05-10 13:31:00,1371,P1035,S023,6,0.1,UPI,2023-05-10 14:47:00,2023-06-24 14:47:00
506070,2024-12-29 17:18:00,1133,P1064,S018,5,0.15,Debit Card,2024-12-29 20:06:00,2025-01-28 20:06:00
506071,2023-10-01 16:37:00,1422,P1042,S021,5,0.1,Net Banking,2023-10-01 18:40:00,2023-11-21 18:40:00
506072,2025-07-27 18:35:00,1092,P1048,S010,6,0.1,Wallet,2025-07-27 21:05:00,2025-08-30 21:05:00
506073,2024-08-27 00:46:00,1144,P1039,S004,1,0.0,UPI,2024-08-27 03:32:00,2024-10-26 03:32:00
506074,2024-09-06 20:37:00,1061,P1029,S025,8,0.15,Net Banking,2024-09-06 23:13:00,2024-10-01 23:13:00
506075,2024-10-20 08:23:00,1379,P1009,S024,6,0.15,Wallet,2024-10-20 09:16:00,2024-11-25 09:16:00
506076,2026-01-24 12:24:00,1221,P1046,S007,4,0.2,Debit Card,2026-01-24 12:56:00,2026-03-12 12:56:00
506077,2024-05-09 23:53:00,1382,P1033,S021,6,0.1,Credit Card,2024-05-09 23:55:00,2024-05-11 23:55:00
506078,2024-11-16 21:11:00,1205,P1053,S015,8,0.05,UPI,2024-11-16 23:54:00,2024-12-09 23:54:00
506079,2023-12-26 11:10:00,1272,P1126,S002,2,0.05,UPI,2023-12-26 12:29:00,2024-01-18 12:29:00
506080,2023-08-28 02:28:00,1252,P1061,S022,4,0.1,Net Banking,2023-08-28 03:57:00,2023-09-04 03:57:00
506081,2024-02-06 13:09:00,1289,P1046,S004,6,0.0,Debit Card,2024-02-06 14:24:00,2024-03-30 14:24:00
506082,2025-05-28 18:19:00,1284,P1127,S018,8,0.0,Cash,2025-05-28 19:38:00,2025-06-11 19:38:00
506083,2023-05-21 07:20:00,1312,P1056,S012,2,0.0,Debit Card,2023-05-21 10:15:00,2023-07-16 10:15:00
506084,2024-07-24 17:57:00,1222,P1041,S024,8,0.05,Net Banking,2024-07-24 18:41:00,2024-08-14 18:41:00
506085,2025-05-19 08:12:00,1104,P1032,S014,2,0.05,UPI,2025-05-19 11:04:00,2025-07-07 11:04:00
506086,2023-10-17 17:26:00,1339,P1122,S018,5,0.05,Wallet,2023-10-17 20:15:00,2023-11-20 20:15:00
506087,2025-08-24 15:21:00,1114,P1102,S022,8,0.05,UPI,2025-08-24 15:47:00,2025-09-13 15:47:00
506088,2025-06-19 23:22:00,1197,P1097,S020,2,0.05,Wallet,2025-06-19 23:31:00,2025-08-10 23:31:00
506089,2026-01-24 10:54:00,1169,P1145,S009,5,0.0,Cash,2026-01-24 12:35:00,2026-02-26 12:35:00
506090,2024-08-07 18:15:00,1393,P1022,S003,6,0.15,Wallet,2024-08-07 19:07:00,2024-08-13 19:07:00
506091,2026-01-14 10:19:00,1199,P1033,S004,1,0.15,Wallet,2026-01-14 10:26:00,2026-01-24 10:26:00
506092,2023-01-21 22:15:00,1087,P1060,S022,6,0.0,Net Banking,2023-01-21 23:59:00,2023-02-05 23:59:00
506093,2024-10-28 05:09:00,1046,P1110,S012,7,0.0,Credit Card,2024-10-28 07:41:00,2024-12-09 07:41:00
506094,2023-05-07 14:47:00,1318,P1132,S015,2,0.1,Net Banking,2023-05-07 15:48:00,2023-06-27 15:48:00
506095,2024-08-15 21:20:00,1473,P1051,S001,1,0.15,Wallet,2024-08-15 22:29:00,2024-09-03 22:29:00
506096,2024-08-21 10:52:00,1460,P1116,S024,8,0.15,Debit Card,2024-08-21 13:44:00,2024-10-08 13:44:00
506097,2023-09-06 20:56:00,1216,P1089,S004,4,0.0,Cash,2023-09-06 22:11:00,2023-11-02 22:11:00
506098,2024-05-15 06:48:00,1188,P1057,S008,7,0.05,UPI,2024-05-15 07:32:00,2024-07-10 07:32:00
506099,2024-11-11 14:47:00,1353,P1130,S013,7,0.0,Cash,2024-11-11 16:17:00,2024-12-10 16:17:00
506100,2023-04-30 05:52:00,1234,P1098,S014,7,0.0,CASH,2023-04-30 07:18:00,2023-05-01 07:18:00
506101,2026-03-24 20:43:00,1264,P1093,S023,3,0.15,UPI,2026-03-24 22:14:00,2026-03-25 22:14:00
506102,2023-04-07 13:32:00,1191,P1089,S024,4,0.05,Cash,2023-04-07 16:09:00,2023-05-03 16:09:00
506103,2024-06-05 15:17:00,1364,P1067,S003,3,0.1,UPI,2024-06-05 15:44:00,2024-07-16 15:44:00
506104,2024-06-16 06:36:00,1146,P1132,S007,6,0.2,Cash,2024-06-16 08:27:00,2024-07-19 08:27:00
506105,2023-04-13 00:00:00,1338,P1040,S001,8,0.0,Cash,2023-04-13 00:17:00,2023-05-18 00:17:00
506106,2024-03-19 16:56:00,1304,P1056,S023,3,0.15,UPI,2024-03-19 19:17:00,2024-03-26 19:17:00
506107,2026-03-05 03:32:00,1414,P1057,S018,2,0.2,Net Banking,2026-03-05 06:03:00,2026-04-10 06:03:00
506108,2025-09-05 19:08:00,1171,P1001,S004,2,0.15,Wallet,2025-09-05 19:32:00,2025-10-01 19:32:00
506109,2025-01-11 14:26:00,1262,P1009,S017,7,0.15,Wallet,2025-01-11 14:28:00,2025-01-17 14:28:00
506110,2024-10-16 23:08:00,1068,P1079,S020,2,0.1,Credit Card,2024-10-16 23:40:00,2024-11-11 23:40:00
506111,2025-11-27 19:14:00,1055,P1104,S014,6,0.0,Cash,2025-11-27 19:57:00,2025-12-29 19:57:00
506112,2025-09-28 06:04:00,1434,P1118,S010,4,0.0,Credit Card,2025-09-28 06:56:00,2025-10-03 06:56:00
506113,2024-10-29 04:45:00,1487,P1110,S006,6,0.1,Net Banking,2024-10-29 06:50:00,2024-12-11 06:50:00
506114,2024-05-20 15:27:00,1033,P1024,S017,3,0.1,Cash,2024-05-20 18:15:00,2024-06-12 18:15:00
506115,2025-05-18 20:49:00,1197,P1055,S020,2,0.15,Credit Card,2025-05-18 22:15:00,2025-05-25 22:15:00
506116,2025-08-18 03:49:00,1274,P1050,S014,3,0.2,upi,2025-08-18 05:13:00,2025-09-03 05:13:00
506117,2024-02-04 09:07:00,1171,P1007,S007,4,0.1,Cash,2024-02-04 10:06:00,2024-03-25 10:06:00
506118,2023-01-26 22:30:00,1213,P1130,S015,6,0.15,debit card,2023-01-26 23:49:00,2023-03-04 23:49:00
506119,2024-08-28 13:44:00,1363,P1065,S018,3,0.0,Net Banking,2024-08-28 15:04:00,2024-09-16 15:04:00
506120,2025-09-27 06:39:00,1091,P1028,S025,3,0.1,Debit Card,2025-09-27 09:01:00,2025-11-08 09:01:00
506121,2025-11-10 17:31:00,1421,P1011,S025,6,0.0,Credit Card,2025-11-10 19:31:00,2025-11-27 19:31:00
506122,2023-05-14 10:04:00,1392,P1098,S012,1,0.2,Wallet,2023-05-14 10:57:00,2023-06-02 10:57:00
506123,2025-05-01 10:44:00,1289,P1110,S023,4,0.2,CASH,2025-05-01 12:31:00,2025-06-09 12:31:00
506124,2024-06-29 09:30:00,1117,P1079,S003,3,0.1,Wallet,2024-06-29 11:35:00,2024-07-04 11:35:00
506125,2024-05-03 20:51:00,1357,P1064,S009,2,0.0,Cash,2024-05-03 23:03:00,2024-06-25 23:03:00
506126,2025-01-24 14:52:00,1374,P1115,S014,7,0.1,Cash,2025-01-24 15:26:00,2025-03-04 15:26:00
506127,2023-11-18 22:49:00,1216,P1128,S021,1,0.05,Net Banking,2023-11-18 22:59:00,2024-01-13 22:59:00
506128,2024-04-22 06:24:00,1349,P1125,S015,5,0.1,UPI,2024-04-22 08:16:00,2024-06-15 08:16:00
506129,2023-03-10 23:57:00,1129,P1052,S019,8,0.0,Wallet,2023-03-11 02:52:00,2023-04-15 02:52:00
506130,2023-08-18 16:11:00,1462,P1004,S007,5,0.0,Net Banking,2023-08-18 19:11:00,2023-08-21 19:11:00
506131,2024-05-17 10:47:00,1245,P1030,S016,4,0.05,UPI,2024-05-17 12:57:00,2024-05-28 12:57:00
506132,2024-03-08 02:42:00,1204,P1102,S010,7,0.1,UPI,2024-03-08 02:44:00,2024-04-04 02:44:00
506133,2025-10-24 08:30:00,1261,P1128,S023,8,0.2,Net Banking,2025-10-24 10:40:00,2025-12-13 10:40:00
506134,2025-11-14 09:22:00,1361,P1126,S020,6,0.15,Wallet,2025-11-14 11:30:00,2025-12-24 11:30:00
506135,2025-09-04 02:06:00,1307,P1023,S015,5,0.15,UPI,2025-09-04 03:20:00,2025-10-29 03:20:00
506136,2023-04-21 12:37:00,1116,P1147,S012,2,0.0,Net Banking,2023-04-21 13:22:00,2023-06-11 13:22:00
506137,2024-02-23 04:48:00,1265,P1102,S013,7,0.2,Wallet,2024-02-23 06:54:00,2024-04-05 06:54:00
506138,2026-03-16 16:19:00,1011,P1059,S006,7,0.1,UPI,2026-03-16 16:56:00,2026-03-17 16:56:00
506139,2024-04-12 01:56:00,1072,P1067,S004,2,0.1,Credit Card,2024-04-12 03:17:00,2024-06-09 03:17:00
506140,2023-03-22 23:28:00,1433,P1025,S008,4,0.1,Credit Card,2023-03-23 01:12:00,2023-04-15 01:12:00
506141,2026-02-26 09:38:00,1224,P1014,S008,7,0.0,UPI,2026-02-26 11:13:00,2026-03-28 11:13:00
506142,2026-01-10 08:50:00,1291,P1043,S025,8,0.0,Debit Card,2026-01-10 11:31:00,2026-02-22 11:31:00
506143,2024-10-11 06:33:00,1228,P1102,S003,3,0.2,Cash,2024-10-11 08:21:00,2024-11-14 08:21:00
506144,2025-04-22 15:24:00,1487,P1051,S011,5,0.1,Cash,2025-04-22 16:02:00,2025-04-29 16:02:00
506145,2023-05-20 08:46:00,1062,P1089,S024,4,0.2,Wallet,2023-05-20 09:44:00,2023-07-13 09:44:00
506146,2024-01-27 21:56:00,1422,P1148,S019,6,0.05,UPI,2024-01-27 23:13:00,2024-03-02 23:13:00
506147,2024-01-01 01:02:00,1170,P1148,S002,5,0.0,UPI,2024-01-01 03:15:00,2024-02-19 03:15:00
506148,2023-12-26 08:06:00,1017,P1056,S013,5,0.05,Credit Card,2023-12-26 10:59:00,2024-01-23 10:59:00
506149,2025-10-02 23:15:00,1105,P1077,S021,3,0.1,UPI,2025-10-03 00:10:00,2025-10-07 00:10:00
506150,2024-08-21 20:28:00,1263,P1147,S016,7,0.05,UPI,2024-08-21 20:59:00,2024-10-11 20:59:00
506151,2025-09-10 15:38:00,1376,P1076,S024,3,0.2,Credit Card,2025-09-10 18:26:00,2025-11-01 18:26:00
506152,2023-07-21 01:52:00,1070,P1127,S009,3,0.0,WALLET,2023-07-21 02:18:00,2023-08-21 02:18:00
506153,2024-11-28 02:57:00,1173,P1006,S024,8,0.2,Cash,2024-11-28 04:59:00,2025-01-16 04:59:00
506154,2024-04-28 02:14:00,1352,P1016,S022,5,0.2,Cash,2024-04-28 02:50:00,2024-05-15 02:50:00
506155,2023-06-14 19:57:00,1330,P1082,S003,7,0.15,Credit Card,2023-06-14 21:44:00,2023-07-28 21:44:00
506156,2025-09-12 02:17:00,1027,P1109,S011,7,0.2,Cash,2025-09-12 03:46:00,2025-10-12 03:46:00
506157,2023-11-30 06:28:00,1357,P1115,S015,2,0.15,UPI,2023-11-30 08:38:00,2023-12-23 08:38:00
506158,2023-12-31 02:36:00,1496,P1050,S023,2,0.15,Cash,2023-12-31 05:07:00,2024-02-05 05:07:00
506159,2025-09-06 00:42:00,1006,P1001,S005,3,0.15,Net Banking,2025-09-06 02:47:00,2025-10-16 02:47:00
506160,2025-05-18 05:47:00,1173,P1047,S015,5,0.05,UPI,2025-05-18 06:57:00,2025-06-06 06:57:00
506161,2023-01-22 07:38:00,1257,P1011,S014,5,0.15,Debit Card,2023-01-22 09:57:00,2023-02-22 09:57:00
506162,2026-03-01 09:47:00,1338,P1139,S014,5,0.2,WALLET,2026-03-01 12:19:00,2026-03-06 12:19:00
506163,2025-11-12 15:44:00,1364,P1050,S023,3,0.0,Credit Card,2025-11-12 16:53:00,2025-12-20 16:53:00
506164,2023-10-17 05:24:00,1477,P1104,S017,8,0.0,Wallet,2023-10-17 07:45:00,2023-12-10 07:45:00
506165,2024-02-28 15:23:00,1406,P1126,S018,6,0.1,Debit Card,2024-02-28 16:58:00,2024-04-15 16:58:00
506166,2025-09-18 22:44:00,1167,P1055,S001,3,0.1,Wallet,2025-09-19 00:22:00,2025-11-14 00:22:00
506167,2025-05-07 09:13:00,1259,P1029,S008,3,0.05,CREDIT CARD,2025-05-07 09:17:00,2025-07-04 09:17:00
506168,2024-12-09 14:23:00,1039,P1036,S006,7,0.15,Debit Card,2024-12-09 14:27:00,2024-12-25 14:27:00
506169,2024-05-03 22:51:00,1390,P1001,S019,5,0.1,Debit Card,2024-05-04 00:26:00,2024-06-19 00:26:00
506170,2025-06-27 07:06:00,1292,P1039,S022,7,0.15,Credit Card,2025-06-27 08:19:00,2025-08-15 08:19:00
506171,2023-10-25 21:16:00,1220,P1001,S007,3,0.2,UPI,2023-10-25 23:21:00,2023-11-22 23:21:00
506172,2025-09-12 02:03:00,1131,P1081,S017,7,0.1,UPI,2025-09-12 02:15:00,2025-09-21 02:15:00
506173,2025-07-30 20:37:00,1309,P1100,S020,8,0.2,Credit Card,2025-07-30 21:38:00,2025-09-06 21:38:00
506174,2024-04-03 19:49:00,1259,P1051,S024,4,0.2,Cash,2024-04-03 20:40:00,2024-04-18 20:40:00
506175,2025-05-29 17:32:00,1369,P1103,S017,3,0.1,Net Banking,2025-05-29 18:25:00,2025-07-03 18:25:00
506176,2023-09-09 14:13:00,1369,P1112,S018,2,,Debit Card,2023-09-09 16:35:00,2023-11-03 16:35:00
506177,2024-01-05 23:09:00,1020,P1126,S021,4,0.15,Net Banking,2024-01-06 00:12:00,2024-01-27 00:12:00
506178,2025-10-01 07:46:00,1069,P1030,S019,1,0.15,net banking,2025-10-01 10:27:00,2025-10-24 10:27:00
506179,2024-06-07 19:25:00,1101,P1054,S010,3,0.2,Net Banking,2024-06-07 19:32:00,2024-07-19 19:32:00
506180,2024-12-19 01:34:00,1079,P1040,S014,7,0.05,Net Banking,2024-12-19 03:15:00,2025-01-17 03:15:00
506181,2023-06-30 01:28:00,1234,P1114,S025,7,0.15,Wallet,2023-06-30 03:11:00,2023-07-28 03:11:00
506182,2024-04-13 22:38:00,1273,P1018,S020,1,0.1,Wallet,2024-04-14 00:41:00,2024-04-18 00:41:00
506183,2026-03-26 14:16:00,1487,P1147,S019,4,0.05,UPI,2026-03-26 16:06:00,2026-04-27 16:06:00
506184,2025-01-10 06:44:00,1022,P1109,S006,5,0.05,Cash,2025-01-10 08:48:00,2025-01-27 08:48:00
506185,2023-08-29 01:45:00,1078,P1072,S018,8,0.15,Credit Card,2023-08-29 02:45:00,2023-09-13 02:45:00
506186,2025-03-08 11:06:00,1141,P1029,S020,7,0.15,UPI,2025-03-08 13:21:00,2025-04-11 13:21:00
506187,2024-03-09 04:37:00,1205,P1061,S012,8,0.05,Debit Card,2024-03-09 05:54:00,2024-03-10 05:54:00
506188,2025-08-14 12:54:00,1282,P1090,S016,3,0.15,Wallet,2025-08-14 13:46:00,2025-09-21 13:46:00
506189,2025-12-07 10:02:00,1072,P1142,S022,5,0.05,Net Banking,2025-12-07 10:04:00,2026-01-05 10:04:00
506190,2024-12-27 16:49:00,1297,P1131,S014,7,0.2,Credit Card,2024-12-27 16:51:00,2024-12-28 16:51:00
506191,2024-07-02 20:51:00,1009,P1084,S003,5,0.2,UPI,2024-07-02 22:11:00,2024-08-15 22:11:00
506192,2024-09-27 16:48:00,1115,P1089,S024,8,0.1,Debit Card,2024-09-27 18:47:00,2024-11-13 18:47:00
506193,2024-04-07 09:50:00,1196,P1076,S020,7,0.0,Wallet,2024-04-07 11:12:00,2024-04-22 11:12:00
506194,2023-05-06 15:31:00,1326,P1114,S015,3,0.05,Credit Card,2023-05-06 17:57:00,2023-06-13 17:57:00
506195,2023-10-17 22:27:00,1465,P1097,S024,2,0.1,Credit Card,2023-10-17 23:45:00,2023-12-11 23:45:00
506196,2024-04-30 01:00:00,1006,P1035,S015,6,0.0,Cash,2024-04-30 01:37:00,2024-05-31 01:37:00
506197,2025-05-09 19:30:00,1356,P1145,S008,1,0.1,UPI,2025-05-09 22:27:00,2025-06-05 22:27:00
506198,2024-05-31 11:15:00,1333,P1003,S004,7,0.2,UPI,2024-05-31 13:36:00,2024-06-24 13:36:00
506199,2023-11-14 01:31:00,1004,P1014,S001,7,0.2,net banking,2023-11-14 02:58:00,2024-01-08 02:58:00
506200,2023-06-15 11:23:00,1475,P1089,S019,4,0.2,Wallet,2023-06-15 13:38:00,2023-08-10 13:38:00
506201,2023-11-18 04:55:00,1164,P1092,S014,6,0.05,Credit Card,2023-11-18 06:01:00,2023-12-04 06:01:00
506202,2024-01-07 04:06:00,1498,P1138,S020,5,0.1,UPI,2024-01-07 05:23:00,2024-02-23 05:23:00
506203,2024-01-24 19:51:00,1192,P1022,S015,7,0.2,Net Banking,2024-01-24 22:17:00,2024-02-29 22:17:00
506204,2024-02-12 06:03:00,1041,P1082,S014,6,0.2,UPI,2024-02-12 07:04:00,2024-03-18 07:04:00
506205,2025-09-13 00:22:00,1392,P1112,S020,6,0.0,UPI,2025-09-13 03:10:00,2025-10-26 03:10:00
506206,2025-06-02 06:26:00,1403,P1017,S005,8,0.1,UPI,2025-06-02 06:54:00,2025-07-13 06:54:00
506207,2025-10-26 20:07:00,1424,P1049,S001,7,0.2,Net Banking,2025-10-26 20:23:00,2025-11-24 20:23:00
506208,2024-04-14 16:09:00,1161,P1034,S018,8,0.2,Net Banking,2024-04-14 16:26:00,2024-05-01 16:26:00
506209,2026-03-03 12:08:00,1493,P1061,S001,3,0.2,Debit Card,2026-03-03 14:17:00,2026-04-08 14:17:00
506210,2023-04-26 11:09:00,1184,P1013,S011,7,0.0,Net Banking,2023-04-26 11:28:00,2023-05-28 11:28:00
506211,2024-01-24 23:06:00,1077,P1105,S002,5,0.2,Debit Card,2024-01-25 01:32:00,2024-01-31 01:32:00
506212,2025-12-17 18:26:00,1314,P1142,S003,5,0.1,UPI,2025-12-17 19:49:00,2026-01-02 19:49:00
506213,2024-05-10 17:53:00,1158,P1118,S003,3,0.15,Wallet,2024-05-10 19:42:00,2024-06-01 19:42:00
506214,2023-04-16 21:23:00,1235,P1079,S017,8,0.0,Debit Card,2023-04-16 22:27:00,2023-05-18 22:27:00
506215,2025-03-28 12:09:00,1440,P1013,S012,7,0.0,Net Banking,2025-03-28 13:06:00,2025-03-29 13:06:00
506216,2024-09-24 08:40:00,1056,P1093,S001,2,0.05,Wallet,2024-09-24 10:20:00,2024-11-18 10:20:00
506217,2024-03-28 10:03:00,1322,P1096,S013,7,0.0,Debit Card,2024-03-28 11:49:00,2024-04-22 11:49:00
506218,2023-03-01 11:39:00,1262,P1093,S021,6,0.15,Cash,2023-03-01 11:44:00,2023-04-23 11:44:00
506219,2024-11-06 15:34:00,1423,P1122,S019,4,0.2,UPI,2024-11-06 18:01:00,2024-11-19 18:01:00
506220,2024-09-23 15:17:00,1078,P1146,S019,1,0.05,debit card,2024-09-23 16:14:00,2024-10-22 16:14:00
506221,2023-11-09 02:44:00,1476,P1100,S001,2,0.0,Credit Card,2023-11-09 05:09:00,2023-12-25 05:09:00
506222,2025-07-22 13:58:00,1037,P1079,S006,5,0.05,Credit Card,2025-07-22 15:07:00,2025-08-22 15:07:00
506223,2023-06-15 03:04:00,1026,P1034,S014,7,0.05,Credit Card,2023-06-15 05:45:00,2023-07-22 05:45:00
506224,2025-09-20 14:12:00,1283,P1028,S008,4,0.0,Net Banking,2025-09-20 16:53:00,2025-11-18 16:53:00
506225,2026-01-05 07:06:00,1084,P1064,S016,1,0.05,Debit Card,2026-01-05 08:13:00,2026-01-28 08:13:00
506226,2025-03-01 06:51:00,1452,P1047,S017,8,0.1,Wallet,2025-03-01 07:41:00,2025-04-17 07:41:00
506227,2023-11-11 11:26:00,1494,P1142,S013,7,0.2,UPI,2023-11-11 12:47:00,2023-12-06 12:47:00
506228,2024-11-14 17:02:00,1367,P1093,S018,6,0.05,Net Banking,2024-11-14 17:10:00,2024-11-17 17:10:00
506229,2023-08-26 10:30:00,1457,P1014,S003,6,0.1,Credit Card,2023-08-26 12:05:00,2023-10-20 12:05:00
506230,2026-01-18 22:47:00,1277,P1028,S018,1,0.15,Cash,2026-01-19 00:12:00,2026-02-17 00:12:00
506231,2024-07-14 19:59:00,1145,P1136,S017,2,0.1,Wallet,2024-07-14 20:26:00,2024-09-03 20:26:00
506232,2023-08-22 09:17:00,1048,P1088,S009,2,0.15,UPI,2023-08-22 11:06:00,2023-09-17 11:06:00
506233,2023-03-14 00:55:00,1187,P1107,S005,7,0.15,Cash,2023-03-14 02:39:00,2023-05-11 02:39:00
506234,2026-01-03 17:23:00,1402,P1081,S022,6,0.05,Wallet,2026-01-03 18:37:00,2026-02-26 18:37:00
506235,2025-03-28 07:31:00,1222,P1093,S020,6,0.2,Net Banking,2025-03-28 09:38:00,2025-04-24 09:38:00
506236,2023-04-04 05:42:00,1145,P1034,S008,2,0.15,Credit Card,2023-04-04 06:40:00,2023-04-21 06:40:00
506237,2024-01-13 12:27:00,1434,P1080,S020,2,0.2,Wallet,2024-01-13 13:35:00,2024-02-14 13:35:00
506238,2025-03-13 03:19:00,1083,P1141,S017,4,0.15,Credit Card,2025-03-13 04:57:00,2025-05-08 04:57:00
506239,2024-11-17 17:03:00,1385,P1053,S007,2,0.1,UPI,2024-11-17 19:51:00,2024-12-10 19:51:00
506240,2024-02-13 02:43:00,1221,P1030,S004,8,0.0,Credit Card,2024-02-13 03:33:00,2024-03-06 03:33:00
506241,2025-09-20 16:18:00,1153,P1079,S015,4,0.15,Credit Card,2025-09-20 18:19:00,2025-10-02 18:19:00
506242,2023-12-26 07:49:00,1413,P1029,S016,7,0.0,Net Banking,2023-12-26 10:27:00,2024-02-20 10:27:00
506243,2025-04-14 17:10:00,1268,P1140,S011,5,0.05,UPI,2025-04-14 17:53:00,2025-05-06 17:53:00
506244,2024-03-17 20:45:00,1349,P1127,S010,1,0.2,Cash,2024-03-17 22:05:00,2024-04-30 22:05:00
506245,2024-09-21 14:17:00,1232,P1050,S020,8,0.05,Net Banking,2024-09-21 14:24:00,2024-11-15 14:24:00
506246,2025-05-09 03:47:00,1209,P1088,S015,8,0.2,Net Banking,2025-05-09 05:51:00,2025-05-31 05:51:00
506247,2023-04-24 12:07:00,1125,P1075,S009,3,0.1,UPI,2023-04-24 14:16:00,2023-06-20 14:16:00
506248,2023-06-26 16:02:00,1134,P1086,S011,2,0.2,Wallet,2023-06-26 18:34:00,2023-07-16 18:34:00
506249,2023-09-16 09:06:00,1067,P1132,S014,4,0.1,net banking,2023-09-16 10:40:00,2023-11-14 10:40:00
506250,2024-05-29 00:04:00,1396,P1023,S022,8,0.0,Wallet,2024-05-29 01:53:00,2024-07-22 01:53:00
506251,2025-02-18 08:38:00,1157,P1084,S007,4,0.15,Wallet,2025-02-18 09:08:00,2025-03-09 09:08:00
506252,2024-12-16 05:01:00,1185,P1098,S020,2,0.1,Cash,2024-12-16 05:25:00,2025-02-06 05:25:00
506253,2023-08-12 12:43:00,1180,P1122,S008,4,0.15,Cash,2023-08-12 13:59:00,2023-08-16 13:59:00
506254,2025-11-26 08:00:00,1104,P1069,S003,8,0.2,UPI,2025-11-26 10:38:00,2025-12-01 10:38:00
506255,2023-02-01 19:00:00,1294,P1096,S016,2,0.1,Debit Card,2023-02-01 21:04:00,2023-02-08 21:04:00
506256,2023-07-28 09:37:00,1144,P1150,S023,6,0.1,Net Banking,2023-07-28 11:08:00,2023-08-03 11:08:00
506257,2024-01-23 17:31:00,1282,P1010,S015,3,0.2,Cash,2024-01-23 18:25:00,2024-02-16 18:25:00
506258,2025-05-23 23:04:00,1274,P1066,S008,2,0.15,net banking,2025-05-24 01:16:00,2025-05-27 01:16:00
506259,2024-09-28 16:08:00,1087,P1051,S021,1,0.2,Net Banking,2024-09-28 18:07:00,2024-11-12 18:07:00
506260,2023-03-06 14:59:00,1160,P1099,S009,5,0.1,UPI,2023-03-06 15:03:00,2023-04-25 15:03:00
506261,2024-04-28 00:42:00,1344,P1001,S009,6,0.0,Wallet,2024-04-28 00:43:00,2024-05-22 00:43:00
506262,2023-04-08 16:05:00,1119,P1055,S002,1,0.05,Cash,2023-04-08 18:16:00,2023-05-08 18:16:00
506263,2025-02-12 07:45:00,1234,P1047,S006,4,0.15,Credit Card,2025-02-12 08:20:00,2025-04-04 08:20:00
506264,2025-05-23 19:54:00,1135,P1054,S005,7,0.0,Debit Card,2025-05-23 21:16:00,2025-05-26 21:16:00
506265,2023-04-09 08:29:00,1108,P1084,S005,3,0.15,Wallet,2023-04-09 09:28:00,2023-05-01 09:28:00
506266,2025-01-19 08:37:00,1495,P1089,S007,8,0.05,Debit Card,2025-01-19 09:29:00,2025-01-22 09:29:00
506267,2025-01-26 03:12:00,1178,P1112,S010,3,0.15,UPI,2025-01-26 06:05:00,2025-03-09 06:05:00
506268,2025-02-16 01:45:00,1288,P1118,S006,8,0.1,UPI,2025-02-16 01:51:00,2025-03-27 01:51:00
506269,2024-10-05 02:16:00,1125,P1030,S013,5,0.0,UPI,2024-10-05 05:03:00,2024-11-18 05:03:00
506270,2023-07-02 22:12:00,1215,P1080,S023,1,0.05,Wallet,2023-07-03 00:03:00,2023-07-26 00:03:00
506271,2025-01-08 09:56:00,1021,P1011,S014,3,0.2,Wallet,2025-01-08 10:40:00,2025-02-04 10:40:00
506272,2026-03-23 21:11:00,1267,P1067,S007,6,0.15,Net Banking,2026-03-23 21:53:00,2026-04-04 21:53:00
506273,2024-01-20 17:41:00,1473,P1147,S010,6,0.2,Net Banking,2024-01-20 20:13:00,2024-02-09 20:13:00
506274,2023-12-09 04:20:00,1248,P1072,S016,6,0.05,Net Banking,2023-12-09 04:36:00,2024-01-19 04:36:00
506275,2024-07-08 19:28:00,1204,P1094,S011,2,0.05,Net Banking,2024-07-08 21:25:00,2024-07-30 21:25:00
506276,2025-11-16 21:56:00,1171,P1112,S007,4,0.15,Cash,2025-11-17 00:34:00,2025-12-29 00:34:00
506277,2025-04-15 13:22:00,1108,P1021,S024,1,0.0,Credit Card,2025-04-15 15:18:00,2025-04-18 15:18:00
506278,2023-09-19 20:04:00,1330,P1133,S016,6,0.05,Wallet,2023-09-19 21:06:00,2023-10-03 21:06:00
506279,2024-06-20 05:04:00,1378,P1131,S007,6,0.1,Wallet,2024-06-20 06:21:00,2024-07-08 06:21:00
506280,2024-11-10 14:18:00,1270,P1060,S020,7,0.2,Credit Card,2024-11-10 16:42:00,2024-12-12 16:42:00
506281,2026-02-24 22:08:00,1191,P1074,S007,1,0.2,Credit Card,2026-02-24 23:40:00,2026-03-05 23:40:00
506282,2024-11-30 22:15:00,1494,P1017,S012,2,0.15,Credit Card,2024-11-30 23:41:00,2024-12-11 23:41:00
506283,2024-08-09 12:26:00,1403,P1111,S018,3,0.1,Cash,2024-08-09 12:31:00,2024-10-08 12:31:00
506284,2023-07-28 11:30:00,1457,P1027,S001,1,0.0,UPI,2023-07-28 12:52:00,2023-08-23 12:52:00
506285,2024-03-12 00:10:00,1053,P1036,S007,6,0.1,upi,2024-03-12 00:55:00,2024-05-07 00:55:00
506286,2024-01-02 03:55:00,1263,P1058,S005,4,0.05,Net Banking,2024-01-02 05:41:00,2024-02-09 05:41:00
506287,2024-12-28 08:06:00,1479,P1043,S014,4,0.05,CASH,2024-12-28 09:13:00,2025-01-05 09:13:00
506288,2023-09-19 03:18:00,1104,P1122,S004,6,0.0,Debit Card,2023-09-19 04:25:00,2023-10-09 04:25:00
506289,2024-10-21 03:53:00,1251,P1140,S015,8,0.2,Net Banking,2024-10-21 06:31:00,2024-11-15 06:31:00
506290,2023-03-08 02:43:00,1181,P1026,S007,3,0.15,Net Banking,2023-03-08 03:14:00,2023-04-17 03:14:00
506291,2024-09-03 05:12:00,1352,P1101,S007,6,0.1,Debit Card,2024-09-03 05:56:00,2024-10-18 05:56:00
506292,2025-04-28 19:43:00,1099,P1100,S024,4,0.0,UPI,2025-04-28 19:53:00,2025-05-11 19:53:00
506293,2024-11-29 14:05:00,1127,P1046,S007,2,0.1,Debit Card,2024-11-29 16:30:00,2024-12-28 16:30:00
506294,2024-11-28 10:08:00,1287,P1121,S014,3,0.15,UPI,2024-11-28 12:04:00,2025-01-27 12:04:00
506295,2024-01-09 06:21:00,1012,P1150,S008,1,0.2,Net Banking,2024-01-09 08:10:00,2024-01-27 08:10:00
506296,2025-12-29 13:32:00,1308,P1096,S001,8,0.2,Cash,2025-12-29 16:07:00,2026-01-03 16:07:00
506297,2025-10-11 18:25:00,1311,P1145,S007,2,0.2,Wallet,2025-10-11 20:50:00,2025-11-16 20:50:00
506298,2023-09-10 20:36:00,1497,P1118,S009,7,0.0,Credit Card,2023-09-10 21:50:00,2023-10-15 21:50:00
506299,2024-04-25 21:05:00,1340,P1003,S002,3,0.1,UPI,2024-04-25 23:38:00,2024-06-08 23:38:00
506300,2025-01-11 10:07:00,1468,P1084,S017,7,0.05,cash,2025-01-11 12:13:00,2025-03-06 12:13:00
506301,2024-03-07 10:13:00,1451,P1122,S002,3,0.2,Net Banking,2024-03-07 11:04:00,2024-03-17 11:04:00
506302,2025-04-02 13:27:00,1415,P1137,S012,5,0.05,UPI,2025-04-02 15:35:00,2025-04-29 15:35:00
506303,2023-07-02 12:10:00,1365,P1104,S012,2,0.1,Wallet,2023-07-02 12:27:00,2023-07-05 12:27:00
506304,2024-06-02 14:13:00,1207,P1094,S022,5,0.05,UPI,2024-06-02 16:50:00,2024-07-31 16:50:00
506305,2023-02-07 10:22:00,1034,P1012,S007,1,0.05,Cash,2023-02-07 12:14:00,2023-03-10 12:14:00
506306,2024-11-07 18:26:00,1472,P1140,S019,6,0.2,Cash,2024-11-07 18:36:00,2024-12-12 18:36:00
506307,2025-07-13 19:12:00,1267,P1077,S007,5,0.05,Credit Card,2025-07-13 20:36:00,2025-09-06 20:36:00
506308,2023-07-24 08:36:00,1171,P1043,S024,2,0.05,Debit Card,2023-07-24 09:46:00,2023-09-11 09:46:00
506309,2026-01-27 13:02:00,1330,P1002,S025,2,0.2,UPI,2026-01-27 14:50:00,2026-02-04 14:50:00
506310,2024-07-12 01:41:00,1445,P1150,S004,6,0.0,Debit Card,2024-07-12 04:08:00,2024-09-05 04:08:00
506311,2023-08-01 09:00:00,1031,P1143,S012,1,0.0,Wallet,2023-08-01 10:31:00,2023-09-20 10:31:00
506312,2024-05-10 21:17:00,1140,P1042,S020,7,0.05,Cash,2024-05-10 23:19:00,2024-06-19 23:19:00
506313,2024-06-05 02:56:00,1412,P1106,S010,8,0.05,Debit Card,2024-06-05 03:42:00,2024-06-15 03:42:00
506314,2024-06-30 22:14:00,1379,P1046,S010,6,0.05,Net Banking,2024-07-01 01:13:00,2024-08-06 01:13:00
506315,2025-03-25 00:54:00,1130,P1007,S018,2,0.15,Debit Card,2025-03-25 02:08:00,2025-04-02 02:08:00
506316,2024-07-20 04:23:00,1476,P1147,S023,7,0.2,Wallet,2024-07-20 07:15:00,2024-08-04 07:15:00
506317,2024-11-22 20:11:00,1417,P1111,S017,3,0.0,Net Banking,2024-11-22 22:06:00,2025-01-11 22:06:00
506318,2023-07-20 17:41:00,1085,P1040,S010,7,0.15,UPI,2023-07-20 20:01:00,2023-07-26 20:01:00
506319,2024-06-15 05:49:00,1310,P1125,S001,3,0.0,Net Banking,2024-06-15 08:06:00,2024-06-17 08:06:00
506320,2025-08-16 18:45:00,1223,P1064,S012,2,0.1,Net Banking,2025-08-16 18:48:00,2025-09-23 18:48:00
506321,2023-06-08 02:30:00,1110,P1061,S004,8,0.0,Credit Card,2023-06-08 03:57:00,2023-07-19 03:57:00
506322,2024-12-18 06:15:00,1243,P1001,S018,7,0.0,Debit Card,2024-12-18 08:22:00,2025-01-25 08:22:00
506323,2024-04-27 14:48:00,1177,P1141,S015,3,0.1,Credit Card,2024-04-27 16:50:00,2024-06-24 16:50:00
506324,2025-08-14 02:31:00,1351,P1030,S011,4,0.05,Credit Card,2025-08-14 03:06:00,2025-08-16 03:06:00
506325,2023-02-20 00:12:00,1487,P1098,S019,7,0.1,Cash,2023-02-20 00:59:00,2023-03-13 00:59:00
506326,2024-05-29 02:12:00,1473,P1026,S012,2,0.2,CASH,2024-05-29 03:12:00,2024-06-02 03:12:00
506327,2025-10-27 07:39:00,1385,P1078,S006,3,0.15,Wallet,2025-10-27 08:53:00,2025-11-30 08:53:00
506328,2025-06-04 06:05:00,1453,P1055,S001,1,0.05,Wallet,2025-06-04 07:39:00,2025-06-23 07:39:00
506329,2024-09-29 22:36:00,1039,P1092,S013,6,0.05,Wallet,2024-09-29 23:06:00,2024-10-14 23:06:00
506330,2025-02-15 13:31:00,1206,P1079,S014,4,0.1,UPI,2025-02-15 13:53:00,2025-02-28 13:53:00
506331,2024-09-09 10:10:00,1387,P1035,S007,3,0.1,Wallet,2024-09-09 10:57:00,2024-10-11 10:57:00
506332,2024-03-19 09:32:00,1372,P1048,S023,8,0.2,Net Banking,2024-03-19 12:20:00,2024-04-08 12:20:00
506333,2024-03-09 22:16:00,1209,P1091,S015,8,0.1,net banking,2024-03-10 00:48:00,2024-05-03 00:48:00
506334,2024-05-06 20:14:00,1062,P1128,S001,7,0.1,UPI,2024-05-06 21:42:00,2024-05-17 21:42:00
506335,2025-06-06 09:05:00,1476,P1020,S011,5,0.0,Credit Card,2025-06-06 09:41:00,2025-06-18 09:41:00
506336,2024-09-23 08:29:00,1005,P1116,S011,1,0.0,Cash,2024-09-23 10:37:00,2024-10-06 10:37:00
506337,2024-02-08 04:31:00,1491,P1049,S021,5,0.2,UPI,2024-02-08 07:13:00,2024-02-09 07:13:00
506338,2024-06-01 03:55:00,1178,P1033,S013,7,0.05,Cash,2024-06-01 03:59:00,2024-07-14 03:59:00
506339,2024-09-01 05:29:00,1038,P1048,S013,5,0.1,Debit Card,2024-09-01 06:08:00,2024-10-17 06:08:00
506340,2024-02-20 12:31:00,1332,P1124,S020,7,0.15,Wallet,2024-02-20 14:18:00,2024-03-23 14:18:00
506341,2024-09-18 12:30:00,1475,P1048,S013,7,0.05,UPI,2024-09-18 15:11:00,2024-11-11 15:11:00
506342,2023-07-02 22:14:00,1068,P1125,S020,3,0.0,Cash,2023-07-02 23:06:00,2023-07-16 23:06:00
506343,2023-01-03 05:41:00,1441,P1124,S004,7,0.0,Debit Card,2023-01-03 07:27:00,2023-02-14 07:27:00
506344,2024-08-02 19:06:00,1062,P1079,S024,8,0.1,CASH,2024-08-02 21:24:00,2024-08-24 21:24:00
506345,2023-09-10 13:47:00,1107,P1140,S010,6,,Cash,2023-09-10 13:57:00,2023-10-30 13:57:00
506346,2023-03-01 13:32:00,1081,P1129,S015,6,0.15,UPI,2023-03-01 14:19:00,2023-04-23 14:19:00
506347,2024-09-20 02:48:00,1468,P1098,S013,2,0.1,Net Banking,2024-09-20 02:50:00,2024-10-26 02:50:00
506348,2023-12-14 19:56:00,1375,P1087,S015,1,0.2,Net Banking,2023-12-14 20:44:00,2023-12-24 20:44:00
506349,2024-11-17 01:27:00,1098,P1015,S023,4,0.1,Wallet,2024-11-17 03:52:00,2024-11-17 03:52:00
506350,2025-09-15 23:53:00,1095,P1013,S005,8,0.05,UPI,2025-09-16 00:11:00,2025-09-21 00:11:00
506351,2023-10-12 07:55:00,1418,P1093,S021,6,0.0,Wallet,2023-10-12 10:10:00,2023-11-21 10:10:00
506352,2023-10-13 18:40:00,1019,P1119,S005,3,0.05,UPI,2023-10-13 19:19:00,2023-12-12 19:19:00
506353,2024-02-24 07:23:00,1114,P1058,S019,6,0.0,UPI,2024-02-24 09:44:00,2024-03-04 09:44:00
506354,2023-09-03 07:40:00,1255,P1121,S008,8,0.2,Credit Card,2023-09-03 10:18:00,2023-10-10 10:18:00
506355,2025-06-18 17:29:00,1483,P1137,S006,4,0.15,UPI,2025-06-18 19:08:00,2025-07-16 19:08:00
506356,2026-02-03 22:18:00,1304,P1099,S025,7,0.1,UPI,2026-02-03 23:04:00,2026-02-11 23:04:00
506357,2024-09-15 08:43:00,1261,P1097,S011,8,0.1,Credit Card,2024-09-15 09:49:00,2024-11-04 09:49:00
506358,2023-02-18 12:09:00,1271,P1017,S010,5,0.2,Net Banking,2023-02-18 12:14:00,2023-03-14 12:14:00
506359,2023-09-10 18:32:00,1073,P1013,S006,2,0.0,Credit Card,2023-09-10 21:31:00,2023-10-08 21:31:00
506360,2023-01-21 00:33:00,1473,P1056,S019,2,0.1,UPI,2023-01-21 01:42:00,2023-02-05 01:42:00
506361,2026-01-30 03:48:00,1492,P1113,S019,7,0.05,Credit Card,2026-01-30 04:07:00,2026-03-15 04:07:00
506362,2023-02-13 20:21:00,1386,P1072,S019,6,0.0,Debit Card,2023-02-13 20:21:00,2023-03-14 20:21:00
506363,2024-08-02 07:54:00,1050,P1043,S019,1,,Wallet,2024-08-02 08:37:00,2024-08-30 08:37:00
506364,2025-12-01 08:41:00,1475,P1029,S014,2,0.15,Net Banking,2025-12-01 09:48:00,2026-01-18 09:48:00
506365,2024-03-12 21:26:00,1426,P1015,S017,6,0.0,Wallet,2024-03-12 22:11:00,2024-03-29 22:11:00
506366,2025-05-26 07:08:00,1054,P1051,S016,1,0.1,Cash,2025-05-26 08:09:00,2025-06-27 08:09:00
506367,2024-08-25 02:02:00,1211,P1041,S006,7,0.1,Net Banking,2024-08-25 03:04:00,2024-09-24 03:04:00
506368,2024-07-02 03:45:00,1185,P1137,S007,6,0.0,Cash,2024-07-02 05:08:00,2024-07-10 05:08:00
506369,2024-04-24 10:31:00,1410,P1031,S014,5,0.1,Wallet,2024-04-24 12:43:00,2024-04-28 12:43:00
506370,2025-06-07 13:52:00,1413,P1123,S004,4,0.05,Wallet,2025-06-07 16:00:00,2025-06-24 16:00:00
506371,2023-05-01 03:49:00,1092,P1026,S011,6,0.0,UPI,2023-05-01 04:04:00,2023-06-26 04:04:00
506372,2026-02-02 11:33:00,1062,P1014,S004,5,0.15,UPI,2026-02-02 11:53:00,2026-04-01 11:53:00
506373,2023-09-27 06:49:00,1456,P1087,S021,7,0.2,Credit Card,2023-09-27 08:23:00,2023-10-12 08:23:00
506374,2025-11-10 18:00:00,1139,P1013,S018,2,0.05,Wallet,2025-11-10 18:24:00,2025-12-30 18:24:00
506375,2024-05-11 10:27:00,1042,P1103,S016,7,0.15,UPI,2024-05-11 11:25:00,2024-07-01 11:25:00
506376,2023-10-20 14:06:00,1299,P1047,S015,5,0.15,Net Banking,2023-10-20 15:47:00,2023-11-24 15:47:00
506377,2025-07-30 02:34:00,1316,P1051,S018,4,0.1,Cash,2025-07-30 02:53:00,2025-09-22 02:53:00
506378,2025-06-27 23:02:00,1007,P1066,S016,4,0.0,Wallet,2025-06-28 00:31:00,2025-07-03 00:31:00
506379,2026-02-10 00:11:00,1483,P1025,S007,2,0.0,Wallet,2026-02-10 02:23:00,2026-02-20 02:23:00
506380,2024-09-02 16:11:00,1454,P1024,S024,5,0.05,UPI,2024-09-02 17:30:00,2024-10-12 17:30:00
506381,2024-07-15 09:19:00,1238,P1137,S021,5,0.05,Debit Card,2024-07-15 10:56:00,2024-08-20 10:56:00
506382,2026-02-26 13:14:00,1478,P1005,S025,1,0.0,NET BANKING,2026-02-26 14:30:00,2026-04-04 14:30:00
506383,2025-07-13 13:33:00,1127,P1071,S012,1,0.0,Debit Card,2025-07-13 16:08:00,2025-07-27 16:08:00
506384,2023-08-01 19:23:00,1045,P1051,S021,1,0.05,UPI,2023-08-01 19:45:00,2023-09-12 19:45:00
506385,2025-06-26 12:54:00,1245,P1002,S013,2,0.15,Wallet,2025-06-26 14:33:00,2025-06-30 14:33:00
506386,2025-04-03 17:46:00,1212,P1080,S023,3,0.0,Net Banking,2025-04-03 18:54:00,2025-05-27 18:54:00
506387,2025-12-05 15:08:00,1394,P1134,S003,2,0.2,Cash,2025-12-05 17:23:00,2025-12-24 17:23:00
506388,2026-03-21 12:38:00,1400,P1072,S009,5,0.0,Debit Card,2026-03-21 13:13:00,2026-04-04 13:13:00
506389,2025-01-27 14:09:00,1388,P1119,S006,2,0.05,Net Banking,2025-01-27 15:28:00,2025-02-27 15:28:00
506390,2025-04-19 06:41:00,1014,P1150,S003,7,0.0,Wallet,2025-04-19 08:24:00,2025-04-28 08:24:00
506391,2024-07-12 18:43:00,1057,P1123,S024,3,0.05,UPI,2024-07-12 19:58:00,2024-09-10 19:58:00
506392,2023-02-28 02:28:00,1411,P1100,S014,7,0.05,Cash,2023-02-28 02:42:00,2023-04-13 02:42:00
506393,2023-10-02 03:44:00,1186,P1143,S019,4,0.1,Net Banking,2023-10-02 06:03:00,2023-11-21 06:03:00
506394,2024-05-27 23:46:00,1414,P1079,S016,1,0.1,Wallet,2024-05-28 02:33:00,2024-05-31 02:33:00
506395,2025-07-24 02:52:00,1214,P1082,S013,6,0.15,Wallet,2025-07-24 03:32:00,2025-09-15 03:32:00
506396,2024-07-23 03:43:00,1203,P1100,S014,8,0.0,Debit Card,2024-07-23 05:32:00,2024-08-12 05:32:00
506397,2025-07-27 03:05:00,1020,P1127,S001,2,0.2,Wallet,2025-07-27 03:35:00,2025-08-04 03:35:00
506398,2023-02-06 22:21:00,1394,P1146,S007,6,0.2,Cash,2023-02-07 01:01:00,2023-03-12 01:01:00
506399,2025-10-01 20:37:00,1486,P1105,S006,6,0.1,Credit Card,2025-10-01 21:24:00,2025-11-21 21:24:00
506400,2024-12-07 14:26:00,1015,P1061,S007,6,0.2,Wallet,2024-12-07 14:46:00,2024-12-29 14:46:00
506401,2025-11-17 20:16:00,1431,P1133,S014,2,,Cash,2025-11-17 22:33:00,2025-11-20 22:33:00
506402,2025-11-23 23:12:00,1130,P1053,S009,3,0.05,Net Banking,2025-11-23 23:14:00,2026-01-14 23:14:00
506403,2025-10-12 17:23:00,1424,P1032,S023,1,0.0,Wallet,2025-10-12 18:18:00,2025-10-20 18:18:00
506404,2024-05-07 07:57:00,1290,P1056,S001,1,0.1,UPI,2024-05-07 10:26:00,2024-06-10 10:26:00
506405,2023-04-08 07:31:00,1284,P1080,S024,1,0.0,DEBIT CARD,2023-04-08 09:18:00,2023-04-30 09:18:00
506406,2023-03-28 10:27:00,1001,P1038,S012,8,0.2,Cash,2023-03-28 11:52:00,2023-05-14 11:52:00
506407,2023-03-18 21:47:00,1313,P1084,S020,1,0.05,Wallet,2023-03-19 00:20:00,2023-03-21 00:20:00
506408,2025-08-02 23:38:00,1139,P1101,S007,7,0.2,UPI,2025-08-03 02:02:00,2025-08-03 02:02:00
506409,2026-03-24 03:33:00,1268,P1108,S009,4,0.15,Credit Card,2026-03-24 04:22:00,2026-05-12 04:22:00
506410,2025-04-16 18:58:00,1212,P1050,S013,8,0.15,UPI,2025-04-16 20:44:00,2025-04-21 20:44:00
506411,2025-07-21 22:29:00,1307,P1106,S023,5,0.05,WALLET,2025-07-21 23:50:00,2025-08-01 23:50:00
506412,2025-02-26 19:06:00,1140,P1139,S021,8,0.2,Net Banking,2025-02-26 20:37:00,2025-04-21 20:37:00
506413,2023-06-30 21:40:00,1354,P1036,S009,6,0.05,Cash,2023-06-30 22:47:00,2023-07-06 22:47:00
506414,2025-08-25 01:23:00,1274,P1121,S011,6,0.0,Debit Card,2025-08-25 01:32:00,2025-10-14 01:32:00
506415,2025-05-30 05:16:00,1422,P1137,S003,7,0.15,Net Banking,2025-05-30 06:31:00,2025-07-22 06:31:00
506416,2025-01-23 00:06:00,1294,P1029,S019,4,0.2,Cash,2025-01-23 01:03:00,2025-03-20 01:03:00
506417,2023-05-08 14:58:00,1367,P1021,S010,3,0.0,UPI,2023-05-08 16:09:00,2023-06-30 16:09:00
506418,2024-05-08 08:53:00,1337,P1138,S010,4,0.2,Wallet,2024-05-08 11:32:00,2024-06-29 11:32:00
506419,2023-12-24 17:42:00,1460,P1080,S001,5,0.15,Credit Card,2023-12-24 18:01:00,2024-02-21 18:01:00
506420,2024-09-30 15:34:00,1373,P1051,S012,8,0.05,Credit Card,2024-09-30 17:25:00,2024-11-12 17:25:00
506421,2025-04-20 21:10:00,1117,P1060,S002,1,0.05,Debit Card,2025-04-20 23:13:00,2025-06-17 23:13:00
506422,2024-10-14 09:19:00,1257,P1073,S008,3,0.0,Wallet,2024-10-14 11:00:00,2024-11-24 11:00:00
506423,2023-03-28 19:20:00,1199,P1144,S014,2,0.15,Cash,2023-03-28 20:35:00,2023-05-05 20:35:00
506424,2024-01-21 01:50:00,1478,P1001,S019,2,0.2,Net Banking,2024-01-21 03:50:00,2024-02-26 03:50:00
506425,2025-10-22 08:25:00,1035,P1120,S001,6,0.0,UPI,2025-10-22 10:19:00,2025-11-17 10:19:00
506426,2023-03-23 06:45:00,1374,P1042,S011,8,0.15,Credit Card,2023-03-23 08:14:00,2023-04-17 08:14:00
506427,2023-05-22 01:46:00,1018,P1037,S017,1,0.1,Cash,2023-05-22 04:26:00,2023-06-29 04:26:00
506428,2024-12-04 11:01:00,1029,P1066,S010,5,0.0,Debit Card,2024-12-04 11:07:00,2025-01-24 11:07:00
506429,2025-05-23 12:43:00,1484,P1096,S024,8,0.05,Cash,2025-05-23 13:43:00,2025-05-25 13:43:00
506430,2025-02-02 13:09:00,1084,P1030,S015,6,0.2,Net Banking,2025-02-02 13:56:00,2025-02-03 13:56:00
506431,2024-01-02 17:13:00,1012,P1083,S007,8,0.0,UPI,2024-01-02 19:37:00,2024-02-15 19:37:00
506432,2024-04-09 20:30:00,1380,P1008,S022,8,0.05,UPI,2024-04-09 22:10:00,2024-05-23 22:10:00
506433,2024-03-19 04:57:00,1312,P1050,S025,3,0.05,Wallet,2024-03-19 06:08:00,2024-04-21 06:08:00
506434,2025-08-11 15:58:00,1252,P1122,S020,5,0.15,Cash,2025-08-11 17:31:00,2025-09-06 17:31:00
506435,2026-01-21 10:13:00,1060,P1076,S017,5,0.05,Cash,2026-01-21 11:00:00,2026-02-07 11:00:00
506436,2026-02-24 19:32:00,1019,P1125,S015,6,0.15,Wallet,2026-02-24 21:52:00,2026-04-11 21:52:00
506437,2024-08-08 13:50:00,1174,P1113,S018,6,,Debit Card,2024-08-08 15:18:00,2024-09-10 15:18:00
506438,2025-01-20 02:49:00,1092,P1071,S005,8,0.2,Credit Card,2025-01-20 05:47:00,2025-02-26 05:47:00
506439,2024-06-27 12:34:00,1434,P1144,S012,2,0.15,Debit Card,2024-06-27 15:28:00,2024-07-05 15:28:00
506440,2023-10-23 05:42:00,1500,P1054,S011,2,0.0,Net Banking,2023-10-23 07:55:00,2023-11-23 07:55:00
506441,2025-08-14 15:33:00,1133,P1018,S009,5,0.2,Cash,2025-08-14 17:13:00,2025-08-29 17:13:00
506442,2025-09-20 14:19:00,1209,P1051,S019,8,0.0,UPI,2025-09-20 16:12:00,2025-11-19 16:12:00
506443,2024-01-31 02:33:00,1437,P1046,S016,8,0.2,Cash,2024-01-31 04:50:00,2024-02-28 04:50:00
506444,2023-04-23 13:42:00,1407,P1134,S022,7,0.15,Wallet,2023-04-23 16:00:00,2023-05-25 16:00:00
506445,2024-08-02 23:58:00,1005,P1085,S022,1,0.1,Cash,2024-08-03 00:42:00,2024-10-02 00:42:00
506446,2025-12-31 09:25:00,1422,P1018,S013,4,0.1,Cash,2025-12-31 10:09:00,2026-01-09 10:09:00
506447,2024-11-07 02:34:00,1163,P1030,S012,4,0.0,Credit Card,2024-11-07 04:17:00,2024-12-31 04:17:00
506448,2023-05-11 09:57:00,1440,P1060,S023,3,0.2,Net Banking,2023-05-11 10:15:00,2023-06-23 10:15:00
506449,2025-09-18 19:03:00,1426,P1111,S022,7,0.1,UPI,2025-09-18 21:19:00,2025-11-04 21:19:00
506450,2024-06-03 13:53:00,1028,P1027,S016,1,0.1,Net Banking,2024-06-03 15:37:00,2024-07-24 15:37:00
506451,2024-04-30 19:26:00,1055,P1086,S012,3,0.05,Cash,2024-04-30 21:24:00,2024-05-02 21:24:00
506452,2024-09-23 02:47:00,1198,P1096,S011,3,0.2,Debit Card,2024-09-23 03:21:00,2024-10-09 03:21:00
506453,2025-09-22 17:28:00,1163,P1030,S013,4,0.05,UPI,2025-09-22 18:18:00,2025-11-19 18:18:00
506454,2024-01-04 05:51:00,1064,P1022,S007,2,0.2,UPI,2024-01-04 07:49:00,2024-02-18 07:49:00
506455,2023-05-03 04:05:00,1266,P1014,S002,5,0.15,Wallet,2023-05-03 05:16:00,2023-06-10 05:16:00
506456,2024-10-07 10:23:00,1249,P1064,S010,4,0.05,Net Banking,2024-10-07 12:17:00,2024-11-19 12:17:00
506457,2024-01-05 07:56:00,1097,P1033,S022,2,0.2,wallet,2024-01-05 10:31:00,2024-01-09 10:31:00
506458,2024-05-08 13:24:00,1372,P1068,S020,4,0.1,Net Banking,2024-05-08 15:52:00,2024-06-28 15:52:00
506459,2025-11-16 20:00:00,1200,P1133,S025,8,0.05,Credit Card,2025-11-16 22:14:00,2025-12-03 22:14:00
506460,2026-03-28 14:57:00,1140,P1086,S014,3,0.15,UPI,2026-03-28 16:17:00,2026-04-29 16:17:00
506461,2024-01-24 14:03:00,1133,P1077,S013,5,0.1,Net Banking,2024-01-24 16:43:00,2024-02-02 16:43:00
506462,2026-01-14 19:46:00,1032,P1098,S013,1,0.2,Debit Card,2026-01-14 19:53:00,2026-02-21 19:53:00
506463,2025-08-15 16:12:00,1214,P1038,S014,5,0.15,WALLET,2025-08-15 16:25:00,2025-10-06 16:25:00
506464,2024-11-10 16:57:00,1290,P1142,S016,3,0.1,debit card,2024-11-10 19:13:00,2025-01-08 19:13:00
506465,2024-09-07 12:58:00,1073,P1136,S022,5,0.05,Wallet,2024-09-07 14:00:00,2024-09-12 14:00:00
506466,2023-03-29 18:11:00,1300,P1063,S022,1,0.2,Net Banking,2023-03-29 20:08:00,2023-04-17 20:08:00
506467,2023-07-08 21:05:00,1020,P1047,S025,2,0.1,Wallet,2023-07-08 21:41:00,2023-07-16 21:41:00
506468,2023-07-17 04:41:00,1182,P1021,S007,7,0.2,Debit Card,2023-07-17 07:36:00,2023-08-18 07:36:00
506469,2023-03-07 10:18:00,1199,P1085,S006,4,0.15,UPI,2023-03-07 10:45:00,2023-04-21 10:45:00
506470,2023-01-03 17:55:00,1244,P1096,S003,1,,Credit Card,2023-01-03 19:50:00,2023-02-03 19:50:00
506471,2023-12-27 05:46:00,1244,P1062,S010,8,0.2,Wallet,2023-12-27 07:36:00,2023-12-28 07:36:00
506472,2024-08-10 07:10:00,1490,P1066,S018,5,0.15,Debit Card,2024-08-10 08:59:00,2024-09-08 08:59:00
506473,2024-03-24 02:49:00,1413,P1054,S005,4,0.05,NET BANKING,2024-03-24 03:04:00,2024-05-15 03:04:00
506474,2024-12-25 08:15:00,1223,P1124,S008,1,0.1,Net Banking,2024-12-25 10:09:00,2025-02-08 10:09:00
506475,2024-12-03 17:11:00,1217,P1072,S025,6,0.2,Net Banking,2024-12-03 17:30:00,2025-01-11 17:30:00
506476,2025-05-09 17:09:00,1106,P1024,S005,2,0.05,Debit Card,2025-05-09 17:44:00,2025-05-26 17:44:00
506477,2025-01-18 16:32:00,1101,P1044,S023,4,0.0,Cash,2025-01-18 19:09:00,2025-02-20 19:09:00
506478,2026-01-17 03:17:00,1473,P1085,S015,1,0.15,Cash,2026-01-17 03:45:00,2026-01-25 03:45:00
506479,2023-04-30 14:31:00,1346,P1048,S010,5,0.1,Debit Card,2023-04-30 17:09:00,2023-06-14 17:09:00
506480,2025-08-18 10:41:00,1036,P1027,S008,2,0.1,Wallet,2025-08-18 13:15:00,2025-09-15 13:15:00
506481,2025-04-30 16:53:00,1060,P1011,S005,5,0.05,CASH,2025-04-30 18:57:00,2025-05-13 18:57:00
506482,2024-08-28 10:38:00,1119,P1147,S009,7,0.2,Debit Card,2024-08-28 12:27:00,2024-10-23 12:27:00
506483,2025-01-30 16:13:00,1007,P1147,S001,4,0.1,Net Banking,2025-01-30 16:38:00,2025-03-22 16:38:00
506484,2024-12-07 16:45:00,1194,P1049,S022,3,0.15,Debit Card,2024-12-07 18:46:00,2024-12-15 18:46:00
506485,2023-03-12 05:31:00,1311,P1040,S013,5,0.05,UPI,2023-03-12 08:13:00,2023-03-16 08:13:00
506486,2023-01-14 05:15:00,1225,P1042,S017,1,0.15,Credit Card,2023-01-14 07:35:00,2023-03-04 07:35:00
506487,2025-06-09 13:59:00,1292,P1127,S002,7,0.2,Debit Card,2025-06-09 16:42:00,2025-06-28 16:42:00
506488,2026-03-31 22:39:00,1376,P1030,S019,7,0.1,Credit Card,2026-03-31 22:39:00,2026-05-16 22:39:00
506489,2024-05-05 11:26:00,1298,P1086,S001,3,0.0,UPI,2024-05-05 12:02:00,2024-05-17 12:02:00
506490,2023-09-05 16:30:00,1023,P1002,S002,3,0.05,Credit Card,2023-09-05 16:31:00,2023-10-18 16:31:00
506491,2023-04-23 11:15:00,1086,P1011,S018,4,0.2,Wallet,2023-04-23 11:48:00,2023-06-09 11:48:00
506492,2025-01-05 12:49:00,1293,P1136,S001,5,0.15,Cash,2025-01-05 13:01:00,2025-02-07 13:01:00
506493,2023-05-26 14:07:00,1048,P1074,S016,3,0.1,Cash,2023-05-26 14:10:00,2023-07-20 14:10:00
506494,2024-12-22 18:39:00,1063,P1125,S007,1,0.15,Cash,2024-12-22 19:04:00,2025-02-09 19:04:00
506495,2024-10-25 01:47:00,1272,P1129,S012,8,0.15,UPI,2024-10-25 03:30:00,2024-11-26 03:30:00
506496,2024-01-10 14:58:00,1218,P1006,S008,6,0.0,Credit Card,2024-01-10 15:48:00,2024-01-17 15:48:00
506497,2024-09-17 10:00:00,1496,P1052,S005,8,0.0,Wallet,2024-09-17 11:40:00,2024-11-08 11:40:00
506498,2024-12-16 04:54:00,1046,P1110,S020,5,0.1,Cash,2024-12-16 06:04:00,2025-02-12 06:04:00
506499,2024-09-05 12:34:00,1240,P1102,S025,5,0.15,Net Banking,2024-09-05 14:20:00,2024-09-29 14:20:00
506500,2023-09-03 08:10:00,1005,P1005,S001,1,0.0,Credit Card,2023-09-03 10:19:00,2023-09-22 10:19:00
506501,2025-06-27 08:12:00,1139,P1126,S024,2,0.0,Cash,2025-06-27 10:06:00,2025-07-29 10:06:00
506502,2024-05-07 16:51:00,1491,P1047,S005,6,0.2,Wallet,2024-05-07 17:36:00,2024-05-19 17:36:00
506503,2024-04-01 07:30:00,1395,P1043,S021,3,0.05,Wallet,2024-04-01 09:19:00,2024-05-20 09:19:00
506504,2024-04-26 08:21:00,1176,P1071,S004,8,0.15,Cash,2024-04-26 08:32:00,2024-05-03 08:32:00
506505,2025-01-25 14:34:00,1224,P1021,S002,1,0.0,UPI,2025-01-25 16:21:00,2025-03-18 16:21:00
506506,2024-12-20 19:05:00,1460,P1098,S006,5,0.15,Net Banking,2024-12-20 19:36:00,2025-01-22 19:36:00
506507,2024-05-03 19:13:00,1491,P1078,S017,2,0.1,upi,2024-05-03 21:53:00,2024-05-16 21:53:00
506508,2023-09-20 12:37:00,1200,P1058,S003,6,0.1,Wallet,2023-09-20 15:21:00,2023-11-02 15:21:00
506509,2024-12-19 21:33:00,1010,P1129,S016,6,0.15,Debit Card,2024-12-19 21:45:00,2025-01-29 21:45:00
506510,2025-08-01 10:06:00,1057,P1131,S025,4,0.2,Credit Card,2025-08-01 13:02:00,2025-08-14 13:02:00
506511,2024-01-30 15:03:00,1276,P1072,S009,5,0.15,Net Banking,2024-01-30 17:53:00,2024-03-17 17:53:00
506512,2024-10-16 00:06:00,1324,P1139,S003,4,0.2,Debit Card,2024-10-16 02:56:00,2024-10-28 02:56:00
506513,2024-09-02 03:35:00,1316,P1058,S006,7,0.1,Debit Card,2024-09-02 04:54:00,2024-09-13 04:54:00
506514,2025-07-17 01:04:00,1415,P1115,S008,4,0.15,Wallet,2025-07-17 03:04:00,2025-09-10 03:04:00
506515,2023-03-19 02:03:00,1099,P1103,S002,6,0.1,Wallet,2023-03-19 03:51:00,2023-04-11 03:51:00
506516,2026-03-03 15:05:00,1296,P1060,S003,1,0.2,Credit Card,2026-03-03 15:52:00,2026-04-02 15:52:00
506517,2025-03-05 05:41:00,1240,P1081,S014,1,0.15,Wallet,2025-03-05 08:26:00,2025-04-04 08:26:00
506518,2023-02-15 09:07:00,1316,P1100,S001,6,0.15,Cash,2023-02-15 11:16:00,2023-03-14 11:16:00
506519,2023-07-25 02:52:00,1282,P1148,S005,2,0.0,Cash,2023-07-25 05:14:00,2023-08-05 05:14:00
506520,2024-10-03 16:27:00,1185,P1144,S008,1,0.2,Cash,2024-10-03 17:44:00,2024-10-17 17:44:00
506521,2024-10-20 07:12:00,1102,P1029,S009,3,0.2,Wallet,2024-10-20 10:08:00,2024-11-13 10:08:00
506522,2025-04-15 18:06:00,1207,P1031,S022,8,0.1,Wallet,2025-04-15 20:18:00,2025-05-28 20:18:00
506523,2025-03-19 17:27:00,1462,P1082,S022,5,0.2,Cash,2025-03-19 18:22:00,2025-04-04 18:22:00
506524,2024-07-26 21:43:00,1015,P1107,S025,3,0.1,Debit Card,2024-07-26 22:26:00,2024-08-06 22:26:00
506525,2025-12-18 07:03:00,1410,P1090,S018,1,0.2,cash,2025-12-18 07:05:00,2025-12-30 07:05:00
506526,2025-01-24 12:40:00,1382,P1075,S020,2,0.0,Net Banking,2025-01-24 13:42:00,2025-02-09 13:42:00
506527,2025-11-26 11:53:00,1286,P1140,S008,2,0.2,Credit Card,2025-11-26 12:52:00,2025-12-14 12:52:00
506528,2025-06-21 23:10:00,1482,P1114,S017,4,0.1,UPI,2025-06-22 01:05:00,2025-08-15 01:05:00
506529,2025-10-14 18:53:00,1415,P1049,S005,2,0.2,UPI,2025-10-14 21:48:00,2025-11-23 21:48:00
506530,2025-03-01 21:30:00,1499,P1126,S015,2,0.0,UPI,2025-03-01 21:52:00,2025-04-27 21:52:00
506531,2024-04-07 09:02:00,1494,P1126,S008,7,0.0,Cash,2024-04-07 09:46:00,2024-04-10 09:46:00
506532,2024-09-28 10:29:00,1243,P1017,S017,5,0.2,UPI,2024-09-28 11:35:00,2024-10-04 11:35:00
506533,2023-02-06 01:01:00,1423,P1024,S008,4,0.0,Wallet,2023-02-06 01:04:00,2023-04-03 01:04:00
506534,2023-12-12 23:07:00,1281,P1005,S009,1,0.0,UPI,2023-12-13 00:17:00,2024-02-03 00:17:00
506535,2024-05-21 20:36:00,1182,P1143,S024,2,0.2,credit card,2024-05-21 21:17:00,2024-05-27 21:17:00
506536,2025-08-12 15:09:00,1128,P1115,S023,7,0.1,Debit Card,2025-08-12 16:17:00,2025-08-30 16:17:00
506537,2025-02-11 02:33:00,1288,P1147,S004,6,0.2,Wallet,2025-02-11 03:52:00,2025-03-10 03:52:00
506538,2024-02-06 06:58:00,1169,P1114,S010,8,0.0,Wallet,2024-02-06 08:39:00,2024-04-06 08:39:00
506539,2023-08-02 09:32:00,1353,P1031,S020,3,0.2,UPI,2023-08-02 11:30:00,2023-09-18 11:30:00
506540,2025-11-12 07:14:00,1068,P1097,S012,7,0.0,Net Banking,2025-11-12 09:27:00,2026-01-07 09:27:00
506541,2025-08-20 17:40:00,1279,P1019,S005,7,0.15,Cash,2025-08-20 20:08:00,2025-09-13 20:08:00
506542,2023-08-31 12:46:00,1291,P1041,S024,8,0.15,Wallet,2023-08-31 15:12:00,2023-10-24 15:12:00
506543,2023-02-24 21:53:00,1325,P1109,S023,7,0.1,Cash,2023-02-25 00:01:00,2023-04-17 00:01:00
506544,2024-08-30 17:46:00,1431,P1116,S015,6,0.2,Cash,2024-08-30 19:34:00,2024-09-22 19:34:00
506545,2025-10-01 13:30:00,1341,P1130,S001,1,0.15,Debit Card,2025-10-01 14:24:00,2025-11-14 14:24:00
506546,2023-03-11 23:52:00,1069,P1050,S021,4,0.15,Credit Card,2023-03-12 01:37:00,2023-04-14 01:37:00
506547,2024-04-03 18:15:00,1396,P1073,S023,2,0.05,Cash,2024-04-03 19:26:00,2024-05-02 19:26:00
506548,2025-10-18 17:32:00,1173,P1115,S002,8,0.05,WALLET,2025-10-18 19:15:00,2025-12-09 19:15:00
506549,2026-01-20 11:16:00,1381,P1093,S005,2,0.15,Credit Card,2026-01-20 12:59:00,2026-01-20 12:59:00
506550,2023-10-05 02:15:00,1327,P1086,S017,8,0.2,Net Banking,2023-10-05 03:10:00,2023-10-05 03:10:00
506551,2023-12-09 20:32:00,1008,P1043,S023,3,0.2,Wallet,2023-12-09 22:46:00,2024-02-03 22:46:00
506552,2024-12-10 10:49:00,1317,P1056,S002,4,0.15,Wallet,2024-12-10 12:56:00,2025-01-04 12:56:00
506553,2023-03-07 14:38:00,1036,P1003,S014,3,0.05,Wallet,2023-03-07 17:07:00,2023-04-22 17:07:00
506554,2023-06-20 11:47:00,1396,P1079,S010,2,0.2,Cash,2023-06-20 12:59:00,2023-07-04 12:59:00
506555,2024-09-27 14:00:00,1498,P1074,S018,7,0.15,UPI,2024-09-27 16:43:00,2024-10-31 16:43:00
506556,2023-08-17 22:28:00,1313,P1136,S021,6,0.2,Cash,2023-08-17 23:08:00,2023-09-04 23:08:00
506557,2024-05-05 08:12:00,1426,P1013,S020,5,0.0,Cash,2024-05-05 10:00:00,2024-05-28 10:00:00
506558,2023-10-17 20:44:00,1201,P1117,S006,5,0.0,Net Banking,2023-10-17 23:41:00,2023-12-05 23:41:00
506559,2025-02-16 05:35:00,1030,P1022,S023,4,0.05,UPI,2025-02-16 08:25:00,2025-03-19 08:25:00
506560,2025-02-01 12:27:00,1033,P1020,S017,8,0.0,Cash,2025-02-01 14:21:00,2025-02-04 14:21:00
506561,2023-08-16 00:17:00,1313,P1147,S020,3,0.0,Cash,2023-08-16 01:42:00,2023-09-30 01:42:00
506562,2023-06-10 16:55:00,1479,P1006,S005,3,0.0,Credit Card,2023-06-10 19:30:00,2023-07-15 19:30:00
506563,2023-08-03 17:37:00,1017,P1081,S002,4,0.1,Cash,2023-08-03 20:22:00,2023-08-28 20:22:00
506564,2023-08-12 20:05:00,1152,P1024,S016,5,0.0,Debit Card,2023-08-12 22:06:00,2023-08-27 22:06:00
506565,2025-04-14 11:23:00,1044,P1047,S008,4,0.1,Debit Card,2025-04-14 12:39:00,2025-05-04 12:39:00
506566,2023-06-03 13:50:00,1318,P1023,S012,7,0.15,Credit Card,2023-06-03 15:07:00,2023-07-20 15:07:00
506567,2023-02-18 22:12:00,1120,P1132,S014,5,0.2,Cash,2023-02-18 23:49:00,2023-03-02 23:49:00
506568,2024-11-12 00:03:00,1151,P1068,S007,6,0.05,Debit Card,2024-11-12 01:57:00,2025-01-10 01:57:00
506569,2023-01-03 02:36:00,1188,P1060,S013,5,0.15,UPI,2023-01-03 02:58:00,2023-01-29 02:58:00
506570,2025-03-15 20:27:00,1433,P1123,S016,2,0.05,Debit Card,2025-03-15 23:04:00,2025-04-11 23:04:00
506571,2023-05-13 09:50:00,1141,P1071,S018,7,0.1,Net Banking,2023-05-13 11:17:00,2023-05-22 11:17:00
506572,2023-05-13 21:52:00,1178,P1007,S019,1,0.1,Credit Card,2023-05-13 23:12:00,2023-05-26 23:12:00
506573,2024-12-20 23:48:00,1267,P1071,S002,7,0.05,Net Banking,2024-12-21 00:07:00,2025-02-12 00:07:00
506574,2023-11-11 19:45:00,1375,P1104,S012,2,0.05,Credit Card,2023-11-11 20:50:00,2023-12-21 20:50:00
506575,2025-07-22 02:03:00,1317,P1150,S004,3,0.15,Debit Card,2025-07-22 02:11:00,2025-08-10 02:11:00
506576,2024-04-27 16:16:00,1014,P1144,S004,3,0.0,DEBIT CARD,2024-04-27 18:16:00,2024-06-11 18:16:00
506577,2023-04-10 19:06:00,1109,P1062,S019,3,0.05,Cash,2023-04-10 20:44:00,2023-06-03 20:44:00
506578,2023-09-18 10:37:00,1447,P1142,S014,6,0.15,Wallet,2023-09-18 11:33:00,2023-09-26 11:33:00
506579,2023-09-03 03:44:00,1363,P1076,S019,2,0.05,Net Banking,2023-09-03 06:19:00,2023-09-13 06:19:00
506580,2024-03-09 00:56:00,1089,P1062,S025,2,0.2,Credit Card,2024-03-09 01:02:00,2024-04-05 01:02:00
506581,2023-12-15 08:23:00,1253,P1147,S003,8,0.15,Cash,2023-12-15 08:52:00,2024-01-10 08:52:00
506582,2023-09-08 21:45:00,1005,P1126,S020,2,0.0,Cash,2023-09-09 00:11:00,2023-10-06 00:11:00
506583,2023-10-16 19:58:00,1117,P1084,S019,2,0.05,Wallet,2023-10-16 20:36:00,2023-10-31 20:36:00
506584,2024-03-05 11:13:00,1192,P1064,S012,7,0.05,Wallet,2024-03-05 11:34:00,2024-05-01 11:34:00
506585,2026-01-17 14:46:00,1160,P1091,S023,1,0.1,Wallet,2026-01-17 15:21:00,2026-03-03 15:21:00
506586,2023-02-27 18:16:00,1407,P1115,S022,8,,Cash,2023-02-27 18:42:00,2023-03-16 18:42:00
506587,2026-02-01 05:34:00,1276,P1045,S003,3,0.1,Debit Card,2026-02-01 08:24:00,2026-03-12 08:24:00
506588,2025-03-01 17:10:00,1100,P1097,S005,8,0.0,Credit Card,2025-03-01 17:34:00,2025-03-26 17:34:00
506589,2025-12-07 13:54:00,1330,P1113,S008,3,0.05,Credit Card,2025-12-07 16:38:00,2025-12-25 16:38:00
506590,2023-10-12 04:16:00,1222,P1052,S015,4,0.15,Net Banking,2023-10-12 04:56:00,2023-12-05 04:56:00
506591,2023-06-10 05:21:00,1151,P1088,S005,8,0.2,Debit Card,2023-06-10 06:25:00,2023-06-16 06:25:00
506592,2025-09-03 11:39:00,1133,P1120,S010,2,0.15,Cash,2025-09-03 11:40:00,2025-09-20 11:40:00
506593,2024-10-01 06:17:00,1002,P1089,S015,5,0.0,Cash,2024-10-01 07:25:00,2024-10-05 07:25:00
506594,2024-10-20 05:48:00,1091,P1149,S008,3,0.1,Debit Card,2024-10-20 07:17:00,2024-11-02 07:17:00
506595,2024-07-04 21:34:00,1373,P1096,S004,6,0.1,UPI,2024-07-04 22:33:00,2024-07-21 22:33:00
506596,2026-01-31 20:44:00,1248,P1082,S009,8,0.05,Wallet,2026-01-31 23:18:00,2026-02-28 23:18:00
506597,2026-01-18 03:47:00,1231,P1008,S014,7,0.05,Debit Card,2026-01-18 05:09:00,2026-03-01 05:09:00
506598,2023-01-02 03:45:00,1089,P1048,S001,5,0.05,Wallet,2023-01-02 05:34:00,2023-03-03 05:34:00
506599,2025-07-07 14:07:00,1444,P1074,S018,8,0.05,Debit Card,2025-07-07 15:13:00,2025-08-15 15:13:00
506600,2025-11-26 08:37:00,1060,P1090,S006,4,0.0,Debit Card,2025-11-26 09:10:00,2025-12-23 09:10:00
506601,2025-05-20 17:08:00,1287,P1013,S017,3,0.0,Wallet,2025-05-20 17:21:00,2025-07-14 17:21:00
506602,2025-08-28 20:32:00,1257,P1132,S006,3,0.0,Net Banking,2025-08-28 20:33:00,2025-10-05 20:33:00
506603,2023-09-22 11:11:00,1003,P1071,S025,3,0.05,Wallet,2023-09-22 13:51:00,2023-09-29 13:51:00
506604,2024-12-08 21:16:00,1042,P1055,S002,3,0.15,Net Banking,2024-12-08 23:21:00,2025-01-13 23:21:00
506605,2023-09-25 18:54:00,1086,P1081,S003,1,0.0,Wallet,2023-09-25 21:22:00,2023-09-25 21:22:00
506606,2023-12-10 05:30:00,1474,P1035,S012,8,0.2,Net Banking,2023-12-10 08:03:00,2024-01-14 08:03:00
506607,2025-11-15 16:15:00,1314,P1065,S007,3,0.15,UPI,2025-11-15 17:40:00,2026-01-04 17:40:00
506608,2024-04-20 05:53:00,1026,P1142,S001,8,0.15,Wallet,2024-04-20 06:36:00,2024-05-09 06:36:00
506609,2023-03-07 00:14:00,1274,P1027,S016,2,0.1,UPI,2023-03-07 02:17:00,2023-04-25 02:17:00
506610,2025-02-16 17:20:00,1196,P1004,S017,6,0.2,Credit Card,2025-02-16 17:57:00,2025-03-06 17:57:00
506611,2023-04-13 17:20:00,1184,P1022,S025,3,0.05,Wallet,2023-04-13 17:49:00,2023-06-12 17:49:00
506612,2025-11-10 13:58:00,1012,P1147,S019,8,0.1,Net Banking,2025-11-10 15:36:00,2025-11-12 15:36:00
506613,2024-07-28 03:06:00,1192,P1150,S002,4,0.15,Debit Card,2024-07-28 04:59:00,2024-08-04 04:59:00
506614,2025-10-22 23:31:00,1065,P1089,S020,1,0.0,Credit Card,2025-10-23 00:34:00,2025-11-22 00:34:00
506615,2024-10-09 19:36:00,1143,P1134,S023,4,0.1,Credit Card,2024-10-09 21:25:00,2024-11-10 21:25:00
506616,2023-10-05 18:59:00,1227,P1139,S022,7,0.15,UPI,2023-10-05 21:54:00,2023-11-18 21:54:00
506617,2024-11-17 09:42:00,1422,P1146,S023,6,0.2,Net Banking,2024-11-17 10:29:00,2025-01-07 10:29:00
506618,2024-10-25 15:05:00,1225,P1128,S002,1,0.15,UPI,2024-10-25 17:33:00,2024-11-13 17:33:00
506619,2023-06-20 23:41:00,1472,P1013,S008,6,0.05,Credit Card,2023-06-21 02:41:00,2023-08-07 02:41:00
506620,2025-04-02 07:57:00,1077,P1030,S021,8,0.05,Credit Card,2025-04-02 09:26:00,2025-05-11 09:26:00
506621,2024-06-28 00:21:00,1191,P1083,S018,7,0.15,Credit Card,2024-06-28 03:02:00,2024-07-03 03:02:00
506622,2023-08-14 21:41:00,1114,P1139,S015,1,0.15,UPI,2023-08-14 22:50:00,2023-09-25 22:50:00
506623,2023-05-12 10:19:00,1462,P1030,S004,6,0.2,Debit Card,2023-05-12 10:56:00,2023-07-05 10:56:00
506624,2023-08-23 19:09:00,1344,P1149,S011,2,0.15,Credit Card,2023-08-23 20:47:00,2023-09-12 20:47:00
506625,2024-04-21 12:41:00,1157,P1141,S004,5,0.05,UPI,2024-04-21 14:20:00,2024-05-18 14:20:00
506626,2024-03-22 14:57:00,1392,P1001,S023,2,0.2,Net Banking,2024-03-22 16:04:00,2024-03-23 16:04:00
506627,2023-04-29 03:52:00,1460,P1105,S008,3,0.05,Debit Card,2023-04-29 04:19:00,2023-04-29 04:19:00
506628,2024-07-09 07:10:00,1396,P1068,S019,6,0.0,Wallet,2024-07-09 08:48:00,2024-07-31 08:48:00
506629,2025-11-18 19:40:00,1062,P1149,S016,6,0.1,UPI,2025-11-18 22:28:00,2025-12-20 22:28:00
506630,2025-07-10 19:07:00,1447,P1062,S013,1,0.05,Debit Card,2025-07-10 20:35:00,2025-07-28 20:35:00
506631,2025-01-21 19:45:00,1490,P1053,S001,5,0.2,Debit Card,2025-01-21 20:50:00,2025-02-24 20:50:00
506632,2023-04-12 16:02:00,1036,P1009,S001,7,0.2,Debit Card,2023-04-12 18:37:00,2023-06-07 18:37:00
506633,2025-03-31 19:34:00,1275,P1056,S007,4,0.0,Cash,2025-03-31 19:57:00,2025-05-08 19:57:00
506634,2025-08-21 18:48:00,1410,P1099,S010,1,0.05,Wallet,2025-08-21 19:31:00,2025-09-14 19:31:00
506635,2023-04-09 14:22:00,1289,P1148,S019,1,0.15,Debit Card,2023-04-09 14:22:00,2023-04-30 14:22:00
506636,2023-02-12 16:07:00,1230,P1029,S002,2,0.15,Net Banking,2023-02-12 16:22:00,2023-03-08 16:22:00
506637,2025-02-08 11:06:00,1412,P1084,S020,3,0.0,Net Banking,2025-02-08 11:10:00,2025-03-31 11:10:00
506638,2025-02-22 10:13:00,1297,P1070,S012,6,0.2,Credit Card,2025-02-22 12:20:00,2025-03-12 12:20:00
506639,2024-01-21 02:33:00,1432,P1112,S013,6,0.1,Net Banking,2024-01-21 04:06:00,2024-03-16 04:06:00
506640,2024-05-18 08:58:00,1055,P1038,S025,7,0.2,Net Banking,2024-05-18 10:56:00,2024-06-19 10:56:00
506641,2025-11-18 23:07:00,1322,P1143,S013,4,0.05,UPI,2025-11-18 23:08:00,2025-12-18 23:08:00
506642,2023-06-15 19:29:00,1418,P1056,S001,8,0.2,UPI,2023-06-15 19:39:00,2023-07-25 19:39:00
506643,2025-08-08 23:27:00,1494,P1045,S011,6,0.2,Net Banking,2025-08-08 23:59:00,2025-08-23 23:59:00
506644,2023-08-22 02:41:00,1060,P1043,S024,8,0.15,Cash,2023-08-22 05:20:00,2023-10-02 05:20:00
506645,2023-07-21 11:54:00,1016,P1116,S017,5,0.1,CREDIT CARD,2023-07-21 12:18:00,2023-08-24 12:18:00
506646,2024-06-23 12:29:00,1359,P1005,S002,5,0.05,Debit Card,2024-06-23 14:20:00,2024-08-12 14:20:00
506647,2025-06-27 13:20:00,1095,P1087,S009,5,0.1,Net Banking,2025-06-27 15:27:00,2025-07-02 15:27:00
506648,2024-09-09 14:36:00,1181,P1023,S020,7,0.0,DEBIT CARD,2024-09-09 17:26:00,2024-10-30 17:26:00
506649,2026-03-20 19:01:00,1338,P1068,S001,1,0.1,Debit Card,2026-03-20 19:18:00,2026-05-12 19:18:00
506650,2024-09-07 09:54:00,1088,P1096,S005,2,0.15,Debit Card,2024-09-07 12:20:00,2024-10-04 12:20:00
506651,2024-05-19 17:57:00,1419,P1056,S019,1,0.15,Cash,2024-05-19 20:34:00,2024-06-17 20:34:00
506652,2025-03-10 23:25:00,1360,P1039,S009,5,0.05,UPI,2025-03-11 01:29:00,2025-04-02 01:29:00
506653,2024-05-07 03:53:00,1302,P1127,S001,7,0.1,Net Banking,2024-05-07 05:15:00,2024-06-06 05:15:00
506654,2023-05-15 03:08:00,1388,P1015,S016,8,0.2,Credit Card,2023-05-15 04:19:00,2023-06-07 04:19:00
506655,2025-06-11 07:20:00,1409,P1108,S024,1,0.0,Net Banking,2025-06-11 07:30:00,2025-07-24 07:30:00
506656,2023-10-12 04:29:00,1398,P1108,S014,3,0.05,Net Banking,2023-10-12 04:59:00,2023-11-29 04:59:00
506657,2024-04-13 11:11:00,1044,P1119,S021,8,0.05,Cash,2024-04-13 12:58:00,2024-04-13 12:58:00
506658,2024-12-04 10:32:00,1460,P1053,S005,7,0.0,Credit Card,2024-12-04 10:49:00,2025-01-26 10:49:00
506659,2024-11-18 20:50:00,1070,P1116,S001,2,0.2,Credit Card,2024-11-18 21:56:00,2025-01-17 21:56:00
506660,2024-03-13 06:41:00,1322,P1015,S002,3,0.1,Wallet,2024-03-13 07:14:00,2024-04-23 07:14:00
506661,2024-04-01 01:17:00,1376,P1080,S001,8,0.0,Net Banking,2024-04-01 02:59:00,2024-05-01 02:59:00
506662,2025-02-01 07:14:00,1040,P1088,S013,5,0.2,Credit Card,2025-02-01 07:42:00,2025-03-21 07:42:00
506663,2024-10-25 13:11:00,1236,P1087,S007,2,0.2,Debit Card,2024-10-25 15:33:00,2024-12-20 15:33:00
506664,2026-01-16 07:15:00,1289,P1039,S004,6,0.05,Wallet,2026-01-16 08:51:00,2026-02-03 08:51:00
506665,2025-04-29 08:23:00,1385,P1017,S013,7,0.05,Wallet,2025-04-29 10:36:00,2025-05-28 10:36:00
506666,2024-03-04 22:03:00,1083,P1025,S014,1,0.15,UPI,2024-03-04 22:56:00,2024-03-12 22:56:00
506667,2023-07-15 16:09:00,1359,P1086,S011,8,0.1,Wallet,2023-07-15 16:30:00,2023-09-06 16:30:00
506668,2023-06-29 04:51:00,1092,P1027,S018,4,0.05,Debit Card,2023-06-29 06:25:00,2023-07-05 06:25:00
506669,2023-02-01 20:04:00,1366,P1019,S019,5,0.1,Wallet,2023-02-01 22:04:00,2023-03-09 22:04:00
506670,2024-12-01 20:23:00,1224,P1100,S019,7,0.05,Debit Card,2024-12-01 22:24:00,2025-01-27 22:24:00
506671,2024-02-17 13:28:00,1249,P1032,S024,3,0.0,Credit Card,2024-02-17 13:54:00,2024-02-23 13:54:00
506672,2024-09-16 11:44:00,1138,P1032,S021,8,0.1,Cash,2024-09-16 13:46:00,2024-10-30 13:46:00
506673,2024-12-06 19:46:00,1003,P1013,S005,3,0.1,Credit Card,2024-12-06 20:30:00,2024-12-19 20:30:00
506674,2023-09-22 07:28:00,1198,P1080,S008,4,0.05,Wallet,2023-09-22 07:51:00,2023-10-17 07:51:00
506675,2024-12-29 02:51:00,1318,P1116,S021,3,0.0,UPI,2024-12-29 05:24:00,2025-02-06 05:24:00
506676,2023-05-21 10:08:00,1227,P1003,S020,4,0.0,Cash,2023-05-21 12:45:00,2023-05-31 12:45:00
506677,2025-08-22 13:40:00,1025,P1030,S024,2,0.15,Wallet,2025-08-22 14:45:00,2025-08-30 14:45:00
506678,2024-05-17 02:02:00,1314,P1030,S001,5,0.15,UPI,2024-05-17 02:21:00,2024-05-19 02:21:00
506679,2023-04-09 10:11:00,1024,P1080,S019,6,0.15,Cash,2023-04-09 12:56:00,2023-06-07 12:56:00
506680,2025-12-31 12:45:00,1011,P1052,S018,6,0.05,Cash,2025-12-31 14:13:00,2026-01-05 14:13:00
506681,2024-01-07 04:29:00,1272,P1059,S019,3,0.2,UPI,2024-01-07 07:29:00,2024-02-25 07:29:00
506682,2023-12-08 10:50:00,1158,P1069,S017,1,0.15,Cash,2023-12-08 11:44:00,2023-12-19 11:44:00
506683,2025-06-11 11:29:00,1205,P1081,S010,4,0.2,DEBIT CARD,2025-06-11 13:30:00,2025-07-31 13:30:00
506684,2023-12-03 17:36:00,1217,P1061,S025,2,0.05,Wallet,2023-12-03 18:01:00,2023-12-19 18:01:00
506685,2024-08-28 10:43:00,1233,P1067,S019,2,0.0,Cash,2024-08-28 11:43:00,2024-09-13 11:43:00
506686,2023-03-11 23:32:00,1413,P1120,S018,2,0.2,Credit Card,2023-03-12 00:39:00,2023-04-24 00:39:00
506687,2023-10-24 05:13:00,1137,P1070,S021,5,0.1,CASH,2023-10-24 07:57:00,2023-12-08 07:57:00
506688,2024-09-10 17:19:00,1403,P1102,S025,5,0.1,debit card,2024-09-10 19:33:00,2024-10-02 19:33:00
506689,2023-06-14 22:16:00,1323,P1095,S015,3,0.2,Wallet,2023-06-14 23:01:00,2023-06-21 23:01:00
506690,2023-07-10 08:08:00,1029,P1123,S003,4,0.05,Net Banking,2023-07-10 09:45:00,2023-08-24 09:45:00
506691,2023-06-24 08:14:00,1226,P1104,S010,7,0.0,Credit Card,2023-06-24 10:30:00,2023-07-02 10:30:00
506692,2024-03-09 23:38:00,1136,P1094,S024,3,0.1,Wallet,2024-03-10 01:08:00,2024-03-30 01:08:00
506693,2026-03-15 03:53:00,1089,P1003,S014,8,0.15,Wallet,2026-03-15 04:46:00,2026-04-12 04:46:00
506694,2024-03-21 01:39:00,1288,P1007,S008,4,0.1,Cash,2024-03-21 04:32:00,2024-04-19 04:32:00
506695,2026-02-19 12:10:00,1246,P1088,S007,2,0.2,UPI,2026-02-19 12:23:00,2026-04-05 12:23:00
506696,2024-01-25 17:59:00,1479,P1145,S003,4,0.1,UPI,2024-01-25 18:39:00,2024-02-27 18:39:00
506697,2025-06-25 07:39:00,1273,P1083,S011,1,0.1,UPI,2025-06-25 09:47:00,2025-07-14 09:47:00
506698,2025-03-12 16:07:00,1351,P1023,S009,7,0.05,Cash,2025-03-12 17:35:00,2025-03-18 17:35:00
506699,2025-10-25 10:25:00,1083,P1019,S016,7,0.05,wallet,2025-10-25 13:07:00,2025-11-20 13:07:00
506700,2025-08-04 22:11:00,1419,P1130,S004,5,0.1,Debit Card,2025-08-04 23:30:00,2025-08-18 23:30:00
506701,2025-04-18 11:05:00,1309,P1116,S011,4,0.0,UPI,2025-04-18 12:13:00,2025-05-25 12:13:00
506702,2024-08-29 08:24:00,1279,P1067,S011,6,0.1,Debit Card,2024-08-29 09:18:00,2024-09-13 09:18:00
506703,2023-01-07 02:08:00,1072,P1019,S020,5,0.2,UPI,2023-01-07 04:55:00,2023-01-16 04:55:00
506704,2024-02-23 02:08:00,1449,P1063,S002,4,0.0,Net Banking,2024-02-23 02:21:00,2024-03-16 02:21:00
506705,2023-11-08 20:59:00,1365,P1011,S006,5,0.0,Cash,2023-11-08 21:46:00,2023-11-17 21:46:00
506706,2025-05-23 13:58:00,1024,P1104,S017,4,0.2,Credit Card,2025-05-23 16:29:00,2025-06-20 16:29:00
506707,2026-02-05 05:24:00,1149,P1016,S022,1,0.0,Net Banking,2026-02-05 07:08:00,2026-03-05 07:08:00
506708,2025-09-11 15:14:00,1437,P1076,S019,7,0.05,Debit Card,2025-09-11 16:37:00,2025-10-25 16:37:00
506709,2024-12-17 18:01:00,1047,P1056,S012,6,0.05,UPI,2024-12-17 18:30:00,2024-12-26 18:30:00
506710,2023-08-31 05:21:00,1351,P1051,S014,5,0.15,Cash,2023-08-31 06:17:00,2023-09-16 06:17:00
506711,2024-03-31 14:03:00,1325,P1085,S014,5,0.1,UPI,2024-03-31 15:52:00,2024-04-30 15:52:00
506712,2024-03-07 20:05:00,1090,P1047,S004,2,0.2,Wallet,2024-03-07 21:13:00,2024-04-08 21:13:00
506713,2024-06-17 10:48:00,1093,P1005,S012,6,0.1,Credit Card,2024-06-17 13:46:00,2024-07-18 13:46:00
506714,2023-11-30 03:25:00,1399,P1142,S011,6,0.1,UPI,2023-11-30 06:11:00,2024-01-27 06:11:00
506715,2023-11-12 12:52:00,1409,P1095,S001,6,0.2,Credit Card,2023-11-12 15:24:00,2023-11-30 15:24:00
506716,2025-03-13 01:29:00,1287,P1129,S010,4,0.2,Credit Card,2025-03-13 02:09:00,2025-03-22 02:09:00
506717,2025-12-25 20:35:00,1199,P1130,S019,1,0.0,UPI,2025-12-25 22:19:00,2026-02-19 22:19:00
506718,2025-03-30 20:43:00,1394,P1047,S017,6,0.1,Debit Card,2025-03-30 22:10:00,2025-05-29 22:10:00
506719,2024-02-05 01:20:00,1109,P1109,S004,5,0.0,Cash,2024-02-05 02:04:00,2024-03-18 02:04:00
506720,2024-04-23 20:28:00,1327,P1042,S016,5,0.05,UPI,2024-04-23 20:32:00,2024-05-22 20:32:00
506721,2023-04-03 21:56:00,1179,P1014,S006,5,0.0,Cash,2023-04-04 00:39:00,2023-05-28 00:39:00
506722,2026-03-13 19:14:00,1227,P1122,S024,2,0.0,Debit Card,2026-03-13 21:48:00,2026-05-10 21:48:00
506723,2025-11-06 11:37:00,1179,P1007,S024,6,0.1,Credit Card,2025-11-06 12:02:00,2026-01-05 12:02:00
506724,2024-08-29 17:48:00,1145,P1012,S010,2,0.1,Cash,2024-08-29 19:42:00,2024-10-01 19:42:00
506725,2023-08-02 08:00:00,1441,P1133,S015,8,0.2,Debit Card,2023-08-02 10:54:00,2023-09-03 10:54:00
506726,2023-06-08 10:44:00,1302,P1042,S005,2,0.05,Cash,2023-06-08 12:26:00,2023-07-17 12:26:00
506727,2023-03-11 20:04:00,1269,P1073,S022,1,0.1,Wallet,2023-03-11 21:45:00,2023-04-15 21:45:00
506728,2025-09-05 12:44:00,1006,P1149,S010,8,0.2,UPI,2025-09-05 13:44:00,2025-09-19 13:44:00
506729,2024-09-16 03:57:00,1415,P1148,S006,5,0.05,Cash,2024-09-16 05:17:00,2024-10-27 05:17:00
506730,2025-02-17 15:52:00,1053,P1111,S011,4,0.15,Debit Card,2025-02-17 17:48:00,2025-03-06 17:48:00
506731,2025-04-15 23:24:00,1176,P1108,S007,8,0.0,Cash,2025-04-16 01:16:00,2025-05-21 01:16:00
506732,2024-08-30 07:25:00,1362,P1030,S004,7,0.2,Debit Card,2024-08-30 07:42:00,2024-10-10 07:42:00
506733,2025-01-30 04:19:00,1254,P1031,S014,8,0.1,Cash,2025-01-30 04:37:00,2025-03-28 04:37:00
506734,2026-01-26 05:20:00,1127,P1070,S024,4,0.05,Debit Card,2026-01-26 07:04:00,2026-03-07 07:04:00
506735,2023-06-29 00:07:00,1085,P1143,S017,4,0.0,Debit Card,2023-06-29 00:27:00,2023-06-30 00:27:00
506736,2026-03-16 21:49:00,1040,P1014,S003,2,0.05,UPI,2026-03-16 22:06:00,2026-04-02 22:06:00
506737,2023-06-17 20:29:00,1133,P1144,S003,6,0.15,Net Banking,2023-06-17 21:47:00,2023-07-16 21:47:00
506738,2025-06-12 03:37:00,1067,P1049,S025,1,0.05,Wallet,2025-06-12 04:47:00,2025-08-07 04:47:00
506739,2023-05-19 05:16:00,1356,P1138,S005,5,0.15,Wallet,2023-05-19 06:38:00,2023-07-09 06:38:00
506740,2023-01-18 16:01:00,1300,P1047,S015,6,0.15,Debit Card,2023-01-18 18:08:00,2023-01-20 18:08:00
506741,2024-01-31 13:44:00,1169,P1071,S006,5,0.15,UPI,2024-01-31 14:57:00,2024-02-10 14:57:00
506742,2023-12-19 12:39:00,1164,P1075,S013,7,0.15,Net Banking,2023-12-19 13:06:00,2024-01-28 13:06:00
506743,2023-09-27 00:30:00,1293,P1118,S005,3,0.05,Wallet,2023-09-27 03:28:00,2023-10-08 03:28:00
506744,2023-08-26 23:59:00,1225,P1007,S017,7,0.05,Credit Card,2023-08-27 02:12:00,2023-10-07 02:12:00
506745,2024-09-11 23:17:00,1299,P1113,S012,1,0.2,Credit Card,2024-09-12 00:46:00,2024-09-26 00:46:00
506746,2026-03-12 20:01:00,1489,P1132,S024,6,0.15,Wallet,2026-03-12 22:57:00,2026-03-24 22:57:00
506747,2025-10-24 01:08:00,1143,P1001,S005,8,0.2,Credit Card,2025-10-24 03:30:00,2025-11-12 03:30:00
506748,2025-05-09 22:08:00,1283,P1071,S020,5,0.0,Wallet,2025-05-10 00:56:00,2025-06-03 00:56:00
506749,2024-08-23 14:38:00,1147,P1117,S011,2,0.1,Credit Card,2024-08-23 14:52:00,2024-09-08 14:52:00
506750,2025-10-01 20:38:00,1458,P1005,S025,7,0.0,Net Banking,2025-10-01 21:20:00,2025-10-26 21:20:00
506751,2023-09-22 07:43:00,1006,P1005,S001,3,0.2,Cash,2023-09-22 09:55:00,2023-10-01 09:55:00
506752,2026-01-03 00:26:00,1375,P1142,S005,5,0.15,Debit Card,2026-01-03 03:09:00,2026-02-02 03:09:00
506753,2024-10-04 06:00:00,1077,P1047,S006,2,0.05,Net Banking,2024-10-04 08:36:00,2024-10-13 08:36:00
506754,2026-01-26 03:25:00,1105,P1082,S018,4,0.05,Wallet,2026-01-26 06:04:00,2026-01-27 06:04:00
506755,2023-11-03 07:10:00,1116,P1079,S009,3,0.1,UPI,2023-11-03 09:16:00,2023-11-12 09:16:00
506756,2025-03-13 01:33:00,1269,P1021,S009,5,0.2,Wallet,2025-03-13 02:27:00,2025-04-17 02:27:00
506757,2023-12-08 21:10:00,1490,P1050,S005,3,0.2,Wallet,2023-12-08 22:04:00,2024-01-20 22:04:00
506758,2024-09-08 13:48:00,1309,P1150,S019,8,0.0,UPI,2024-09-08 15:29:00,2024-09-15 15:29:00
506759,2025-11-07 22:06:00,1101,P1038,S004,4,0.05,Cash,2025-11-08 00:16:00,2025-12-03 00:16:00
506760,2024-10-13 22:43:00,1399,P1067,S012,6,0.1,Debit Card,2024-10-13 23:28:00,2024-10-18 23:28:00
506761,2025-07-03 04:09:00,1366,P1014,S009,8,0.1,Debit Card,2025-07-03 06:11:00,2025-07-04 06:11:00
506762,2023-12-05 05:42:00,1350,P1116,S007,1,0.05,Cash,2023-12-05 07:09:00,2024-01-13 07:09:00
506763,2024-06-02 16:55:00,1027,P1135,S007,8,0.1,Credit Card,2024-06-02 18:28:00,2024-07-13 18:28:00
506764,2023-10-25 23:03:00,1338,P1002,S021,4,0.0,Wallet,2023-10-25 23:16:00,2023-11-19 23:16:00
506765,2025-07-20 15:15:00,1341,P1098,S016,6,0.2,Debit Card,2025-07-20 17:06:00,2025-09-05 17:06:00
506766,2025-11-28 14:57:00,1373,P1082,S015,4,0.05,Credit Card,2025-11-28 17:01:00,2025-12-03 17:01:00
506767,2024-11-11 07:32:00,1393,P1010,S006,4,0.2,Wallet,2024-11-11 08:26:00,2024-12-12 08:26:00
506768,2024-08-19 21:03:00,1305,P1075,S022,8,0.15,UPI,2024-08-19 22:26:00,2024-09-15 22:26:00
506769,2023-12-12 14:47:00,1079,P1012,S015,7,0.05,Debit Card,2023-12-12 17:01:00,2023-12-19 17:01:00
506770,2026-01-12 01:56:00,1315,P1091,S006,3,0.1,Wallet,2026-01-12 04:23:00,2026-03-04 04:23:00
506771,2023-09-30 14:20:00,1446,P1116,S023,4,0.15,Credit Card,2023-09-30 16:09:00,2023-10-07 16:09:00
506772,2023-04-22 02:30:00,1483,P1006,S003,2,0.15,Debit Card,2023-04-22 05:27:00,2023-06-14 05:27:00
506773,2024-11-07 10:44:00,1236,P1076,S016,4,0.1,UPI,2024-11-07 12:24:00,2024-12-06 12:24:00
506774,2023-03-30 13:29:00,1153,P1067,S023,1,0.15,UPI,2023-03-30 14:46:00,2023-05-24 14:46:00
506775,2025-03-27 15:40:00,1459,P1132,S002,4,0.0,credit card,2025-03-27 17:45:00,2025-04-29 17:45:00
506776,2024-08-09 18:54:00,1346,P1001,S001,4,0.05,Debit Card,2024-08-09 19:28:00,2024-08-23 19:28:00
506777,2023-09-05 17:30:00,1164,P1081,S022,1,0.05,Net Banking,2023-09-05 18:00:00,2023-10-24 18:00:00
506778,2024-02-02 01:49:00,1483,P1003,S007,6,0.1,credit card,2024-02-02 02:47:00,2024-03-05 02:47:00
506779,2023-08-04 07:28:00,1078,P1147,S012,1,0.1,Net Banking,2023-08-04 08:24:00,2023-08-10 08:24:00
506780,2025-11-20 20:54:00,1395,P1139,S016,6,0.2,Net Banking,2025-11-20 23:13:00,2025-11-26 23:13:00
506781,2025-08-05 07:08:00,1329,P1150,S005,8,0.2,UPI,2025-08-05 10:05:00,2025-08-16 10:05:00
506782,2023-10-21 16:15:00,1295,P1139,S013,4,0.2,UPI,2023-10-21 19:14:00,2023-12-02 19:14:00
506783,2023-03-21 13:11:00,1488,P1110,S015,7,0.05,UPI,2023-03-21 13:18:00,2023-04-07 13:18:00
506784,2024-03-31 17:04:00,1035,P1147,S025,5,0.2,Cash,2024-03-31 18:43:00,2024-05-07 18:43:00
506785,2025-09-09 01:29:00,1358,P1138,S024,7,0.1,Debit Card,2025-09-09 04:15:00,2025-10-03 04:15:00
506786,2024-07-15 18:04:00,1180,P1021,S002,2,0.1,Debit Card,2024-07-15 18:34:00,2024-08-18 18:34:00
506787,2023-12-07 14:49:00,1172,P1118,S008,1,0.0,Net Banking,2023-12-07 15:33:00,2023-12-27 15:33:00
506788,2023-04-06 16:31:00,1258,P1078,S006,4,,Credit Card,2023-04-06 17:05:00,2023-04-27 17:05:00
506789,2023-11-27 20:46:00,1500,P1047,S016,6,,UPI,2023-11-27 22:47:00,2024-01-25 22:47:00
506790,2024-12-05 05:31:00,1124,P1018,S004,5,0.05,Debit Card,2024-12-05 08:21:00,2024-12-14 08:21:00
506791,2023-05-19 23:24:00,1120,P1139,S006,7,0.15,Cash,2023-05-20 01:02:00,2023-07-14 01:02:00
506792,2025-01-18 18:28:00,1226,P1120,S004,5,0.15,UPI,2025-01-18 19:01:00,2025-02-16 19:01:00
506793,2024-12-22 06:44:00,1202,P1085,S021,8,0.1,UPI,2024-12-22 08:01:00,2025-02-20 08:01:00
506794,2025-02-19 17:14:00,1332,P1137,S014,8,0.0,Cash,2025-02-19 18:20:00,2025-04-04 18:20:00
506795,2024-08-17 12:50:00,1065,P1145,S003,8,0.15,Credit Card,2024-08-17 13:30:00,2024-09-25 13:30:00
506796,2025-03-08 00:20:00,1424,P1001,S018,2,,UPI,2025-03-08 01:21:00,2025-04-25 01:21:00
506797,2023-02-17 01:30:00,1277,P1061,S004,3,0.15,Credit Card,2023-02-17 04:29:00,2023-03-19 04:29:00
506798,2025-09-03 20:16:00,1277,P1125,S022,1,0.05,Credit Card,2025-09-03 20:34:00,2025-10-10 20:34:00
506799,2024-01-16 10:03:00,1320,P1051,S008,3,0.05,Cash,2024-01-16 12:14:00,2024-01-21 12:14:00
506800,2024-06-12 20:18:00,1338,P1090,S024,5,0.1,Cash,2024-06-12 21:52:00,2024-06-28 21:52:00
506801,2023-11-25 14:33:00,1308,P1045,S010,5,0.15,Wallet,2023-11-25 16:39:00,2024-01-09 16:39:00
506802,2025-07-30 02:29:00,1209,P1101,S018,7,0.15,Net Banking,2025-07-30 03:48:00,2025-07-31 03:48:00
506803,2026-03-29 23:16:00,1003,P1097,S004,4,0.15,Cash,2026-03-29 23:48:00,2026-05-23 23:48:00
506804,2025-12-25 05:12:00,1044,P1144,S005,6,0.2,Credit Card,2025-12-25 07:07:00,2026-01-18 07:07:00
506805,2023-03-02 17:31:00,1395,P1127,S019,1,0.2,UPI,2023-03-02 19:43:00,2023-04-26 19:43:00
506806,2023-12-29 16:04:00,1043,P1042,S013,4,0.1,Wallet,2023-12-29 16:49:00,2024-02-27 16:49:00
506807,2026-02-11 03:23:00,1039,P1009,S006,7,0.05,Credit Card,2026-02-11 05:14:00,2026-03-13 05:14:00
506808,2024-10-26 23:06:00,1099,P1082,S014,3,0.2,Debit Card,2024-10-27 01:41:00,2024-11-08 01:41:00
506809,2024-08-18 07:31:00,1409,P1139,S006,5,0.0,Wallet,2024-08-18 10:23:00,2024-08-29 10:23:00
506810,2023-07-23 05:22:00,1030,P1012,S009,4,0.05,UPI,2023-07-23 08:20:00,2023-07-31 08:20:00
506811,2026-02-26 02:34:00,1391,P1031,S005,5,,Net Banking,2026-02-26 03:14:00,2026-03-30 03:14:00
506812,2025-03-24 21:26:00,1409,P1120,S017,4,0.0,credit card,2025-03-24 23:16:00,2025-05-21 23:16:00
506813,2023-07-19 15:10:00,1137,P1013,S020,4,0.15,Debit Card,2023-07-19 17:42:00,2023-09-04 17:42:00
506814,2023-06-14 06:31:00,1456,P1137,S009,2,0.1,Wallet,2023-06-14 08:17:00,2023-08-09 08:17:00
506815,2023-07-28 22:38:00,1289,P1026,S018,5,0.1,UPI,2023-07-29 00:15:00,2023-08-29 00:15:00
506816,2023-11-11 00:32:00,1384,P1110,S012,4,0.2,Debit Card,2023-11-11 01:41:00,2023-12-20 01:41:00
506817,2023-07-06 18:16:00,1480,P1104,S018,5,,Wallet,2023-07-06 18:26:00,2023-07-29 18:26:00
506818,2024-03-14 22:16:00,1451,P1026,S002,8,0.1,Credit Card,2024-03-14 22:29:00,2024-05-12 22:29:00
506819,2026-01-28 14:45:00,1243,P1043,S005,6,0.15,Wallet,2026-01-28 17:20:00,2026-03-08 17:20:00
506820,2024-10-19 01:08:00,1316,P1064,S023,2,0.05,Credit Card,2024-10-19 01:52:00,2024-11-09 01:52:00
506821,2025-08-30 05:23:00,1147,P1146,S012,6,0.0,Credit Card,2025-08-30 06:31:00,2025-10-25 06:31:00
506822,2023-01-28 14:36:00,1068,P1085,S009,7,0.15,Cash,2023-01-28 15:57:00,2023-03-03 15:57:00
506823,2023-11-01 07:39:00,1342,P1125,S017,4,0.2,UPI,2023-11-01 09:15:00,2023-11-29 09:15:00
506824,2025-06-27 10:57:00,1104,P1140,S001,7,0.15,Credit Card,2025-06-27 11:17:00,2025-07-23 11:17:00
506825,2025-04-08 15:39:00,1312,P1149,S002,8,0.05,Cash,2025-04-08 16:55:00,2025-04-08 16:55:00
506826,2023-10-06 05:39:00,1200,P1071,S018,1,0.05,Cash,2023-10-06 06:07:00,2023-11-06 06:07:00
506827,2023-05-22 09:40:00,1183,P1078,S009,1,0.05,NET BANKING,2023-05-22 12:30:00,2023-07-10 12:30:00
506828,2023-06-13 19:23:00,1010,P1084,S024,5,,Debit Card,2023-06-13 21:00:00,2023-07-04 21:00:00
506829,2023-05-26 20:17:00,1414,P1033,S018,4,,Wallet,2023-05-26 22:43:00,2023-06-06 22:43:00
506830,2025-04-02 01:45:00,1429,P1060,S012,2,0.0,Wallet,2025-04-02 02:19:00,2025-04-10 02:19:00
506831,2025-09-25 09:56:00,1208,P1049,S014,4,0.2,Wallet,2025-09-25 12:06:00,2025-11-04 12:06:00
506832,2023-04-05 11:34:00,1494,P1009,S016,1,0.1,Credit Card,2023-04-05 12:38:00,2023-04-30 12:38:00
506833,2024-11-21 21:44:00,1192,P1050,S003,8,0.05,Cash,2024-11-21 22:10:00,2024-12-22 22:10:00
506834,2023-05-15 01:34:00,1135,P1084,S013,4,0.0,Debit Card,2023-05-15 04:26:00,2023-07-06 04:26:00
506835,2025-07-04 21:37:00,1393,P1046,S014,6,0.0,net banking,2025-07-04 23:18:00,2025-07-10 23:18:00
506836,2026-01-01 22:38:00,1185,P1086,S017,6,0.05,Cash,2026-01-02 01:12:00,2026-02-02 01:12:00
506837,2025-09-03 17:59:00,1042,P1110,S023,7,0.2,wallet,2025-09-03 20:09:00,2025-10-26 20:09:00
506838,2023-03-30 19:25:00,1054,P1148,S018,8,0.1,Wallet,2023-03-30 20:49:00,2023-04-03 20:49:00
506839,2024-09-12 22:30:00,1093,P1022,S016,8,0.2,Debit Card,2024-09-12 23:19:00,2024-11-01 23:19:00
506840,2024-08-23 10:29:00,1245,P1119,S001,7,0.0,Net Banking,2024-08-23 11:42:00,2024-10-19 11:42:00
506841,2024-12-01 23:21:00,1260,P1049,S010,6,0.15,Debit Card,2024-12-02 01:42:00,2025-01-17 01:42:00
506842,2024-04-19 05:54:00,1187,P1079,S003,2,0.1,Cash,2024-04-19 07:53:00,2024-06-03 07:53:00
506843,2025-01-15 04:30:00,1468,P1022,S021,6,0.15,Credit Card,2025-01-15 06:26:00,2025-01-18 06:26:00
506844,2025-03-09 12:56:00,1276,P1021,S018,1,0.1,Credit Card,2025-03-09 15:35:00,2025-04-14 15:35:00
506845,2025-07-11 18:09:00,1286,P1084,S009,7,0.05,UPI,2025-07-11 18:15:00,2025-07-13 18:15:00
506846,2025-05-15 23:48:00,1366,P1105,S002,7,0.15,Wallet,2025-05-16 00:59:00,2025-07-14 00:59:00
506847,2024-09-24 18:49:00,1083,P1062,S016,6,0.1,Wallet,2024-09-24 19:40:00,2024-11-18 19:40:00
506848,2026-01-08 06:32:00,1372,P1058,S008,2,0.1,Net Banking,2026-01-08 08:45:00,2026-01-20 08:45:00
506849,2024-05-24 20:09:00,1147,P1131,S011,3,0.2,Wallet,2024-05-24 21:40:00,2024-07-17 21:40:00
506850,2023-12-23 23:00:00,1223,P1083,S007,5,0.15,Net Banking,2023-12-24 00:40:00,2024-01-20 00:40:00
506851,2025-07-07 22:49:00,1291,P1006,S001,3,0.2,UPI,2025-07-07 23:11:00,2025-07-09 23:11:00
506852,2023-01-01 01:01:00,1086,P1108,S013,7,0.0,Cash,2023-01-01 01:53:00,2023-02-27 01:53:00
506853,2026-02-22 00:32:00,1208,P1066,S010,2,0.15,Credit Card,2026-02-22 02:42:00,2026-04-15 02:42:00
506854,2025-10-09 22:31:00,1002,P1038,S024,5,0.05,Debit Card,2025-10-10 00:16:00,2025-11-01 00:16:00
506855,2023-05-08 02:09:00,1449,P1147,S004,6,0.05,Debit Card,2023-05-08 02:43:00,2023-06-29 02:43:00
506856,2024-02-20 14:20:00,1081,P1124,S003,8,0.15,Wallet,2024-02-20 16:49:00,2024-04-17 16:49:00
506857,2025-03-18 03:24:00,1070,P1049,S007,1,0.0,Wallet,2025-03-18 04:06:00,2025-04-05 04:06:00
506858,2023-04-10 15:56:00,1060,P1113,S015,5,0.1,Cash,2023-04-10 18:50:00,2023-04-12 18:50:00
506859,2023-02-10 17:14:00,1467,P1097,S009,2,0.15,Wallet,2023-02-10 18:29:00,2023-03-17 18:29:00
506860,2024-10-24 00:29:00,1439,P1052,S004,3,0.05,Credit Card,2024-10-24 02:49:00,2024-12-11 02:49:00
506861,2023-08-25 10:54:00,1140,P1128,S013,3,0.0,Cash,2023-08-25 13:48:00,2023-09-08 13:48:00
506862,2024-08-10 02:40:00,1386,P1057,S015,6,0.0,Debit Card,2024-08-10 02:47:00,2024-10-02 02:47:00
506863,2023-08-07 12:17:00,1378,P1105,S023,7,0.2,Wallet,2023-08-07 14:40:00,2023-09-22 14:40:00
506864,2026-03-29 17:11:00,1368,P1117,S022,4,0.05,Cash,2026-03-29 17:59:00,2026-05-07 17:59:00
506865,2025-12-19 12:02:00,1270,P1075,S023,7,0.05,Debit Card,2025-12-19 12:42:00,2026-02-08 12:42:00
506866,2025-01-20 11:41:00,1035,P1037,S003,2,0.1,Wallet,2025-01-20 14:31:00,2025-01-21 14:31:00
506867,2024-12-13 04:20:00,1462,P1087,S019,6,0.05,UPI,2024-12-13 05:08:00,2025-02-07 05:08:00
506868,2023-06-21 18:24:00,1292,P1125,S002,6,0.2,Debit Card,2023-06-21 19:57:00,2023-07-08 19:57:00
506869,2024-06-08 11:43:00,1291,P1026,S009,6,0.05,UPI,2024-06-08 14:32:00,2024-07-15 14:32:00
506870,2023-01-10 04:02:00,1105,P1130,S018,8,0.0,Wallet,2023-01-10 06:45:00,2023-02-27 06:45:00
506871,2025-07-14 02:15:00,1012,P1074,S005,2,0.05,UPI,2025-07-14 04:57:00,2025-08-10 04:57:00
506872,2023-01-13 01:18:00,1249,P1121,S012,3,0.0,UPI,2023-01-13 03:02:00,2023-02-16 03:02:00
506873,2023-05-04 16:18:00,1161,P1077,S006,6,0.1,Wallet,2023-05-04 18:39:00,2023-05-31 18:39:00
506874,2025-06-06 22:33:00,1073,P1047,S006,1,0.1,Debit Card,2025-06-07 00:11:00,2025-07-29 00:11:00
506875,2024-08-03 03:29:00,1178,P1098,S016,4,0.2,Wallet,2024-08-03 03:51:00,2024-08-04 03:51:00
506876,2023-10-22 19:13:00,1414,P1106,S025,1,0.15,UPI,2023-10-22 22:11:00,2023-12-16 22:11:00
506877,2025-02-17 08:43:00,1253,P1037,S023,4,0.1,Net Banking,2025-02-17 10:55:00,2025-03-30 10:55:00
506878,2024-01-20 17:40:00,1454,P1086,S003,8,0.1,Wallet,2024-01-20 20:07:00,2024-03-02 20:07:00
506879,2023-10-12 01:19:00,1012,P1011,S010,4,0.0,Wallet,2023-10-12 03:17:00,2023-11-11 03:17:00
506880,2025-07-03 12:08:00,1128,P1044,S012,6,0.05,Net Banking,2025-07-03 14:06:00,2025-08-28 14:06:00
506881,2023-11-19 14:53:00,1286,P1060,S005,7,0.05,Credit Card,2023-11-19 16:11:00,2023-12-02 16:11:00
506882,2024-11-21 01:27:00,1272,P1054,S015,4,0.05,Credit Card,2024-11-21 02:20:00,2024-12-10 02:20:00
506883,2023-01-06 02:16:00,1218,P1124,S012,1,0.05,Net Banking,2023-01-06 04:01:00,2023-01-22 04:01:00
506884,2023-04-26 19:20:00,1459,P1022,S018,6,0.05,UPI,2023-04-26 20:35:00,2023-06-22 20:35:00
506885,2024-03-10 18:31:00,1023,P1031,S023,1,0.1,Debit Card,2024-03-10 18:57:00,2024-05-03 18:57:00
506886,2024-03-19 06:02:00,1023,P1150,S018,1,0.2,Net Banking,2024-03-19 07:35:00,2024-05-06 07:35:00
506887,2024-05-09 08:02:00,1430,P1105,S023,1,0.0,Wallet,2024-05-09 10:51:00,2024-06-15 10:51:00
506888,2025-12-19 15:56:00,1150,P1135,S013,6,0.1,Net Banking,2025-12-19 17:39:00,2026-01-20 17:39:00
506889,2024-09-12 04:10:00,1435,P1119,S015,7,0.2,Debit Card,2024-09-12 05:39:00,2024-09-23 05:39:00
506890,2025-08-15 10:23:00,1431,P1076,S010,3,0.2,Credit Card,2025-08-15 13:20:00,2025-09-11 13:20:00
506891,2025-10-09 15:21:00,1309,P1054,S005,6,0.05,Wallet,2025-10-09 15:26:00,2025-10-14 15:26:00
506892,2025-04-15 14:19:00,1071,P1048,S025,3,0.0,Cash,2025-04-15 16:55:00,2025-05-02 16:55:00
506893,2025-02-28 01:39:00,1098,P1131,S004,5,0.2,Net Banking,2025-02-28 03:09:00,2025-03-11 03:09:00
506894,2025-07-10 02:44:00,1383,P1006,S024,4,0.1,Cash,2025-07-10 03:57:00,2025-07-21 03:57:00
506895,2025-10-18 14:39:00,1091,P1065,S002,5,0.2,Credit Card,2025-10-18 15:35:00,2025-10-25 15:35:00
506896,2025-11-25 12:45:00,1076,P1059,S003,8,0.1,Wallet,2025-11-25 13:39:00,2025-12-19 13:39:00
506897,2024-12-20 06:13:00,1324,P1077,S016,8,0.15,Credit Card,2024-12-20 08:12:00,2025-01-01 08:12:00
506898,2023-05-08 22:27:00,1183,P1131,S005,8,0.15,Debit Card,2023-05-08 23:48:00,2023-06-11 23:48:00
506899,2024-09-06 20:50:00,1496,P1018,S012,8,0.05,Wallet,2024-09-06 22:29:00,2024-10-30 22:29:00
506900,2023-02-28 20:15:00,1262,P1083,S017,2,0.1,Wallet,2023-02-28 22:20:00,2023-04-17 22:20:00
506901,2024-09-30 20:55:00,1291,P1135,S023,4,0.15,Net Banking,2024-09-30 21:27:00,2024-11-29 21:27:00
506902,2025-08-15 13:07:00,1236,P1081,S001,6,0.15,UPI,2025-08-15 15:46:00,2025-08-16 15:46:00
506903,2023-07-23 22:22:00,1412,P1025,S002,8,0.1,Net Banking,2023-07-23 23:52:00,2023-08-15 23:52:00
506904,2026-01-21 03:35:00,1408,P1098,S004,2,0.1,Net Banking,2026-01-21 05:48:00,2026-02-15 05:48:00
506905,2025-12-16 19:01:00,1037,P1129,S015,3,0.2,Cash,2025-12-16 19:17:00,2026-01-16 19:17:00
506906,2023-01-17 02:46:00,1213,P1130,S007,2,0.1,Cash,2023-01-17 03:33:00,2023-03-14 03:33:00
506907,2023-12-12 20:55:00,1031,P1100,S002,6,0.0,UPI,2023-12-12 22:01:00,2023-12-23 22:01:00
506908,2025-04-06 19:49:00,1313,P1003,S011,5,0.05,Debit Card,2025-04-06 21:52:00,2025-05-02 21:52:00
506909,2023-11-08 12:56:00,1065,P1018,S020,5,,UPI,2023-11-08 15:17:00,2023-12-28 15:17:00
506910,2023-01-03 22:08:00,1089,P1128,S023,2,0.0,Wallet,2023-01-04 00:58:00,2023-01-19 00:58:00
506911,2025-08-28 07:08:00,1232,P1094,S020,3,0.0,Credit Card,2025-08-28 08:35:00,2025-10-27 08:35:00
506912,2024-05-06 01:51:00,1154,P1131,S020,1,0.1,Cash,2024-05-06 02:42:00,2024-06-30 02:42:00
506913,2024-05-29 06:56:00,1071,P1021,S024,1,0.1,Cash,2024-05-29 07:16:00,2024-06-26 07:16:00
506914,2024-03-05 02:50:00,1355,P1099,S025,8,0.0,Wallet,2024-03-05 03:08:00,2024-04-07 03:08:00
506915,2023-05-17 18:34:00,1482,P1054,S012,1,0.1,Debit Card,2023-05-17 20:40:00,2023-06-20 20:40:00
506916,2024-08-27 11:39:00,1281,P1028,S008,2,0.05,Debit Card,2024-08-27 12:27:00,2024-09-02 12:27:00
506917,2024-08-21 14:00:00,1256,P1050,S009,2,0.05,Debit Card,2024-08-21 16:27:00,2024-09-27 16:27:00
506918,2023-02-13 10:17:00,1231,P1106,S009,8,0.0,Wallet,2023-02-13 13:14:00,2023-02-13 13:14:00
506919,2026-02-13 21:24:00,1323,P1070,S007,7,0.2,Wallet,2026-02-14 00:21:00,2026-02-22 00:21:00
506920,2023-08-15 06:05:00,1171,P1060,S025,5,0.2,Wallet,2023-08-15 07:20:00,2023-10-10 07:20:00
506921,2023-01-18 14:53:00,1012,P1113,S025,5,0.1,Wallet,2023-01-18 15:27:00,2023-03-08 15:27:00
506922,2025-11-26 08:21:00,1028,P1046,S005,3,0.15,Wallet,2025-11-26 10:38:00,2025-12-15 10:38:00
506923,2025-09-17 12:43:00,1050,P1142,S002,7,0.15,Cash,2025-09-17 12:44:00,2025-09-25 12:44:00
506924,2023-09-17 10:11:00,1099,P1073,S009,5,0.1,UPI,2023-09-17 12:05:00,2023-10-24 12:05:00
506925,2023-03-20 12:28:00,1329,P1037,S003,1,0.2,Credit Card,2023-03-20 14:33:00,2023-04-08 14:33:00
506926,2023-01-31 13:13:00,1103,P1126,S004,1,0.2,Debit Card,2023-01-31 14:23:00,2023-02-18 14:23:00
506927,2023-12-09 10:28:00,1095,P1059,S015,4,0.1,Credit Card,2023-12-09 11:56:00,2023-12-26 11:56:00
506928,2024-06-12 18:54:00,1160,P1134,S014,4,0.05,Credit Card,2024-06-12 20:50:00,2024-06-20 20:50:00
506929,2024-11-11 07:21:00,1491,P1047,S015,8,0.1,Wallet,2024-11-11 07:27:00,2024-11-22 07:27:00
506930,2025-03-21 20:37:00,1118,P1133,S009,8,0.0,Credit Card,2025-03-21 20:38:00,2025-04-02 20:38:00
506931,2025-09-03 00:21:00,1253,P1126,S024,6,0.05,Credit Card,2025-09-03 02:36:00,2025-10-29 02:36:00
506932,2024-01-09 02:54:00,1321,P1042,S024,1,0.0,Wallet,2024-01-09 05:48:00,2024-03-05 05:48:00
506933,2024-09-17 00:40:00,1339,P1072,S005,1,0.05,Credit Card,2024-09-17 01:18:00,2024-09-30 01:18:00
506934,2026-01-21 15:40:00,1155,P1096,S025,4,0.1,UPI,2026-01-21 16:33:00,2026-02-25 16:33:00
506935,2023-04-22 04:06:00,1373,P1106,S008,4,0.15,Cash,2023-04-22 05:26:00,2023-06-03 05:26:00
506936,2025-04-30 18:17:00,1097,P1105,S011,7,0.2,Debit Card,2025-04-30 21:00:00,2025-06-17 21:00:00
506937,2023-05-26 19:36:00,1356,P1083,S023,2,0.05,Wallet,2023-05-26 21:38:00,2023-06-29 21:38:00
506938,2024-09-26 09:51:00,1165,P1064,S023,3,0.2,Cash,2024-09-26 11:11:00,2024-11-11 11:11:00
506939,2025-10-16 15:12:00,1162,P1149,S010,3,0.2,Credit Card,2025-10-16 17:17:00,2025-12-09 17:17:00
506940,2023-07-01 16:41:00,1337,P1101,S004,7,,Cash,2023-07-01 19:00:00,2023-08-03 19:00:00
506941,2024-04-15 07:52:00,1406,P1132,S002,2,0.0,Debit Card,2024-04-15 09:08:00,2024-04-26 09:08:00
506942,2024-06-15 23:07:00,1089,P1076,S020,8,0.15,UPI,2024-06-16 00:44:00,2024-07-18 00:44:00
506943,2024-12-30 21:16:00,1059,P1019,S022,5,0.0,Cash,2024-12-31 00:06:00,2025-02-05 00:06:00
506944,2025-01-30 20:17:00,1181,P1025,S006,7,0.15,Wallet,2025-01-30 22:23:00,2025-02-24 22:23:00
506945,2024-07-14 19:57:00,1183,P1058,S012,2,,Net Banking,2024-07-14 20:01:00,2024-08-12 20:01:00
506946,2024-05-23 08:59:00,1085,P1145,S007,4,0.1,Wallet,2024-05-23 10:32:00,2024-06-18 10:32:00
506947,2024-10-28 13:54:00,1172,P1137,S005,3,0.05,UPI,2024-10-28 15:18:00,2024-11-03 15:18:00
506948,2024-09-05 15:25:00,1291,P1110,S015,7,0.1,Wallet,2024-09-05 15:34:00,2024-09-26 15:34:00
506949,2025-06-05 02:10:00,1469,P1141,S022,4,0.05,Debit Card,2025-06-05 03:19:00,2025-07-11 03:19:00
506950,2024-06-12 03:19:00,1409,P1149,S013,4,0.2,Net Banking,2024-06-12 04:56:00,2024-07-13 04:56:00
506951,2023-11-03 11:43:00,1315,P1026,S010,4,0.15,Credit Card,2023-11-03 12:25:00,2023-12-27 12:25:00
506952,2024-11-24 20:41:00,1314,P1013,S017,4,0.0,WALLET,2024-11-24 23:29:00,2024-12-04 23:29:00
506953,2023-06-14 22:25:00,1264,P1108,S015,5,0.1,Cash,2023-06-15 01:21:00,2023-07-27 01:21:00
506954,2025-12-09 13:53:00,1231,P1052,S005,1,0.15,UPI,2025-12-09 16:07:00,2026-02-05 16:07:00
506955,2025-12-25 02:06:00,1130,P1065,S004,3,0.15,Net Banking,2025-12-25 03:49:00,2026-02-02 03:49:00
506956,2025-10-17 21:05:00,1391,P1120,S022,1,0.0,Debit Card,2025-10-17 23:14:00,2025-12-01 23:14:00
506957,2024-04-12 23:36:00,1237,P1069,S001,6,0.1,UPI,2024-04-13 01:58:00,2024-05-26 01:58:00
506958,2026-03-29 02:37:00,1154,P1137,S021,6,0.0,UPI,2026-03-29 05:06:00,2026-05-05 05:06:00
506959,2025-09-12 09:10:00,1160,P1034,S005,8,0.1,UPI,2025-09-12 10:49:00,2025-09-17 10:49:00
506960,2024-08-30 11:05:00,1086,P1135,S022,6,0.2,Net Banking,2024-08-30 11:47:00,2024-10-22 11:47:00
506961,2024-03-23 20:29:00,1060,P1013,S024,4,0.1,Cash,2024-03-23 20:36:00,2024-04-27 20:36:00
506962,2024-07-19 07:58:00,1291,P1030,S002,1,0.1,Wallet,2024-07-19 08:20:00,2024-08-23 08:20:00
506963,2024-01-03 08:25:00,1389,P1031,S005,6,0.1,Wallet,2024-01-03 08:34:00,2024-02-25 08:34:00
506964,2026-03-12 18:46:00,1462,P1046,S013,4,0.0,Wallet,2026-03-12 21:29:00,2026-04-10 21:29:00
506965,2024-11-16 01:32:00,1284,P1112,S014,8,0.0,Debit Card,2024-11-16 01:50:00,2024-11-16 01:50:00
506966,2023-09-22 23:37:00,1352,P1115,S020,1,0.05,Debit Card,2023-09-23 01:08:00,2023-11-14 01:08:00
506967,2024-07-24 21:02:00,1077,P1136,S006,4,0.1,Net Banking,2024-07-24 22:41:00,2024-08-10 22:41:00
506968,2025-10-22 08:51:00,1467,P1125,S013,2,0.2,Wallet,2025-10-22 11:07:00,2025-11-23 11:07:00
506969,2025-05-07 09:48:00,1478,P1073,S003,3,0.0,Credit Card,2025-05-07 12:00:00,2025-06-20 12:00:00
506970,2024-05-02 09:36:00,1180,P1053,S025,8,,wallet,2024-05-02 11:13:00,2024-05-04 11:13:00
506971,2025-03-13 04:29:00,1172,P1036,S013,5,0.05,Cash,2025-03-13 05:05:00,2025-03-27 05:05:00
506972,2023-07-02 03:15:00,1453,P1137,S016,1,0.1,Cash,2023-07-02 05:27:00,2023-08-21 05:27:00
506973,2023-07-30 13:10:00,1144,P1128,S024,6,0.1,Net Banking,2023-07-30 15:48:00,2023-08-31 15:48:00
506974,2025-10-06 01:47:00,1221,P1066,S014,2,0.1,Cash,2025-10-06 02:00:00,2025-11-11 02:00:00
506975,2026-03-20 19:17:00,1413,P1132,S021,6,0.15,Wallet,2026-03-20 21:28:00,2026-04-04 21:28:00
506976,2023-04-01 03:27:00,1174,P1142,S025,7,0.15,cash,2023-04-01 05:15:00,2023-05-03 05:15:00
506977,2025-12-14 19:21:00,1071,P1079,S020,8,0.1,Credit Card,2025-12-14 20:20:00,2026-01-29 20:20:00
506978,2024-03-04 01:14:00,1478,P1020,S020,4,0.05,Cash,2024-03-04 03:58:00,2024-03-29 03:58:00
506979,2023-02-14 07:50:00,1476,P1102,S004,6,0.15,Wallet,2023-02-14 10:08:00,2023-04-14 10:08:00
506980,2024-08-07 04:55:00,1202,P1137,S007,8,0.2,UPI,2024-08-07 05:43:00,2024-10-01 05:43:00
506981,2024-03-23 14:05:00,1282,P1111,S011,1,0.15,Debit Card,2024-03-23 16:04:00,2024-03-27 16:04:00
506982,2025-04-05 03:44:00,1129,P1106,S011,5,0.1,Cash,2025-04-05 04:21:00,2025-04-07 04:21:00
506983,2024-10-12 13:24:00,1198,P1054,S013,4,0.2,Wallet,2024-10-12 14:20:00,2024-11-25 14:20:00
506984,2023-08-21 06:58:00,1408,P1036,S006,4,0.0,Debit Card,2023-08-21 09:36:00,2023-08-30 09:36:00
506985,2024-01-10 03:03:00,1305,P1147,S018,3,0.0,Debit Card,2024-01-10 04:02:00,2024-02-10 04:02:00
506986,2026-01-05 14:36:00,1371,P1012,S025,2,0.05,Credit Card,2026-01-05 15:31:00,2026-02-05 15:31:00
506987,2024-02-16 10:49:00,1360,P1146,S024,4,0.15,Wallet,2024-02-16 12:43:00,2024-04-09 12:43:00
506988,2025-08-22 22:47:00,1004,P1021,S006,3,0.2,Wallet,2025-08-23 00:15:00,2025-09-30 00:15:00
506989,2023-09-23 19:09:00,1120,P1054,S015,1,0.1,Debit Card,2023-09-23 19:15:00,2023-09-27 19:15:00
506990,2025-08-29 08:45:00,1283,P1083,S002,8,0.1,Net Banking,2025-08-29 08:46:00,2025-10-10 08:46:00
506991,2023-06-10 02:14:00,1276,P1035,S007,7,0.2,Cash,2023-06-10 04:48:00,2023-06-19 04:48:00
506992,2024-10-01 19:15:00,1076,P1111,S018,4,0.0,Credit Card,2024-10-01 21:34:00,2024-11-23 21:34:00
506993,2026-01-28 00:44:00,1351,P1056,S008,4,0.05,Cash,2026-01-28 00:48:00,2026-03-14 00:48:00
506994,2025-07-22 23:49:00,1360,P1104,S003,5,0.0,Debit Card,2025-07-23 00:39:00,2025-09-21 00:39:00
506995,2025-10-18 21:26:00,1148,P1094,S014,2,0.1,Net Banking,2025-10-18 21:45:00,2025-11-25 21:45:00
506996,2023-08-09 16:07:00,1006,P1102,S023,5,0.05,Net Banking,2023-08-09 18:52:00,2023-08-13 18:52:00
506997,2024-01-13 05:59:00,1381,P1126,S024,6,0.2,Net Banking,2024-01-13 06:59:00,2024-01-17 06:59:00
506998,2024-03-06 20:41:00,1033,P1010,S022,2,0.0,Cash,2024-03-06 21:18:00,2024-03-08 21:18:00
506999,2023-11-21 07:09:00,1459,P1128,S010,8,0.2,Credit Card,2023-11-21 07:45:00,2024-01-01 07:45:00
507000,2023-03-12 02:39:00,1064,P1002,S017,4,0.1,DEBIT CARD,2023-03-12 03:58:00,2023-03-29 03:58:00
507001,2024-05-27 04:21:00,1150,P1036,S009,5,0.0,Cash,2024-05-27 05:24:00,2024-06-27 05:24:00
507002,2025-10-23 10:35:00,1384,P1128,S002,3,0.05,Net Banking,2025-10-23 11:42:00,2025-11-22 11:42:00
507003,2023-09-25 16:42:00,1042,P1015,S020,2,0.1,CASH,2023-09-25 19:25:00,2023-10-07 19:25:00
507004,2023-05-21 19:55:00,1150,P1062,S024,8,0.2,Wallet,2023-05-21 20:18:00,2023-05-21 20:18:00
507005,2023-12-25 07:19:00,1343,P1040,S010,3,0.1,upi,2023-12-25 07:42:00,2023-12-26 07:42:00
507006,2024-10-21 19:43:00,1055,P1015,S013,3,0.15,Net Banking,2024-10-21 21:22:00,2024-11-03 21:22:00
507007,2024-08-23 09:57:00,1281,P1120,S015,7,0.2,Net Banking,2024-08-23 10:13:00,2024-10-22 10:13:00
507008,2025-04-29 02:44:00,1219,P1137,S015,3,0.2,Cash,2025-04-29 04:44:00,2025-06-27 04:44:00
507009,2023-09-14 23:55:00,1088,P1127,S012,2,0.0,UPI,2023-09-15 00:00:00,2023-10-04 00:00:00
507010,2024-09-24 02:03:00,1373,P1039,S012,3,0.05,UPI,2024-09-24 02:10:00,2024-10-27 02:10:00
507011,2025-03-03 11:06:00,1212,P1143,S006,6,0.0,Debit Card,2025-03-03 11:35:00,2025-04-02 11:35:00
507012,2023-11-08 16:32:00,1159,P1107,S001,6,0.1,Cash,2023-11-08 16:38:00,2023-11-10 16:38:00
507013,2026-02-28 00:23:00,1154,P1086,S022,2,0.15,Wallet,2026-02-28 00:34:00,2026-04-01 00:34:00
507014,2023-01-30 08:08:00,1145,P1123,S007,1,0.2,Cash,2023-01-30 08:20:00,2023-03-19 08:20:00
507015,2026-02-18 17:52:00,1476,P1033,S013,4,0.05,Credit Card,2026-02-18 19:44:00,2026-03-11 19:44:00
507016,2025-12-05 08:18:00,1119,P1050,S011,1,0.05,Wallet,2025-12-05 08:47:00,2025-12-19 08:47:00
507017,2023-06-01 01:13:00,1245,P1004,S001,3,0.05,Credit Card,2023-06-01 03:15:00,2023-07-18 03:15:00
507018,2024-10-12 17:08:00,1412,P1007,S014,3,0.15,Debit Card,2024-10-12 17:58:00,2024-11-02 17:58:00
507019,2023-06-19 23:51:00,1460,P1014,S017,4,0.05,Net Banking,2023-06-20 01:25:00,2023-07-20 01:25:00
507020,2025-03-16 01:16:00,1052,P1080,S008,6,0.1,Credit Card,2025-03-16 01:40:00,2025-04-09 01:40:00
507021,2024-09-15 18:58:00,1386,P1129,S019,3,0.1,Debit Card,2024-09-15 19:26:00,2024-10-30 19:26:00
507022,2024-10-07 14:46:00,1216,P1076,S024,4,0.05,Credit Card,2024-10-07 15:59:00,2024-11-17 15:59:00
507023,2023-04-26 08:52:00,1462,P1012,S022,6,0.2,UPI,2023-04-26 08:56:00,2023-05-09 08:56:00
507024,2025-10-22 03:23:00,1180,P1061,S011,1,0.15,Credit Card,2025-10-22 06:12:00,2025-11-23 06:12:00
507025,2023-11-08 11:53:00,1018,P1071,S020,2,0.2,Wallet,2023-11-08 14:10:00,2023-12-20 14:10:00
507026,2024-05-30 07:28:00,1110,P1018,S006,4,0.2,Cash,2024-05-30 08:18:00,2024-06-14 08:18:00
507027,2024-12-23 10:25:00,1445,P1016,S006,3,0.0,Wallet,2024-12-23 12:46:00,2025-01-13 12:46:00
507028,2025-12-24 00:23:00,1362,P1077,S025,8,0.2,Wallet,2025-12-24 01:11:00,2026-01-27 01:11:00
507029,2023-11-10 14:38:00,1109,P1048,S025,5,0.15,Debit Card,2023-11-10 16:12:00,2023-11-14 16:12:00
507030,2023-06-05 17:12:00,1450,P1026,S009,7,0.0,Wallet,2023-06-05 20:06:00,2023-06-28 20:06:00
507031,2023-12-09 01:07:00,1374,P1117,S019,4,0.1,UPI,2023-12-09 02:14:00,2023-12-11 02:14:00
507032,2023-01-12 14:52:00,1039,P1108,S021,1,0.0,Wallet,2023-01-12 16:45:00,2023-03-03 16:45:00
507033,2023-03-05 17:46:00,1057,P1113,S008,5,0.2,Wallet,2023-03-05 18:42:00,2023-04-23 18:42:00
507034,2026-03-02 13:12:00,1189,P1093,S008,4,0.2,Cash,2026-03-02 13:56:00,2026-03-08 13:56:00
507035,2024-10-18 06:06:00,1068,P1140,S013,2,0.05,Wallet,2024-10-18 08:12:00,2024-11-07 08:12:00
507036,2023-11-21 08:01:00,1025,P1009,S005,6,0.2,Credit Card,2023-11-21 10:45:00,2024-01-02 10:45:00
507037,2025-10-08 22:21:00,1273,P1059,S011,1,0.0,Credit Card,2025-10-09 00:39:00,2025-10-14 00:39:00
507038,2023-10-25 17:30:00,1500,P1136,S019,8,0.1,Wallet,2023-10-25 18:38:00,2023-10-25 18:38:00
507039,2025-09-26 22:33:00,1070,P1059,S012,2,0.2,Wallet,2025-09-26 23:39:00,2025-11-20 23:39:00
507040,2023-03-19 22:53:00,1223,P1080,S006,2,0.1,Net Banking,2023-03-19 23:33:00,2023-05-09 23:33:00
507041,2023-10-13 17:45:00,1038,P1100,S024,4,0.1,Debit Card,2023-10-13 19:55:00,2023-11-01 19:55:00
507042,2025-10-02 14:41:00,1096,P1125,S021,7,0.2,Wallet,2025-10-02 17:12:00,2025-11-30 17:12:00
507043,2024-02-12 19:42:00,1178,P1095,S003,6,0.15,UPI,2024-02-12 20:20:00,2024-02-12 20:20:00
507044,2024-05-29 11:55:00,1379,P1060,S001,5,0.05,Debit Card,2024-05-29 12:43:00,2024-07-15 12:43:00
507045,2024-07-11 17:07:00,1291,P1144,S017,3,0.15,Net Banking,2024-07-11 18:39:00,2024-09-06 18:39:00
507046,2025-08-21 09:18:00,1345,P1127,S007,2,0.1,Wallet,2025-08-21 10:14:00,2025-09-05 10:14:00
507047,2023-01-24 04:38:00,1011,P1013,S018,2,0.0,Credit Card,2023-01-24 04:43:00,2023-02-07 04:43:00
507048,2023-07-05 02:07:00,1007,P1126,S012,6,0.2,Cash,2023-07-05 04:51:00,2023-07-24 04:51:00
507049,2026-01-05 13:10:00,1214,P1056,S009,5,0.1,Credit Card,2026-01-05 13:28:00,2026-02-28 13:28:00
507050,2023-05-02 10:13:00,1134,P1123,S011,6,0.0,Net Banking,2023-05-02 11:30:00,2023-06-30 11:30:00
507051,2023-10-30 07:35:00,1326,P1137,S018,2,0.15,UPI,2023-10-30 08:12:00,2023-12-02 08:12:00
507052,2024-04-22 14:41:00,1453,P1084,S022,1,0.15,Credit Card,2024-04-22 15:02:00,2024-05-29 15:02:00
507053,2023-10-21 15:07:00,1115,P1090,S011,5,0.05,Net Banking,2023-10-21 16:25:00,2023-11-14 16:25:00
507054,2024-09-17 13:52:00,1213,P1055,S025,8,0.05,UPI,2024-09-17 16:05:00,2024-11-08 16:05:00
507055,2024-03-04 05:12:00,1392,P1040,S025,3,0.15,UPI,2024-03-04 07:26:00,2024-03-18 07:26:00
507056,2024-10-01 19:16:00,1452,P1036,S016,5,0.0,Credit Card,2024-10-01 20:17:00,2024-11-26 20:17:00
507057,2025-02-16 11:21:00,1316,P1047,S009,6,0.2,UPI,2025-02-16 13:41:00,2025-03-08 13:41:00
507058,2023-12-05 07:46:00,1015,P1130,S004,6,0.1,Wallet,2023-12-05 08:49:00,2023-12-12 08:49:00
507059,2026-01-03 23:01:00,1350,P1024,S009,4,0.2,Net Banking,2026-01-04 00:24:00,2026-02-20 00:24:00
507060,2023-12-27 15:14:00,1397,P1069,S019,1,0.2,Net Banking,2023-12-27 17:18:00,2024-02-05 17:18:00
507061,2024-06-14 21:17:00,1274,P1017,S024,4,0.05,Debit Card,2024-06-14 23:24:00,2024-06-19 23:24:00
507062,2023-03-20 13:09:00,1146,P1105,S004,4,0.05,Debit Card,2023-03-20 13:27:00,2023-05-05 13:27:00
507063,2024-06-17 14:12:00,1031,P1044,S025,6,0.1,Debit Card,2024-06-17 15:15:00,2024-07-17 15:15:00
507064,2025-03-11 06:18:00,1062,P1068,S004,6,0.15,CASH,2025-03-11 08:59:00,2025-04-15 08:59:00
507065,2023-08-15 17:03:00,1129,P1145,S005,3,0.05,Net Banking,2023-08-15 18:58:00,2023-10-12 18:58:00
507066,2025-05-28 13:23:00,1325,P1094,S023,2,0.1,UPI,2025-05-28 13:57:00,2025-07-01 13:57:00
507067,2023-01-01 16:48:00,1230,P1072,S011,8,0.1,Debit Card,2023-01-01 17:34:00,2023-02-19 17:34:00
507068,2025-04-22 11:54:00,1386,P1039,S012,1,0.15,Cash,2025-04-22 14:22:00,2025-06-02 14:22:00
507069,2024-01-25 07:30:00,1119,P1107,S010,4,0.1,Credit Card,2024-01-25 10:26:00,2024-03-16 10:26:00
507070,2025-10-11 03:11:00,1202,P1063,S002,8,0.0,Wallet,2025-10-11 03:36:00,2025-10-29 03:36:00
507071,2023-04-29 19:21:00,1413,P1006,S009,3,0.2,Cash,2023-04-29 21:36:00,2023-05-12 21:36:00
507072,2024-03-20 04:15:00,1091,P1104,S012,6,,Debit Card,2024-03-20 04:31:00,2024-03-23 04:31:00
507073,2025-09-04 08:43:00,1103,P1102,S013,8,0.05,Debit Card,2025-09-04 09:57:00,2025-10-12 09:57:00
507074,2023-10-22 03:25:00,1127,P1077,S002,3,0.2,Net Banking,2023-10-22 03:29:00,2023-11-24 03:29:00
507075,2025-07-23 08:49:00,1109,P1150,S007,5,0.2,Wallet,2025-07-23 08:49:00,2025-08-31 08:49:00
507076,2025-03-12 08:30:00,1101,P1094,S008,6,0.15,Credit Card,2025-03-12 11:03:00,2025-05-10 11:03:00
507077,2023-08-04 23:20:00,1361,P1107,S005,7,0.15,UPI,2023-08-05 00:34:00,2023-08-14 00:34:00
507078,2025-12-12 17:38:00,1081,P1105,S024,8,0.0,UPI,2025-12-12 20:22:00,2026-02-07 20:22:00
507079,2024-03-03 13:04:00,1212,P1100,S015,4,0.05,Credit Card,2024-03-03 15:33:00,2024-03-08 15:33:00
507080,2023-09-04 22:47:00,1333,P1115,S012,5,0.0,Debit Card,2023-09-05 01:31:00,2023-10-04 01:31:00
507081,2024-06-27 15:30:00,1394,P1072,S011,4,0.05,Cash,2024-06-27 16:15:00,2024-06-28 16:15:00
507082,2025-03-04 18:50:00,1052,P1112,S005,8,0.15,Credit Card,2025-03-04 20:46:00,2025-04-11 20:46:00
507083,2024-07-13 07:36:00,1464,P1013,S025,7,0.05,UPI,2024-07-13 09:20:00,2024-08-24 09:20:00
507084,2023-03-21 14:37:00,1486,P1045,S007,4,0.2,Net Banking,2023-03-21 16:52:00,2023-05-20 16:52:00
507085,2023-06-06 15:32:00,1105,P1094,S014,4,0.2,Credit Card,2023-06-06 17:37:00,2023-07-24 17:37:00
507086,2023-06-02 03:32:00,1460,P1027,S024,7,0.05,Cash,2023-06-02 05:28:00,2023-07-07 05:28:00
507087,2026-03-20 16:30:00,1169,P1030,S002,6,0.2,Cash,2026-03-20 18:22:00,2026-04-03 18:22:00
507088,2024-03-10 09:19:00,1176,P1001,S002,5,0.15,Net Banking,2024-03-10 11:04:00,2024-04-12 11:04:00
507089,2024-06-18 14:48:00,1446,P1042,S019,4,0.15,Wallet,2024-06-18 17:38:00,2024-08-05 17:38:00
507090,2023-07-23 12:54:00,1079,P1011,S018,8,0.2,Credit Card,2023-07-23 14:39:00,2023-09-16 14:39:00
507091,2026-03-12 12:34:00,1332,P1110,S024,8,0.15,Cash,2026-03-12 14:12:00,2026-03-26 14:12:00
507092,2024-04-17 19:24:00,1443,P1096,S005,8,0.05,Cash,2024-04-17 21:02:00,2024-05-01 21:02:00
507093,2023-01-24 00:50:00,1189,P1003,S009,1,0.2,Debit Card,2023-01-24 02:45:00,2023-02-16 02:45:00
507094,2023-08-22 22:12:00,1400,P1129,S019,1,0.0,UPI,2023-08-23 00:22:00,2023-09-06 00:22:00
507095,2025-07-29 10:58:00,1279,P1034,S001,8,0.2,UPI,2025-07-29 11:36:00,2025-09-17 11:36:00
507096,2025-10-15 15:54:00,1298,P1129,S024,7,0.0,Net Banking,2025-10-15 18:38:00,2025-12-12 18:38:00
507097,2023-12-23 11:26:00,1213,P1110,S009,1,0.05,Net Banking,2023-12-23 14:26:00,2023-12-27 14:26:00
507098,2023-01-08 04:56:00,1075,P1044,S006,5,0.1,Cash,2023-01-08 07:19:00,2023-01-09 07:19:00
507099,2025-06-06 02:44:00,1048,P1122,S023,6,0.2,Cash,2025-06-06 04:29:00,2025-06-26 04:29:00
507100,2025-03-26 13:11:00,1499,P1128,S002,5,0.05,Net Banking,2025-03-26 14:54:00,2025-04-17 14:54:00
507101,2025-12-21 06:12:00,1102,P1134,S009,1,0.2,net banking,2025-12-21 08:38:00,2026-01-01 08:38:00
507102,2023-08-31 05:49:00,1307,P1020,S015,7,0.1,Net Banking,2023-08-31 07:30:00,2023-10-26 07:30:00
507103,2026-02-16 11:28:00,1152,P1043,S015,4,0.1,Net Banking,2026-02-16 13:21:00,2026-04-13 13:21:00
507104,2026-02-06 08:03:00,1349,P1117,S001,6,0.1,Cash,2026-02-06 10:56:00,2026-03-21 10:56:00
507105,2023-11-13 01:48:00,1222,P1069,S013,6,0.05,Net Banking,2023-11-13 04:26:00,2023-11-21 04:26:00
507106,2025-04-25 14:45:00,1129,P1121,S004,2,0.15,Cash,2025-04-25 17:17:00,2025-06-16 17:17:00
507107,2026-01-12 01:31:00,1366,P1030,S024,1,0.0,UPI,2026-01-12 02:30:00,2026-03-09 02:30:00
507108,2025-07-06 18:30:00,1197,P1012,S002,3,0.05,UPI,2025-07-06 20:30:00,2025-07-31 20:30:00
507109,2023-02-20 20:58:00,1359,P1111,S010,3,0.05,Net Banking,2023-02-20 22:01:00,2023-04-05 22:01:00
507110,2023-12-08 04:15:00,1093,P1037,S001,5,0.0,Credit Card,2023-12-08 05:42:00,2023-12-28 05:42:00
507111,2024-06-16 10:41:00,1096,P1028,S005,1,0.05,Debit Card,2024-06-16 13:41:00,2024-07-11 13:41:00
507112,2024-06-12 20:52:00,1130,P1028,S003,4,0.2,Cash,2024-06-12 20:58:00,2024-07-18 20:58:00
507113,2024-11-13 08:22:00,1356,P1081,S004,8,0.15,Debit Card,2024-11-13 09:02:00,2024-12-04 09:02:00
507114,2025-05-01 22:39:00,1216,P1078,S020,6,0.0,Net Banking,2025-05-02 01:02:00,2025-05-16 01:02:00
507115,2023-12-28 13:09:00,1316,P1124,S012,8,0.05,UPI,2023-12-28 15:19:00,2024-02-25 15:19:00
507116,2024-01-28 22:57:00,1355,P1051,S001,7,0.0,Debit Card,2024-01-28 23:22:00,2024-02-15 23:22:00
507117,2024-04-29 05:32:00,1188,P1136,S019,5,0.15,UPI,2024-04-29 07:40:00,2024-06-28 07:40:00
507118,2023-02-13 13:38:00,1380,P1141,S004,3,0.05,Cash,2023-02-13 16:05:00,2023-03-31 16:05:00
507119,2023-05-27 01:16:00,1031,P1127,S004,2,0.05,wallet,2023-05-27 02:33:00,2023-07-03 02:33:00
507120,2025-05-14 08:27:00,1028,P1099,S023,8,0.2,Debit Card,2025-05-14 10:45:00,2025-06-22 10:45:00
507121,2026-01-08 00:12:00,1073,P1118,S016,1,0.1,Credit Card,2026-01-08 02:45:00,2026-01-14 02:45:00
507122,2026-01-13 23:31:00,1369,P1130,S023,6,0.05,Wallet,2026-01-14 00:56:00,2026-01-18 00:56:00
507123,2024-05-30 05:53:00,1329,P1014,S008,8,0.15,Credit Card,2024-05-30 08:20:00,2024-06-27 08:20:00
507124,2024-04-20 16:00:00,1464,P1024,S009,4,0.05,Wallet,2024-04-20 16:07:00,2024-05-06 16:07:00
507125,2025-05-05 23:43:00,1313,P1080,S021,5,0.0,UPI,2025-05-06 02:28:00,2025-07-05 02:28:00
507126,2024-06-24 04:13:00,1008,P1009,S023,7,0.1,Net Banking,2024-06-24 04:49:00,2024-08-22 04:49:00
507127,2025-02-07 05:44:00,1481,P1058,S009,8,0.2,UPI,2025-02-07 08:41:00,2025-02-19 08:41:00
507128,2024-04-14 09:54:00,1048,P1017,S010,8,0.1,Cash,2024-04-14 10:36:00,2024-06-10 10:36:00
507129,2025-08-17 10:54:00,1087,P1082,S003,5,0.0,Debit Card,2025-08-17 12:58:00,2025-08-31 12:58:00
507130,2025-05-09 02:29:00,1045,P1046,S009,4,0.05,UPI,2025-05-09 03:17:00,2025-07-03 03:17:00
507131,2025-07-27 18:09:00,1415,P1103,S004,8,0.1,UPI,2025-07-27 19:13:00,2025-08-26 19:13:00
507132,2024-04-12 10:40:00,1020,P1011,S025,6,0.15,Net Banking,2024-04-12 11:32:00,2024-05-27 11:32:00
507133,2024-07-08 03:54:00,1251,P1054,S009,1,0.15,Net Banking,2024-07-08 05:48:00,2024-07-17 05:48:00
507134,2025-10-01 10:16:00,1397,P1047,S013,4,0.0,Wallet,2025-10-01 10:45:00,2025-10-15 10:45:00
507135,2023-07-30 10:59:00,1283,P1149,S005,3,0.2,Net Banking,2023-07-30 11:13:00,2023-09-26 11:13:00
507136,2024-02-18 01:37:00,1039,P1058,S007,8,0.0,Debit Card,2024-02-18 02:15:00,2024-02-27 02:15:00
507137,2024-10-21 22:02:00,1264,P1105,S001,8,0.05,Net Banking,2024-10-21 22:57:00,2024-12-01 22:57:00
507138,2024-09-03 06:02:00,1258,P1118,S007,5,0.1,UPI,2024-09-03 07:47:00,2024-09-11 07:47:00
507139,2023-10-11 18:23:00,1227,P1038,S018,6,0.1,Net Banking,2023-10-11 18:52:00,2023-11-19 18:52:00
507140,2025-02-24 15:39:00,1195,P1011,S021,3,0.15,Net Banking,2025-02-24 16:40:00,2025-03-03 16:40:00
507141,2025-05-20 06:46:00,1475,P1113,S014,6,0.15,Wallet,2025-05-20 08:01:00,2025-06-23 08:01:00
507142,2023-07-15 04:33:00,1210,P1090,S011,3,0.0,UPI,2023-07-15 04:47:00,2023-09-12 04:47:00
507143,2023-03-14 22:52:00,1170,P1055,S003,7,0.0,Debit Card,2023-03-15 01:24:00,2023-05-02 01:24:00
507144,2025-02-22 12:30:00,1173,P1114,S025,2,0.05,Debit Card,2025-02-22 14:51:00,2025-04-06 14:51:00
507145,2023-05-29 03:53:00,1076,P1138,S022,2,0.0,Debit Card,2023-05-29 04:26:00,2023-07-06 04:26:00
507146,2023-12-12 06:35:00,1167,P1047,S009,8,,Cash,2023-12-12 09:16:00,2024-01-23 09:16:00
507147,2024-10-16 22:53:00,1495,P1091,S002,6,0.1,Debit Card,2024-10-17 00:24:00,2024-11-04 00:24:00
507148,2026-01-12 16:56:00,1264,P1012,S013,1,0.1,Credit Card,2026-01-12 18:21:00,2026-02-19 18:21:00
507149,2026-01-28 15:32:00,1492,P1149,S019,5,0.2,Wallet,2026-01-28 17:47:00,2026-03-03 17:47:00
507150,2026-01-20 09:49:00,1001,P1102,S002,3,0.15,Net Banking,2026-01-20 11:00:00,2026-03-15 11:00:00
507151,2023-03-13 18:40:00,1158,P1013,S012,3,0.0,Net Banking,2023-03-13 20:13:00,2023-04-20 20:13:00
507152,2025-12-14 18:39:00,1469,P1001,S025,8,0.15,Cash,2025-12-14 18:43:00,2025-12-25 18:43:00
507153,2024-02-02 01:34:00,1047,P1085,S008,1,0.05,NET BANKING,2024-02-02 03:42:00,2024-03-29 03:42:00
507154,2024-03-27 06:12:00,1465,P1120,S015,1,0.1,Credit Card,2024-03-27 07:51:00,2024-05-17 07:51:00
507155,2026-03-01 15:37:00,1120,P1139,S010,2,0.05,Wallet,2026-03-01 16:11:00,2026-03-23 16:11:00
507156,2025-07-08 18:40:00,1115,P1037,S012,4,0.05,Credit Card,2025-07-08 19:06:00,2025-08-27 19:06:00
507157,2025-01-02 16:48:00,1401,P1067,S025,1,0.1,UPI,2025-01-02 19:11:00,2025-02-03 19:11:00
507158,2025-05-15 05:31:00,1071,P1025,S005,2,0.0,Wallet,2025-05-15 06:41:00,2025-05-26 06:41:00
507159,2024-10-29 09:41:00,1332,P1132,S025,6,0.0,Credit Card,2024-10-29 10:50:00,2024-11-17 10:50:00
507160,2024-09-03 13:44:00,1348,P1019,S013,2,0.0,Cash,2024-09-03 14:02:00,2024-09-04 14:02:00
507161,2023-07-29 07:56:00,1348,P1149,S024,8,0.05,UPI,2023-07-29 09:59:00,2023-08-29 09:59:00
507162,2024-11-16 03:45:00,1487,P1101,S001,8,0.05,Cash,2024-11-16 05:02:00,2024-12-26 05:02:00
507163,2023-12-19 01:19:00,1326,P1046,S022,5,0.0,Debit Card,2023-12-19 01:29:00,2024-01-03 01:29:00
507164,2024-09-13 00:06:00,1228,P1143,S011,7,0.05,Wallet,2024-09-13 00:46:00,2024-09-17 00:46:00
507165,2024-09-27 06:25:00,1173,P1094,S002,2,0.05,Net Banking,2024-09-27 06:42:00,2024-10-14 06:42:00
507166,2023-02-02 08:15:00,1082,P1136,S014,7,0.15,Cash,2023-02-02 08:36:00,2023-04-01 08:36:00
507167,2025-06-17 11:24:00,1459,P1129,S025,4,0.15,Credit Card,2025-06-17 12:39:00,2025-07-12 12:39:00
507168,2024-02-27 04:02:00,1268,P1025,S014,6,0.05,UPI,2024-02-27 06:27:00,2024-03-16 06:27:00
507169,2026-03-31 21:38:00,1269,P1121,S002,2,0.1,Cash,2026-03-31 21:38:00,2026-05-14 21:38:00
507170,2023-08-20 16:30:00,1322,P1042,S016,4,0.2,Credit Card,2023-08-20 16:44:00,2023-10-09 16:44:00
507171,2024-06-29 12:29:00,1119,P1023,S010,7,0.1,Credit Card,2024-06-29 14:46:00,2024-08-17 14:46:00
507172,2024-11-14 00:32:00,1090,P1061,S005,5,0.05,Net Banking,2024-11-14 02:44:00,2024-12-30 02:44:00
507173,2025-04-21 18:27:00,1157,P1115,S022,8,0.05,Credit Card,2025-04-21 21:07:00,2025-06-06 21:07:00
507174,2024-05-25 15:10:00,1453,P1043,S020,3,0.0,Credit Card,2024-05-25 16:15:00,2024-07-19 16:15:00
507175,2024-04-17 04:19:00,1202,P1019,S017,7,0.2,Wallet,2024-04-17 04:20:00,2024-06-15 04:20:00
507176,2024-08-14 12:01:00,1302,P1039,S015,5,0.1,UPI,2024-08-14 13:32:00,2024-09-08 13:32:00
507177,2025-01-20 23:44:00,1184,P1135,S006,7,0.0,Cash,2025-01-21 01:28:00,2025-03-01 01:28:00
507178,2023-07-14 06:17:00,1389,P1134,S022,2,0.05,Debit Card,2023-07-14 07:13:00,2023-08-23 07:13:00
507179,2026-02-21 01:11:00,1201,P1044,S003,8,0.1,Cash,2026-02-21 02:32:00,2026-04-17 02:32:00
507180,2025-06-11 01:19:00,1153,P1038,S009,2,0.1,Credit Card,2025-06-11 02:35:00,2025-06-14 02:35:00
507181,2025-05-02 10:24:00,1037,P1102,S002,5,0.15,DEBIT CARD,2025-05-02 11:03:00,2025-05-29 11:03:00
507182,2024-05-19 00:56:00,1083,P1079,S015,7,0.15,Wallet,2024-05-19 01:02:00,2024-06-16 01:02:00
507183,2023-01-21 11:49:00,1431,P1056,S020,8,0.2,Credit Card,2023-01-21 12:44:00,2023-01-25 12:44:00
507184,2025-08-04 09:30:00,1407,P1058,S016,8,0.15,Credit Card,2025-08-04 11:06:00,2025-08-28 11:06:00
507185,2024-09-16 23:11:00,1248,P1131,S010,2,0.05,Net Banking,2024-09-17 00:16:00,2024-09-27 00:16:00
507186,2025-10-03 20:26:00,1387,P1130,S005,7,0.0,Credit Card,2025-10-03 20:53:00,2025-10-11 20:53:00
507187,2024-07-26 22:37:00,1430,P1142,S015,8,0.2,Net Banking,2024-07-27 01:13:00,2024-09-20 01:13:00
507188,2024-08-09 21:53:00,1299,P1080,S023,1,0.15,Wallet,2024-08-10 00:02:00,2024-08-14 00:02:00
507189,2026-02-03 03:11:00,1206,P1024,S024,1,0.1,UPI,2026-02-03 05:08:00,2026-02-25 05:08:00
507190,2026-02-18 13:30:00,1166,P1134,S013,5,0.2,UPI,2026-02-18 14:18:00,2026-02-27 14:18:00
507191,2023-03-03 12:54:00,1236,P1020,S013,6,0.15,Net Banking,2023-03-03 13:34:00,2023-03-20 13:34:00
507192,2024-02-02 20:54:00,1401,P1138,S024,7,0.1,UPI,2024-02-02 23:52:00,2024-03-23 23:52:00
507193,2024-01-09 00:21:00,1182,P1033,S017,1,0.15,Net Banking,2024-01-09 01:28:00,2024-01-16 01:28:00
507194,2025-05-12 09:29:00,1059,P1108,S019,7,0.05,UPI,2025-05-12 11:32:00,2025-05-12 11:32:00
507195,2023-11-06 21:15:00,1065,P1126,S001,7,0.1,Credit Card,2023-11-06 22:04:00,2023-11-30 22:04:00
507196,2026-02-20 02:13:00,1304,P1085,S013,3,0.05,Debit Card,2026-02-20 04:13:00,2026-03-26 04:13:00
507197,2024-08-26 07:23:00,1035,P1042,S019,1,0.1,Debit Card,2024-08-26 10:09:00,2024-10-24 10:09:00
507198,2026-01-21 18:51:00,1363,P1142,S012,6,0.05,debit card,2026-01-21 20:37:00,2026-02-04 20:37:00
507199,2023-04-09 10:54:00,1143,P1081,S003,1,0.15,Wallet,2023-04-09 11:04:00,2023-04-12 11:04:00
507200,2025-02-19 13:00:00,1263,P1012,S019,6,0.2,Credit Card,2025-02-19 14:35:00,2025-03-26 14:35:00
507201,2024-06-18 06:37:00,1258,P1022,S011,4,0.05,Credit Card,2024-06-18 09:20:00,2024-07-29 09:20:00
507202,2025-02-06 15:03:00,1055,P1106,S018,7,0.15,Wallet,2025-02-06 15:46:00,2025-02-13 15:46:00
507203,2023-03-30 05:52:00,1342,P1047,S017,2,0.1,Net Banking,2023-03-30 08:09:00,2023-05-07 08:09:00
507204,2025-11-02 19:25:00,1223,P1025,S023,8,0.2,UPI,2025-11-02 20:54:00,2025-12-28 20:54:00
507205,2025-01-19 08:43:00,1097,P1099,S003,2,0.1,Credit Card,2025-01-19 11:04:00,2025-03-04 11:04:00
507206,2026-02-16 07:14:00,1391,P1079,S010,4,0.1,Cash,2026-02-16 08:50:00,2026-03-12 08:50:00
507207,2024-07-31 07:03:00,1330,P1037,S014,8,0.2,Wallet,2024-07-31 08:02:00,2024-08-18 08:02:00
507208,2024-07-03 10:51:00,1375,P1017,S004,6,,Cash,2024-07-03 12:32:00,2024-07-30 12:32:00
507209,2026-02-25 20:04:00,1002,P1099,S010,1,0.1,Cash,2026-02-25 21:48:00,2026-04-24 21:48:00
507210,2025-11-13 15:54:00,1015,P1020,S016,3,0.2,Cash,2025-11-13 17:43:00,2025-12-09 17:43:00
507211,2023-07-16 09:47:00,1117,P1005,S015,5,0.2,Wallet,2023-07-16 12:27:00,2023-08-15 12:27:00
507212,2023-02-28 04:29:00,1375,P1035,S016,4,0.0,UPI,2023-02-28 07:02:00,2023-03-31 07:02:00
507213,2025-05-25 19:50:00,1203,P1096,S005,2,0.15,Debit Card,2025-05-25 22:19:00,2025-06-13 22:19:00
507214,2025-01-31 20:25:00,1298,P1140,S018,5,0.05,Net Banking,2025-01-31 21:45:00,2025-03-07 21:45:00
507215,2025-05-17 17:18:00,1116,P1143,S001,7,0.2,Debit Card,2025-05-17 18:35:00,2025-07-09 18:35:00
507216,2023-08-06 09:23:00,1295,P1091,S012,8,0.05,Net Banking,2023-08-06 11:22:00,2023-10-02 11:22:00
507217,2023-05-15 10:40:00,1232,P1148,S020,8,0.05,Net Banking,2023-05-15 12:28:00,2023-06-29 12:28:00
507218,2023-06-14 11:59:00,1097,P1006,S005,4,0.05,Cash,2023-06-14 13:47:00,2023-06-19 13:47:00
507219,2025-04-04 06:38:00,1365,P1073,S025,8,0.05,Net Banking,2025-04-04 07:01:00,2025-04-29 07:01:00
507220,2025-07-12 12:33:00,1356,P1099,S012,7,0.1,Cash,2025-07-12 14:31:00,2025-08-24 14:31:00
507221,2023-08-12 17:50:00,1479,P1124,S012,4,0.1,UPI,2023-08-12 18:10:00,2023-09-24 18:10:00
507222,2025-06-04 03:40:00,1328,P1113,S025,6,0.0,UPI,2025-06-04 06:07:00,2025-07-31 06:07:00
507223,2025-09-21 10:26:00,1410,P1073,S009,1,0.15,UPI,2025-09-21 11:21:00,2025-11-12 11:21:00
507224,2023-11-09 03:02:00,1454,P1099,S006,7,0.2,Cash,2023-11-09 05:32:00,2023-11-15 05:32:00
507225,2025-05-09 15:10:00,1259,P1062,S007,3,0.05,cash,2025-05-09 17:06:00,2025-06-28 17:06:00
507226,2024-03-01 15:12:00,1212,P1133,S006,5,0.05,Cash,2024-03-01 15:28:00,2024-04-06 15:28:00
507227,2025-10-21 02:48:00,1024,P1012,S014,8,0.2,Wallet,2025-10-21 03:20:00,2025-12-16 03:20:00
507228,2025-07-08 05:27:00,1190,P1109,S019,2,0.1,Wallet,2025-07-08 07:24:00,2025-07-15 07:24:00
507229,2025-08-17 00:04:00,1424,P1140,S007,5,0.1,Debit Card,2025-08-17 00:44:00,2025-09-25 00:44:00
507230,2023-06-10 12:17:00,1250,P1028,S012,1,0.0,Cash,2023-06-10 13:55:00,2023-06-11 13:55:00
507231,2025-03-16 11:58:00,1170,P1052,S002,1,0.1,Debit Card,2025-03-16 12:40:00,2025-04-20 12:40:00
507232,2025-02-05 15:44:00,1453,P1103,S018,6,0.2,Credit Card,2025-02-05 18:31:00,2025-03-09 18:31:00
507233,2023-11-04 04:55:00,1379,P1014,S001,7,0.1,Wallet,2023-11-04 05:27:00,2023-12-29 05:27:00
507234,2025-09-06 20:28:00,1060,P1077,S009,3,0.0,UPI,2025-09-06 21:46:00,2025-10-17 21:46:00
507235,2025-11-05 21:00:00,1147,P1037,S001,7,0.2,Cash,2025-11-05 21:53:00,2026-01-02 21:53:00
507236,2023-12-21 02:59:00,1144,P1110,S014,8,0.0,Wallet,2023-12-21 05:06:00,2023-12-22 05:06:00
507237,2026-02-16 03:51:00,1199,P1037,S004,2,0.15,Cash,2026-02-16 05:56:00,2026-03-27 05:56:00
507238,2023-08-11 04:15:00,1200,P1088,S017,4,0.15,Debit Card,2023-08-11 04:25:00,2023-08-27 04:25:00
507239,2026-01-09 00:47:00,1370,P1025,S014,7,0.1,Net Banking,2026-01-09 03:39:00,2026-02-18 03:39:00
507240,2023-07-28 07:27:00,1084,P1043,S025,3,0.0,Net Banking,2023-07-28 09:11:00,2023-09-10 09:11:00
507241,2025-02-09 02:43:00,1052,P1061,S001,6,0.0,Net Banking,2025-02-09 02:50:00,2025-02-17 02:50:00
507242,2025-02-19 07:38:00,1249,P1141,S007,5,0.2,Net Banking,2025-02-19 10:04:00,2025-03-07 10:04:00
507243,2023-05-28 22:17:00,1388,P1143,S005,5,0.15,Debit Card,2023-05-28 23:58:00,2023-05-28 23:58:00
507244,2023-02-01 23:29:00,1439,P1078,S007,5,0.1,Debit Card,2023-02-02 01:54:00,2023-03-18 01:54:00
507245,2023-08-20 21:29:00,1220,P1099,S003,7,0.05,UPI,2023-08-20 23:03:00,2023-09-13 23:03:00
507246,2024-03-31 05:15:00,1093,P1096,S001,2,0.2,Cash,2024-03-31 07:44:00,2024-05-29 07:44:00
507247,2025-02-26 02:02:00,1412,P1027,S013,6,0.2,Wallet,2025-02-26 02:51:00,2025-03-06 02:51:00
507248,2023-01-10 17:29:00,1343,P1122,S022,1,0.1,Wallet,2023-01-10 18:07:00,2023-02-03 18:07:00
507249,2023-06-05 23:07:00,1433,P1135,S018,4,0.0,Net Banking,2023-06-06 01:45:00,2023-06-20 01:45:00
507250,2023-02-07 08:21:00,1045,P1102,S022,8,0.05,Net Banking,2023-02-07 11:01:00,2023-03-11 11:01:00
507251,2023-06-18 19:15:00,1067,P1009,S003,6,0.2,UPI,2023-06-18 19:17:00,2023-07-05 19:17:00
507252,2024-12-17 05:30:00,1041,P1141,S015,7,0.1,CASH,2024-12-17 06:28:00,2024-12-24 06:28:00
507253,2025-10-03 05:11:00,1081,P1131,S013,6,0.0,Wallet,2025-10-03 06:21:00,2025-10-09 06:21:00
507254,2024-05-23 16:19:00,1050,P1146,S012,3,0.05,Credit Card,2024-05-23 16:50:00,2024-05-26 16:50:00
507255,2024-06-25 18:11:00,1139,P1066,S009,1,0.15,Cash,2024-06-25 21:07:00,2024-08-20 21:07:00
507256,2023-06-25 11:36:00,1356,P1033,S005,1,0.2,Cash,2023-06-25 14:17:00,2023-07-06 14:17:00
507257,2025-02-27 22:43:00,1277,P1099,S003,4,0.2,Credit Card,2025-02-27 23:54:00,2025-04-20 23:54:00
507258,2024-12-14 10:44:00,1151,P1057,S006,2,0.0,Wallet,2024-12-14 13:14:00,2024-12-21 13:14:00
507259,2025-09-15 05:17:00,1377,P1016,S025,6,0.0,Net Banking,2025-09-15 06:46:00,2025-10-09 06:46:00
507260,2023-12-25 01:33:00,1283,P1106,S004,8,0.2,UPI,2023-12-25 04:16:00,2023-12-27 04:16:00
507261,2025-12-13 15:58:00,1175,P1058,S017,5,0.15,Credit Card,2025-12-13 16:26:00,2025-12-25 16:26:00
507262,2023-11-03 08:09:00,1457,P1092,S015,1,0.05,Cash,2023-11-03 08:24:00,2023-12-29 08:24:00
507263,2025-01-15 18:49:00,1096,P1081,S016,1,0.15,Wallet,2025-01-15 20:24:00,2025-02-21 20:24:00
507264,2024-01-18 15:53:00,1295,P1041,S020,1,0.1,Wallet,2024-01-18 18:40:00,2024-03-05 18:40:00
507265,2025-05-31 23:36:00,1388,P1019,S003,8,0.05,UPI,2025-06-01 02:13:00,2025-07-05 02:13:00
507266,2024-04-11 15:03:00,1221,P1019,S013,8,0.0,Cash,2024-04-11 15:49:00,2024-05-25 15:49:00
507267,2025-08-30 05:52:00,1078,P1038,S024,5,0.0,UPI,2025-08-30 07:59:00,2025-09-02 07:59:00
507268,2023-12-06 13:10:00,1274,P1053,S001,4,0.05,UPI,2023-12-06 13:34:00,2023-12-07 13:34:00
507269,2026-03-31 02:19:00,1063,P1148,S008,5,0.0,Debit Card,2026-03-31 03:16:00,2026-05-10 03:16:00
507270,2024-05-22 02:43:00,1452,P1133,S020,3,0.05,UPI,2024-05-22 03:00:00,2024-07-06 03:00:00
507271,2025-09-13 07:05:00,1237,P1037,S019,8,0.05,Net Banking,2025-09-13 08:03:00,2025-10-20 08:03:00
507272,2025-07-11 14:04:00,1483,P1011,S010,3,0.05,Net Banking,2025-07-11 14:57:00,2025-09-07 14:57:00
507273,2025-08-18 21:25:00,1012,P1002,S001,8,0.15,Net Banking,2025-08-18 23:34:00,2025-10-14 23:34:00
507274,2025-05-24 09:10:00,1234,P1009,S020,8,0.2,Debit Card,2025-05-24 11:07:00,2025-07-19 11:07:00
507275,2023-11-02 11:15:00,1034,P1049,S017,6,0.1,UPI,2023-11-02 13:45:00,2023-12-11 13:45:00
507276,2024-04-07 03:55:00,1333,P1067,S009,6,0.0,Net Banking,2024-04-07 05:52:00,2024-05-17 05:52:00
507277,2025-01-04 08:17:00,1115,P1053,S009,5,0.0,Credit Card,2025-01-04 09:00:00,2025-02-15 09:00:00
507278,2025-02-02 22:35:00,1489,P1093,S011,2,0.0,Net Banking,2025-02-03 01:22:00,2025-03-07 01:22:00
507279,2025-12-11 19:09:00,1053,P1114,S004,1,0.2,Wallet,2025-12-11 21:51:00,2026-02-01 21:51:00
507280,2025-07-16 08:34:00,1042,P1087,S020,7,0.1,Wallet,2025-07-16 09:57:00,2025-07-31 09:57:00
507281,2025-03-23 22:00:00,1230,P1035,S011,5,0.15,Cash,2025-03-24 00:23:00,2025-05-10 00:23:00
507282,2025-10-17 10:15:00,1281,P1031,S024,8,0.15,Net Banking,2025-10-17 12:25:00,2025-12-04 12:25:00
507283,2024-04-05 11:12:00,1242,P1135,S003,2,0.0,Wallet,2024-04-05 11:45:00,2024-04-22 11:45:00
507284,2023-08-31 13:09:00,1267,P1146,S016,5,0.1,Cash,2023-08-31 13:38:00,2023-10-08 13:38:00
507285,2024-02-17 02:26:00,1046,P1089,S022,2,0.15,Debit Card,2024-02-17 04:49:00,2024-04-01 04:49:00
507286,2023-08-24 22:39:00,1025,P1070,S009,6,0.0,Net Banking,2023-08-24 22:43:00,2023-09-24 22:43:00
507287,2025-02-10 09:53:00,1093,P1062,S024,1,0.15,Wallet,2025-02-10 12:20:00,2025-04-06 12:20:00
507288,2025-05-21 02:54:00,1059,P1123,S021,5,0.2,Debit Card,2025-05-21 05:31:00,2025-05-21 05:31:00
507289,2023-12-02 10:10:00,1210,P1119,S004,4,0.0,Cash,2023-12-02 11:18:00,2024-01-25 11:18:00
507290,2024-08-30 15:58:00,1297,P1007,S025,8,0.1,Credit Card,2024-08-30 16:48:00,2024-10-13 16:48:00
507291,2024-11-27 17:41:00,1105,P1042,S024,5,0.05,Debit Card,2024-11-27 20:05:00,2025-01-01 20:05:00
507292,2025-01-09 03:15:00,1036,P1105,S024,6,0.1,Credit Card,2025-01-09 04:03:00,2025-01-23 04:03:00
507293,2023-10-01 07:11:00,1291,P1057,S012,6,0.0,Cash,2023-10-01 08:21:00,2023-10-27 08:21:00
507294,2025-10-13 17:33:00,1476,P1128,S016,8,0.05,UPI,2025-10-13 18:22:00,2025-11-24 18:22:00
507295,2024-09-22 07:59:00,1439,P1031,S017,5,0.05,Cash,2024-09-22 10:23:00,2024-10-23 10:23:00
507296,2023-08-16 23:24:00,1162,P1107,S010,6,0.1,Wallet,2023-08-17 02:03:00,2023-09-13 02:03:00
507297,2024-03-22 19:54:00,1134,P1005,S007,5,0.15,Cash,2024-03-22 20:35:00,2024-04-24 20:35:00
507298,2025-04-02 09:47:00,1137,P1079,S001,7,0.15,Net Banking,2025-04-02 11:21:00,2025-05-16 11:21:00
507299,2024-09-06 04:21:00,1264,P1049,S013,4,0.0,Wallet,2024-09-06 05:16:00,2024-09-16 05:16:00
507300,2026-02-07 00:04:00,1343,P1139,S016,3,0.0,Wallet,2026-02-07 00:29:00,2026-03-20 00:29:00
507301,2024-01-24 18:34:00,1009,P1043,S002,1,0.1,Cash,2024-01-24 19:22:00,2024-03-10 19:22:00
507302,2024-11-30 14:56:00,1104,P1138,S014,2,0.15,Wallet,2024-11-30 15:38:00,2025-01-11 15:38:00
507303,2023-04-08 02:34:00,1298,P1028,S008,7,0.1,UPI,2023-04-08 04:23:00,2023-04-12 04:23:00
507304,2025-04-26 18:21:00,1401,P1093,S024,2,0.2,Debit Card,2025-04-26 20:39:00,2025-04-28 20:39:00
507305,2023-04-06 09:41:00,1250,P1062,S012,1,0.05,upi,2023-04-06 11:47:00,2023-06-03 11:47:00
507306,2025-11-15 16:19:00,1426,P1076,S003,7,0.05,Credit Card,2025-11-15 18:49:00,2025-12-14 18:49:00
507307,2023-12-04 16:20:00,1439,P1058,S008,7,0.15,Wallet,2023-12-04 17:50:00,2023-12-30 17:50:00
507308,2023-01-11 05:14:00,1447,P1024,S016,3,0.0,UPI,2023-01-11 06:39:00,2023-01-20 06:39:00
507309,2026-02-17 05:34:00,1127,P1008,S023,6,0.0,UPI,2026-02-17 08:00:00,2026-02-21 08:00:00
507310,2023-11-14 14:05:00,1181,P1134,S003,5,0.15,Wallet,2023-11-14 16:41:00,2023-11-15 16:41:00
507311,2026-03-23 13:42:00,1171,P1097,S005,4,0.05,UPI,2026-03-23 13:55:00,2026-05-07 13:55:00
507312,2024-06-07 14:36:00,1486,P1132,S017,6,0.1,Credit Card,2024-06-07 16:31:00,2024-07-02 16:31:00
507313,2024-06-18 20:24:00,1260,P1040,S020,6,0.1,Cash,2024-06-18 21:34:00,2024-07-08 21:34:00
507314,2024-02-26 15:13:00,1480,P1003,S002,4,0.0,Debit Card,2024-02-26 16:16:00,2024-03-11 16:16:00
507315,2025-07-23 03:24:00,1416,P1039,S008,5,0.05,Debit Card,2025-07-23 06:14:00,2025-08-17 06:14:00
507316,2024-05-21 23:41:00,1466,P1033,S021,2,0.2,Debit Card,2024-05-21 23:52:00,2024-05-28 23:52:00
507317,2023-01-25 00:06:00,1301,P1089,S005,1,0.15,Wallet,2023-01-25 00:28:00,2023-02-02 00:28:00
507318,2025-10-26 03:34:00,1337,P1075,S004,5,0.15,Debit Card,2025-10-26 05:40:00,2025-12-11 05:40:00
507319,2025-05-02 13:41:00,1023,P1127,S002,5,0.05,Wallet,2025-05-02 14:41:00,2025-05-30 14:41:00
507320,2025-08-30 06:48:00,1189,P1021,S009,4,0.1,Credit Card,2025-08-30 08:44:00,2025-10-14 08:44:00
507321,2024-10-19 11:47:00,1380,P1043,S005,3,0.2,Wallet,2024-10-19 12:54:00,2024-11-15 12:54:00
507322,2024-09-07 14:48:00,1019,P1015,S020,8,0.1,Net Banking,2024-09-07 16:31:00,2024-10-01 16:31:00
507323,2023-01-03 18:58:00,1079,P1098,S004,4,0.1,Net Banking,2023-01-03 19:21:00,2023-02-13 19:21:00
507324,2023-07-21 11:06:00,1279,P1095,S020,5,0.0,UPI,2023-07-21 12:22:00,2023-07-27 12:22:00
507325,2024-09-28 16:38:00,1223,P1002,S018,5,0.15,NET BANKING,2024-09-28 18:20:00,2024-10-19 18:20:00
507326,2025-01-25 08:42:00,1440,P1081,S013,8,0.15,Debit Card,2025-01-25 09:51:00,2025-03-04 09:51:00
507327,2025-01-24 13:58:00,1126,P1075,S001,1,0.0,Wallet,2025-01-24 14:15:00,2025-02-03 14:15:00
507328,2024-11-02 04:11:00,1452,P1076,S001,2,0.1,UPI,2024-11-02 06:47:00,2024-11-03 06:47:00
507329,2025-09-15 13:10:00,1415,P1070,S006,1,0.0,Credit Card,2025-09-15 15:41:00,2025-10-30 15:41:00
507330,2023-08-12 14:08:00,1304,P1077,S008,5,0.05,Credit Card,2023-08-12 14:55:00,2023-08-14 14:55:00
507331,2023-02-20 16:59:00,1495,P1022,S022,6,0.15,Cash,2023-02-20 17:34:00,2023-03-11 17:34:00
507332,2025-11-14 15:13:00,1343,P1062,S015,3,0.05,UPI,2025-11-14 16:26:00,2025-11-21 16:26:00
507333,2025-07-24 07:20:00,1327,P1055,S013,2,0.2,Cash,2025-07-24 09:26:00,2025-07-30 09:26:00
507334,2025-08-13 08:36:00,1466,P1093,S007,6,0.05,Debit Card,2025-08-13 10:43:00,2025-09-14 10:43:00
507335,2025-12-28 10:55:00,1164,P1083,S021,6,0.0,Debit Card,2025-12-28 11:58:00,2026-02-17 11:58:00
507336,2024-07-07 03:18:00,1476,P1014,S010,4,0.2,Cash,2024-07-07 04:21:00,2024-08-02 04:21:00
507337,2023-09-18 09:15:00,1263,P1076,S018,7,0.0,Cash,2023-09-18 09:15:00,2023-10-22 09:15:00
507338,2024-06-22 20:07:00,1378,P1040,S012,1,0.2,Wallet,2024-06-22 21:23:00,2024-07-11 21:23:00
507339,2025-02-20 18:12:00,1255,P1085,S023,8,0.2,Wallet,2025-02-20 19:15:00,2025-04-10 19:15:00
507340,2023-04-10 03:20:00,1271,P1140,S001,7,0.05,Net Banking,2023-04-10 04:51:00,2023-04-11 04:51:00
507341,2024-11-26 16:18:00,1178,P1002,S021,6,0.05,Net Banking,2024-11-26 17:43:00,2024-12-13 17:43:00
507342,2025-03-07 11:15:00,1434,P1066,S016,7,0.2,UPI,2025-03-07 13:18:00,2025-03-09 13:18:00
507343,2026-02-06 11:55:00,1121,P1081,S002,6,0.0,Net Banking,2026-02-06 13:36:00,2026-03-13 13:36:00
507344,2024-04-30 08:19:00,1235,P1093,S012,5,0.15,Wallet,2024-04-30 08:26:00,2024-05-11 08:26:00
507345,2023-04-19 03:58:00,1454,P1087,S001,4,0.05,cash,2023-04-19 05:08:00,2023-04-30 05:08:00
507346,2026-03-25 07:24:00,1154,P1010,S005,2,0.0,UPI,2026-03-25 09:43:00,2026-04-08 09:43:00
507347,2024-07-04 11:19:00,1022,P1074,S013,1,0.15,Debit Card,2024-07-04 13:45:00,2024-08-06 13:45:00
507348,2024-01-20 09:40:00,1011,P1109,S014,7,0.05,Debit Card,2024-01-20 12:08:00,2024-02-02 12:08:00
507349,2023-09-12 13:24:00,1381,P1083,S016,8,0.05,WALLET,2023-09-12 13:37:00,2023-10-05 13:37:00
507350,2026-03-23 01:16:00,1327,P1076,S007,7,0.05,Credit Card,2026-03-23 02:47:00,2026-04-13 02:47:00
507351,2024-01-31 02:38:00,1109,P1019,S023,3,0.0,wallet,2024-01-31 05:18:00,2024-03-21 05:18:00
507352,2023-04-06 17:07:00,1494,P1011,S007,8,0.15,Credit Card,2023-04-06 17:37:00,2023-05-19 17:37:00
507353,2026-01-27 00:56:00,1229,P1128,S018,2,0.2,Wallet,2026-01-27 01:04:00,2026-03-28 01:04:00
507354,2025-04-05 17:49:00,1006,P1107,S013,7,0.2,Wallet,2025-04-05 19:44:00,2025-06-02 19:44:00
507355,2025-11-04 09:59:00,1101,P1023,S014,6,0.0,Net Banking,2025-11-04 10:50:00,2025-12-26 10:50:00
507356,2026-01-16 06:14:00,1340,P1047,S016,3,0.1,Net Banking,2026-01-16 08:30:00,2026-01-20 08:30:00
507357,2023-04-02 03:54:00,1185,P1079,S007,4,0.1,Cash,2023-04-02 05:02:00,2023-04-05 05:02:00
507358,2025-11-24 19:33:00,1337,P1063,S017,5,0.05,Net Banking,2025-11-24 20:40:00,2025-12-24 20:40:00
507359,2024-10-10 06:54:00,1189,P1133,S001,2,0.1,Credit Card,2024-10-10 08:58:00,2024-10-21 08:58:00
507360,2025-01-25 16:18:00,1079,P1005,S002,4,0.05,Credit Card,2025-01-25 18:44:00,2025-02-20 18:44:00
507361,2023-03-14 05:00:00,1369,P1035,S013,7,,UPI,2023-03-14 05:28:00,2023-05-11 05:28:00
507362,2025-10-02 07:32:00,1354,P1094,S012,6,0.0,Debit Card,2025-10-02 09:02:00,2025-10-22 09:02:00
507363,2023-07-14 20:34:00,1361,P1120,S022,7,0.0,Debit Card,2023-07-14 20:57:00,2023-09-04 20:57:00
507364,2023-11-23 12:50:00,1152,P1079,S008,7,0.15,cash,2023-11-23 14:37:00,2023-12-01 14:37:00
507365,2023-01-07 08:40:00,1045,P1005,S017,1,0.0,Wallet,2023-01-07 11:38:00,2023-01-12 11:38:00
507366,2024-01-01 20:55:00,1142,P1027,S007,6,0.2,Cash,2024-01-01 22:35:00,2024-02-27 22:35:00
507367,2024-06-13 16:37:00,1208,P1069,S005,6,0.05,cash,2024-06-13 18:08:00,2024-08-12 18:08:00
507368,2024-11-24 23:13:00,1251,P1150,S003,1,0.1,Credit Card,2024-11-24 23:36:00,2024-12-22 23:36:00
507369,2025-06-23 05:22:00,1198,P1058,S007,8,0.05,DEBIT CARD,2025-06-23 07:06:00,2025-07-15 07:06:00
507370,2024-01-28 09:34:00,1038,P1016,S001,1,0.0,Credit Card,2024-01-28 11:55:00,2024-03-06 11:55:00
507371,2024-05-28 05:01:00,1068,P1116,S015,7,0.0,Cash,2024-05-28 05:19:00,2024-07-18 05:19:00
507372,2025-03-25 04:23:00,1190,P1121,S018,8,0.1,Debit Card,2025-03-25 07:14:00,2025-05-01 07:14:00
507373,2023-08-16 03:08:00,1257,P1074,S006,2,0.15,Wallet,2023-08-16 05:16:00,2023-09-04 05:16:00
507374,2023-12-26 15:16:00,1040,P1066,S002,5,0.15,Net Banking,2023-12-26 17:57:00,2024-01-04 17:57:00
507375,2026-02-27 21:05:00,1246,P1029,S014,2,0.15,NET BANKING,2026-02-27 21:56:00,2026-03-26 21:56:00
507376,2024-08-26 18:42:00,1384,P1146,S020,2,0.05,Cash,2024-08-26 20:50:00,2024-10-05 20:50:00
507377,2024-04-27 22:33:00,1065,P1116,S020,5,0.0,Debit Card,2024-04-28 01:29:00,2024-06-18 01:29:00
507378,2024-12-18 20:58:00,1303,P1120,S008,4,0.05,UPI,2024-12-18 22:26:00,2024-12-18 22:26:00
507379,2025-12-03 15:02:00,1472,P1132,S006,5,,Net Banking,2025-12-03 15:58:00,2026-01-26 15:58:00
507380,2026-01-24 11:47:00,1031,P1075,S020,8,0.05,Debit Card,2026-01-24 12:26:00,2026-02-24 12:26:00
507381,2024-09-18 09:52:00,1108,P1076,S013,5,0.15,Debit Card,2024-09-18 11:31:00,2024-11-13 11:31:00
507382,2026-03-11 13:54:00,1063,P1064,S004,2,0.0,UPI,2026-03-11 15:20:00,2026-04-16 15:20:00
507383,2025-02-01 04:53:00,1038,P1136,S003,6,0.2,Debit Card,2025-02-01 05:35:00,2025-03-19 05:35:00
507384,2026-01-12 17:04:00,1218,P1144,S017,7,0.15,UPI,2026-01-12 17:45:00,2026-01-24 17:45:00
507385,2025-11-06 21:35:00,1076,P1061,S012,2,0.0,Credit Card,2025-11-06 22:19:00,2025-11-20 22:19:00
507386,2024-11-04 22:10:00,1369,P1068,S019,5,0.1,Cash,2024-11-04 22:54:00,2024-11-24 22:54:00
507387,2023-02-09 06:05:00,1280,P1027,S002,2,0.05,Credit Card,2023-02-09 08:05:00,2023-03-06 08:05:00
507388,2024-07-23 15:03:00,1030,P1131,S004,5,0.0,Debit Card,2024-07-23 17:06:00,2024-08-04 17:06:00
507389,2024-01-05 07:28:00,1487,P1071,S023,6,0.1,Debit Card,2024-01-05 08:59:00,2024-02-02 08:59:00
507390,2023-09-08 14:48:00,1329,P1050,S001,2,0.15,Debit Card,2023-09-08 15:47:00,2023-10-26 15:47:00
507391,2024-06-21 16:29:00,1230,P1136,S003,6,0.2,UPI,2024-06-21 18:09:00,2024-07-14 18:09:00
507392,2025-05-11 12:59:00,1326,P1024,S015,3,0.2,Cash,2025-05-11 14:29:00,2025-06-01 14:29:00
507393,2024-05-28 04:04:00,1028,P1030,S016,2,0.1,cash,2024-05-28 04:59:00,2024-06-24 04:59:00
507394,2023-11-24 05:52:00,1311,P1073,S011,4,0.0,Net Banking,2023-11-24 08:44:00,2023-12-02 08:44:00
507395,2025-04-10 22:51:00,1197,P1073,S010,2,0.2,Wallet,2025-04-11 00:12:00,2025-04-16 00:12:00
507396,2023-02-01 10:17:00,1266,P1084,S024,4,0.2,Wallet,2023-02-01 10:19:00,2023-02-02 10:19:00
507397,2023-01-28 21:42:00,1394,P1041,S001,8,0.2,Cash,2023-01-29 00:16:00,2023-02-15 00:16:00
507398,2023-08-08 22:39:00,1441,P1119,S019,7,0.1,Wallet,2023-08-09 01:10:00,2023-08-11 01:10:00
507399,2026-03-25 22:05:00,1054,P1143,S016,1,0.2,Cash,2026-03-25 23:02:00,2026-03-31 23:02:00
507400,2025-11-29 23:04:00,1466,P1067,S023,2,0.15,Cash,2025-11-30 00:29:00,2025-12-28 00:29:00
507401,2023-05-18 13:56:00,1242,P1013,S022,7,0.15,Cash,2023-05-18 15:18:00,2023-06-14 15:18:00
507402,2026-01-24 17:21:00,1218,P1141,S006,1,0.05,Net Banking,2026-01-24 17:51:00,2026-03-11 17:51:00
507403,2025-01-22 04:41:00,1240,P1077,S002,2,0.1,Debit Card,2025-01-22 06:53:00,2025-02-14 06:53:00
507404,2023-06-20 21:23:00,1264,P1150,S018,6,0.0,UPI,2023-06-20 21:27:00,2023-07-15 21:27:00
507405,2026-01-17 17:41:00,1195,P1126,S018,8,0.05,Debit Card,2026-01-17 18:04:00,2026-01-22 18:04:00
507406,2025-11-13 01:35:00,1358,P1065,S020,7,0.15,Cash,2025-11-13 02:57:00,2025-11-20 02:57:00
507407,2025-02-05 14:42:00,1488,P1098,S019,6,0.1,UPI,2025-02-05 15:07:00,2025-03-21 15:07:00
507408,2023-10-15 06:06:00,1375,P1074,S006,7,0.2,Credit Card,2023-10-15 06:57:00,2023-12-02 06:57:00
507409,2025-02-22 18:39:00,1049,P1057,S021,6,0.15,UPI,2025-02-22 20:07:00,2025-03-23 20:07:00
507410,2023-04-04 03:27:00,1178,P1017,S021,3,0.05,Wallet,2023-04-04 05:47:00,2023-04-22 05:47:00
507411,2024-07-08 20:03:00,1266,P1114,S018,4,0.0,Credit Card,2024-07-08 20:47:00,2024-07-22 20:47:00
507412,2026-01-05 03:57:00,1239,P1101,S002,5,0.0,Net Banking,2026-01-05 05:12:00,2026-02-20 05:12:00
507413,2025-03-22 22:56:00,1468,P1109,S005,3,0.05,Debit Card,2025-03-22 23:43:00,2025-05-08 23:43:00
507414,2026-03-08 22:22:00,1219,P1044,S004,1,0.2,Net Banking,2026-03-08 23:13:00,2026-04-05 23:13:00
507415,2025-01-06 06:11:00,1225,P1035,S002,7,0.15,Cash,2025-01-06 08:04:00,2025-01-14 08:04:00
507416,2025-01-24 08:56:00,1008,P1094,S019,8,0.05,UPI,2025-01-24 11:24:00,2025-03-06 11:24:00
507417,2024-05-07 14:20:00,1242,P1066,S012,1,0.2,Wallet,2024-05-07 17:10:00,2024-05-22 17:10:00
507418,2025-11-23 06:00:00,1421,P1036,S019,5,0.2,UPI,2025-11-23 07:42:00,2025-12-28 07:42:00
507419,2025-06-24 01:17:00,1215,P1125,S005,5,0.05,Cash,2025-06-24 03:45:00,2025-08-07 03:45:00
507420,2023-06-22 18:59:00,1465,P1055,S015,1,0.0,Debit Card,2023-06-22 19:16:00,2023-07-19 19:16:00
507421,2025-07-05 04:00:00,1374,P1136,S018,3,0.05,Net Banking,2025-07-05 04:42:00,2025-08-18 04:42:00
507422,2025-06-25 18:58:00,1393,P1144,S015,8,0.0,UPI,2025-06-25 21:02:00,2025-06-25 21:02:00
507423,2024-10-09 21:10:00,1089,P1069,S010,4,0.0,UPI,2024-10-09 22:26:00,2024-11-21 22:26:00
507424,2023-09-16 19:36:00,1074,P1025,S001,4,0.15,Cash,2023-09-16 20:31:00,2023-11-06 20:31:00
507425,2024-06-24 01:02:00,1374,P1088,S025,5,0.05,Cash,2024-06-24 03:32:00,2024-07-05 03:32:00
507426,2023-02-19 18:32:00,1355,P1132,S004,1,,Debit Card,2023-02-19 19:27:00,2023-02-25 19:27:00
507427,2024-01-21 00:58:00,1155,P1139,S018,4,0.0,Debit Card,2024-01-21 02:54:00,2024-01-27 02:54:00
507428,2024-09-21 11:01:00,1474,P1127,S021,6,0.2,Net Banking,2024-09-21 13:21:00,2024-09-29 13:21:00
507429,2025-03-23 16:23:00,1305,P1127,S009,5,0.15,Wallet,2025-03-23 18:44:00,2025-03-29 18:44:00
507430,2025-06-18 08:34:00,1098,P1044,S018,7,0.1,Credit Card,2025-06-18 09:13:00,2025-06-28 09:13:00
507431,2024-11-16 00:19:00,1492,P1119,S003,8,0.1,Credit Card,2024-11-16 02:03:00,2024-12-03 02:03:00
507432,2025-03-03 11:52:00,1460,P1077,S002,7,0.15,UPI,2025-03-03 14:11:00,2025-04-06 14:11:00
507433,2023-11-04 08:22:00,1036,P1111,S022,1,0.0,Credit Card,2023-11-04 08:28:00,2023-11-09 08:28:00
507434,2024-07-07 22:54:00,1284,P1027,S004,7,0.0,Cash,2024-07-07 23:23:00,2024-08-29 23:23:00
507435,2025-03-24 05:47:00,1300,P1103,S020,3,0.15,Wallet,2025-03-24 06:12:00,2025-03-25 06:12:00
507436,2024-01-06 02:24:00,1241,P1047,S024,1,0.05,UPI,2024-01-06 04:47:00,2024-01-23 04:47:00
507437,2025-02-16 06:04:00,1413,P1009,S019,3,0.1,Debit Card,2025-02-16 07:23:00,2025-02-20 07:23:00
507438,2024-03-15 05:37:00,1463,P1077,S001,6,0.15,Net Banking,2024-03-15 07:08:00,2024-05-01 07:08:00
507439,2025-03-10 09:09:00,1202,P1032,S023,8,0.05,Debit Card,2025-03-10 11:35:00,2025-04-30 11:35:00
507440,2025-07-26 04:51:00,1107,P1018,S017,8,0.0,Cash,2025-07-26 06:56:00,2025-09-07 06:56:00
507441,2023-04-08 09:17:00,1009,P1054,S015,5,0.1,Wallet,2023-04-08 10:56:00,2023-04-17 10:56:00
507442,2024-12-25 15:04:00,1040,P1112,S022,8,0.05,Debit Card,2024-12-25 17:31:00,2025-02-02 17:31:00
507443,2023-10-31 20:04:00,1488,P1024,S004,5,0.0,Cash,2023-10-31 21:09:00,2023-11-09 21:09:00
507444,2026-02-17 02:55:00,1340,P1098,S010,3,0.2,UPI,2026-02-17 03:54:00,2026-03-16 03:54:00
507445,2025-10-09 01:12:00,1114,P1145,S010,3,0.15,UPI,2025-10-09 03:24:00,2025-11-29 03:24:00
507446,2024-03-26 23:16:00,1251,P1015,S014,5,0.2,Credit Card,2024-03-26 23:52:00,2024-04-14 23:52:00
507447,2023-09-20 04:20:00,1409,P1025,S014,5,0.0,UPI,2023-09-20 07:17:00,2023-10-18 07:17:00
507448,2024-07-27 16:57:00,1185,P1042,S009,2,0.1,Credit Card,2024-07-27 19:57:00,2024-09-01 19:57:00
507449,2024-07-29 22:45:00,1220,P1079,S014,7,,Net Banking,2024-07-30 01:42:00,2024-08-22 01:42:00
507450,2025-09-12 02:52:00,1431,P1024,S005,1,0.15,Credit Card,2025-09-12 05:00:00,2025-09-14 05:00:00
507451,2024-05-08 11:59:00,1326,P1149,S020,8,0.2,Debit Card,2024-05-08 14:05:00,2024-05-30 14:05:00
507452,2025-08-15 10:57:00,1183,P1108,S009,7,0.15,Cash,2025-08-15 12:40:00,2025-09-13 12:40:00
507453,2025-02-11 12:59:00,1131,P1148,S023,2,0.05,DEBIT CARD,2025-02-11 14:51:00,2025-04-03 14:51:00
507454,2025-11-11 03:25:00,1402,P1072,S001,4,0.05,Debit Card,2025-11-11 05:54:00,2025-12-29 05:54:00
507455,2023-10-18 05:07:00,1131,P1091,S007,3,0.1,Wallet,2023-10-18 06:55:00,2023-12-01 06:55:00
507456,2024-08-10 22:40:00,1157,P1103,S004,1,0.0,Debit Card,2024-08-10 23:14:00,2024-08-17 23:14:00
507457,2026-03-17 16:12:00,1318,P1011,S002,6,0.2,UPI,2026-03-17 17:32:00,2026-05-16 17:32:00
507458,2026-02-22 06:27:00,1391,P1075,S013,1,0.1,Net Banking,2026-02-22 08:00:00,2026-02-26 08:00:00
507459,2023-06-25 17:58:00,1212,P1091,S007,8,0.2,UPI,2023-06-25 18:56:00,2023-07-25 18:56:00
507460,2023-03-16 10:29:00,1392,P1066,S003,1,0.2,UPI,2023-03-16 12:46:00,2023-03-29 12:46:00
507461,2025-10-16 11:02:00,1031,P1055,S011,5,0.1,UPI,2025-10-16 13:33:00,2025-11-06 13:33:00
507462,2024-03-05 13:17:00,1372,P1077,S006,3,0.0,Wallet,2024-03-05 13:26:00,2024-03-13 13:26:00
507463,2026-02-22 10:37:00,1483,P1049,S004,3,0.0,Debit Card,2026-02-22 11:59:00,2026-02-22 11:59:00
507464,2024-11-20 18:22:00,1433,P1095,S019,3,0.1,UPI,2024-11-20 20:49:00,2024-12-29 20:49:00
507465,2025-06-18 03:27:00,1166,P1056,S013,1,0.0,Net Banking,2025-06-18 05:07:00,2025-07-09 05:07:00
507466,2023-06-26 03:41:00,1001,P1053,S005,1,0.05,Credit Card,2023-06-26 05:41:00,2023-08-14 05:41:00
507467,2024-12-28 06:34:00,1037,P1074,S009,2,0.15,Net Banking,2024-12-28 07:25:00,2025-01-22 07:25:00
507468,2023-11-16 02:41:00,1038,P1080,S018,2,0.0,UPI,2023-11-16 04:28:00,2023-12-07 04:28:00
507469,2024-08-25 13:35:00,1092,P1098,S004,2,0.15,Credit Card,2024-08-25 15:42:00,2024-10-24 15:42:00
507470,2025-09-06 00:11:00,1107,P1140,S025,5,0.1,UPI,2025-09-06 00:42:00,2025-09-29 00:42:00
507471,2024-02-23 11:20:00,1307,P1102,S015,4,0.0,Credit Card,2024-02-23 14:00:00,2024-03-31 14:00:00
507472,2023-08-08 04:07:00,1442,P1020,S024,3,0.1,Credit Card,2023-08-08 04:58:00,2023-09-28 04:58:00
507473,2024-06-06 22:42:00,1357,P1100,S005,2,0.05,Wallet,2024-06-07 00:19:00,2024-07-01 00:19:00
507474,2025-02-11 05:05:00,1304,P1071,S009,1,0.15,UPI,2025-02-11 06:30:00,2025-02-25 06:30:00
507475,2023-06-07 09:26:00,1068,P1003,S011,5,0.2,Net Banking,2023-06-07 09:54:00,2023-07-21 09:54:00
507476,2024-07-30 08:59:00,1113,P1052,S014,1,0.0,Cash,2024-07-30 10:54:00,2024-08-22 10:54:00
507477,2024-08-29 16:06:00,1351,P1049,S012,4,0.05,Wallet,2024-08-29 16:57:00,2024-10-22 16:57:00
507478,2024-05-15 13:58:00,1033,P1114,S012,2,0.2,UPI,2024-05-15 16:37:00,2024-06-01 16:37:00
507479,2023-01-07 14:42:00,1189,P1138,S005,6,0.1,DEBIT CARD,2023-01-07 16:11:00,2023-01-31 16:11:00
507480,2025-11-11 23:15:00,1286,P1097,S003,3,0.05,Wallet,2025-11-12 01:24:00,2025-12-09 01:24:00
507481,2024-11-28 16:31:00,1473,P1087,S001,8,0.05,UPI,2024-11-28 19:07:00,2024-11-28 19:07:00
507482,2023-05-07 15:55:00,1129,P1136,S011,7,0.05,cash,2023-05-07 16:27:00,2023-06-12 16:27:00
507483,2025-05-22 12:28:00,1468,P1055,S025,7,0.05,Wallet,2025-05-22 13:17:00,2025-05-28 13:17:00
507484,2025-11-29 12:15:00,1296,P1118,S011,5,0.15,UPI,2025-11-29 13:07:00,2026-01-02 13:07:00
507485,2023-08-30 21:05:00,1148,P1051,S023,6,0.2,Wallet,2023-08-30 21:51:00,2023-09-04 21:51:00
507486,2024-01-26 19:14:00,1083,P1114,S006,3,0.2,Net Banking,2024-01-26 21:39:00,2024-02-11 21:39:00
507487,2023-09-04 11:56:00,1381,P1098,S001,5,0.0,Credit Card,2023-09-04 13:42:00,2023-09-27 13:42:00
507488,2026-02-11 21:29:00,1236,P1119,S001,7,0.1,Net Banking,2026-02-11 22:41:00,2026-03-02 22:41:00
507489,2023-06-11 06:15:00,1268,P1041,S020,3,0.1,Wallet,2023-06-11 07:41:00,2023-07-12 07:41:00
507490,2024-08-04 04:14:00,1023,P1104,S018,5,0.05,Net Banking,2024-08-04 05:37:00,2024-09-22 05:37:00
507491,2024-05-22 18:51:00,1425,P1100,S001,7,0.05,Cash,2024-05-22 19:48:00,2024-07-03 19:48:00
507492,2024-02-07 17:45:00,1318,P1029,S020,3,0.2,Debit Card,2024-02-07 18:22:00,2024-02-21 18:22:00
507493,2025-08-21 22:47:00,1337,P1121,S009,6,0.1,Debit Card,2025-08-22 00:55:00,2025-10-04 00:55:00
507494,2025-05-09 22:43:00,1099,P1032,S021,7,0.2,Cash,2025-05-09 22:46:00,2025-07-03 22:46:00
507495,2025-01-08 18:11:00,1424,P1080,S017,2,0.05,Net Banking,2025-01-08 20:12:00,2025-02-15 20:12:00
507496,2025-04-24 09:20:00,1428,P1034,S015,8,0.0,Net Banking,2025-04-24 10:32:00,2025-05-27 10:32:00
507497,2024-12-12 19:05:00,1320,P1068,S004,4,0.15,Debit Card,2024-12-12 21:47:00,2024-12-19 21:47:00
507498,2024-09-27 21:28:00,1297,P1025,S004,5,0.1,UPI,2024-09-27 23:28:00,2024-10-07 23:28:00
507499,2023-08-27 08:28:00,1285,P1046,S007,2,0.2,Cash,2023-08-27 11:26:00,2023-08-27 11:26:00
507500,2023-08-14 15:41:00,1263,P1140,S005,5,0.1,Wallet,2023-08-14 16:17:00,2023-09-05 16:17:00
507501,2023-12-16 14:07:00,1260,P1008,S009,6,0.1,NET BANKING,2023-12-16 16:50:00,2024-02-05 16:50:00
507502,2023-07-07 05:59:00,1475,P1145,S012,2,0.05,UPI,2023-07-07 08:17:00,2023-08-31 08:17:00
507503,2025-09-04 09:48:00,1158,P1114,S012,7,0.05,Cash,2025-09-04 12:31:00,2025-11-01 12:31:00
507504,2024-12-01 03:54:00,1402,P1121,S001,5,0.15,UPI,2024-12-01 06:02:00,2024-12-14 06:02:00
507505,2023-12-02 06:55:00,1064,P1042,S012,1,0.15,Net Banking,2023-12-02 08:51:00,2024-01-19 08:51:00
507506,2024-01-15 03:46:00,1476,P1057,S012,2,0.05,Net Banking,2024-01-15 04:21:00,2024-01-15 04:21:00
507507,2025-06-29 19:42:00,1319,P1111,S021,3,,Debit Card,2025-06-29 21:06:00,2025-07-04 21:06:00
507508,2023-11-03 08:02:00,1260,P1145,S015,3,0.05,Debit Card,2023-11-03 09:35:00,2023-11-26 09:35:00
507509,2023-05-10 18:42:00,1412,P1133,S011,6,0.05,Credit Card,2023-05-10 21:21:00,2023-06-11 21:21:00
507510,2023-11-16 19:28:00,1018,P1047,S012,5,0.1,Net Banking,2023-11-16 21:31:00,2024-01-05 21:31:00
507511,2024-10-16 10:53:00,1081,P1010,S011,5,0.2,Wallet,2024-10-16 12:05:00,2024-10-24 12:05:00
507512,2025-07-15 05:53:00,1096,P1130,S022,7,0.15,Credit Card,2025-07-15 08:20:00,2025-07-22 08:20:00
507513,2024-05-23 20:23:00,1352,P1061,S015,1,0.15,Wallet,2024-05-23 23:16:00,2024-07-17 23:16:00
507514,2024-03-17 04:13:00,1321,P1020,S015,2,0.2,Wallet,2024-03-17 04:26:00,2024-03-17 04:26:00
507515,2024-12-25 11:56:00,1221,P1049,S005,6,0.0,Cash,2024-12-25 13:58:00,2025-02-13 13:58:00
507516,2025-04-27 04:04:00,1217,P1122,S009,7,0.05,Cash,2025-04-27 05:33:00,2025-06-10 05:33:00
507517,2024-08-01 15:03:00,1009,P1055,S014,7,0.05,Net Banking,2024-08-01 16:03:00,2024-09-11 16:03:00
507518,2025-05-25 21:45:00,1198,P1131,S015,2,0.15,Debit Card,2025-05-25 21:58:00,2025-06-02 21:58:00
507519,2025-10-26 08:58:00,1116,P1018,S018,7,0.1,Net Banking,2025-10-26 09:03:00,2025-11-16 09:03:00
507520,2024-10-29 05:11:00,1328,P1121,S013,2,0.15,Credit Card,2024-10-29 07:20:00,2024-11-30 07:20:00
507521,2025-08-04 08:56:00,1006,P1063,S010,2,0.0,Debit Card,2025-08-04 10:42:00,2025-08-07 10:42:00
507522,2026-02-22 17:11:00,1015,P1061,S012,2,0.15,UPI,2026-02-22 19:26:00,2026-03-22 19:26:00
507523,2024-07-05 21:47:00,1228,P1067,S011,1,0.0,Net Banking,2024-07-06 00:44:00,2024-08-11 00:44:00
507524,2025-09-03 01:27:00,1339,P1067,S002,8,0.0,WALLET,2025-09-03 02:35:00,2025-11-02 02:35:00
507525,2023-12-22 21:20:00,1148,P1108,S004,2,0.1,Debit Card,2023-12-22 22:18:00,2024-02-11 22:18:00
507526,2024-11-15 05:53:00,1016,P1036,S015,3,0.0,UPI,2024-11-15 06:59:00,2024-12-25 06:59:00
507527,2025-01-11 17:04:00,1474,P1008,S017,4,0.2,Debit Card,2025-01-11 17:33:00,2025-01-25 17:33:00
507528,2024-01-26 03:04:00,1318,P1083,S021,2,0.1,Credit Card,2024-01-26 04:55:00,2024-03-06 04:55:00
507529,2023-10-28 06:16:00,1395,P1015,S018,7,0.0,Wallet,2023-10-28 07:39:00,2023-12-17 07:39:00
507530,2025-09-10 02:57:00,1440,P1099,S013,8,0.0,Wallet,2025-09-10 03:52:00,2025-10-11 03:52:00
507531,2026-02-22 01:24:00,1028,P1088,S023,1,0.15,Debit Card,2026-02-22 01:26:00,2026-03-21 01:26:00
507532,2023-02-27 11:06:00,1118,P1046,S018,5,0.0,Wallet,2023-02-27 11:28:00,2023-04-02 11:28:00
507533,2023-07-19 21:18:00,1233,P1006,S009,4,0.2,Net Banking,2023-07-19 22:29:00,2023-07-21 22:29:00
507534,2024-01-28 10:14:00,1098,P1038,S010,7,0.0,Debit Card,2024-01-28 10:39:00,2024-02-26 10:39:00
507535,2025-01-03 05:09:00,1364,P1021,S003,4,0.1,UPI,2025-01-03 06:23:00,2025-02-13 06:23:00
507536,2024-08-24 17:52:00,1213,P1141,S019,3,,Debit Card,2024-08-24 18:18:00,2024-09-01 18:18:00
507537,2026-01-09 22:14:00,1326,P1045,S016,4,0.2,Credit Card,2026-01-09 23:37:00,2026-03-10 23:37:00
507538,2025-04-19 16:34:00,1014,P1105,S020,5,0.1,Cash,2025-04-19 17:56:00,2025-05-15 17:56:00
507539,2025-11-11 20:54:00,1027,P1056,S003,6,0.15,Net Banking,2025-11-11 22:04:00,2025-12-09 22:04:00
507540,2025-05-28 10:36:00,1495,P1063,S020,5,0.1,Wallet,2025-05-28 11:02:00,2025-06-08 11:02:00
507541,2024-06-06 19:13:00,1334,P1142,S010,6,0.15,Net Banking,2024-06-06 19:14:00,2024-07-05 19:14:00
507542,2024-06-21 08:38:00,1032,P1044,S025,4,0.0,Cash,2024-06-21 11:24:00,2024-08-06 11:24:00
507543,2025-08-29 03:56:00,1198,P1085,S022,1,0.05,Net Banking,2025-08-29 05:15:00,2025-10-09 05:15:00
507544,2025-05-14 00:53:00,1260,P1064,S015,7,0.2,UPI,2025-05-14 01:12:00,2025-05-18 01:12:00
507545,2023-03-06 16:04:00,1308,P1139,S004,4,0.15,Net Banking,2023-03-06 18:23:00,2023-04-20 18:23:00
507546,2023-04-23 03:07:00,1236,P1001,S017,5,0.1,Wallet,2023-04-23 03:18:00,2023-05-11 03:18:00
507547,2024-06-02 08:20:00,1432,P1035,S012,7,0.15,Credit Card,2024-06-02 09:18:00,2024-07-21 09:18:00
507548,2023-07-03 22:04:00,1403,P1085,S003,2,0.0,Net Banking,2023-07-04 00:28:00,2023-08-16 00:28:00
507549,2024-07-12 11:46:00,1403,P1034,S013,6,0.2,Wallet,2024-07-12 14:41:00,2024-08-24 14:41:00
507550,2023-09-29 02:26:00,1046,P1077,S014,3,0.0,UPI,2023-09-29 03:53:00,2023-10-21 03:53:00
507551,2023-01-15 17:32:00,1267,P1121,S021,7,0.1,Wallet,2023-01-15 19:50:00,2023-03-03 19:50:00
507552,2023-08-07 09:15:00,1228,P1043,S006,3,0.2,Debit Card,2023-08-07 11:12:00,2023-10-03 11:12:00
507553,2024-10-29 13:50:00,1351,P1049,S003,5,0.2,Credit Card,2024-10-29 16:18:00,2024-12-14 16:18:00
507554,2024-12-28 09:34:00,1370,P1012,S024,8,0.05,Credit Card,2024-12-28 11:56:00,2025-01-01 11:56:00
507555,2025-08-07 13:55:00,1346,P1011,S008,8,0.15,Cash,2025-08-07 14:13:00,2025-09-13 14:13:00
507556,2024-05-20 02:06:00,1088,P1082,S023,4,0.15,Wallet,2024-05-20 02:08:00,2024-07-09 02:08:00
507557,2024-10-14 18:14:00,1481,P1140,S011,2,0.1,Wallet,2024-10-14 19:07:00,2024-11-04 19:07:00
507558,2023-05-20 20:18:00,1021,P1006,S016,5,0.15,Cash,2023-05-20 22:45:00,2023-06-06 22:45:00
507559,2023-10-03 07:37:00,1319,P1134,S018,2,0.0,Net Banking,2023-10-03 09:34:00,2023-11-21 09:34:00
507560,2025-10-30 04:06:00,1194,P1009,S011,6,0.1,Net Banking,2025-10-30 04:18:00,2025-11-27 04:18:00
507561,2025-08-06 01:16:00,1115,P1113,S015,7,0.2,Wallet,2025-08-06 01:52:00,2025-08-29 01:52:00
507562,2025-04-12 15:45:00,1431,P1096,S009,7,0.15,UPI,2025-04-12 16:48:00,2025-04-20 16:48:00
507563,2025-09-22 00:11:00,1241,P1055,S025,8,0.05,Credit Card,2025-09-22 02:31:00,2025-11-01 02:31:00
507564,2026-01-31 00:23:00,1500,P1040,S004,7,0.15,Credit Card,2026-01-31 02:19:00,2026-02-07 02:19:00
507565,2025-02-26 21:57:00,1323,P1047,S016,4,0.1,Credit Card,2025-02-26 23:35:00,2025-03-31 23:35:00
507566,2025-12-08 18:55:00,1414,P1068,S006,7,0.2,Debit Card,2025-12-08 19:10:00,2026-01-18 19:10:00
507567,2024-08-19 09:25:00,1336,P1104,S017,6,0.2,NET BANKING,2024-08-19 09:25:00,2024-09-28 09:25:00
507568,2024-05-04 04:04:00,1344,P1059,S007,1,0.1,Debit Card,2024-05-04 06:43:00,2024-05-08 06:43:00
507569,2023-09-17 03:30:00,1108,P1077,S023,6,0.15,Debit Card,2023-09-17 06:04:00,2023-10-07 06:04:00
507570,2024-12-17 23:00:00,1213,P1044,S009,1,0.1,Wallet,2024-12-18 00:12:00,2025-01-06 00:12:00
507571,2024-08-19 03:25:00,1218,P1099,S025,5,0.0,Cash,2024-08-19 04:20:00,2024-08-24 04:20:00
507572,2023-04-23 01:03:00,1226,P1005,S009,8,0.1,Credit Card,2023-04-23 01:59:00,2023-05-07 01:59:00
507573,2023-08-28 04:47:00,1412,P1102,S001,6,0.2,UPI,2023-08-28 04:57:00,2023-09-24 04:57:00
507574,2026-01-01 10:26:00,1004,P1034,S024,2,0.15,UPI,2026-01-01 12:57:00,2026-03-01 12:57:00
507575,2025-10-22 16:32:00,1415,P1037,S009,3,0.0,Cash,2025-10-22 16:34:00,2025-11-19 16:34:00
507576,2024-11-05 07:01:00,1355,P1114,S015,3,0.05,Cash,2024-11-05 09:24:00,2025-01-04 09:24:00
507577,2025-05-17 12:59:00,1143,P1081,S017,7,0.0,UPI,2025-05-17 14:52:00,2025-05-31 14:52:00
507578,2024-10-27 22:02:00,1191,P1143,S011,5,0.2,UPI,2024-10-27 22:13:00,2024-11-29 22:13:00
507579,2024-08-19 22:24:00,1224,P1128,S019,3,0.0,Credit Card,2024-08-19 23:53:00,2024-08-23 23:53:00
507580,2025-06-22 02:46:00,1164,P1037,S013,2,0.15,UPI,2025-06-22 05:20:00,2025-08-15 05:20:00
507581,2025-11-17 13:30:00,1300,P1111,S017,4,0.15,Credit Card,2025-11-17 13:45:00,2025-12-29 13:45:00
507582,2023-02-25 02:49:00,1278,P1081,S009,8,0.0,Credit Card,2023-02-25 04:40:00,2023-03-13 04:40:00
507583,2024-03-24 04:42:00,1047,P1150,S023,7,0.05,Debit Card,2024-03-24 06:05:00,2024-04-28 06:05:00
507584,2026-02-09 02:14:00,1019,P1078,S022,4,0.15,Credit Card,2026-02-09 02:18:00,2026-04-03 02:18:00
507585,2025-01-31 20:58:00,1059,P1086,S008,4,0.0,Debit Card,2025-01-31 22:38:00,2025-03-08 22:38:00
507586,2026-02-13 02:59:00,1355,P1098,S006,5,0.0,Debit Card,2026-02-13 05:16:00,2026-03-16 05:16:00
507587,2025-05-27 12:05:00,1033,P1009,S014,2,0.2,Debit Card,2025-05-27 12:12:00,2025-07-19 12:12:00
507588,2025-11-05 02:50:00,1271,P1052,S023,3,0.2,Wallet,2025-11-05 04:26:00,2025-11-10 04:26:00
507589,2026-01-14 13:20:00,1198,P1029,S010,6,0.0,Wallet,2026-01-14 14:09:00,2026-02-10 14:09:00
507590,2023-06-07 17:04:00,1287,P1093,S002,4,0.15,Debit Card,2023-06-07 19:27:00,2023-07-07 19:27:00
507591,2024-02-20 12:41:00,1174,P1017,S010,3,0.15,UPI,2024-02-20 13:00:00,2024-03-02 13:00:00
507592,2025-12-12 19:43:00,1160,P1017,S011,3,0.0,Credit Card,2025-12-12 20:03:00,2025-12-20 20:03:00
507593,2023-06-15 20:50:00,1123,P1055,S018,8,0.05,UPI,2023-06-15 23:30:00,2023-07-24 23:30:00
507594,2023-04-03 21:24:00,1121,P1041,S017,8,0.2,Wallet,2023-04-03 21:33:00,2023-05-23 21:33:00
507595,2025-01-04 14:14:00,1497,P1119,S012,7,0.1,Wallet,2025-01-04 16:13:00,2025-02-20 16:13:00
507596,2023-07-30 00:35:00,1158,P1095,S005,1,0.15,Credit Card,2023-07-30 03:06:00,2023-09-22 03:06:00
507597,2024-11-22 19:17:00,1254,P1099,S009,5,0.0,Credit Card,2024-11-22 19:18:00,2024-12-04 19:18:00
507598,2024-04-29 00:59:00,1443,P1066,S024,6,0.1,Credit Card,2024-04-29 03:30:00,2024-05-31 03:30:00
507599,2023-10-04 11:20:00,1319,P1066,S005,3,0.2,Debit Card,2023-10-04 12:34:00,2023-11-28 12:34:00
507600,2023-05-26 08:05:00,1201,P1052,S005,6,0.1,Net Banking,2023-05-26 09:05:00,2023-07-13 09:05:00
507601,2025-06-02 03:15:00,1098,P1055,S001,6,0.15,UPI,2025-06-02 04:09:00,2025-07-19 04:09:00
507602,2024-04-10 03:04:00,1336,P1063,S016,3,0.05,Wallet,2024-04-10 03:35:00,2024-05-22 03:35:00
507603,2025-05-11 15:45:00,1028,P1131,S006,2,0.05,WALLET,2025-05-11 18:41:00,2025-06-19 18:41:00
507604,2025-01-28 23:40:00,1474,P1039,S003,2,0.0,UPI,2025-01-29 00:25:00,2025-03-17 00:25:00
507605,2025-11-23 18:01:00,1111,P1013,S017,8,0.2,Net Banking,2025-11-23 20:27:00,2025-12-28 20:27:00
507606,2024-03-12 07:13:00,1335,P1017,S007,2,0.2,Net Banking,2024-03-12 07:24:00,2024-04-19 07:24:00
507607,2025-05-15 00:10:00,1389,P1131,S005,7,0.2,Wallet,2025-05-15 00:14:00,2025-07-08 00:14:00
507608,2023-08-31 17:07:00,1105,P1082,S021,7,0.05,Net Banking,2023-08-31 18:15:00,2023-09-15 18:15:00
507609,2024-05-23 11:32:00,1186,P1139,S017,8,0.15,Wallet,2024-05-23 13:55:00,2024-05-23 13:55:00
507610,2025-06-11 16:02:00,1285,P1127,S019,1,0.05,Debit Card,2025-06-11 17:59:00,2025-07-07 17:59:00
507611,2024-08-04 13:16:00,1476,P1052,S021,6,0.2,Net Banking,2024-08-04 14:25:00,2024-08-14 14:25:00
507612,2025-02-20 08:32:00,1354,P1150,S006,8,0.0,Credit Card,2025-02-20 09:41:00,2025-02-21 09:41:00
507613,2026-03-27 01:51:00,1191,P1066,S005,3,0.1,Net Banking,2026-03-27 03:55:00,2026-05-24 03:55:00
507614,2026-02-05 01:05:00,1199,P1139,S019,4,0.15,Credit Card,2026-02-05 02:22:00,2026-03-06 02:22:00
507615,2023-08-09 10:57:00,1183,P1131,S013,7,0.2,Wallet,2023-08-09 13:36:00,2023-09-03 13:36:00
507616,2023-08-07 08:03:00,1139,P1138,S009,6,0.1,Debit Card,2023-08-07 09:06:00,2023-09-29 09:06:00
507617,2024-05-09 13:29:00,1453,P1049,S021,3,0.15,Credit Card,2024-05-09 15:54:00,2024-06-30 15:54:00
507618,2024-03-22 08:22:00,1030,P1130,S022,2,0.0,Cash,2024-03-22 11:16:00,2024-04-19 11:16:00
507619,2025-01-05 18:24:00,1045,P1075,S010,7,0.15,Debit Card,2025-01-05 20:08:00,2025-02-25 20:08:00
507620,2025-11-29 21:17:00,1269,P1090,S016,2,0.0,Cash,2025-11-29 23:46:00,2025-12-02 23:46:00
507621,2023-03-30 12:07:00,1445,P1004,S006,3,0.05,Wallet,2023-03-30 12:31:00,2023-04-15 12:31:00
507622,2024-11-26 18:26:00,1472,P1090,S017,6,0.1,Credit Card,2024-11-26 18:28:00,2024-12-20 18:28:00
507623,2023-12-31 18:50:00,1305,P1078,S010,4,0.15,UPI,2023-12-31 20:22:00,2024-01-01 20:22:00
507624,2024-07-09 17:32:00,1337,P1102,S024,2,0.2,UPI,2024-07-09 18:45:00,2024-08-12 18:45:00
507625,2025-10-12 09:20:00,1162,P1113,S013,3,0.15,Wallet,2025-10-12 11:12:00,2025-11-28 11:12:00
507626,2024-03-13 13:38:00,1007,P1010,S017,8,0.05,Wallet,2024-03-13 16:36:00,2024-04-25 16:36:00
507627,2023-04-07 07:27:00,1359,P1009,S015,8,0.1,Cash,2023-04-07 08:57:00,2023-05-16 08:57:00
507628,2025-06-15 08:13:00,1478,P1002,S019,8,0.0,Debit Card,2025-06-15 09:02:00,2025-07-04 09:02:00
507629,2024-11-23 10:50:00,1356,P1052,S007,4,0.1,Credit Card,2024-11-23 10:57:00,2024-11-30 10:57:00
507630,2023-07-02 15:46:00,1250,P1074,S020,7,0.05,upi,2023-07-02 16:20:00,2023-08-14 16:20:00
507631,2025-10-23 16:22:00,1132,P1006,S025,3,0.15,UPI,2025-10-23 17:22:00,2025-12-09 17:22:00
507632,2023-04-10 03:21:00,1164,P1039,S013,4,0.05,Credit Card,2023-04-10 05:34:00,2023-06-03 05:34:00
507633,2023-06-21 01:28:00,1267,P1087,S016,8,0.2,Wallet,2023-06-21 04:27:00,2023-08-10 04:27:00
507634,2026-01-27 09:26:00,1191,P1075,S005,1,0.0,UPI,2026-01-27 10:02:00,2026-01-29 10:02:00
507635,2025-11-27 13:25:00,1241,P1043,S013,4,0.1,UPI,2025-11-27 15:35:00,2025-12-08 15:35:00
507636,2023-06-12 16:34:00,1290,P1113,S023,8,0.1,UPI,2023-06-12 16:57:00,2023-06-30 16:57:00
507637,2026-01-30 02:52:00,1444,P1033,S015,2,0.1,Wallet,2026-01-30 05:00:00,2026-03-15 05:00:00
507638,2023-07-31 06:48:00,1139,P1135,S006,3,0.15,Cash,2023-07-31 07:16:00,2023-09-06 07:16:00
507639,2024-03-24 08:13:00,1222,P1060,S012,8,0.0,Net Banking,2024-03-24 10:45:00,2024-04-09 10:45:00
507640,2025-12-18 12:40:00,1101,P1082,S009,8,0.05,Cash,2025-12-18 14:57:00,2026-02-04 14:57:00
507641,2024-08-07 10:29:00,1428,P1115,S006,8,0.1,Wallet,2024-08-07 10:57:00,2024-08-26 10:57:00
507642,2025-07-21 19:59:00,1449,P1139,S001,8,0.0,Credit Card,2025-07-21 20:50:00,2025-07-28 20:50:00
507643,2024-05-22 06:27:00,1053,P1038,S024,2,0.1,Debit Card,2024-05-22 08:20:00,2024-06-23 08:20:00
507644,2024-07-07 05:53:00,1126,P1116,S015,1,,Wallet,2024-07-07 06:49:00,2024-08-04 06:49:00
507645,2023-07-30 08:53:00,1470,P1139,S018,7,0.0,Credit Card,2023-07-30 11:52:00,2023-08-20 11:52:00
507646,2025-03-19 08:12:00,1189,P1145,S025,1,0.15,Credit Card,2025-03-19 08:50:00,2025-04-03 08:50:00
507647,2023-09-19 16:29:00,1388,P1087,S009,5,0.0,UPI,2023-09-19 18:24:00,2023-10-09 18:24:00
507648,2024-08-02 04:04:00,1401,P1148,S016,6,0.15,Cash,2024-08-02 04:04:00,2024-10-01 04:04:00
507649,2023-01-10 02:43:00,1367,P1107,S022,7,0.15,Net Banking,2023-01-10 05:09:00,2023-02-04 05:09:00
507650,2024-02-24 18:36:00,1473,P1138,S022,4,0.15,wallet,2024-02-24 19:23:00,2024-03-26 19:23:00
507651,2023-03-07 22:54:00,1266,P1011,S023,8,0.2,Net Banking,2023-03-08 01:00:00,2023-04-14 01:00:00
507652,2024-01-10 00:31:00,1374,P1148,S017,4,0.05,Net Banking,2024-01-10 03:19:00,2024-03-07 03:19:00
507653,2023-05-25 00:06:00,1451,P1034,S009,1,0.2,Wallet,2023-05-25 00:54:00,2023-06-19 00:54:00
507654,2024-01-27 02:39:00,1349,P1039,S023,7,0.1,Cash,2024-01-27 04:04:00,2024-03-17 04:04:00
507655,2025-09-13 09:55:00,1165,P1106,S023,4,0.05,Credit Card,2025-09-13 10:59:00,2025-11-11 10:59:00
507656,2024-11-04 00:23:00,1196,P1120,S024,5,0.2,Net Banking,2024-11-04 01:41:00,2024-12-15 01:41:00
507657,2023-01-24 11:36:00,1246,P1074,S006,1,0.0,Credit Card,2023-01-24 13:00:00,2023-02-09 13:00:00
507658,2025-12-27 18:47:00,1156,P1057,S022,8,0.0,Debit Card,2025-12-27 19:25:00,2026-01-10 19:25:00
507659,2023-12-26 22:18:00,1258,P1132,S002,2,0.05,Wallet,2023-12-26 23:07:00,2024-02-07 23:07:00
507660,2025-08-02 05:42:00,1081,P1138,S018,5,0.0,Wallet,2025-08-02 06:51:00,2025-09-09 06:51:00
507661,2026-03-16 12:38:00,1252,P1058,S017,6,0.05,Wallet,2026-03-16 14:25:00,2026-04-05 14:25:00
507662,2025-08-11 10:53:00,1479,P1039,S001,8,0.05,UPI,2025-08-11 11:20:00,2025-08-22 11:20:00
507663,2024-10-12 18:43:00,1477,P1013,S011,7,0.0,CREDIT CARD,2024-10-12 21:02:00,2024-11-21 21:02:00
507664,2024-01-12 04:17:00,1019,P1060,S006,2,0.05,Wallet,2024-01-12 06:23:00,2024-02-22 06:23:00
507665,2024-01-26 14:34:00,1199,P1138,S010,1,0.2,Wallet,2024-01-26 14:38:00,2024-01-29 14:38:00
507666,2025-04-17 08:09:00,1119,P1144,S012,6,0.1,UPI,2025-04-17 10:35:00,2025-06-08 10:35:00
507667,2025-06-17 20:37:00,1400,P1002,S002,3,0.05,Debit Card,2025-06-17 21:25:00,2025-06-28 21:25:00
507668,2024-07-01 21:50:00,1113,P1011,S021,7,0.0,UPI,2024-07-02 00:21:00,2024-07-09 00:21:00
507669,2025-11-14 11:20:00,1249,P1015,S009,2,0.2,Credit Card,2025-11-14 14:08:00,2026-01-04 14:08:00
507670,2025-04-14 08:00:00,1051,P1096,S004,2,0.2,Credit Card,2025-04-14 09:37:00,2025-05-01 09:37:00
507671,2024-01-08 05:18:00,1344,P1043,S024,6,0.0,UPI,2024-01-08 05:46:00,2024-01-22 05:46:00
507672,2023-02-22 04:15:00,1450,P1041,S024,2,0.05,Net Banking,2023-02-22 05:00:00,2023-03-06 05:00:00
507673,2026-03-29 20:43:00,1367,P1139,S011,2,0.1,Credit Card,2026-03-29 21:17:00,2026-05-27 21:17:00
507674,2025-10-10 07:20:00,1071,P1026,S023,5,0.2,UPI,2025-10-10 07:29:00,2025-10-21 07:29:00
507675,2025-03-14 02:03:00,1044,P1149,S011,4,0.05,UPI,2025-03-14 04:59:00,2025-05-01 04:59:00
507676,2023-01-01 10:39:00,1329,P1077,S022,3,0.2,UPI,2023-01-01 12:41:00,2023-02-02 12:41:00
507677,2024-08-23 20:55:00,1166,P1031,S023,5,0.0,Net Banking,2024-08-23 21:58:00,2024-10-02 21:58:00
507678,2026-03-15 14:38:00,1045,P1125,S014,4,,Wallet,2026-03-15 16:55:00,2026-05-09 16:55:00
507679,2023-08-06 19:52:00,1437,P1027,S004,6,0.1,Credit Card,2023-08-06 22:39:00,2023-09-22 22:39:00
507680,2023-08-22 13:44:00,1041,P1075,S004,1,0.1,WALLET,2023-08-22 15:38:00,2023-08-25 15:38:00
507681,2026-02-20 16:08:00,1135,P1090,S013,3,0.0,Wallet,2026-02-20 16:15:00,2026-03-18 16:15:00
507682,2023-02-22 19:35:00,1091,P1127,S007,7,0.1,Credit Card,2023-02-22 20:23:00,2023-04-03 20:23:00
507683,2026-02-27 06:39:00,1192,P1033,S002,6,0.15,Debit Card,2026-02-27 08:35:00,2026-03-07 08:35:00
507684,2025-04-23 22:46:00,1367,P1025,S025,7,0.15,UPI,2025-04-24 00:44:00,2025-06-02 00:44:00
507685,2023-10-19 14:52:00,1412,P1070,S023,1,0.0,Credit Card,2023-10-19 17:29:00,2023-11-07 17:29:00
507686,2023-02-14 11:36:00,1165,P1052,S008,3,0.1,Wallet,2023-02-14 13:31:00,2023-02-22 13:31:00
507687,2025-07-20 01:29:00,1009,P1102,S018,7,0.2,Net Banking,2025-07-20 04:19:00,2025-08-01 04:19:00
507688,2025-08-25 17:53:00,1060,P1148,S006,1,0.05,Wallet,2025-08-25 19:44:00,2025-10-16 19:44:00
507689,2023-10-16 17:44:00,1024,P1069,S001,3,0.15,UPI,2023-10-16 19:12:00,2023-11-03 19:12:00
507690,2025-05-27 12:50:00,1131,P1082,S022,1,0.0,Debit Card,2025-05-27 15:03:00,2025-07-08 15:03:00
507691,2025-06-03 23:41:00,1176,P1139,S009,2,0.2,UPI,2025-06-04 00:14:00,2025-06-14 00:14:00
507692,2025-04-14 00:18:00,1331,P1140,S006,8,0.2,UPI,2025-04-14 01:43:00,2025-06-06 01:43:00
507693,2024-08-02 15:02:00,1381,P1112,S010,8,0.0,Cash,2024-08-02 16:29:00,2024-09-13 16:29:00
507694,2023-10-26 18:07:00,1289,P1132,S004,6,0.05,Credit Card,2023-10-26 18:50:00,2023-11-20 18:50:00
507695,2024-07-08 11:14:00,1153,P1054,S001,3,0.15,Net Banking,2024-07-08 12:03:00,2024-08-11 12:03:00
507696,2025-07-18 16:32:00,1108,P1031,S002,3,0.0,NET BANKING,2025-07-18 19:18:00,2025-07-30 19:18:00
507697,2024-11-29 22:09:00,1186,P1103,S009,6,0.2,Net Banking,2024-11-29 22:20:00,2025-01-09 22:20:00
507698,2023-01-20 06:16:00,1175,P1138,S012,7,0.1,Wallet,2023-01-20 07:21:00,2023-01-23 07:21:00
507699,2025-01-16 02:37:00,1132,P1063,S025,6,0.0,Debit Card,2025-01-16 04:37:00,2025-03-04 04:37:00
507700,2024-08-30 22:42:00,1155,P1145,S024,3,0.0,Net Banking,2024-08-31 01:24:00,2024-10-12 01:24:00
507701,2025-01-31 08:20:00,1482,P1023,S006,4,0.0,UPI,2025-01-31 09:53:00,2025-02-17 09:53:00
507702,2025-07-16 22:36:00,1457,P1150,S010,5,,Credit Card,2025-07-16 23:48:00,2025-09-13 23:48:00
507703,2025-11-17 07:09:00,1294,P1086,S022,8,0.1,Credit Card,2025-11-17 09:48:00,2025-12-27 09:48:00
507704,2025-06-16 19:52:00,1113,P1001,S009,6,0.1,UPI,2025-06-16 21:37:00,2025-08-02 21:37:00
507705,2026-03-08 09:28:00,1346,P1098,S023,5,0.0,CASH,2026-03-08 11:44:00,2026-04-18 11:44:00
507706,2024-02-08 17:35:00,1344,P1017,S001,6,0.2,Credit Card,2024-02-08 18:18:00,2024-03-11 18:18:00
507707,2024-12-13 03:10:00,1446,P1130,S019,5,0.15,Credit Card,2024-12-13 03:36:00,2024-12-20 03:36:00
507708,2024-05-16 03:05:00,1193,P1095,S012,7,0.05,Wallet,2024-05-16 04:56:00,2024-07-12 04:56:00
507709,2025-05-22 07:00:00,1349,P1076,S022,4,0.05,Debit Card,2025-05-22 07:12:00,2025-07-20 07:12:00
507710,2023-03-25 02:22:00,1152,P1004,S015,6,0.1,Wallet,2023-03-25 04:03:00,2023-05-16 04:03:00
507711,2025-04-06 18:18:00,1478,P1100,S024,8,0.05,Debit Card,2025-04-06 18:41:00,2025-04-22 18:41:00
507712,2023-10-26 22:32:00,1348,P1099,S005,6,0.15,Cash,2023-10-26 23:21:00,2023-12-11 23:21:00
507713,2024-06-20 22:06:00,1063,P1109,S012,7,0.15,Debit Card,2024-06-21 00:54:00,2024-07-16 00:54:00
507714,2025-08-06 12:19:00,1109,P1063,S013,6,0.1,Net Banking,2025-08-06 12:22:00,2025-08-31 12:22:00
507715,2025-03-13 03:28:00,1029,P1109,S019,7,0.15,Net Banking,2025-03-13 03:57:00,2025-03-18 03:57:00
507716,2025-03-10 19:14:00,1497,P1048,S009,7,0.05,Credit Card,2025-03-10 21:51:00,2025-05-05 21:51:00
507717,2024-09-29 09:12:00,1470,P1045,S017,6,0.0,Debit Card,2024-09-29 11:00:00,2024-11-06 11:00:00
507718,2025-05-01 05:45:00,1255,P1073,S015,8,0.1,UPI,2025-05-01 07:59:00,2025-05-14 07:59:00
507719,2025-10-20 23:13:00,1127,P1107,S024,1,0.0,UPI,2025-10-21 00:10:00,2025-12-04 00:10:00
507720,2025-08-20 17:27:00,1396,P1012,S012,4,0.1,Wallet,2025-08-20 19:29:00,2025-09-13 19:29:00
507721,2024-11-16 01:13:00,1281,P1026,S014,6,0.1,Net Banking,2024-11-16 02:37:00,2025-01-14 02:37:00
507722,2026-01-11 20:58:00,1322,P1101,S004,5,0.15,Debit Card,2026-01-11 23:41:00,2026-01-14 23:41:00
507723,2026-02-09 15:24:00,1343,P1095,S015,7,0.1,Cash,2026-02-09 15:25:00,2026-03-14 15:25:00
507724,2023-02-22 06:54:00,1451,P1052,S022,3,0.1,Credit Card,2023-02-22 08:30:00,2023-04-19 08:30:00
507725,2026-01-05 13:25:00,1256,P1026,S020,3,0.0,Cash,2026-01-05 14:10:00,2026-01-14 14:10:00
507726,2024-04-03 13:24:00,1215,P1118,S008,1,0.15,Wallet,2024-04-03 14:50:00,2024-04-30 14:50:00
507727,2023-04-01 15:57:00,1349,P1127,S025,3,0.05,Cash,2023-04-01 16:37:00,2023-05-02 16:37:00
507728,2025-02-03 22:28:00,1483,P1067,S015,7,0.15,Debit Card,2025-02-04 00:13:00,2025-02-08 00:13:00
507729,2025-08-19 20:07:00,1015,P1041,S006,7,0.0,Wallet,2025-08-19 21:53:00,2025-09-04 21:53:00
507730,2023-09-18 06:16:00,1131,P1087,S024,8,0.05,Debit Card,2023-09-18 08:45:00,2023-11-02 08:45:00
507731,2024-06-21 19:05:00,1139,P1138,S023,3,0.15,UPI,2024-06-21 21:01:00,2024-07-18 21:01:00
507732,2024-09-08 16:40:00,1297,P1088,S021,8,0.2,UPI,2024-09-08 16:58:00,2024-09-09 16:58:00
507733,2026-02-24 07:13:00,1390,P1005,S016,1,0.05,Wallet,2026-02-24 09:25:00,2026-04-05 09:25:00
507734,2024-05-04 23:07:00,1392,P1107,S016,1,0.1,Credit Card,2024-05-05 00:36:00,2024-05-30 00:36:00
507735,2024-05-23 20:53:00,1273,P1085,S003,4,0.2,Wallet,2024-05-23 23:44:00,2024-05-25 23:44:00
507736,2025-02-28 01:25:00,1354,P1047,S010,6,0.15,Wallet,2025-02-28 03:50:00,2025-03-25 03:50:00
507737,2026-03-17 02:04:00,1100,P1004,S018,8,0.1,Net Banking,2026-03-17 02:14:00,2026-05-09 02:14:00
507738,2025-02-27 06:35:00,1392,P1008,S009,1,0.1,Debit Card,2025-02-27 09:32:00,2025-04-09 09:32:00
507739,2023-07-20 12:04:00,1326,P1026,S007,1,0.15,Credit Card,2023-07-20 13:45:00,2023-08-14 13:45:00
507740,2024-11-02 09:33:00,1294,P1108,S003,1,0.1,Net Banking,2024-11-02 11:02:00,2024-11-14 11:02:00
507741,2023-02-10 16:35:00,1433,P1123,S009,8,0.1,Net Banking,2023-02-10 16:36:00,2023-03-02 16:36:00
507742,2024-06-02 23:54:00,1154,P1063,S017,8,0.0,Credit Card,2024-06-03 00:07:00,2024-06-13 00:07:00
507743,2026-01-07 19:38:00,1291,P1059,S011,5,0.1,Wallet,2026-01-07 20:14:00,2026-02-05 20:14:00
507744,2024-07-04 10:50:00,1384,P1006,S011,8,0.05,Wallet,2024-07-04 13:08:00,2024-08-30 13:08:00
507745,2023-05-08 03:37:00,1068,P1102,S003,5,0.1,Wallet,2023-05-08 06:10:00,2023-05-28 06:10:00
507746,2025-06-30 20:33:00,1152,P1095,S024,7,0.15,Credit Card,2025-06-30 21:16:00,2025-08-22 21:16:00
507747,2025-06-08 06:03:00,1071,P1133,S003,7,0.05,Cash,2025-06-08 07:34:00,2025-06-15 07:34:00
507748,2025-06-10 07:56:00,1125,P1051,S025,4,0.2,Debit Card,2025-06-10 08:18:00,2025-07-09 08:18:00
507749,2025-03-21 17:40:00,1293,P1086,S015,1,0.0,UPI,2025-03-21 18:43:00,2025-04-15 18:43:00
507750,2024-11-05 21:02:00,1139,P1053,S004,7,0.05,Net Banking,2024-11-06 00:02:00,2024-11-21 00:02:00
507751,2023-12-29 06:46:00,1095,P1032,S008,5,0.05,Credit Card,2023-12-29 08:08:00,2024-01-23 08:08:00
507752,2025-01-27 14:05:00,1456,P1083,S016,5,0.2,Credit Card,2025-01-27 14:49:00,2025-01-28 14:49:00
507753,2023-05-22 07:40:00,1002,P1098,S017,3,0.2,Net Banking,2023-05-22 09:56:00,2023-06-18 09:56:00
507754,2025-07-12 04:50:00,1262,P1115,S002,3,0.1,Debit Card,2025-07-12 07:40:00,2025-08-23 07:40:00
507755,2025-04-02 09:51:00,1451,P1060,S004,1,0.15,Cash,2025-04-02 12:47:00,2025-04-22 12:47:00
507756,2023-04-24 15:01:00,1492,P1148,S013,1,0.2,Net Banking,2023-04-24 15:04:00,2023-06-12 15:04:00
507757,2025-06-12 14:19:00,1330,P1083,S019,4,0.1,Debit Card,2025-06-12 15:26:00,2025-06-26 15:26:00
507758,2025-10-06 02:26:00,1058,P1093,S021,7,0.05,Credit Card,2025-10-06 05:25:00,2025-11-18 05:25:00
507759,2025-03-08 00:26:00,1009,P1021,S008,3,0.05,UPI,2025-03-08 03:19:00,2025-03-13 03:19:00
507760,2024-01-04 06:01:00,1205,P1128,S006,7,0.2,Debit Card,2024-01-04 06:59:00,2024-02-29 06:59:00
507761,2025-06-22 07:02:00,1211,P1011,S007,6,0.0,Credit Card,2025-06-22 09:20:00,2025-06-27 09:20:00
507762,2024-07-10 04:02:00,1260,P1088,S024,1,0.1,Credit Card,2024-07-10 05:44:00,2024-07-19 05:44:00
507763,2024-08-20 17:21:00,1040,P1111,S017,4,0.2,Credit Card,2024-08-20 17:46:00,2024-09-29 17:46:00
507764,2023-05-30 02:56:00,1127,P1097,S016,6,0.2,Cash,2023-05-30 04:15:00,2023-07-19 04:15:00
507765,2024-04-23 06:51:00,1198,P1097,S016,7,0.15,Net Banking,2024-04-23 09:45:00,2024-05-09 09:45:00
507766,2023-09-21 19:13:00,1379,P1125,S007,8,0.0,Credit Card,2023-09-21 19:26:00,2023-09-22 19:26:00
507767,2025-10-31 14:50:00,1434,P1111,S009,4,,Wallet,2025-10-31 16:56:00,2025-11-18 16:56:00
507768,2024-11-30 00:33:00,1086,P1096,S022,8,0.0,Debit Card,2024-11-30 02:45:00,2025-01-23 02:45:00
507769,2024-06-28 23:48:00,1179,P1065,S006,4,0.1,Wallet,2024-06-29 01:14:00,2024-08-17 01:14:00
507770,2025-11-14 17:30:00,1089,P1025,S002,5,0.05,Net Banking,2025-11-14 20:10:00,2025-11-30 20:10:00
507771,2023-04-02 11:49:00,1403,P1117,S019,5,0.2,Net Banking,2023-04-02 13:01:00,2023-05-15 13:01:00
507772,2025-11-12 07:00:00,1390,P1109,S002,1,0.15,Debit Card,2025-11-12 07:30:00,2025-12-15 07:30:00
507773,2024-03-26 18:14:00,1373,P1142,S012,7,0.15,Cash,2024-03-26 21:02:00,2024-05-10 21:02:00
507774,2023-01-19 00:55:00,1093,P1123,S002,4,0.2,Cash,2023-01-19 03:55:00,2023-02-04 03:55:00
507775,2024-11-18 09:47:00,1322,P1150,S010,4,0.05,Net Banking,2024-11-18 12:01:00,2025-01-13 12:01:00
507776,2023-01-17 23:23:00,1460,P1106,S008,5,0.15,Wallet,2023-01-18 00:18:00,2023-03-18 00:18:00
507777,2023-06-12 22:24:00,1021,P1066,S025,8,0.2,UPI,2023-06-13 00:30:00,2023-07-15 00:30:00
507778,2024-12-06 20:43:00,1129,P1090,S005,3,0.1,Net Banking,2024-12-06 23:42:00,2024-12-25 23:42:00
507779,2024-01-17 08:37:00,1280,P1002,S018,8,0.1,Debit Card,2024-01-17 09:04:00,2024-02-04 09:04:00
507780,2026-03-17 05:06:00,1294,P1052,S004,1,0.1,Net Banking,2026-03-17 07:52:00,2026-04-18 07:52:00
507781,2025-09-11 12:49:00,1414,P1066,S013,2,0.2,Debit Card,2025-09-11 15:02:00,2025-10-06 15:02:00
507782,2023-06-19 12:20:00,1134,P1027,S022,8,0.2,Wallet,2023-06-19 14:27:00,2023-06-23 14:27:00
507783,2025-07-15 09:49:00,1061,P1008,S011,7,0.15,Credit Card,2025-07-15 12:40:00,2025-08-29 12:40:00
507784,2023-09-23 13:57:00,1142,P1109,S007,1,0.05,Debit Card,2023-09-23 14:42:00,2023-11-16 14:42:00
507785,2025-10-06 17:47:00,1434,P1060,S011,8,0.2,Cash,2025-10-06 19:33:00,2025-10-27 19:33:00
507786,2025-05-08 12:29:00,1430,P1008,S008,3,0.0,UPI,2025-05-08 13:23:00,2025-06-04 13:23:00
507787,2023-12-07 08:20:00,1043,P1092,S009,8,0.2,Net Banking,2023-12-07 10:43:00,2024-01-03 10:43:00
507788,2025-11-04 09:57:00,1364,P1026,S018,6,0.0,Net Banking,2025-11-04 11:04:00,2025-12-18 11:04:00
507789,2025-04-21 16:13:00,1247,P1108,S005,1,0.2,Credit Card,2025-04-21 19:09:00,2025-05-01 19:09:00
507790,2024-03-25 15:07:00,1304,P1108,S001,3,0.05,CREDIT CARD,2024-03-25 15:14:00,2024-04-17 15:14:00
507791,2025-11-09 00:17:00,1126,P1039,S016,3,0.05,Debit Card,2025-11-09 02:11:00,2025-12-24 02:11:00
507792,2024-01-25 22:58:00,1162,P1139,S024,2,0.0,Cash,2024-01-26 01:03:00,2024-03-25 01:03:00
507793,2023-10-02 11:36:00,1382,P1115,S003,6,0.0,UPI,2023-10-02 13:15:00,2023-11-29 13:15:00
507794,2024-07-03 21:58:00,1239,P1031,S013,4,0.0,Wallet,2024-07-03 23:51:00,2024-07-31 23:51:00
507795,2024-10-08 19:12:00,1305,P1103,S005,8,0.2,Cash,2024-10-08 21:26:00,2024-10-11 21:26:00
507796,2023-08-16 02:33:00,1290,P1043,S018,4,0.1,Wallet,2023-08-16 04:59:00,2023-08-20 04:59:00
507797,2024-07-03 01:53:00,1329,P1012,S022,4,0.1,Wallet,2024-07-03 02:26:00,2024-07-30 02:26:00
507798,2026-02-11 23:34:00,1145,P1055,S012,5,0.0,Net Banking,2026-02-12 01:59:00,2026-03-13 01:59:00
507799,2024-10-07 17:18:00,1001,P1077,S020,6,0.1,net banking,2024-10-07 17:58:00,2024-11-30 17:58:00
507800,2024-01-02 16:31:00,1240,P1087,S014,8,0.1,Credit Card,2024-01-02 18:10:00,2024-03-01 18:10:00
507801,2025-12-02 13:26:00,1040,P1080,S011,4,0.2,Credit Card,2025-12-02 15:49:00,2026-01-04 15:49:00
507802,2024-09-20 02:55:00,1455,P1052,S016,4,0.05,Credit Card,2024-09-20 03:46:00,2024-11-06 03:46:00
507803,2025-03-20 21:19:00,1050,P1077,S010,5,0.2,Net Banking,2025-03-20 21:32:00,2025-04-22 21:32:00
507804,2023-05-04 04:01:00,1072,P1120,S008,6,,Net Banking,2023-05-04 06:14:00,2023-05-22 06:14:00
507805,2023-08-12 18:08:00,1244,P1130,S014,5,0.1,Wallet,2023-08-12 18:31:00,2023-09-01 18:31:00
507806,2025-12-23 05:36:00,1413,P1043,S001,6,0.05,Wallet,2025-12-23 07:26:00,2025-12-28 07:26:00
507807,2025-11-11 14:01:00,1295,P1013,S013,3,0.1,Cash,2025-11-11 14:10:00,2025-11-18 14:10:00
507808,2025-02-02 04:57:00,1341,P1033,S005,6,0.15,Credit Card,2025-02-02 05:13:00,2025-03-14 05:13:00
507809,2024-05-31 09:14:00,1410,P1040,S020,3,0.0,Cash,2024-05-31 11:12:00,2024-06-26 11:12:00
507810,2025-05-07 11:16:00,1213,P1108,S016,1,0.05,Cash,2025-05-07 12:49:00,2025-07-04 12:49:00
507811,2023-04-09 14:03:00,1027,P1145,S012,6,0.15,Debit Card,2023-04-09 14:20:00,2023-05-31 14:20:00
507812,2024-04-23 16:56:00,1372,P1034,S011,8,0.2,Debit Card,2024-04-23 19:11:00,2024-06-22 19:11:00
507813,2024-02-26 14:05:00,1332,P1019,S022,6,0.15,NET BANKING,2024-02-26 14:31:00,2024-03-27 14:31:00
507814,2023-08-07 22:04:00,1421,P1140,S003,8,0.1,Net Banking,2023-08-08 00:04:00,2023-09-30 00:04:00
507815,2023-07-01 11:35:00,1062,P1136,S021,7,0.05,Credit Card,2023-07-01 14:05:00,2023-08-20 14:05:00
507816,2024-02-25 14:33:00,1258,P1119,S003,6,0.15,UPI,2024-02-25 15:41:00,2024-02-28 15:41:00
507817,2024-12-06 12:53:00,1055,P1003,S002,1,0.1,Cash,2024-12-06 13:38:00,2025-01-23 13:38:00
507818,2023-05-24 18:48:00,1223,P1085,S014,6,0.2,UPI,2023-05-24 20:02:00,2023-05-26 20:02:00
507819,2023-04-23 06:57:00,1003,P1139,S014,2,0.1,Cash,2023-04-23 08:50:00,2023-06-20 08:50:00
507820,2024-02-25 18:05:00,1405,P1118,S021,5,0.05,Credit Card,2024-02-25 18:18:00,2024-03-05 18:18:00
507821,2025-08-22 16:12:00,1217,P1036,S008,2,0.1,Cash,2025-08-22 18:06:00,2025-10-02 18:06:00
507822,2023-01-09 02:09:00,1010,P1095,S014,3,0.2,Credit Card,2023-01-09 03:49:00,2023-02-21 03:49:00
507823,2025-04-05 12:37:00,1120,P1100,S005,1,,Credit Card,2025-04-05 13:18:00,2025-06-01 13:18:00
507824,2024-08-15 04:55:00,1367,P1131,S016,7,0.05,UPI,2024-08-15 05:21:00,2024-08-31 05:21:00
507825,2023-10-29 22:37:00,1068,P1129,S004,2,0.2,UPI,2023-10-30 00:45:00,2023-11-24 00:45:00
507826,2024-02-18 03:37:00,1267,P1140,S011,4,0.1,Net Banking,2024-02-18 05:17:00,2024-04-02 05:17:00
507827,2023-05-22 06:47:00,1259,P1048,S022,7,0.05,Cash,2023-05-22 08:16:00,2023-07-20 08:16:00
507828,2024-07-31 14:33:00,1359,P1136,S005,5,0.1,wallet,2024-07-31 16:46:00,2024-09-24 16:46:00
507829,2023-09-13 19:33:00,1058,P1056,S007,2,0.15,Credit Card,2023-09-13 21:40:00,2023-10-17 21:40:00
507830,2024-02-09 04:35:00,1330,P1058,S020,3,0.15,Debit Card,2024-02-09 06:47:00,2024-02-19 06:47:00
507831,2024-09-19 02:49:00,1272,P1121,S002,6,0.1,Debit Card,2024-09-19 03:41:00,2024-11-14 03:41:00
507832,2024-07-30 00:51:00,1153,P1125,S011,6,0.05,Credit Card,2024-07-30 02:16:00,2024-09-12 02:16:00
507833,2024-08-27 03:58:00,1428,P1011,S016,1,0.05,Wallet,2024-08-27 04:49:00,2024-09-22 04:49:00
507834,2024-09-05 18:39:00,1346,P1027,S001,8,0.0,Cash,2024-09-05 19:09:00,2024-09-22 19:09:00
507835,2026-02-02 14:32:00,1254,P1092,S024,4,0.15,UPI,2026-02-02 16:56:00,2026-02-28 16:56:00
507836,2023-01-02 08:53:00,1156,P1088,S016,5,0.05,Cash,2023-01-02 10:13:00,2023-02-19 10:13:00
507837,2025-01-27 07:29:00,1107,P1043,S013,6,0.05,Cash,2025-01-27 08:23:00,2025-02-25 08:23:00
507838,2023-10-29 08:19:00,1487,P1122,S024,2,0.05,Credit Card,2023-10-29 09:29:00,2023-12-04 09:29:00
507839,2025-02-12 18:20:00,1333,P1062,S014,3,0.0,UPI,2025-02-12 18:38:00,2025-03-02 18:38:00
507840,2023-07-17 04:22:00,1121,P1080,S024,1,0.05,Net Banking,2023-07-17 06:32:00,2023-08-09 06:32:00
507841,2025-09-19 00:32:00,1121,P1130,S023,8,0.0,Cash,2025-09-19 02:59:00,2025-10-11 02:59:00
507842,2024-06-16 01:04:00,1253,P1069,S018,7,0.15,Net Banking,2024-06-16 01:56:00,2024-08-10 01:56:00
507843,2023-09-24 13:53:00,1252,P1098,S020,3,0.1,Cash,2023-09-24 14:49:00,2023-11-20 14:49:00
507844,2023-05-22 00:21:00,1308,P1063,S004,1,0.1,Wallet,2023-05-22 02:47:00,2023-07-01 02:47:00
507845,2024-09-06 15:38:00,1168,P1010,S024,6,0.0,Debit Card,2024-09-06 16:50:00,2024-09-07 16:50:00
507846,2024-07-13 19:00:00,1032,P1063,S011,7,0.05,Cash,2024-07-13 20:44:00,2024-08-30 20:44:00
507847,2023-01-22 12:04:00,1186,P1011,S002,2,0.15,UPI,2023-01-22 12:08:00,2023-03-05 12:08:00
507848,2025-01-14 07:28:00,1454,P1025,S015,8,0.1,UPI,2025-01-14 08:06:00,2025-02-18 08:06:00
507849,2026-02-16 19:35:00,1243,P1148,S015,6,0.05,UPI,2026-02-16 21:49:00,2026-03-07 21:49:00
507850,2023-08-29 11:47:00,1484,P1017,S014,5,0.05,Wallet,2023-08-29 13:01:00,2023-09-18 13:01:00
507851,2024-05-14 22:41:00,1067,P1134,S018,4,0.15,Cash,2024-05-15 01:11:00,2024-06-17 01:11:00
507852,2023-01-04 01:37:00,1435,P1027,S018,7,0.2,credit card,2023-01-04 03:33:00,2023-01-20 03:33:00
507853,2026-02-04 21:56:00,1181,P1126,S004,8,0.05,Wallet,2026-02-05 00:01:00,2026-03-23 00:01:00
507854,2024-02-01 01:43:00,1356,P1089,S016,7,0.0,Cash,2024-02-01 03:35:00,2024-02-22 03:35:00
507855,2024-10-10 17:16:00,1410,P1051,S001,1,0.2,Credit Card,2024-10-10 17:41:00,2024-11-26 17:41:00
507856,2023-11-26 05:01:00,1206,P1046,S001,7,0.15,Cash,2023-11-26 06:45:00,2023-12-14 06:45:00
507857,2023-12-19 19:32:00,1400,P1022,S019,5,0.0,Wallet,2023-12-19 20:33:00,2024-01-14 20:33:00
507858,2023-03-01 05:54:00,1342,P1046,S020,7,0.05,Wallet,2023-03-01 08:02:00,2023-04-14 08:02:00
507859,2025-11-12 21:00:00,1160,P1040,S025,1,0.05,UPI,2025-11-12 21:45:00,2025-12-09 21:45:00
507860,2024-12-10 03:40:00,1381,P1111,S011,2,0.15,Cash,2024-12-10 04:21:00,2024-12-20 04:21:00
507861,2023-12-24 18:41:00,1177,P1120,S017,4,0.15,Credit Card,2023-12-24 21:26:00,2024-01-04 21:26:00
507862,2025-04-30 16:06:00,1009,P1084,S023,4,0.05,DEBIT CARD,2025-04-30 16:38:00,2025-05-14 16:38:00
507863,2023-10-11 13:03:00,1326,P1023,S018,2,,Credit Card,2023-10-11 13:13:00,2023-10-15 13:13:00
507864,2023-02-03 15:13:00,1481,P1144,S022,1,0.0,Wallet,2023-02-03 17:27:00,2023-03-08 17:27:00
507865,2023-10-18 05:05:00,1321,P1051,S024,7,0.1,Credit Card,2023-10-18 05:39:00,2023-11-03 05:39:00
507866,2023-07-14 01:04:00,1411,P1070,S011,3,0.0,Wallet,2023-07-14 01:12:00,2023-08-11 01:12:00
507867,2024-12-13 22:03:00,1471,P1148,S003,2,0.2,Wallet,2024-12-13 22:11:00,2025-01-19 22:11:00
507868,2025-08-03 03:20:00,1262,P1096,S021,2,0.0,Wallet,2025-08-03 05:29:00,2025-08-04 05:29:00
507869,2023-05-10 10:01:00,1156,P1028,S006,3,0.1,UPI,2023-05-10 12:51:00,2023-06-23 12:51:00
507870,2023-06-05 03:10:00,1399,P1085,S002,3,0.15,Cash,2023-06-05 05:18:00,2023-07-04 05:18:00
507871,2023-03-27 06:36:00,1249,P1064,S018,1,,Net Banking,2023-03-27 06:50:00,2023-05-03 06:50:00
507872,2023-07-13 09:38:00,1467,P1028,S020,2,0.0,Debit Card,2023-07-13 10:39:00,2023-08-13 10:39:00
507873,2025-01-27 03:19:00,1196,P1138,S017,2,0.15,Debit Card,2025-01-27 03:50:00,2025-02-12 03:50:00
507874,2025-04-18 02:02:00,1285,P1059,S010,4,0.1,Net Banking,2025-04-18 04:26:00,2025-05-10 04:26:00
507875,2023-05-14 05:29:00,1117,P1107,S024,3,0.1,Cash,2023-05-14 06:54:00,2023-07-09 06:54:00
507876,2023-04-25 11:11:00,1099,P1079,S016,6,0.0,Net Banking,2023-04-25 12:09:00,2023-06-07 12:09:00
507877,2023-05-24 15:35:00,1375,P1108,S007,7,0.1,UPI,2023-05-24 16:24:00,2023-06-15 16:24:00
507878,2025-01-25 16:21:00,1038,P1026,S018,6,0.1,Cash,2025-01-25 18:30:00,2025-03-01 18:30:00
507879,2025-08-31 02:30:00,1432,P1116,S012,8,0.15,Cash,2025-08-31 02:35:00,2025-09-28 02:35:00
507880,2023-09-27 14:04:00,1416,P1100,S004,1,0.1,Credit Card,2023-09-27 14:18:00,2023-11-20 14:18:00
507881,2023-03-09 07:01:00,1472,P1090,S008,7,0.2,Credit Card,2023-03-09 09:02:00,2023-03-22 09:02:00
507882,2025-10-22 02:20:00,1491,P1120,S018,1,0.0,Wallet,2025-10-22 04:59:00,2025-12-14 04:59:00
507883,2025-08-14 20:54:00,1456,P1030,S014,1,0.0,Net Banking,2025-08-14 23:17:00,2025-09-07 23:17:00
507884,2024-10-12 07:16:00,1162,P1016,S024,8,0.1,Net Banking,2024-10-12 09:15:00,2024-11-01 09:15:00
507885,2023-07-23 08:19:00,1391,P1068,S009,7,0.2,Credit Card,2023-07-23 09:37:00,2023-08-07 09:37:00
507886,2025-03-29 12:11:00,1111,P1089,S004,2,0.05,Net Banking,2025-03-29 13:57:00,2025-05-17 13:57:00
507887,2024-04-22 06:17:00,1316,P1078,S003,6,0.1,Credit Card,2024-04-22 09:16:00,2024-06-16 09:16:00
507888,2026-03-21 23:54:00,1237,P1119,S016,8,0.0,Credit Card,2026-03-22 02:32:00,2026-04-01 02:32:00
507889,2025-01-26 17:39:00,1332,P1106,S004,7,0.0,UPI,2025-01-26 20:13:00,2025-03-19 20:13:00
507890,2023-06-15 06:06:00,1421,P1127,S017,8,0.0,Net Banking,2023-06-15 06:35:00,2023-06-30 06:35:00
507891,2025-08-23 21:38:00,1363,P1135,S021,3,0.2,Credit Card,2025-08-23 23:36:00,2025-10-04 23:36:00
507892,2023-04-30 18:03:00,1242,P1037,S011,5,0.0,UPI,2023-04-30 19:58:00,2023-06-29 19:58:00
507893,2023-01-11 13:11:00,1014,P1150,S025,5,0.15,Wallet,2023-01-11 15:53:00,2023-02-01 15:53:00
507894,2025-02-25 21:25:00,1453,P1001,S014,1,0.05,Debit Card,2025-02-25 21:25:00,2025-03-18 21:25:00
507895,2025-01-27 23:10:00,1394,P1117,S007,8,0.2,Debit Card,2025-01-28 01:19:00,2025-03-02 01:19:00
507896,2023-02-22 14:42:00,1453,P1030,S019,1,0.05,Debit Card,2023-02-22 14:44:00,2023-03-10 14:44:00
507897,2023-09-05 13:43:00,1230,P1035,S007,8,0.2,Wallet,2023-09-05 14:09:00,2023-10-06 14:09:00
507898,2025-06-20 07:02:00,1008,P1085,S008,4,0.0,UPI,2025-06-20 09:27:00,2025-08-13 09:27:00
507899,2023-11-25 10:07:00,1145,P1115,S001,5,0.2,Debit Card,2023-11-25 12:21:00,2023-12-22 12:21:00
507900,2024-10-12 01:10:00,1128,P1116,S025,5,0.1,CASH,2024-10-12 02:02:00,2024-10-17 02:02:00
507901,2023-09-04 11:58:00,1027,P1056,S016,2,0.1,Wallet,2023-09-04 13:34:00,2023-09-26 13:34:00
507902,2023-03-05 00:30:00,1264,P1057,S017,3,0.15,NET BANKING,2023-03-05 01:35:00,2023-04-09 01:35:00
507903,2023-10-24 01:05:00,1074,P1028,S011,3,0.15,Credit Card,2023-10-24 01:41:00,2023-10-26 01:41:00
507904,2023-04-09 15:42:00,1218,P1121,S019,6,0.15,Debit Card,2023-04-09 18:35:00,2023-05-28 18:35:00
507905,2025-08-05 03:46:00,1454,P1115,S005,6,0.0,UPI,2025-08-05 05:55:00,2025-09-01 05:55:00
507906,2025-06-12 19:29:00,1176,P1132,S015,5,0.2,Wallet,2025-06-12 20:31:00,2025-07-09 20:31:00
507907,2023-10-31 21:13:00,1178,P1028,S004,1,0.2,UPI,2023-10-31 21:43:00,2023-12-10 21:43:00
507908,2025-10-07 16:12:00,1169,P1118,S003,1,0.2,Wallet,2025-10-07 16:32:00,2025-10-21 16:32:00
507909,2024-02-08 22:49:00,1369,P1029,S016,7,0.1,NET BANKING,2024-02-09 00:33:00,2024-03-07 00:33:00
507910,2025-11-04 02:33:00,1409,P1062,S015,7,0.0,Cash,2025-11-04 04:43:00,2025-12-30 04:43:00
507911,2023-05-19 20:44:00,1068,P1091,S011,1,,Debit Card,2023-05-19 22:39:00,2023-05-23 22:39:00
507912,2026-01-12 08:36:00,1060,P1123,S018,3,0.15,Debit Card,2026-01-12 09:26:00,2026-02-20 09:26:00
507913,2023-04-30 17:12:00,1339,P1070,S010,4,0.1,UPI,2023-04-30 18:21:00,2023-06-28 18:21:00
507914,2024-01-10 16:33:00,1436,P1081,S019,2,0.0,Net Banking,2024-01-10 17:58:00,2024-02-23 17:58:00
507915,2025-07-24 14:06:00,1425,P1112,S013,4,0.1,Cash,2025-07-24 16:11:00,2025-08-13 16:11:00
507916,2023-01-03 06:53:00,1276,P1109,S025,4,0.05,UPI,2023-01-03 09:02:00,2023-01-07 09:02:00
507917,2023-01-20 14:46:00,1376,P1101,S011,5,0.05,Cash,2023-01-20 15:38:00,2023-02-24 15:38:00
507918,2023-01-07 03:07:00,1416,P1150,S006,8,0.05,Credit Card,2023-01-07 03:40:00,2023-02-01 03:40:00
507919,2024-06-20 18:58:00,1047,P1057,S010,8,0.15,Wallet,2024-06-20 20:51:00,2024-07-16 20:51:00
507920,2025-02-20 01:06:00,1012,P1137,S014,3,0.1,Debit Card,2025-02-20 02:02:00,2025-02-26 02:02:00
507921,2024-02-09 02:58:00,1161,P1127,S004,3,0.15,Debit Card,2024-02-09 03:29:00,2024-04-07 03:29:00
507922,2023-10-03 05:55:00,1355,P1003,S013,5,0.15,Cash,2023-10-03 07:51:00,2023-10-10 07:51:00
507923,2025-06-12 11:54:00,1278,P1065,S002,5,0.05,Wallet,2025-06-12 13:40:00,2025-07-05 13:40:00
507924,2023-06-21 20:03:00,1227,P1069,S019,8,0.05,Cash,2023-06-21 20:58:00,2023-08-12 20:58:00
507925,2024-09-05 11:26:00,1082,P1021,S023,3,0.1,Net Banking,2024-09-05 13:32:00,2024-09-09 13:32:00
507926,2026-02-05 23:54:00,1328,P1078,S003,6,0.1,Cash,2026-02-06 01:48:00,2026-03-05 01:48:00
507927,2023-10-06 03:43:00,1500,P1017,S023,2,0.05,Net Banking,2023-10-06 04:46:00,2023-12-04 04:46:00
507928,2025-02-14 16:58:00,1303,P1013,S006,3,0.2,Cash,2025-02-14 17:59:00,2025-04-06 17:59:00
507929,2025-06-05 15:46:00,1397,P1005,S016,2,0.0,Credit Card,2025-06-05 16:31:00,2025-06-16 16:31:00
507930,2025-01-19 00:52:00,1117,P1049,S014,7,0.2,Net Banking,2025-01-19 03:36:00,2025-03-05 03:36:00
507931,2024-08-11 19:18:00,1254,P1144,S007,7,0.15,Cash,2024-08-11 21:52:00,2024-08-20 21:52:00
507932,2024-07-25 09:31:00,1491,P1075,S011,8,0.0,Net Banking,2024-07-25 10:19:00,2024-08-04 10:19:00
507933,2024-11-07 11:17:00,1481,P1112,S018,5,0.15,Credit Card,2024-11-07 13:41:00,2024-12-25 13:41:00
507934,2025-07-24 21:25:00,1036,P1045,S018,2,0.15,Cash,2025-07-24 21:35:00,2025-08-09 21:35:00
507935,2023-08-15 15:05:00,1303,P1074,S009,5,0.05,Wallet,2023-08-15 16:43:00,2023-09-21 16:43:00
507936,2026-02-22 06:37:00,1482,P1045,S009,8,0.0,UPI,2026-02-22 08:13:00,2026-03-07 08:13:00
507937,2024-09-27 05:37:00,1488,P1096,S011,5,0.15,UPI,2024-09-27 08:31:00,2024-11-08 08:31:00
507938,2023-12-05 01:02:00,1493,P1023,S013,1,0.2,UPI,2023-12-05 02:54:00,2023-12-19 02:54:00
507939,2025-02-18 17:11:00,1126,P1122,S021,8,0.15,Wallet,2025-02-18 18:20:00,2025-02-27 18:20:00
507940,2025-09-13 10:12:00,1320,P1146,S019,4,0.2,UPI,2025-09-13 10:44:00,2025-11-12 10:44:00
507941,2026-02-02 15:44:00,1294,P1014,S012,5,,Net Banking,2026-02-02 17:11:00,2026-03-12 17:11:00
507942,2024-09-26 16:11:00,1423,P1076,S022,2,0.0,Net Banking,2024-09-26 17:21:00,2024-10-22 17:21:00
507943,2025-12-04 00:53:00,1139,P1103,S015,1,0.0,Cash,2025-12-04 01:52:00,2026-01-19 01:52:00
507944,2023-08-08 13:38:00,1407,P1068,S016,4,0.2,UPI,2023-08-08 14:32:00,2023-09-11 14:32:00
507945,2023-03-02 22:25:00,1435,P1002,S022,8,0.05,UPI,2023-03-02 23:27:00,2023-04-02 23:27:00
507946,2026-02-25 11:02:00,1071,P1101,S003,7,0.05,Debit Card,2026-02-25 13:25:00,2026-03-05 13:25:00
507947,2023-04-05 10:18:00,1314,P1130,S011,1,0.0,Cash,2023-04-05 11:57:00,2023-04-23 11:57:00
507948,2024-12-12 05:52:00,1358,P1003,S003,8,0.1,Debit Card,2024-12-12 07:11:00,2024-12-15 07:11:00
507949,2023-02-20 09:37:00,1167,P1116,S018,2,0.1,UPI,2023-02-20 12:27:00,2023-03-07 12:27:00
507950,2023-11-06 15:31:00,1430,P1093,S008,4,0.2,Cash,2023-11-06 15:37:00,2023-11-10 15:37:00
507951,2023-10-04 21:34:00,1301,P1044,S020,2,0.05,credit card,2023-10-04 22:35:00,2023-11-26 22:35:00
507952,2025-10-25 21:07:00,1284,P1126,S009,1,0.0,Cash,2025-10-25 21:27:00,2025-12-05 21:27:00
507953,2024-05-31 07:48:00,1085,P1138,S024,5,0.05,Credit Card,2024-05-31 08:24:00,2024-06-24 08:24:00
507954,2024-04-03 21:31:00,1491,P1055,S011,7,0.15,Credit Card,2024-04-03 23:09:00,2024-04-05 23:09:00
507955,2024-07-25 08:57:00,1420,P1124,S006,3,0.05,Cash,2024-07-25 09:34:00,2024-08-12 09:34:00
507956,2024-08-09 15:09:00,1127,P1063,S008,5,0.05,CREDIT CARD,2024-08-09 17:17:00,2024-10-03 17:17:00
507957,2025-02-14 01:49:00,1112,P1047,S005,3,0.15,Debit Card,2025-02-14 04:44:00,2025-03-29 04:44:00
507958,2025-02-07 03:31:00,1474,P1091,S017,4,0.1,Wallet,2025-02-07 06:17:00,2025-04-04 06:17:00
507959,2024-07-11 21:58:00,1234,P1057,S001,2,0.2,UPI,2024-07-11 22:16:00,2024-09-01 22:16:00
507960,2026-03-22 22:59:00,1375,P1037,S009,2,0.05,Net Banking,2026-03-22 23:35:00,2026-04-09 23:35:00
507961,2025-06-14 07:22:00,1190,P1042,S005,4,0.05,UPI,2025-06-14 09:56:00,2025-07-15 09:56:00
507962,2024-03-27 18:31:00,1281,P1010,S001,3,0.2,Credit Card,2024-03-27 19:38:00,2024-05-05 19:38:00
507963,2025-04-14 14:28:00,1426,P1022,S009,6,0.1,Debit Card,2025-04-14 16:44:00,2025-05-07 16:44:00
507964,2024-09-30 09:17:00,1402,P1119,S008,-1,0.05,Cash,2024-09-30 10:35:00,2024-10-09 10:35:00
507965,2026-02-25 06:10:00,1500,P1065,S018,4,0.05,Cash,2026-02-25 07:09:00,2026-03-10 07:09:00
507966,2024-12-23 11:44:00,1324,P1057,S016,6,0.0,Credit Card,2024-12-23 13:38:00,2025-02-01 13:38:00
507967,2024-02-06 02:06:00,1111,P1030,S005,7,0.1,DEBIT CARD,2024-02-06 03:45:00,2024-02-27 03:45:00
507968,2025-02-19 22:47:00,1228,P1091,S015,1,0.1,Cash,2025-02-20 01:24:00,2025-03-16 01:24:00
507969,2023-08-08 15:05:00,1331,P1023,S021,4,0.05,Credit Card,2023-08-08 16:37:00,2023-09-16 16:37:00
507970,2024-04-20 11:25:00,1324,P1096,S011,1,0.0,Credit Card,2024-04-20 12:07:00,2024-06-08 12:07:00
507971,2024-11-17 17:19:00,1397,P1015,S023,4,0.1,UPI,2024-11-17 17:47:00,2025-01-04 17:47:00
507972,2023-06-09 07:28:00,1339,P1036,S001,3,0.05,UPI,2023-06-09 08:17:00,2023-07-31 08:17:00
507973,2023-06-20 14:14:00,1436,P1033,S021,7,0.0,Cash,2023-06-20 16:32:00,2023-07-01 16:32:00
507974,2026-01-08 12:40:00,1382,P1106,S014,4,0.0,Cash,2026-01-08 15:02:00,2026-02-21 15:02:00
507975,2023-02-03 19:39:00,1146,P1140,S018,7,0.05,Net Banking,2023-02-03 21:24:00,2023-03-26 21:24:00
507976,2025-11-09 14:20:00,1485,P1026,S019,3,0.2,Net Banking,2025-11-09 16:09:00,2025-12-14 16:09:00
507977,2024-11-10 18:50:00,1497,P1005,S005,5,0.2,Wallet,2024-11-10 19:10:00,2024-11-15 19:10:00
507978,2024-03-01 16:55:00,1008,P1146,S008,3,0.15,Debit Card,2024-03-01 17:43:00,2024-03-21 17:43:00
507979,2024-01-25 04:39:00,1149,P1129,S024,7,0.05,Wallet,2024-01-25 06:18:00,2024-03-03 06:18:00
507980,2023-09-15 01:44:00,1125,P1004,S013,6,0.05,Credit Card,2023-09-15 02:04:00,2023-11-08 02:04:00
507981,2023-12-18 07:38:00,1201,P1019,S004,7,0.15,Debit Card,2023-12-18 10:34:00,2024-02-16 10:34:00
507982,2023-08-16 02:21:00,1198,P1076,S023,5,0.15,Debit Card,2023-08-16 02:44:00,2023-10-02 02:44:00
507983,2023-10-29 06:39:00,1192,P1121,S018,3,0.15,Net Banking,2023-10-29 08:25:00,2023-12-17 08:25:00
507984,2023-02-08 01:33:00,1145,P1117,S001,4,0.05,Credit Card,2023-02-08 01:36:00,2023-02-08 01:36:00
507985,2025-05-02 01:47:00,1271,P1130,S025,5,0.05,Net Banking,2025-05-02 01:50:00,2025-06-23 01:50:00
507986,2023-06-15 06:44:00,1236,P1063,S004,1,0.1,Credit Card,2023-06-15 07:52:00,2023-07-24 07:52:00
507987,2026-02-25 16:33:00,1308,P1057,S004,3,0.2,Wallet,2026-02-25 19:18:00,2026-04-08 19:18:00
507988,2023-01-17 09:55:00,1258,P1038,S008,7,0.0,Cash,2023-01-17 11:04:00,2023-01-27 11:04:00
507989,2023-03-10 02:01:00,1465,P1126,S005,4,0.2,Credit Card,2023-03-10 04:50:00,2023-04-18 04:50:00
507990,2023-05-21 04:54:00,1021,P1025,S012,2,0.0,Cash,2023-05-21 07:37:00,2023-05-27 07:37:00
507991,2023-04-07 23:38:00,1264,P1078,S019,8,0.0,Debit Card,2023-04-08 01:43:00,2023-05-29 01:43:00
507992,2023-11-13 22:02:00,1345,P1118,S022,7,0.15,Wallet,2023-11-14 00:30:00,2023-12-12 00:30:00
507993,2024-05-08 03:02:00,1489,P1080,S011,4,0.0,Net Banking,2024-05-08 03:14:00,2024-06-15 03:14:00
507994,2024-07-24 04:08:00,1168,P1062,S006,8,0.0,Debit Card,2024-07-24 05:02:00,2024-08-17 05:02:00
507995,2025-09-13 22:11:00,1178,P1004,S016,7,0.05,Credit Card,2025-09-14 00:55:00,2025-10-27 00:55:00
507996,2024-04-12 04:49:00,1495,P1096,S002,5,0.1,Debit Card,2024-04-12 06:46:00,2024-06-09 06:46:00
507997,2025-11-19 07:05:00,1473,P1074,S024,4,0.15,UPI,2025-11-19 09:11:00,2026-01-17 09:11:00
507998,2023-05-31 12:05:00,1263,P1122,S024,7,0.05,Wallet,2023-05-31 13:56:00,2023-07-15 13:56:00
507999,2023-03-05 15:12:00,1078,P1081,S016,6,0.2,Debit Card,2023-03-05 17:11:00,2023-03-15 17:11:00
508000,2025-12-22 07:25:00,1061,P1114,S002,2,0.05,Net Banking,2025-12-22 08:18:00,2026-01-29 08:18:00
508001,2026-02-15 17:06:00,1292,P1083,S015,3,0.05,Wallet,2026-02-15 17:07:00,2026-02-24 17:07:00
508002,2024-03-03 07:43:00,1220,P1035,S007,5,0.05,Wallet,2024-03-03 09:09:00,2024-04-05 09:09:00
508003,2023-09-26 07:52:00,1390,P1034,S005,7,0.1,UPI,2023-09-26 09:06:00,2023-11-23 09:06:00
508004,2023-02-04 03:16:00,1488,P1037,S007,1,0.1,Cash,2023-02-04 05:58:00,2023-02-21 05:58:00
508005,2025-03-10 10:48:00,1216,P1004,S024,7,0.0,Wallet,2025-03-10 12:40:00,2025-04-07 12:40:00
508006,2023-11-06 11:07:00,1122,P1078,S006,2,0.0,Net Banking,2023-11-06 13:11:00,2023-11-22 13:11:00
508007,2024-09-29 07:39:00,1263,P1145,S007,1,0.05,Wallet,2024-09-29 09:56:00,2024-11-21 09:56:00
508008,2023-07-25 13:38:00,1200,P1111,S017,1,0.05,Cash,2023-07-25 15:23:00,2023-08-10 15:23:00
508009,2026-02-10 15:18:00,1057,P1027,S015,7,0.15,UPI,2026-02-10 17:41:00,2026-03-04 17:41:00
508010,2023-10-29 08:31:00,1472,P1142,S011,8,0.15,Cash,2023-10-29 11:26:00,2023-11-22 11:26:00
508011,2024-09-10 13:36:00,1222,P1095,S020,1,0.05,Net Banking,2024-09-10 14:16:00,2024-11-07 14:16:00
508012,2023-11-24 15:53:00,1153,P1106,S020,5,0.2,Credit Card,2023-11-24 17:49:00,2024-01-07 17:49:00
508013,2024-11-11 22:18:00,1195,P1063,S010,5,0.15,Wallet,2024-11-11 23:38:00,2024-12-10 23:38:00
508014,2026-02-17 05:02:00,1099,P1126,S022,7,0.2,Credit Card,2026-02-17 05:14:00,2026-02-23 05:14:00
508015,2025-01-11 05:46:00,1040,P1061,S016,3,0.1,Credit Card,2025-01-11 08:38:00,2025-02-13 08:38:00
508016,2023-04-05 09:26:00,1489,P1081,S006,2,0.15,Wallet,2023-04-05 10:59:00,2023-04-19 10:59:00
508017,2023-05-07 10:51:00,1194,P1127,S015,4,0.0,UPI,2023-05-07 12:52:00,2023-05-15 12:52:00
508018,2023-10-25 23:47:00,1020,P1069,S007,4,0.0,Cash,2023-10-25 23:59:00,2023-11-06 23:59:00
508019,2025-08-07 18:53:00,1015,P1024,S005,2,0.1,Credit Card,2025-08-07 18:57:00,2025-09-22 18:57:00
508020,2024-01-05 07:32:00,1032,P1146,S020,6,0.1,Debit Card,2024-01-05 09:51:00,2024-01-24 09:51:00
508021,2023-01-21 13:53:00,1063,P1143,S004,1,0.15,Credit Card,2023-01-21 14:34:00,2023-02-21 14:34:00
508022,2023-05-26 19:34:00,1142,P1140,S002,7,0.15,Cash,2023-05-26 21:07:00,2023-06-13 21:07:00
508023,2025-02-20 08:45:00,1326,P1009,S022,7,,UPI,2025-02-20 10:35:00,2025-02-28 10:35:00
508024,2025-03-28 11:05:00,1164,P1065,S016,4,0.15,UPI,2025-03-28 11:38:00,2025-04-22 11:38:00
508025,2024-07-12 05:50:00,1403,P1078,S004,6,0.05,Credit Card,2024-07-12 08:36:00,2024-07-16 08:36:00
508026,2026-02-10 14:28:00,1409,P1016,S025,1,0.0,Net Banking,2026-02-10 16:43:00,2026-03-13 16:43:00
508027,2025-12-20 10:17:00,1209,P1053,S011,8,0.15,Credit Card,2025-12-20 11:45:00,2025-12-23 11:45:00
508028,2024-02-28 16:55:00,1096,P1050,S011,5,0.05,Wallet,2024-02-28 19:42:00,2024-03-06 19:42:00
508029,2024-03-14 13:02:00,1003,P1053,S016,7,0.0,Credit Card,2024-03-14 14:42:00,2024-03-23 14:42:00
508030,2023-03-21 20:31:00,1127,P1121,S008,7,0.15,Net Banking,2023-03-21 20:39:00,2023-04-18 20:39:00
508031,2023-03-30 07:05:00,1312,P1114,S014,1,0.15,Wallet,2023-03-30 08:56:00,2023-05-22 08:56:00
508032,2023-01-29 08:57:00,1221,P1006,S002,6,0.1,Net Banking,2023-01-29 10:35:00,2023-03-11 10:35:00
508033,2024-04-29 23:04:00,1143,P1147,S007,5,0.1,Net Banking,2024-04-30 01:33:00,2024-06-06 01:33:00
508034,2023-05-19 20:41:00,1187,P1012,S006,8,0.2,Wallet,2023-05-19 22:20:00,2023-05-24 22:20:00
508035,2026-02-23 04:26:00,1072,P1084,S011,6,0.15,Debit Card,2026-02-23 07:13:00,2026-03-06 07:13:00
508036,2023-08-08 19:58:00,1177,P1012,S017,1,0.15,CASH,2023-08-08 21:04:00,2023-09-23 21:04:00
508037,2023-02-21 07:26:00,1007,P1150,S021,2,0.15,UPI,2023-02-21 08:25:00,2023-03-10 08:25:00
508038,2025-05-02 18:13:00,1476,P1051,S008,7,0.05,Debit Card,2025-05-02 18:44:00,2025-05-17 18:44:00
508039,2024-10-23 05:34:00,1341,P1057,S007,3,0.15,Debit Card,2024-10-23 05:41:00,2024-11-09 05:41:00
508040,2024-07-22 08:52:00,1262,P1025,S013,5,0.2,Debit Card,2024-07-22 10:27:00,2024-09-10 10:27:00
508041,2025-05-01 03:50:00,1081,P1130,S014,2,0.1,Net Banking,2025-05-01 05:14:00,2025-06-26 05:14:00
508042,2023-08-12 11:26:00,1334,P1005,S021,8,0.2,Debit Card,2023-08-12 13:25:00,2023-08-31 13:25:00
508043,2026-03-15 03:28:00,1454,P1008,S014,1,0.2,UPI,2026-03-15 06:15:00,2026-04-28 06:15:00
508044,2023-10-13 11:28:00,1016,P1040,S023,3,0.05,Debit Card,2023-10-13 11:43:00,2023-11-07 11:43:00
508045,2026-01-31 18:57:00,1035,P1080,S016,1,0.15,Cash,2026-01-31 21:56:00,2026-02-28 21:56:00
508046,2024-12-16 19:25:00,1401,P1005,S025,1,0.05,UPI,2024-12-16 20:49:00,2024-12-18 20:49:00
508047,2026-03-11 23:28:00,1471,P1108,S010,8,0.0,Wallet,2026-03-12 02:06:00,2026-04-09 02:06:00
508048,2024-09-27 22:35:00,1015,P1022,S013,6,0.15,UPI,2024-09-28 00:19:00,2024-11-09 00:19:00
508049,2023-10-18 09:27:00,1171,P1106,S019,6,0.0,Credit Card,2023-10-18 11:12:00,2023-10-26 11:12:00
508050,2025-01-31 02:27:00,1372,P1008,S006,7,0.0,Debit Card,2025-01-31 03:01:00,2025-03-04 03:01:00
508051,2024-01-02 04:52:00,1493,P1075,S016,5,0.15,Net Banking,2024-01-02 07:06:00,2024-02-29 07:06:00
508052,2025-09-23 16:22:00,1217,P1136,S003,5,0.2,UPI,2025-09-23 16:53:00,2025-10-06 16:53:00
508053,2024-07-17 08:46:00,1465,P1087,S022,1,0.0,Wallet,2024-07-17 10:22:00,2024-07-31 10:22:00
508054,2023-10-02 14:52:00,1048,P1115,S004,5,0.0,UPI,2023-10-02 15:27:00,2023-11-10 15:27:00
508055,2023-10-02 03:11:00,1500,P1089,S017,5,0.0,Net Banking,2023-10-02 05:47:00,2023-10-04 05:47:00
508056,2024-02-06 12:40:00,1475,P1044,S013,4,0.0,Credit Card,2024-02-06 15:21:00,2024-03-23 15:21:00
508057,2024-09-09 18:16:00,1239,P1132,S003,3,0.2,Debit Card,2024-09-09 20:04:00,2024-09-10 20:04:00
508058,2023-09-20 03:37:00,1279,P1088,S006,3,0.05,Net Banking,2023-09-20 06:26:00,2023-10-05 06:26:00
508059,2024-03-22 03:04:00,1095,P1058,S003,2,0.1,Debit Card,2024-03-22 04:23:00,2024-05-20 04:23:00
508060,2025-09-16 18:44:00,1374,P1003,S009,4,0.0,WALLET,2025-09-16 20:39:00,2025-10-26 20:39:00
508061,2023-12-23 00:24:00,1161,P1059,S019,6,0.1,Credit Card,2023-12-23 03:13:00,2023-12-25 03:13:00
508062,2023-12-08 16:17:00,1330,P1020,S005,4,0.2,Cash,2023-12-08 17:45:00,2024-01-30 17:45:00
508063,2025-12-04 16:17:00,1002,P1113,S010,2,0.1,Net Banking,2025-12-04 17:08:00,2025-12-08 17:08:00
508064,2025-07-12 13:53:00,1227,P1056,S001,1,0.2,Credit Card,2025-07-12 15:04:00,2025-07-23 15:04:00
508065,2023-04-17 03:34:00,1249,P1016,S025,7,0.2,Wallet,2023-04-17 05:57:00,2023-06-12 05:57:00
508066,2026-01-19 06:09:00,1417,P1070,S002,2,0.0,Cash,2026-01-19 08:35:00,2026-01-28 08:35:00
508067,2023-12-20 16:59:00,1398,P1107,S018,1,0.15,Credit Card,2023-12-20 17:04:00,2023-12-25 17:04:00
508068,2023-12-18 16:06:00,1453,P1094,S021,1,0.15,Cash,2023-12-18 18:33:00,2024-01-16 18:33:00
508069,2023-11-04 02:32:00,1010,P1111,S014,6,0.0,Wallet,2023-11-04 04:54:00,2023-12-13 04:54:00
508070,2024-11-15 13:23:00,1144,P1006,S002,3,0.15,Wallet,2024-11-15 14:57:00,2024-11-29 14:57:00
508071,2025-10-06 02:26:00,1070,P1118,S015,6,0.05,Wallet,2025-10-06 02:43:00,2025-11-04 02:43:00
508072,2026-03-05 10:16:00,1048,P1110,S004,2,0.2,Cash,2026-03-05 11:09:00,2026-04-17 11:09:00
508073,2025-11-25 03:56:00,1366,P1045,S021,2,0.2,Debit Card,2025-11-25 05:07:00,2026-01-13 05:07:00
508074,2026-03-26 05:36:00,1479,P1007,S010,5,0.2,Credit Card,2026-03-26 06:37:00,2026-03-29 06:37:00
508075,2023-11-18 18:17:00,1445,P1142,S020,8,0.15,Wallet,2023-11-18 20:02:00,2024-01-08 20:02:00
508076,2023-07-28 13:52:00,1064,P1030,S018,6,0.15,UPI,2023-07-28 15:37:00,2023-09-15 15:37:00
508077,2023-04-12 02:53:00,1294,P1041,S002,8,0.05,Cash,2023-04-12 02:58:00,2023-06-05 02:58:00
508078,2026-02-03 22:27:00,1184,P1122,S004,6,0.1,Cash,2026-02-04 00:09:00,2026-02-24 00:09:00
508079,2023-12-05 18:02:00,1036,P1059,S018,7,0.1,UPI,2023-12-05 18:50:00,2023-12-21 18:50:00
508080,2025-08-08 12:31:00,1442,P1059,S021,8,0.05,Cash,2025-08-08 15:24:00,2025-10-05 15:24:00
508081,2023-12-15 11:53:00,1366,P1008,S013,4,0.1,Net Banking,2023-12-15 14:23:00,2024-02-04 14:23:00
508082,2024-03-24 03:10:00,1185,P1020,S022,1,0.0,Net Banking,2024-03-24 03:40:00,2024-05-07 03:40:00
508083,2023-08-10 05:39:00,1094,P1070,S017,7,0.0,Credit Card,2023-08-10 08:09:00,2023-09-12 08:09:00
508084,2023-06-20 03:00:00,1168,P1134,S001,8,0.15,Wallet,2023-06-20 03:48:00,2023-08-15 03:48:00
508085,2023-06-25 01:57:00,1086,P1015,S022,5,0.1,Wallet,2023-06-25 04:28:00,2023-06-30 04:28:00
508086,2024-04-15 16:30:00,1312,P1097,S008,5,0.1,Credit Card,2024-04-15 19:05:00,2024-05-08 19:05:00
508087,2024-10-29 23:17:00,1476,P1030,S020,7,0.15,Credit Card,2024-10-30 00:57:00,2024-12-03 00:57:00
508088,2024-01-29 23:43:00,1098,P1114,S008,7,0.05,Cash,2024-01-29 23:55:00,2024-01-29 23:55:00
508089,2024-12-05 15:59:00,1036,P1085,S003,1,0.15,Cash,2024-12-05 16:08:00,2025-01-07 16:08:00
508090,2026-01-12 07:13:00,1095,P1106,S003,5,0.1,Cash,2026-01-12 09:02:00,2026-02-14 09:02:00
508091,2024-06-25 11:23:00,1457,P1057,S003,1,0.0,Credit Card,2024-06-25 13:17:00,2024-07-17 13:17:00
508092,2025-04-20 13:35:00,1228,P1080,S006,8,0.1,Cash,2025-04-20 16:10:00,2025-06-04 16:10:00
508093,2023-05-26 08:33:00,1091,P1096,S012,3,0.2,UPI,2023-05-26 11:05:00,2023-05-30 11:05:00
508094,2025-04-10 11:12:00,1254,P1146,S009,5,0.15,Debit Card,2025-04-10 13:47:00,2025-06-01 13:47:00
508095,2023-01-20 02:42:00,1332,P1106,S014,5,0.2,Credit Card,2023-01-20 04:07:00,2023-02-24 04:07:00
508096,2025-06-29 05:23:00,1435,P1044,S017,4,0.05,Debit Card,2025-06-29 06:28:00,2025-07-20 06:28:00
508097,2023-03-01 04:12:00,1377,P1150,S024,2,0.05,Credit Card,2023-03-01 04:20:00,2023-04-03 04:20:00
508098,2024-07-31 06:39:00,1497,P1081,S002,2,0.0,Credit Card,2024-07-31 08:31:00,2024-08-06 08:31:00
508099,2024-05-20 18:19:00,1340,P1034,S022,1,,Net Banking,2024-05-20 18:48:00,2024-06-08 18:48:00
508100,2024-09-11 01:07:00,1248,P1067,S020,2,0.2,Credit Card,2024-09-11 03:00:00,2024-11-02 03:00:00
508101,2025-11-09 06:08:00,1190,P1025,S004,1,0.2,Wallet,2025-11-09 07:23:00,2025-12-15 07:23:00
508102,2025-05-23 22:53:00,1350,P1046,S010,2,0.0,Cash,2025-05-24 00:48:00,2025-05-25 00:48:00
508103,2026-03-29 19:14:00,1235,P1143,S025,8,0.15,Cash,2026-03-29 20:30:00,2026-05-14 20:30:00
508104,2023-10-20 19:30:00,1469,P1100,S015,4,0.0,Wallet,2023-10-20 20:39:00,2023-12-06 20:39:00
508105,2025-08-03 04:07:00,1284,P1045,S003,3,0.15,Net Banking,2025-08-03 06:11:00,2025-09-25 06:11:00
508106,2023-02-27 22:51:00,1380,P1132,S021,5,0.15,Debit Card,2023-02-27 23:05:00,2023-03-24 23:05:00
508107,2023-12-30 17:31:00,1188,P1114,S013,4,0.1,Net Banking,2023-12-30 18:34:00,2024-01-18 18:34:00
508108,2025-07-29 06:06:00,1446,P1056,S012,5,0.2,Credit Card,2025-07-29 06:28:00,2025-08-03 06:28:00
508109,2024-10-04 17:24:00,1164,P1105,S010,5,0.05,UPI,2024-10-04 19:24:00,2024-10-21 19:24:00
508110,2024-02-25 05:58:00,1448,P1096,S013,2,0.05,Cash,2024-02-25 08:15:00,2024-03-03 08:15:00
508111,2025-10-21 05:14:00,1372,P1038,S020,1,0.1,Cash,2025-10-21 06:14:00,2025-12-02 06:14:00
508112,2023-01-08 16:18:00,1473,P1114,S010,1,0.15,Credit Card,2023-01-08 17:56:00,2023-02-20 17:56:00
508113,2024-08-12 16:59:00,1367,P1028,S017,8,0.2,Net Banking,2024-08-12 17:10:00,2024-09-29 17:10:00
508114,2025-09-16 03:50:00,1310,P1006,S018,5,0.2,UPI,2025-09-16 05:54:00,2025-11-14 05:54:00
508115,2024-10-14 22:10:00,1357,P1028,S003,6,0.05,Cash,2024-10-15 00:15:00,2024-11-12 00:15:00
508116,2024-10-20 22:00:00,1376,P1053,S025,7,0.0,Credit Card,2024-10-20 23:59:00,2024-11-29 23:59:00
508117,2024-01-19 01:19:00,1446,P1102,S008,3,0.05,Credit Card,2024-01-19 01:33:00,2024-03-10 01:33:00
508118,2025-03-04 05:41:00,1329,P1149,S015,2,0.0,UPI,2025-03-04 07:50:00,2025-03-10 07:50:00
508119,2024-03-10 00:30:00,1199,P1024,S025,7,0.15,UPI,2024-03-10 01:28:00,2024-04-05 01:28:00
508120,2026-03-30 14:37:00,1498,P1113,S017,2,0.15,Credit Card,2026-03-30 16:27:00,2026-05-19 16:27:00
508121,2025-04-01 12:31:00,1139,P1017,S014,3,0.15,Wallet,2025-04-01 12:55:00,2025-05-19 12:55:00
508122,2025-01-14 18:31:00,1228,P1056,S006,2,0.05,Cash,2025-01-14 18:41:00,2025-01-17 18:41:00
508123,2023-05-30 21:46:00,1416,P1091,S004,8,0.0,Net Banking,2023-05-30 22:21:00,2023-06-04 22:21:00
508124,2025-04-05 04:29:00,1408,P1110,S016,4,0.1,Net Banking,2025-04-05 05:25:00,2025-04-11 05:25:00
508125,2023-11-03 17:53:00,1221,P1125,S017,7,0.0,Cash,2023-11-03 18:59:00,2023-11-12 18:59:00
508126,2025-10-21 08:00:00,1278,P1090,S021,2,0.05,UPI,2025-10-21 09:22:00,2025-11-09 09:22:00
508127,2025-04-15 03:08:00,1419,P1122,S008,8,0.0,UPI,2025-04-15 04:44:00,2025-05-17 04:44:00
508128,2024-07-07 08:39:00,1499,P1129,S015,8,0.0,Wallet,2024-07-07 11:32:00,2024-08-30 11:32:00
508129,2025-01-21 16:41:00,1432,P1033,S025,8,0.2,UPI,2025-01-21 19:16:00,2025-03-09 19:16:00
508130,2023-10-25 21:22:00,1120,P1056,S023,2,0.2,Cash,2023-10-25 23:54:00,2023-11-26 23:54:00
508131,2026-03-30 06:26:00,1464,P1069,S006,2,0.1,UPI,2026-03-30 08:34:00,2026-04-25 08:34:00
508132,2023-06-15 23:08:00,1004,P1017,S024,3,0.2,Wallet,2023-06-16 00:48:00,2023-06-20 00:48:00
508133,2023-11-06 15:31:00,1338,P1090,S007,4,0.15,Cash,2023-11-06 16:51:00,2023-11-30 16:51:00
508134,2025-08-14 07:51:00,1387,P1079,S006,7,0.15,Cash,2025-08-14 08:31:00,2025-09-09 08:31:00
508135,2025-06-25 06:01:00,1474,P1035,S007,6,0.05,Cash,2025-06-25 06:23:00,2025-07-11 06:23:00
508136,2024-07-02 07:18:00,1235,P1019,S023,7,0.05,Wallet,2024-07-02 07:27:00,2024-08-30 07:27:00
508137,2025-09-20 12:27:00,1271,P1079,S017,7,0.0,Wallet,2025-09-20 13:33:00,2025-10-20 13:33:00
508138,2024-10-07 12:16:00,1041,P1006,S013,7,0.15,UPI,2024-10-07 12:46:00,2024-10-21 12:46:00
508139,2023-11-11 19:44:00,1316,P1078,S011,2,0.05,Wallet,2023-11-11 21:50:00,2023-11-20 21:50:00
508140,2024-12-27 13:00:00,1027,P1020,S022,5,0.2,UPI,2024-12-27 15:33:00,2025-02-02 15:33:00
508141,2025-04-03 17:04:00,1220,P1087,S019,6,0.0,Credit Card,2025-04-03 17:18:00,2025-05-29 17:18:00
508142,2025-03-28 06:43:00,1088,P1059,S016,6,0.0,Debit Card,2025-03-28 07:20:00,2025-04-24 07:20:00
508143,2024-08-24 06:09:00,1215,P1003,S006,8,0.2,debit card,2024-08-24 06:56:00,2024-10-09 06:56:00
508144,2025-03-07 22:58:00,1440,P1015,S013,4,0.15,Debit Card,2025-03-07 23:44:00,2025-03-25 23:44:00
508145,2024-06-14 22:22:00,1435,P1014,S005,4,0.0,Cash,2024-06-15 00:36:00,2024-07-15 00:36:00
508146,2023-05-14 01:47:00,1157,P1011,S024,1,,Cash,2023-05-14 03:11:00,2023-06-07 03:11:00
508147,2024-09-17 03:23:00,1254,P1082,S022,3,0.1,Wallet,2024-09-17 05:37:00,2024-10-11 05:37:00
508148,2023-02-16 20:34:00,1140,P1026,S011,6,0.0,Cash,2023-02-16 22:40:00,2023-04-01 22:40:00
508149,2024-11-10 15:26:00,1296,P1097,S021,4,0.2,Credit Card,2024-11-10 16:32:00,2024-11-29 16:32:00
508150,2023-07-16 09:35:00,1202,P1080,S006,5,0.0,Debit Card,2023-07-16 10:05:00,2023-08-21 10:05:00
508151,2024-02-05 12:23:00,1166,P1021,S019,2,0.15,UPI,2024-02-05 13:37:00,2024-03-23 13:37:00
508152,2023-04-14 20:11:00,1219,P1085,S023,7,0.15,Net Banking,2023-04-14 20:46:00,2023-04-23 20:46:00
508153,2023-11-18 13:24:00,1118,P1072,S023,2,0.15,Net Banking,2023-11-18 13:58:00,2023-12-07 13:58:00
508154,2023-05-14 09:33:00,1022,P1138,S020,7,0.1,Wallet,2023-05-14 12:26:00,2023-06-30 12:26:00
508155,2026-02-17 12:06:00,1314,P1039,S022,2,0.0,Net Banking,2026-02-17 13:22:00,2026-03-15 13:22:00
508156,2024-03-31 21:24:00,1385,P1093,S016,5,0.0,Credit Card,2024-03-31 23:41:00,2024-04-29 23:41:00
508157,2023-12-22 22:32:00,1249,P1004,S022,5,0.1,Debit Card,2023-12-23 00:33:00,2024-01-19 00:33:00
508158,2025-08-29 02:34:00,1152,P1017,S008,1,0.1,upi,2025-08-29 04:13:00,2025-10-04 04:13:00
508159,2026-01-10 01:32:00,1366,P1134,S025,4,0.1,Wallet,2026-01-10 03:16:00,2026-01-18 03:16:00
508160,2024-11-01 20:30:00,1095,P1120,S002,4,0.0,Net Banking,2024-11-01 20:55:00,2024-11-19 20:55:00
508161,2023-06-20 23:11:00,1078,P1086,S021,6,0.05,Debit Card,2023-06-21 02:11:00,2023-06-25 02:11:00
508162,2024-03-15 20:08:00,1085,P1109,S014,7,0.05,Wallet,2024-03-15 21:21:00,2024-03-22 21:21:00
508163,2023-04-03 13:35:00,1212,P1012,S025,1,0.05,Net Banking,2023-04-03 14:58:00,2023-04-28 14:58:00
508164,2026-01-27 10:50:00,1036,P1020,S023,2,0.05,UPI,2026-01-27 12:07:00,2026-01-31 12:07:00
508165,2023-07-04 11:02:00,1193,P1024,S011,6,0.1,Wallet,2023-07-04 11:41:00,2023-08-23 11:41:00
508166,2023-11-06 14:59:00,1344,P1024,S021,5,,UPI,2023-11-06 17:55:00,2023-12-04 17:55:00
508167,2024-09-30 11:08:00,1242,P1105,S010,7,0.2,Net Banking,2024-09-30 13:21:00,2024-11-03 13:21:00
508168,2023-02-13 19:01:00,1476,P1083,S005,7,0.0,Debit Card,2023-02-13 21:55:00,2023-03-01 21:55:00
508169,2023-08-12 23:47:00,1426,P1076,S024,7,0.1,UPI,2023-08-13 01:55:00,2023-09-05 01:55:00
508170,2024-02-18 15:09:00,1055,P1033,S006,4,0.0,Debit Card,2024-02-18 17:32:00,2024-02-24 17:32:00
508171,2024-06-20 17:34:00,1118,P1107,S014,1,0.05,NET BANKING,2024-06-20 19:17:00,2024-08-19 19:17:00
508172,2024-10-12 11:17:00,1387,P1145,S023,8,0.1,Credit Card,2024-10-12 13:36:00,2024-11-02 13:36:00
508173,2025-04-23 11:55:00,1422,P1015,S012,7,0.05,Net Banking,2025-04-23 14:00:00,2025-04-25 14:00:00
508174,2024-08-16 09:55:00,1401,P1038,S020,1,0.2,UPI,2024-08-16 10:44:00,2024-10-11 10:44:00
508175,2023-07-10 13:02:00,1092,P1064,S019,6,0.15,UPI,2023-07-10 15:34:00,2023-08-05 15:34:00
508176,2024-02-03 12:05:00,1053,P1003,S025,1,0.05,Cash,2024-02-03 13:28:00,2024-03-24 13:28:00
508177,2024-06-12 20:40:00,1076,P1032,S005,1,0.2,Cash,2024-06-12 23:06:00,2024-07-25 23:06:00
508178,2025-11-15 12:02:00,1367,P1128,S015,6,0.15,UPI,2025-11-15 12:14:00,2025-12-29 12:14:00
508179,2025-01-11 11:50:00,1071,P1049,S019,5,0.15,Cash,2025-01-11 13:14:00,2025-02-04 13:14:00
508180,2024-09-24 13:54:00,1033,P1073,S011,8,0.2,Debit Card,2024-09-24 16:54:00,2024-11-02 16:54:00
508181,2023-01-15 18:21:00,1372,P1141,S001,6,0.2,Net Banking,2023-01-15 18:51:00,2023-02-22 18:51:00
508182,2023-05-06 11:24:00,1111,P1033,S013,7,0.05,Wallet,2023-05-06 11:28:00,2023-06-29 11:28:00
508183,2024-11-27 23:06:00,1050,P1094,S008,1,0.2,Cash,2024-11-27 23:20:00,2024-12-11 23:20:00
508184,2023-03-10 07:14:00,1486,P1042,S009,7,0.15,Cash,2023-03-10 07:14:00,2023-05-03 07:14:00
508185,2025-05-07 21:39:00,1335,P1143,S015,1,0.15,Debit Card,2025-05-07 23:26:00,2025-06-11 23:26:00
508186,2023-07-03 01:32:00,1339,P1017,S001,8,0.05,Net Banking,2023-07-03 01:45:00,2023-08-11 01:45:00
508187,2025-06-07 15:10:00,1395,P1135,S011,6,0.0,Debit Card,2025-06-07 15:55:00,2025-06-25 15:55:00
508188,2025-07-06 01:12:00,1145,P1147,S003,8,0.0,Wallet,2025-07-06 02:18:00,2025-07-18 02:18:00
508189,2023-04-13 01:14:00,1487,P1088,S016,1,0.1,Net Banking,2023-04-13 04:01:00,2023-05-23 04:01:00
508190,2024-04-09 20:14:00,1158,P1072,S008,8,,Cash,2024-04-09 22:59:00,2024-05-29 22:59:00
508191,2025-02-06 01:27:00,1461,P1143,S011,4,0.2,Net Banking,2025-02-06 02:20:00,2025-03-03 02:20:00
508192,2024-01-12 16:25:00,1479,P1150,S021,4,0.1,Wallet,2024-01-12 17:17:00,2024-02-05 17:17:00
508193,2023-06-13 02:51:00,1183,P1108,S009,2,0.15,debit card,2023-06-13 04:24:00,2023-06-21 04:24:00
508194,2023-04-11 13:53:00,1362,P1059,S001,6,0.1,UPI,2023-04-11 15:08:00,2023-04-24 15:08:00
508195,2025-04-07 18:27:00,1142,P1131,S005,7,0.2,Credit Card,2025-04-07 20:01:00,2025-04-13 20:01:00
508196,2025-07-23 04:21:00,1432,P1064,S020,4,0.0,UPI,2025-07-23 06:05:00,2025-09-09 06:05:00
508197,2023-10-30 21:09:00,1397,P1019,S003,8,0.15,UPI,2023-10-30 22:20:00,2023-12-24 22:20:00
508198,2025-01-22 11:45:00,1481,P1126,S008,2,0.15,Debit Card,2025-01-22 12:34:00,2025-02-18 12:34:00
508199,2023-11-18 02:06:00,1053,P1149,S021,3,0.15,Wallet,2023-11-18 03:33:00,2023-11-26 03:33:00
508200,2024-05-01 13:00:00,1254,P1011,S016,4,0.2,Net Banking,2024-05-01 15:27:00,2024-06-07 15:27:00
508201,2025-01-29 11:06:00,1013,P1062,S021,7,0.2,Net Banking,2025-01-29 12:05:00,2025-02-03 12:05:00
508202,2025-05-29 06:21:00,1052,P1037,S008,1,0.15,Debit Card,2025-05-29 08:53:00,2025-06-16 08:53:00
508203,2025-02-14 14:19:00,1239,P1126,S002,7,0.1,Credit Card,2025-02-14 15:39:00,2025-03-01 15:39:00
508204,2023-10-07 11:26:00,1398,P1094,S003,7,0.0,credit card,2023-10-07 12:19:00,2023-11-08 12:19:00
508205,2023-08-13 04:04:00,1154,P1068,S005,4,0.2,UPI,2023-08-13 06:42:00,2023-08-18 06:42:00
508206,2024-09-30 10:53:00,1126,P1036,S016,5,0.0,Debit Card,2024-09-30 12:03:00,2024-10-03 12:03:00
508207,2024-06-05 13:16:00,1187,P1095,S019,3,0.05,Cash,2024-06-05 14:02:00,2024-06-14 14:02:00
508208,2023-06-01 19:11:00,1241,P1078,S009,2,0.0,Debit Card,2023-06-01 21:52:00,2023-06-01 21:52:00
508209,2025-11-26 12:10:00,1343,P1125,S017,4,0.05,Wallet,2025-11-26 14:45:00,2026-01-17 14:45:00
508210,2025-10-29 09:20:00,1060,P1043,S025,2,0.15,Cash,2025-10-29 10:09:00,2025-12-01 10:09:00
508211,2023-04-28 08:44:00,1353,P1008,S024,4,0.15,Net Banking,2023-04-28 08:47:00,2023-06-24 08:47:00
508212,2025-07-08 01:04:00,1039,P1095,S023,2,0.2,Debit Card,2025-07-08 03:04:00,2025-07-17 03:04:00
508213,2025-08-12 09:16:00,1031,P1082,S009,4,0.0,Wallet,2025-08-12 09:26:00,2025-08-15 09:26:00
508214,2023-11-28 04:10:00,1299,P1048,S008,3,0.15,Credit Card,2023-11-28 05:56:00,2023-12-17 05:56:00
508215,2024-08-31 20:19:00,1344,P1092,S002,4,0.2,Net Banking,2024-08-31 23:14:00,2024-10-10 23:14:00
508216,2024-03-03 09:30:00,1144,P1150,S011,3,0.05,Credit Card,2024-03-03 11:18:00,2024-04-13 11:18:00
508217,2024-10-15 06:46:00,1331,P1076,S025,3,0.05,Wallet,2024-10-15 08:47:00,2024-11-14 08:47:00
508218,2025-04-22 14:04:00,1281,P1066,S008,6,0.0,Debit Card,2025-04-22 15:41:00,2025-05-10 15:41:00
508219,2025-01-05 09:46:00,1069,P1100,S002,6,0.1,Credit Card,2025-01-05 12:38:00,2025-01-30 12:38:00
508220,2025-10-27 11:57:00,1278,P1129,S011,2,0.2,Net Banking,2025-10-27 13:27:00,2025-11-18 13:27:00
508221,2023-05-08 07:59:00,1236,P1065,S009,6,0.2,Debit Card,2023-05-08 09:07:00,2023-06-07 09:07:00
508222,2024-03-09 22:38:00,1386,P1018,S008,1,0.2,Credit Card,2024-03-09 23:04:00,2024-03-16 23:04:00
508223,2023-10-24 23:53:00,1096,P1027,S025,7,0.0,Wallet,2023-10-25 00:13:00,2023-12-21 00:13:00
508224,2025-07-15 13:08:00,1047,P1148,S015,4,0.0,Wallet,2025-07-15 14:39:00,2025-09-13 14:39:00
508225,2023-03-03 04:50:00,1308,P1133,S021,4,0.05,UPI,2023-03-03 07:33:00,2023-04-14 07:33:00
508226,2023-10-21 13:20:00,1257,P1025,S001,1,0.15,Debit Card,2023-10-21 13:56:00,2023-12-01 13:56:00
508227,2026-01-24 17:42:00,1246,P1020,S001,6,0.1,Net Banking,2026-01-24 20:29:00,2026-02-27 20:29:00
508228,2024-08-20 01:17:00,1476,P1143,S002,1,,Cash,2024-08-20 02:19:00,2024-10-14 02:19:00
508229,2025-04-17 13:21:00,1040,P1081,S007,4,0.15,Credit Card,2025-04-17 15:33:00,2025-05-28 15:33:00
508230,2023-10-27 07:49:00,1315,P1054,S013,5,0.15,Net Banking,2023-10-27 08:50:00,2023-12-25 08:50:00
508231,2024-12-16 08:36:00,1221,P1093,S023,3,0.0,debit card,2024-12-16 11:30:00,2025-01-04 11:30:00
508232,2024-09-07 16:35:00,1027,P1120,S007,3,0.1,Cash,2024-09-07 18:49:00,2024-09-30 18:49:00
508233,2023-06-29 13:11:00,1318,P1015,S016,8,0.05,Cash,2023-06-29 16:00:00,2023-08-09 16:00:00
508234,2023-09-21 11:11:00,1067,P1011,S020,7,0.15,Credit Card,2023-09-21 12:04:00,2023-11-19 12:04:00
508235,2025-07-14 04:21:00,1006,P1018,S005,1,0.0,Net Banking,2025-07-14 04:29:00,2025-08-14 04:29:00
508236,2024-08-05 01:30:00,1465,P1133,S017,3,0.05,Credit Card,2024-08-05 03:03:00,2024-10-03 03:03:00
508237,2025-09-07 04:43:00,1165,P1058,S003,8,0.2,Debit Card,2025-09-07 06:02:00,2025-10-09 06:02:00
508238,2025-10-31 15:32:00,1248,P1053,S009,1,0.1,Credit Card,2025-10-31 18:21:00,2025-12-29 18:21:00
508239,2026-01-11 12:58:00,1207,P1113,S015,1,0.05,Cash,2026-01-11 15:00:00,2026-02-24 15:00:00
508240,2024-01-24 14:36:00,1244,P1037,S018,1,0.05,Cash,2024-01-24 16:19:00,2024-03-23 16:19:00
508241,2025-06-26 03:45:00,1296,P1148,S009,7,,UPI,2025-06-26 06:12:00,2025-08-24 06:12:00
508242,2023-06-30 05:12:00,1270,P1038,S006,4,0.2,Debit Card,2023-06-30 06:38:00,2023-07-30 06:38:00
508243,2025-08-02 01:59:00,1157,P1013,S014,3,0.15,CREDIT CARD,2025-08-02 04:17:00,2025-08-16 04:17:00
508244,2025-01-24 21:14:00,1159,P1019,S009,8,0.15,Cash,2025-01-24 22:55:00,2025-02-12 22:55:00
508245,2024-08-23 10:36:00,1063,P1129,S018,4,0.15,Net Banking,2024-08-23 13:00:00,2024-09-09 13:00:00
508246,2023-01-11 17:37:00,1269,P1016,S019,4,0.05,UPI,2023-01-11 19:51:00,2023-03-10 19:51:00
508247,2025-06-17 19:24:00,1371,P1135,S025,2,0.15,Debit Card,2025-06-17 20:36:00,2025-07-05 20:36:00
508248,2024-12-27 04:52:00,1364,P1059,S020,2,0.05,Debit Card,2024-12-27 06:17:00,2025-02-18 06:17:00
508249,2024-10-20 04:58:00,1462,P1008,S025,4,0.0,Net Banking,2024-10-20 06:20:00,2024-10-21 06:20:00
508250,2026-03-25 22:50:00,1103,P1122,S014,1,0.05,Cash,2026-03-26 00:49:00,2026-05-24 00:49:00
508251,2025-11-27 15:03:00,1128,P1035,S004,6,0.2,Credit Card,2025-11-27 15:53:00,2026-01-21 15:53:00
508252,2025-04-07 06:02:00,1444,P1033,S017,6,0.2,Wallet,2025-04-07 06:52:00,2025-05-22 06:52:00
508253,2025-05-28 14:17:00,1197,P1006,S010,4,0.05,Cash,2025-05-28 15:14:00,2025-07-07 15:14:00
508254,2023-10-09 23:35:00,1059,P1113,S024,6,0.0,Cash,2023-10-10 02:30:00,2023-11-20 02:30:00
508255,2023-03-23 22:37:00,1497,P1119,S003,1,0.15,Wallet,2023-03-23 23:52:00,2023-05-07 23:52:00
508256,2024-12-08 02:54:00,1300,P1032,S025,5,0.05,Net Banking,2024-12-08 03:53:00,2024-12-13 03:53:00
508257,2025-04-12 14:12:00,1130,P1101,S018,7,0.05,Net Banking,2025-04-12 14:15:00,2025-05-10 14:15:00
508258,2025-02-12 09:24:00,1460,P1117,S018,2,0.05,Cash,2025-02-12 09:43:00,2025-02-15 09:43:00
508259,2025-07-24 19:16:00,1242,P1109,S011,6,0.2,Net Banking,2025-07-24 21:54:00,2025-07-31 21:54:00
508260,2026-02-05 16:08:00,1307,P1017,S014,3,0.15,UPI,2026-02-05 17:04:00,2026-04-03 17:04:00
508261,2024-08-24 19:06:00,1061,P1134,S025,6,0.15,Credit Card,2024-08-24 20:18:00,2024-10-04 20:18:00
508262,2024-05-01 07:57:00,1431,P1061,S004,7,0.15,Credit Card,2024-05-01 08:49:00,2024-06-04 08:49:00
508263,2023-04-07 01:15:00,1472,P1079,S021,8,0.0,Wallet,2023-04-07 03:10:00,2023-04-15 03:10:00
508264,2024-06-04 03:46:00,1499,P1023,S007,1,0.15,Debit Card,2024-06-04 06:22:00,2024-06-26 06:22:00
508265,2024-11-01 11:09:00,1326,P1003,S007,6,0.2,Credit Card,2024-11-01 13:42:00,2024-11-03 13:42:00
508266,2023-02-11 11:58:00,1444,P1009,S018,4,0.2,WALLET,2023-02-11 14:00:00,2023-03-24 14:00:00
508267,2023-09-27 21:09:00,1409,P1001,S007,1,0.15,Net Banking,2023-09-27 22:55:00,2023-10-12 22:55:00
508268,2024-04-24 20:31:00,1329,P1105,S009,3,0.2,Debit Card,2024-04-24 20:47:00,2024-06-16 20:47:00
508269,2025-04-04 03:09:00,1181,P1126,S020,2,0.05,Credit Card,2025-04-04 05:50:00,2025-06-01 05:50:00
508270,2024-01-24 03:43:00,1423,P1051,S002,3,0.1,Cash,2024-01-24 05:30:00,2024-01-25 05:30:00
508271,2024-05-07 21:05:00,1464,P1006,S006,2,0.1,Credit Card,2024-05-07 21:27:00,2024-05-25 21:27:00
508272,2023-04-13 16:51:00,1145,P1015,S006,8,0.15,UPI,2023-04-13 16:54:00,2023-06-03 16:54:00
508273,2025-08-13 15:34:00,1424,P1132,S019,4,0.05,Credit Card,2025-08-13 15:59:00,2025-08-23 15:59:00
508274,2024-03-24 08:59:00,1071,P1038,S025,4,0.0,Wallet,2024-03-24 10:34:00,2024-04-09 10:34:00
508275,2025-09-04 21:31:00,1474,P1100,S006,2,0.1,Credit Card,2025-09-04 23:43:00,2025-09-11 23:43:00
508276,2025-08-31 13:23:00,1174,P1113,S001,8,0.15,Credit Card,2025-08-31 16:09:00,2025-09-27 16:09:00
508277,2023-05-19 22:16:00,1112,P1081,S002,3,0.0,DEBIT CARD,2023-05-19 22:46:00,2023-06-14 22:46:00
508278,2024-01-19 02:58:00,1334,P1031,S004,5,0.0,UPI,2024-01-19 03:03:00,2024-02-12 03:03:00
508279,2025-03-09 09:20:00,1258,P1048,S001,1,0.2,Debit Card,2025-03-09 10:46:00,2025-05-08 10:46:00
508280,2023-05-12 22:08:00,1184,P1032,S013,2,0.2,Debit Card,2023-05-12 23:17:00,2023-05-28 23:17:00
508281,2025-04-14 10:15:00,1320,P1039,S007,8,0.2,Net Banking,2025-04-14 12:13:00,2025-04-14 12:13:00
508282,2024-04-25 05:40:00,1386,P1063,S023,7,0.15,Cash,2024-04-25 06:37:00,2024-05-05 06:37:00
508283,2023-02-20 19:35:00,1190,P1053,S010,3,0.1,Wallet,2023-02-20 22:00:00,2023-04-13 22:00:00
508284,2023-05-16 15:03:00,1415,P1082,S017,2,0.05,UPI,2023-05-16 15:34:00,2023-05-28 15:34:00
508285,2025-02-03 11:58:00,1136,P1144,S019,4,0.0,Net Banking,2025-02-03 13:27:00,2025-02-11 13:27:00
508286,2025-08-25 03:13:00,1053,P1104,S003,1,0.1,UPI,2025-08-25 03:16:00,2025-10-12 03:16:00
508287,2023-08-01 22:11:00,1067,P1099,S004,1,0.2,Wallet,2023-08-01 22:27:00,2023-09-12 22:27:00
508288,2023-01-10 13:44:00,1363,P1036,S024,7,0.15,Debit Card,2023-01-10 14:14:00,2023-01-13 14:14:00
508289,2025-05-06 22:38:00,1262,P1007,S007,5,0.2,Credit Card,2025-05-07 00:38:00,2025-06-04 00:38:00
508290,2023-08-03 13:51:00,1305,P1056,S023,5,0.2,Credit Card,2023-08-03 14:50:00,2023-09-18 14:50:00
508291,2025-01-20 11:28:00,1016,P1139,S011,8,0.1,Cash,2025-01-20 12:47:00,2025-02-25 12:47:00
508292,2023-06-20 15:28:00,1172,P1105,S010,7,0.1,Credit Card,2023-06-20 15:55:00,2023-07-10 15:55:00
508293,2023-11-09 04:45:00,1201,P1099,S008,2,0.2,Wallet,2023-11-09 05:52:00,2023-12-28 05:52:00
508294,2023-07-26 10:58:00,1314,P1108,S001,4,0.05,Cash,2023-07-26 13:14:00,2023-09-02 13:14:00
508295,2024-02-19 08:12:00,1077,P1111,S006,1,0.1,Net Banking,2024-02-19 08:25:00,2024-03-28 08:25:00
508296,2023-10-04 08:01:00,1467,P1089,S005,2,0.15,Credit Card,2023-10-04 08:29:00,2023-11-24 08:29:00
508297,2026-01-10 03:03:00,1268,P1114,S008,4,0.05,Debit Card,2026-01-10 03:20:00,2026-02-21 03:20:00
508298,2025-09-04 03:21:00,1175,P1143,S019,7,0.15,Credit Card,2025-09-04 06:09:00,2025-09-14 06:09:00
508299,2023-05-04 06:06:00,1229,P1046,S017,2,0.2,Net Banking,2023-05-04 07:45:00,2023-06-09 07:45:00
508300,2025-01-27 20:55:00,1020,P1118,S008,5,0.05,UPI,2025-01-27 23:11:00,2025-02-12 23:11:00
508301,2026-03-16 00:58:00,1182,P1115,S023,4,0.1,Cash,2026-03-16 03:52:00,2026-04-20 03:52:00
508302,2025-11-22 22:27:00,1351,P1141,S020,8,0.0,upi,2025-11-23 00:25:00,2025-12-14 00:25:00
508303,2024-11-06 22:44:00,1078,P1035,S022,8,0.0,Net Banking,2024-11-06 23:57:00,2025-01-04 23:57:00
508304,2025-01-23 11:30:00,1334,P1041,S002,1,0.1,Wallet,2025-01-23 13:26:00,2025-03-20 13:26:00
508305,2024-04-24 13:49:00,1269,P1014,S018,7,0.1,Credit Card,2024-04-24 16:09:00,2024-06-14 16:09:00
508306,2024-10-03 22:48:00,1279,P1046,S002,2,0.2,Cash,2024-10-03 23:50:00,2024-11-25 23:50:00
508307,2025-09-28 13:28:00,1084,P1147,S009,5,0.0,UPI,2025-09-28 16:26:00,2025-10-03 16:26:00
508308,2025-01-28 07:40:00,1056,P1039,S023,8,0.0,Cash,2025-01-28 07:40:00,2025-03-08 07:40:00
508309,2024-02-01 12:25:00,1498,P1105,S021,3,0.15,Credit Card,2024-02-01 13:10:00,2024-02-04 13:10:00
508310,2024-06-13 08:29:00,1291,P1149,S025,7,0.15,Debit Card,2024-06-13 08:32:00,2024-08-04 08:32:00
508311,2025-01-16 00:29:00,1075,P1060,S019,3,0.1,Credit Card,2025-01-16 00:45:00,2025-02-12 00:45:00
508312,2025-06-09 21:22:00,1187,P1086,S023,8,0.1,Cash,2025-06-10 00:14:00,2025-07-31 00:14:00
508313,2025-04-15 21:32:00,1084,P1002,S002,6,0.15,Debit Card,2025-04-15 22:03:00,2025-04-22 22:03:00
508314,2024-10-10 11:59:00,1384,P1065,S001,8,0.1,Credit Card,2024-10-10 13:01:00,2024-10-13 13:01:00
508315,2024-02-22 16:29:00,1339,P1116,S001,8,0.1,Net Banking,2024-02-22 17:09:00,2024-04-18 17:09:00
508316,2024-03-15 07:22:00,1417,P1046,S010,3,0.05,Net Banking,2024-03-15 10:00:00,2024-04-25 10:00:00
508317,2024-09-05 08:35:00,1353,P1039,S018,1,0.0,Wallet,2024-09-05 09:08:00,2024-09-20 09:08:00
508318,2025-08-23 02:02:00,1250,P1135,S003,2,0.2,Cash,2025-08-23 03:43:00,2025-09-04 03:43:00
508319,2025-12-05 18:51:00,1109,P1150,S022,6,0.1,Credit Card,2025-12-05 19:53:00,2026-01-08 19:53:00
508320,2024-07-21 20:21:00,1354,P1020,S005,5,0.0,Credit Card,2024-07-21 22:28:00,2024-09-03 22:28:00
508321,2025-11-04 08:48:00,1189,P1142,S017,8,0.0,Debit Card,2025-11-04 09:03:00,2025-12-29 09:03:00
508322,2023-07-09 18:12:00,1334,P1119,S008,3,0.05,Wallet,2023-07-09 18:41:00,2023-08-13 18:41:00
508323,2024-01-29 10:06:00,1169,P1014,S020,7,0.05,Credit Card,2024-01-29 12:31:00,2024-03-27 12:31:00
508324,2024-05-19 09:17:00,1187,P1146,S025,4,0.2,Wallet,2024-05-19 09:23:00,2024-07-01 09:23:00
508325,2026-01-19 07:15:00,1229,P1134,S016,4,0.05,Debit Card,2026-01-19 08:05:00,2026-02-01 08:05:00
508326,2025-12-09 01:20:00,1314,P1150,S017,6,0.2,Wallet,2025-12-09 03:40:00,2025-12-19 03:40:00
508327,2025-10-28 02:18:00,1007,P1083,S020,6,0.0,Debit Card,2025-10-28 04:30:00,2025-12-01 04:30:00
508328,2024-12-01 13:31:00,1155,P1035,S006,8,0.05,UPI,2024-12-01 14:41:00,2024-12-26 14:41:00
508329,2023-03-18 13:15:00,1238,P1010,S009,8,0.0,Debit Card,2023-03-18 14:55:00,2023-04-05 14:55:00
508330,2023-10-15 16:58:00,1496,P1070,S022,2,0.2,Credit Card,2023-10-15 19:38:00,2023-10-17 19:38:00
508331,2024-08-20 20:17:00,1110,P1051,S021,8,0.15,Net Banking,2024-08-20 22:10:00,2024-09-16 22:10:00
508332,2026-03-18 07:32:00,1131,P1115,S002,2,0.05,UPI,2026-03-18 07:36:00,2026-05-16 07:36:00
508333,2024-02-12 14:27:00,1139,P1028,S019,2,0.15,Net Banking,2024-02-12 14:29:00,2024-04-10 14:29:00
508334,2026-03-03 14:01:00,1297,P1115,S007,2,0.0,Net Banking,2026-03-03 15:25:00,2026-04-01 15:25:00
508335,2023-04-17 23:11:00,1036,P1059,S014,3,0.05,Debit Card,2023-04-18 01:15:00,2023-06-04 01:15:00
508336,2025-01-22 15:33:00,1289,P1003,S008,3,0.05,Credit Card,2025-01-22 16:45:00,2025-01-26 16:45:00
508337,2023-06-01 03:14:00,1261,P1110,S020,2,0.2,Cash,2023-06-01 06:12:00,2023-07-03 06:12:00
508338,2025-06-06 00:56:00,1316,P1079,S003,6,0.15,Credit Card,2025-06-06 02:56:00,2025-06-06 02:56:00
508339,2024-06-01 02:59:00,1175,P1130,S022,5,0.1,Wallet,2024-06-01 04:44:00,2024-07-06 04:44:00
508340,2024-03-03 23:24:00,1339,P1019,S021,1,0.1,Credit Card,2024-03-04 01:49:00,2024-04-05 01:49:00
508341,2024-09-25 00:23:00,1255,P1074,S019,3,0.05,UPI,2024-09-25 01:19:00,2024-10-13 01:19:00
508342,2026-01-10 02:49:00,1372,P1150,S008,5,0.1,Cash,2026-01-10 03:01:00,2026-02-09 03:01:00
508343,2025-01-02 02:55:00,1342,P1007,S016,3,0.15,Cash,2025-01-02 03:52:00,2025-02-08 03:52:00
508344,2024-09-07 21:53:00,1128,P1058,S020,7,0.05,Debit Card,2024-09-07 23:15:00,2024-10-31 23:15:00
508345,2026-03-21 18:36:00,1447,P1141,S001,3,0.15,UPI,2026-03-21 18:56:00,2026-04-18 18:56:00
508346,2024-10-11 05:55:00,1121,P1124,S023,3,0.05,Cash,2024-10-11 06:30:00,2024-11-08 06:30:00
508347,2024-02-13 16:27:00,1240,P1029,S013,2,0.05,Net Banking,2024-02-13 16:55:00,2024-04-12 16:55:00
508348,2024-01-24 10:33:00,1253,P1130,S004,1,0.1,Credit Card,2024-01-24 10:59:00,2024-03-14 10:59:00
508349,2024-09-02 20:20:00,1161,P1117,S021,4,0.1,Debit Card,2024-09-02 20:23:00,2024-09-14 20:23:00
508350,2023-12-31 02:48:00,1361,P1052,S021,6,0.15,Net Banking,2023-12-31 03:17:00,2024-02-28 03:17:00
508351,2025-03-19 02:19:00,1012,P1016,S011,8,0.2,Net Banking,2025-03-19 03:26:00,2025-04-06 03:26:00
508352,2025-09-25 19:35:00,1043,P1088,S006,3,0.15,Wallet,2025-09-25 20:52:00,2025-10-09 20:52:00
508353,2023-06-22 03:00:00,1157,P1112,S012,6,0.0,Cash,2023-06-22 05:53:00,2023-07-21 05:53:00
508354,2025-01-26 07:00:00,1485,P1002,S001,7,0.2,Wallet,2025-01-26 07:45:00,2025-03-08 07:45:00
508355,2025-04-09 11:41:00,1081,P1013,S010,3,0.0,Wallet,2025-04-09 12:22:00,2025-04-21 12:22:00
508356,2024-08-14 05:09:00,1462,P1003,S009,3,0.2,Debit Card,2024-08-14 06:20:00,2024-09-12 06:20:00
508357,2025-10-23 10:03:00,1207,P1124,S005,5,0.1,UPI,2025-10-23 10:22:00,2025-11-04 10:22:00
508358,2026-02-22 19:15:00,1028,P1006,S017,6,0.2,Wallet,2026-02-22 19:51:00,2026-04-09 19:51:00
508359,2025-06-25 10:09:00,1292,P1058,S006,7,0.2,Debit Card,2025-06-25 10:25:00,2025-08-20 10:25:00
508360,2024-07-20 21:24:00,1051,P1006,S005,2,0.05,UPI,2024-07-20 22:42:00,2024-08-03 22:42:00
508361,2026-03-01 15:27:00,1471,P1134,S007,6,0.15,UPI,2026-03-01 18:14:00,2026-03-22 18:14:00
508362,2025-08-20 16:48:00,1007,P1134,S024,3,0.15,Net Banking,2025-08-20 18:36:00,2025-08-28 18:36:00
508363,2026-03-27 15:39:00,1285,P1055,S006,5,0.2,UPI,2026-03-27 16:28:00,2026-04-12 16:28:00
508364,2025-10-05 08:09:00,1320,P1003,S004,8,0.1,UPI,2025-10-05 09:51:00,2025-11-06 09:51:00
508365,2023-07-15 14:30:00,1232,P1090,S002,4,0.0,Cash,2023-07-15 15:59:00,2023-08-01 15:59:00
508366,2025-11-20 03:22:00,1219,P1110,S010,1,0.2,Wallet,2025-11-20 05:19:00,2025-12-02 05:19:00
508367,2025-05-04 17:00:00,1014,P1005,S007,1,0.2,Wallet,2025-05-04 17:29:00,2025-05-15 17:29:00
508368,2023-09-07 22:38:00,1030,P1079,S015,7,0.1,Net Banking,2023-09-08 00:35:00,2023-10-24 00:35:00
508369,2024-11-11 09:55:00,1020,P1144,S018,6,0.0,Credit Card,2024-11-11 11:08:00,2025-01-07 11:08:00
508370,2025-10-01 05:04:00,1014,P1079,S003,1,0.2,Wallet,2025-10-01 07:30:00,2025-10-14 07:30:00
508371,2024-09-03 17:08:00,1209,P1005,S023,5,0.15,Credit Card,2024-09-03 19:38:00,2024-10-22 19:38:00
508372,2023-04-25 17:31:00,1282,P1079,S008,3,0.05,UPI,2023-04-25 18:30:00,2023-06-18 18:30:00
508373,2025-01-20 12:14:00,1102,P1125,S014,3,0.1,Credit Card,2025-01-20 13:29:00,2025-03-18 13:29:00
508374,2024-05-14 16:06:00,1145,P1122,S010,4,0.05,Wallet,2024-05-14 17:33:00,2024-07-02 17:33:00
508375,2024-12-30 10:51:00,1161,P1061,S017,4,0.1,UPI,2024-12-30 12:45:00,2025-01-21 12:45:00
508376,2025-06-11 11:44:00,1097,P1148,S001,8,0.1,Debit Card,2025-06-11 12:48:00,2025-06-15 12:48:00
508377,2024-05-23 04:36:00,1068,P1001,S006,3,0.05,UPI,2024-05-23 06:40:00,2024-06-28 06:40:00
508378,2023-10-23 07:43:00,1337,P1003,S022,4,0.05,Wallet,2023-10-23 09:38:00,2023-12-19 09:38:00
508379,2023-10-10 16:32:00,1372,P1122,S002,3,0.15,UPI,2023-10-10 18:48:00,2023-11-17 18:48:00
508380,2023-04-29 20:22:00,1217,P1030,S001,5,0.0,UPI,2023-04-29 20:57:00,2023-05-02 20:57:00
508381,2025-03-01 18:58:00,1254,P1122,S022,8,0.1,Credit Card,2025-03-01 21:46:00,2025-04-14 21:46:00
508382,2023-10-13 07:35:00,1341,P1124,S016,4,0.15,Wallet,2023-10-13 09:15:00,2023-10-25 09:15:00
508383,2024-08-28 04:07:00,1172,P1121,S006,3,0.2,Wallet,2024-08-28 06:00:00,2024-10-01 06:00:00
508384,2023-02-09 23:17:00,1115,P1102,S020,2,0.15,Wallet,2023-02-10 02:17:00,2023-03-26 02:17:00
508385,2024-08-26 05:47:00,1466,P1014,S025,7,0.2,UPI,2024-08-26 06:41:00,2024-09-30 06:41:00
508386,2023-06-19 16:03:00,1276,P1027,S016,5,0.1,Debit Card,2023-06-19 18:29:00,2023-08-14 18:29:00
508387,2023-09-26 22:28:00,1102,P1127,S001,1,0.1,UPI,2023-09-26 23:49:00,2023-11-05 23:49:00
508388,2023-03-11 05:47:00,1434,P1099,S025,3,0.2,Cash,2023-03-11 06:38:00,2023-03-25 06:38:00
508389,2024-08-09 02:04:00,1310,P1033,S016,8,0.0,Credit Card,2024-08-09 03:44:00,2024-10-04 03:44:00
508390,2026-02-04 19:14:00,1037,P1058,S023,7,0.1,Net Banking,2026-02-04 22:07:00,2026-03-22 22:07:00
508391,2023-02-12 07:27:00,1039,P1109,S017,8,0.05,net banking,2023-02-12 08:50:00,2023-03-12 08:50:00
508392,2024-03-29 02:38:00,1020,P1022,S018,6,0.1,Debit Card,2024-03-29 02:45:00,2024-04-02 02:45:00
508393,2023-01-24 11:48:00,1133,P1074,S017,8,0.0,Credit Card,2023-01-24 13:52:00,2023-03-13 13:52:00
508394,2026-02-11 02:44:00,1248,P1069,S016,5,0.2,UPI,2026-02-11 04:51:00,2026-02-17 04:51:00
508395,2025-08-29 19:11:00,1270,P1095,S007,4,0.15,Credit Card,2025-08-29 20:13:00,2025-09-07 20:13:00
508396,2025-03-23 04:12:00,1170,P1114,S013,3,0.0,Wallet,2025-03-23 04:18:00,2025-05-06 04:18:00
508397,2025-08-04 05:24:00,1467,P1063,S004,6,,Debit Card,2025-08-04 07:08:00,2025-09-25 07:08:00
508398,2023-12-21 22:41:00,1267,P1112,S005,6,0.05,Net Banking,2023-12-21 23:06:00,2024-02-19 23:06:00
508399,2025-01-03 12:13:00,1483,P1138,S016,5,0.05,Credit Card,2025-01-03 14:41:00,2025-01-19 14:41:00
508400,2024-06-04 06:46:00,1030,P1052,S009,3,0.15,Net Banking,2024-06-04 08:00:00,2024-07-11 08:00:00
508401,2023-11-17 13:14:00,1154,P1144,S007,1,0.1,UPI,2023-11-17 14:32:00,2023-12-03 14:32:00
508402,2023-02-07 11:19:00,1444,P1136,S020,7,0.0,UPI,2023-02-07 12:45:00,2023-03-20 12:45:00
508403,2024-04-06 20:29:00,1449,P1044,S018,7,0.15,Debit Card,2024-04-06 22:34:00,2024-05-26 22:34:00
508404,2025-06-07 12:47:00,1405,P1126,S007,5,0.1,Wallet,2025-06-07 15:04:00,2025-06-08 15:04:00
508405,2025-07-29 03:01:00,1235,P1132,S001,7,0.1,Debit Card,2025-07-29 04:59:00,2025-08-04 04:59:00
508406,2023-03-18 05:27:00,1069,P1035,S007,2,0.1,Cash,2023-03-18 06:44:00,2023-04-17 06:44:00
508407,2024-08-23 04:02:00,1469,P1115,S013,6,0.15,net banking,2024-08-23 04:40:00,2024-08-23 04:40:00
508408,2025-05-31 12:48:00,1268,P1021,S023,4,0.1,Credit Card,2025-05-31 14:44:00,2025-06-22 14:44:00
508409,2024-08-29 22:17:00,1439,P1114,S024,7,0.05,Credit Card,2024-08-30 00:15:00,2024-10-29 00:15:00
508410,2025-03-23 22:44:00,1209,P1064,S015,7,0.0,Credit Card,2025-03-24 01:09:00,2025-04-17 01:09:00
508411,2023-01-11 08:22:00,1255,P1105,S016,5,0.0,Debit Card,2023-01-11 11:01:00,2023-02-11 11:01:00
508412,2024-12-14 00:25:00,1086,P1090,S003,2,0.0,Debit Card,2024-12-14 03:09:00,2025-01-21 03:09:00
508413,2025-02-03 13:21:00,1441,P1037,S015,2,,Cash,2025-02-03 14:06:00,2025-03-14 14:06:00
508414,2023-10-22 08:43:00,1396,P1069,S014,8,0.15,Net Banking,2023-10-22 11:03:00,2023-10-22 11:03:00
508415,2024-03-24 06:35:00,1174,P1014,S005,8,0.2,Cash,2024-03-24 07:35:00,2024-04-30 07:35:00
508416,2023-11-18 21:57:00,1434,P1028,S009,2,0.05,Debit Card,2023-11-18 23:35:00,2023-11-30 23:35:00
508417,2023-03-11 06:44:00,1269,P1081,S003,5,0.0,Credit Card,2023-03-11 09:19:00,2023-04-08 09:19:00
508418,2023-02-02 02:04:00,1198,P1127,S016,4,0.15,Net Banking,2023-02-02 04:32:00,2023-02-03 04:32:00
508419,2024-10-15 05:43:00,1478,P1080,S015,7,0.0,UPI,2024-10-15 06:43:00,2024-11-13 06:43:00
508420,2024-11-15 10:34:00,1490,P1123,S025,4,0.2,Debit Card,2024-11-15 11:46:00,2024-12-22 11:46:00
508421,2023-01-20 00:33:00,1425,P1016,S012,3,0.0,Credit Card,2023-01-20 01:01:00,2023-01-24 01:01:00
508422,2024-06-25 00:42:00,1371,P1106,S016,7,0.0,Net Banking,2024-06-25 02:44:00,2024-07-22 02:44:00
508423,2025-12-24 12:48:00,1181,P1052,S008,4,0.15,Credit Card,2025-12-24 14:25:00,2026-01-11 14:25:00
508424,2024-02-22 03:02:00,1323,P1078,S015,7,0.0,Credit Card,2024-02-22 04:54:00,2024-04-14 04:54:00
508425,2023-06-26 01:30:00,1098,P1095,S008,4,0.2,Cash,2023-06-26 03:23:00,2023-07-25 03:23:00
508426,2024-06-24 02:17:00,1085,P1124,S025,6,0.15,Net Banking,2024-06-24 03:36:00,2024-06-29 03:36:00
508427,2026-01-02 17:00:00,1386,P1036,S002,4,0.1,Credit Card,2026-01-02 17:44:00,2026-01-31 17:44:00
508428,2025-01-16 02:09:00,1272,P1117,S012,6,0.1,Wallet,2025-01-16 02:09:00,2025-02-24 02:09:00
508429,2025-03-30 15:55:00,1147,P1122,S012,8,0.0,UPI,2025-03-30 16:09:00,2025-03-30 16:09:00
508430,2023-09-29 23:33:00,1235,P1009,S007,5,0.0,UPI,2023-09-29 23:37:00,2023-11-03 23:37:00
508431,2025-03-13 06:34:00,1019,P1024,S001,4,0.0,UPI,2025-03-13 08:21:00,2025-03-17 08:21:00
508432,2025-01-30 06:21:00,1071,P1115,S018,1,0.0,Wallet,2025-01-30 09:13:00,2025-03-11 09:13:00
508433,2024-10-31 13:57:00,1273,P1105,S007,5,0.0,Net Banking,2024-10-31 14:06:00,2024-12-02 14:06:00
508434,2025-02-26 04:55:00,1416,P1028,S020,5,0.1,Cash,2025-02-26 07:14:00,2025-03-17 07:14:00
508435,2024-07-30 12:39:00,1185,P1127,S019,3,0.05,Credit Card,2024-07-30 12:46:00,2024-09-14 12:46:00
508436,2023-05-10 17:12:00,1247,P1107,S023,6,0.05,Net Banking,2023-05-10 19:38:00,2023-05-30 19:38:00
508437,2024-04-20 06:20:00,1359,P1069,S004,6,0.0,Cash,2024-04-20 07:56:00,2024-04-28 07:56:00
508438,2026-02-10 12:15:00,1333,P1150,S006,8,0.2,Cash,2026-02-10 12:40:00,2026-03-16 12:40:00
508439,2026-02-19 20:23:00,1241,P1146,S013,8,0.05,Cash,2026-02-19 22:08:00,2026-03-23 22:08:00
508440,2025-01-12 12:34:00,1017,P1133,S011,7,0.15,Debit Card,2025-01-12 14:47:00,2025-03-04 14:47:00
508441,2023-10-20 03:59:00,1459,P1056,S023,5,0.2,Cash,2023-10-20 05:36:00,2023-12-13 05:36:00
508442,2026-02-05 12:47:00,1472,P1134,S001,2,0.0,Debit Card,2026-02-05 13:55:00,2026-04-01 13:55:00
508443,2023-08-27 20:05:00,1410,P1036,S022,7,0.1,UPI,2023-08-27 22:14:00,2023-09-14 22:14:00
508444,2023-01-10 05:09:00,1274,P1062,S011,6,0.15,Net Banking,2023-01-10 05:21:00,2023-02-02 05:21:00
508445,2025-12-07 00:44:00,1178,P1035,S013,3,0.15,Credit Card,2025-12-07 03:00:00,2025-12-21 03:00:00
508446,2026-01-08 05:28:00,1009,P1112,S023,8,0.0,Cash,2026-01-08 07:09:00,2026-03-01 07:09:00
508447,2023-10-25 11:00:00,1448,P1121,S024,3,0.15,UPI,2023-10-25 13:38:00,2023-10-30 13:38:00
508448,2023-07-12 19:45:00,1485,P1016,S020,6,0.15,Wallet,2023-07-12 22:02:00,2023-08-26 22:02:00
508449,2023-05-04 12:41:00,1122,P1047,S008,3,0.05,Cash,2023-05-04 15:07:00,2023-06-12 15:07:00
508450,2025-10-01 22:59:00,1357,P1088,S022,5,0.0,UPI,2025-10-02 00:00:00,2025-10-27 00:00:00
508451,2026-02-26 23:30:00,1036,P1023,S025,3,0.0,Wallet,2026-02-27 00:24:00,2026-03-06 00:24:00
508452,2023-10-18 14:10:00,1202,P1062,S003,8,,Wallet,2023-10-18 14:55:00,2023-10-25 14:55:00
508453,2023-07-15 19:38:00,1292,P1033,S022,8,0.05,Credit Card,2023-07-15 20:35:00,2023-08-19 20:35:00
508454,2024-07-25 00:38:00,1203,P1063,S011,5,0.15,Net Banking,2024-07-25 02:03:00,2024-08-28 02:03:00
508455,2024-01-15 07:50:00,1400,P1110,S005,5,0.05,Net Banking,2024-01-15 08:25:00,2024-02-08 08:25:00
508456,2025-05-19 12:52:00,1009,P1115,S009,3,0.15,Cash,2025-05-19 13:49:00,2025-06-25 13:49:00
508457,2024-02-22 06:32:00,1044,P1045,S005,1,0.0,Credit Card,2024-02-22 09:12:00,2024-04-01 09:12:00
508458,2024-03-31 20:30:00,1397,P1105,S001,4,0.0,Debit Card,2024-03-31 20:44:00,2024-05-10 20:44:00
508459,2023-05-16 14:42:00,1443,P1064,S013,2,0.05,Credit Card,2023-05-16 15:44:00,2023-06-29 15:44:00
508460,2024-03-21 06:35:00,1303,P1066,S011,5,0.2,Cash,2024-03-21 06:58:00,2024-04-25 06:58:00
508461,2024-12-20 02:44:00,1173,P1041,S008,6,0.2,Net Banking,2024-12-20 05:38:00,2025-02-14 05:38:00
508462,2025-06-18 04:22:00,1396,P1098,S015,2,0.05,Credit Card,2025-06-18 04:27:00,2025-08-07 04:27:00
508463,2023-09-30 21:48:00,1419,P1005,S019,1,0.05,UPI,2023-09-30 22:44:00,2023-10-28 22:44:00
508464,2024-05-06 09:59:00,1150,P1059,S020,1,0.0,Debit Card,2024-05-06 11:39:00,2024-05-25 11:39:00
508465,2024-04-09 07:36:00,1115,P1049,S023,3,0.15,Debit Card,2024-04-09 09:01:00,2024-05-14 09:01:00
508466,2023-03-22 19:00:00,1271,P1019,S017,5,0.2,Net Banking,2023-03-22 19:30:00,2023-04-02 19:30:00
508467,2024-03-30 20:24:00,1308,P1016,S008,1,0.0,Cash,2024-03-30 21:40:00,2024-04-20 21:40:00
508468,2025-08-11 18:37:00,1450,P1052,S010,7,0.2,Wallet,2025-08-11 18:54:00,2025-09-21 18:54:00
508469,2023-03-22 12:40:00,1178,P1102,S003,3,0.0,Wallet,2023-03-22 12:47:00,2023-04-15 12:47:00
508470,2025-10-06 09:30:00,1249,P1047,S007,5,0.0,Cash,2025-10-06 10:05:00,2025-11-01 10:05:00
508471,2026-01-09 17:58:00,1077,P1124,S025,6,0.05,Net Banking,2026-01-09 19:50:00,2026-02-09 19:50:00
508472,2025-05-05 12:35:00,1249,P1015,S015,4,0.1,WALLET,2025-05-05 15:07:00,2025-06-18 15:07:00
508473,2023-09-14 03:34:00,1388,P1131,S020,4,0.0,Cash,2023-09-14 03:38:00,2023-10-30 03:38:00
508474,2025-10-31 04:56:00,1256,P1148,S025,6,0.05,Wallet,2025-10-31 05:47:00,2025-12-16 05:47:00
508475,2024-09-09 04:43:00,1015,P1085,S014,7,0.2,UPI,2024-09-09 07:25:00,2024-11-06 07:25:00
508476,2025-07-23 07:58:00,1424,P1044,S013,8,0.1,Cash,2025-07-23 09:29:00,2025-09-12 09:29:00
508477,2024-12-23 05:39:00,1277,P1002,S012,4,0.0,Credit Card,2024-12-23 08:32:00,2025-02-06 08:32:00
508478,2025-03-24 03:00:00,1138,P1112,S021,1,0.1,UPI,2025-03-24 03:04:00,2025-05-20 03:04:00
508479,2023-01-05 00:06:00,1319,P1088,S001,1,0.2,Net Banking,2023-01-05 02:30:00,2023-02-19 02:30:00
508480,2025-08-19 05:25:00,1215,P1037,S015,2,0.15,Cash,2025-08-19 06:34:00,2025-10-13 06:34:00
508481,2024-12-19 04:54:00,1294,P1063,S025,6,0.1,UPI,2024-12-19 04:56:00,2025-01-11 04:56:00
508482,2025-01-26 15:46:00,1297,P1127,S009,3,0.1,CASH,2025-01-26 16:26:00,2025-02-10 16:26:00
508483,2024-08-02 04:41:00,1302,P1025,S020,6,0.2,Cash,2024-08-02 06:04:00,2024-09-05 06:04:00
508484,2024-09-25 13:20:00,1273,P1076,S014,6,0.15,Credit Card,2024-09-25 13:42:00,2024-10-31 13:42:00
508485,2023-08-14 12:01:00,1330,P1144,S022,5,0.2,Net Banking,2023-08-14 12:53:00,2023-08-25 12:53:00
508486,2025-09-17 17:53:00,1054,P1127,S005,7,0.05,Wallet,2025-09-17 20:29:00,2025-10-06 20:29:00
508487,2024-12-30 04:33:00,1449,P1129,S001,3,0.05,UPI,2024-12-30 06:54:00,2025-01-07 06:54:00
508488,2024-10-01 06:42:00,1495,P1039,S012,3,0.0,UPI,2024-10-01 06:51:00,2024-11-12 06:51:00
508489,2023-09-17 18:48:00,1265,P1008,S010,3,0.15,Net Banking,2023-09-17 21:44:00,2023-11-10 21:44:00
508490,2026-01-25 01:34:00,1089,P1081,S008,5,0.15,CASH,2026-01-25 03:36:00,2026-02-28 03:36:00
508491,2023-01-01 18:37:00,1339,P1130,S024,6,0.0,Cash,2023-01-01 20:30:00,2023-02-26 20:30:00
508492,2023-05-25 12:04:00,1334,P1039,S004,8,0.2,Net Banking,2023-05-25 13:07:00,2023-06-01 13:07:00
508493,2025-12-31 22:33:00,1321,P1023,S014,3,0.15,CASH,2026-01-01 01:25:00,2026-02-15 01:25:00
508494,2025-04-04 19:32:00,1388,P1036,S006,4,0.05,Net Banking,2025-04-04 21:33:00,2025-04-21 21:33:00
508495,2024-08-11 09:19:00,1047,P1118,S019,6,0.1,Net Banking,2024-08-11 11:01:00,2024-08-15 11:01:00
508496,2025-01-23 23:29:00,1493,P1022,S015,1,0.1,Net Banking,2025-01-23 23:46:00,2025-03-07 23:46:00
508497,2024-06-08 20:44:00,1325,P1019,S012,4,0.15,UPI,2024-06-08 22:03:00,2024-07-19 22:03:00
508498,2024-06-11 10:54:00,1341,P1139,S025,4,0.0,Credit Card,2024-06-11 11:12:00,2024-07-24 11:12:00
508499,2023-11-06 03:53:00,1057,P1097,S016,1,0.1,Net Banking,2023-11-06 06:48:00,2023-12-09 06:48:00
508500,2023-08-01 11:25:00,1030,P1125,S005,7,0.0,Cash,2023-08-01 11:52:00,2023-08-01 11:52:00
508501,2025-02-18 16:43:00,1216,P1075,S024,1,0.15,Debit Card,2025-02-18 18:13:00,2025-02-22 18:13:00
508502,2023-03-10 01:21:00,1472,P1074,S010,6,0.0,Wallet,2023-03-10 03:42:00,2023-04-27 03:42:00
508503,2023-10-03 16:56:00,1401,P1036,S020,5,0.05,Net Banking,2023-10-03 17:39:00,2023-11-02 17:39:00
508504,2026-01-19 02:07:00,1471,P1111,S025,5,0.2,Cash,2026-01-19 03:55:00,2026-03-20 03:55:00
508505,2023-11-29 21:17:00,1127,P1040,S011,6,0.15,Debit Card,2023-11-29 23:31:00,2024-01-15 23:31:00
508506,2026-02-03 11:39:00,1494,P1057,S007,8,0.1,Net Banking,2026-02-03 12:06:00,2026-03-23 12:06:00
508507,2026-03-30 06:14:00,1404,P1142,S006,4,0.2,Net Banking,2026-03-30 07:19:00,2026-04-22 07:19:00
508508,2023-07-01 16:31:00,1303,P1065,S013,8,0.1,Cash,2023-07-01 16:59:00,2023-07-26 16:59:00
508509,2026-02-24 19:42:00,1310,P1047,S010,8,0.15,Net Banking,2026-02-24 20:16:00,2026-04-13 20:16:00
508510,2023-03-07 15:08:00,1340,P1147,S015,6,0.0,Credit Card,2023-03-07 16:32:00,2023-04-06 16:32:00
508511,2023-07-10 10:47:00,1097,P1109,S016,7,0.05,UPI,2023-07-10 11:58:00,2023-08-05 11:58:00
508512,2024-03-20 21:27:00,1076,P1073,S023,5,0.1,Cash,2024-03-20 21:30:00,2024-04-16 21:30:00
508513,2024-01-11 15:08:00,1166,P1125,S013,8,0.1,UPI,2024-01-11 16:27:00,2024-02-02 16:27:00
508514,2023-08-03 19:18:00,1440,P1064,S022,4,0.05,Cash,2023-08-03 21:33:00,2023-09-09 21:33:00
508515,2024-03-05 19:36:00,1035,P1080,S009,8,0.0,Debit Card,2024-03-05 21:26:00,2024-03-06 21:26:00
508516,2026-03-29 18:43:00,1338,P1020,S019,5,0.1,Debit Card,2026-03-29 20:40:00,2026-04-29 20:40:00
508517,2025-01-15 22:39:00,1135,P1010,S020,8,0.15,Debit Card,2025-01-16 00:19:00,2025-01-21 00:19:00
508518,2023-06-22 16:18:00,1459,P1037,S013,5,0.0,Debit Card,2023-06-22 16:44:00,2023-08-14 16:44:00
508519,2024-05-20 11:08:00,1432,P1045,S005,8,0.15,Net Banking,2024-05-20 13:41:00,2024-06-03 13:41:00
508520,2025-09-21 06:44:00,1167,P1117,S006,2,0.2,Cash,2025-09-21 09:32:00,2025-09-24 09:32:00
508521,2024-07-25 10:52:00,1067,P1112,S003,7,0.2,UPI,2024-07-25 13:45:00,2024-08-08 13:45:00
508522,2025-08-17 08:36:00,1328,P1072,S012,3,0.05,Cash,2025-08-17 11:00:00,2025-08-31 11:00:00
508523,2023-07-24 16:51:00,1161,P1068,S016,1,0.0,Wallet,2023-07-24 16:53:00,2023-08-15 16:53:00
508524,2025-05-01 17:33:00,1411,P1002,S021,3,0.2,Cash,2025-05-01 19:37:00,2025-05-16 19:37:00
508525,2023-09-22 00:52:00,1210,P1064,S008,7,0.1,UPI,2023-09-22 02:20:00,2023-11-08 02:20:00
508526,2026-03-31 14:26:00,1279,P1042,S015,2,0.05,Wallet,2026-03-31 15:03:00,2026-05-18 15:03:00
508527,2026-02-16 17:11:00,1063,P1006,S024,7,0.2,Cash,2026-02-16 18:56:00,2026-03-03 18:56:00
508528,2023-12-20 11:19:00,1253,P1065,S018,2,0.15,Net Banking,2023-12-20 11:30:00,2024-01-17 11:30:00
508529,2023-11-07 00:17:00,1430,P1133,S003,3,0.15,Cash,2023-11-07 01:12:00,2023-11-17 01:12:00
508530,2024-03-22 03:48:00,1238,P1076,S022,3,0.15,Net Banking,2024-03-22 05:44:00,2024-05-09 05:44:00
508531,2024-06-26 06:30:00,1286,P1121,S006,5,0.05,Cash,2024-06-26 08:49:00,2024-08-08 08:49:00
508532,2024-12-16 16:50:00,1013,P1098,S011,1,0.1,Net Banking,2024-12-16 17:10:00,2025-01-02 17:10:00
508533,2023-01-17 23:59:00,1190,P1055,S004,7,0.1,Cash,2023-01-18 02:25:00,2023-02-27 02:25:00
508534,2023-04-08 11:39:00,1282,P1143,S015,6,0.05,Wallet,2023-04-08 14:21:00,2023-04-24 14:21:00
508535,2024-07-07 01:30:00,1321,P1056,S006,5,0.1,Cash,2024-07-07 04:15:00,2024-08-16 04:15:00
508536,2026-01-17 16:43:00,1074,P1036,S017,2,0.15,UPI,2026-01-17 19:09:00,2026-02-01 19:09:00
508537,2023-03-14 17:11:00,1425,P1140,S004,5,0.0,Credit Card,2023-03-14 17:47:00,2023-05-12 17:47:00
508538,2024-02-20 08:36:00,1235,P1092,S021,4,0.05,cash,2024-02-20 11:34:00,2024-03-21 11:34:00
508539,2025-06-25 17:14:00,1283,P1073,S011,5,0.2,UPI,2025-06-25 18:45:00,2025-07-27 18:45:00
508540,2026-01-19 13:31:00,1269,P1025,S007,3,0.05,Wallet,2026-01-19 16:13:00,2026-03-15 16:13:00
508541,2023-08-03 22:46:00,1209,P1128,S025,7,0.1,Cash,2023-08-03 23:11:00,2023-09-11 23:11:00
508542,2024-10-07 21:33:00,1125,P1092,S013,7,0.05,Net Banking,2024-10-07 22:36:00,2024-12-02 22:36:00
508543,2025-11-22 21:57:00,1262,P1043,S006,8,0.0,Cash,2025-11-22 22:39:00,2026-01-18 22:39:00
508544,2025-08-24 15:29:00,1017,P1137,S010,3,0.2,Net Banking,2025-08-24 17:33:00,2025-09-08 17:33:00
508545,2024-10-03 01:28:00,1326,P1036,S007,7,0.2,UPI,2024-10-03 03:20:00,2024-10-05 03:20:00
508546,2023-04-20 23:42:00,1217,P1060,S013,4,0.05,Wallet,2023-04-21 00:48:00,2023-06-15 00:48:00
508547,2023-02-09 02:56:00,1154,P1097,S003,3,0.0,Debit Card,2023-02-09 04:24:00,2023-04-02 04:24:00
508548,2023-07-06 23:11:00,1275,P1107,S022,8,0.05,UPI,2023-07-07 01:54:00,2023-07-18 01:54:00
508549,2024-06-16 23:07:00,1296,P1066,S019,3,0.15,Wallet,2024-06-17 01:50:00,2024-07-28 01:50:00
508550,2024-10-15 21:06:00,1170,P1130,S002,3,0.0,Credit Card,2024-10-15 21:36:00,2024-11-18 21:36:00
508551,2024-03-11 02:20:00,1331,P1043,S004,1,0.2,Cash,2024-03-11 05:01:00,2024-04-29 05:01:00
508552,2023-05-24 04:19:00,1032,P1029,S018,5,0.05,Debit Card,2023-05-24 06:55:00,2023-06-02 06:55:00
508553,2025-08-29 07:00:00,1028,P1105,S011,8,0.05,Cash,2025-08-29 09:38:00,2025-10-01 09:38:00
508554,2024-01-22 16:03:00,1358,P1087,S018,5,0.1,Cash,2024-01-22 16:29:00,2024-02-17 16:29:00
508555,2024-02-02 05:43:00,1178,P1074,S024,1,0.1,Credit Card,2024-02-02 06:47:00,2024-03-26 06:47:00
508556,2025-06-03 00:25:00,1260,P1026,S025,6,0.1,Wallet,2025-06-03 01:48:00,2025-06-30 01:48:00
508557,2023-01-18 19:33:00,1081,P1025,S015,8,0.05,Wallet,2023-01-18 21:06:00,2023-03-02 21:06:00
508558,2026-03-05 13:08:00,1096,P1059,S024,5,0.15,Cash,2026-03-05 13:46:00,2026-04-11 13:46:00
508559,2023-08-08 17:19:00,1039,P1113,S007,3,0.15,Debit Card,2023-08-08 18:28:00,2023-09-03 18:28:00
508560,2024-05-13 00:42:00,1372,P1099,S015,5,0.0,UPI,2024-05-13 02:35:00,2024-06-07 02:35:00
508561,2023-07-23 20:33:00,1410,P1110,S013,6,0.05,Debit Card,2023-07-23 21:49:00,2023-08-21 21:49:00
508562,2026-03-17 12:01:00,1075,P1071,S002,5,0.15,Cash,2026-03-17 13:54:00,2026-03-22 13:54:00
508563,2025-01-04 22:09:00,1346,P1089,S013,3,0.05,Wallet,2025-01-04 22:16:00,2025-02-22 22:16:00
508564,2024-09-01 14:07:00,1097,P1133,S017,2,0.1,Wallet,2024-09-01 16:23:00,2024-09-04 16:23:00
508565,2024-05-05 14:06:00,1147,P1082,S021,3,0.15,UPI,2024-05-05 14:21:00,2024-07-01 14:21:00
508566,2025-04-03 23:02:00,1233,P1081,S002,8,0.2,cash,2025-04-03 23:08:00,2025-05-19 23:08:00
508567,2024-11-19 04:10:00,1260,P1003,S014,7,0.15,Cash,2024-11-19 04:28:00,2024-12-18 04:28:00
508568,2024-09-15 16:04:00,1103,P1003,S023,2,0.15,Credit Card,2024-09-15 18:14:00,2024-10-22 18:14:00
508569,2025-06-01 16:17:00,1433,P1109,S008,4,0.15,UPI,2025-06-01 16:49:00,2025-07-26 16:49:00
508570,2026-01-25 18:06:00,1175,P1112,S012,8,0.05,Cash,2026-01-25 19:06:00,2026-02-14 19:06:00
508571,2023-10-24 17:31:00,1337,P1130,S009,2,0.1,CASH,2023-10-24 19:52:00,2023-10-31 19:52:00
508572,2025-02-17 05:51:00,1261,P1010,S006,7,0.15,UPI,2025-02-17 08:43:00,2025-03-04 08:43:00
508573,2024-08-15 13:04:00,1237,P1124,S003,7,0.1,UPI,2024-08-15 15:26:00,2024-09-11 15:26:00
508574,2025-11-28 03:16:00,1131,P1148,S019,2,0.05,Net Banking,2025-11-28 05:03:00,2025-12-01 05:03:00
508575,2024-03-31 13:57:00,1075,P1038,S017,1,0.05,Net Banking,2024-03-31 14:48:00,2024-05-19 14:48:00
508576,2025-07-06 19:51:00,1402,P1019,S007,5,0.15,Credit Card,2025-07-06 22:01:00,2025-07-06 22:01:00
508577,2023-03-28 18:27:00,1126,P1138,S024,7,0.15,Cash,2023-03-28 20:32:00,2023-05-25 20:32:00
508578,2024-12-07 02:39:00,1108,P1114,S013,8,0.0,Credit Card,2024-12-07 04:29:00,2024-12-30 04:29:00
508579,2023-12-21 15:19:00,1044,P1077,S008,4,0.2,Cash,2023-12-21 17:57:00,2024-01-28 17:57:00
508580,2024-10-15 00:21:00,1282,P1050,S007,7,0.0,UPI,2024-10-15 01:17:00,2024-10-15 01:17:00
508581,2024-08-23 13:53:00,1058,P1090,S003,2,0.2,Wallet,2024-08-23 15:58:00,2024-10-20 15:58:00
508582,2026-02-22 16:35:00,1250,P1014,S008,3,0.05,DEBIT CARD,2026-02-22 17:22:00,2026-04-19 17:22:00
508583,2025-11-01 19:04:00,1020,P1079,S007,8,0.1,Debit Card,2025-11-01 20:04:00,2025-11-25 20:04:00
508584,2025-01-26 14:41:00,1398,P1064,S019,5,0.0,Net Banking,2025-01-26 16:22:00,2025-02-22 16:22:00
508585,2023-06-24 18:08:00,1260,P1071,S023,3,0.15,Cash,2023-06-24 20:15:00,2023-07-15 20:15:00
508586,2025-01-25 18:19:00,1096,P1044,S015,1,0.0,Net Banking,2025-01-25 20:14:00,2025-03-04 20:14:00
508587,2023-11-05 08:41:00,1182,P1081,S016,7,0.05,Credit Card,2023-11-05 10:17:00,2023-12-04 10:17:00
508588,2025-08-29 03:59:00,1308,P1052,S011,2,,UPI,2025-08-29 06:55:00,2025-09-02 06:55:00
508589,2026-02-05 14:58:00,1161,P1014,S017,2,0.15,UPI,2026-02-05 15:26:00,2026-03-03 15:26:00
508590,2024-02-22 21:28:00,1112,P1084,S006,5,0.05,Net Banking,2024-02-22 23:09:00,2024-02-26 23:09:00
508591,2023-07-30 13:37:00,1124,P1140,S009,6,0.1,Debit Card,2023-07-30 14:47:00,2023-08-20 14:47:00
508592,2023-11-29 20:40:00,1069,P1072,S009,8,0.1,Credit Card,2023-11-29 23:25:00,2023-12-28 23:25:00
508593,2026-02-09 14:40:00,1353,P1035,S022,1,0.0,Debit Card,2026-02-09 17:25:00,2026-03-18 17:25:00
508594,2025-11-26 04:57:00,1102,P1124,S020,3,0.1,Wallet,2025-11-26 07:33:00,2025-12-06 07:33:00
508595,2026-03-18 23:56:00,1196,P1137,S014,6,0.0,Cash,2026-03-19 02:48:00,2026-04-26 02:48:00
508596,2025-05-04 00:07:00,1177,P1087,S017,7,0.1,UPI,2025-05-04 00:28:00,2025-05-29 00:28:00
508597,2023-06-17 11:58:00,1166,P1094,S012,2,0.2,Wallet,2023-06-17 12:05:00,2023-07-02 12:05:00
508598,2023-04-25 21:43:00,1027,P1107,S013,1,0.1,Cash,2023-04-26 00:35:00,2023-06-13 00:35:00
508599,2025-09-17 15:42:00,1054,P1049,S014,1,0.0,Net Banking,2025-09-17 16:29:00,2025-10-27 16:29:00
508600,2024-07-13 23:46:00,1018,P1007,S024,7,0.05,Wallet,2024-07-14 00:40:00,2024-08-17 00:40:00
508601,2024-04-24 15:33:00,1485,P1063,S014,2,0.0,Net Banking,2024-04-24 16:08:00,2024-06-12 16:08:00
508602,2025-10-19 21:33:00,1425,P1017,S019,2,0.15,Credit Card,2025-10-19 23:28:00,2025-10-29 23:28:00
508603,2023-01-14 22:42:00,1057,P1111,S011,2,0.15,Net Banking,2023-01-15 01:19:00,2023-03-12 01:19:00
508604,2023-03-27 00:17:00,1053,P1084,S007,6,0.15,Wallet,2023-03-27 02:20:00,2023-04-07 02:20:00
508605,2023-03-07 00:39:00,1261,P1116,S003,8,0.0,credit card,2023-03-07 01:32:00,2023-03-28 01:32:00
508606,2023-01-21 01:42:00,1168,P1094,S001,2,0.2,Cash,2023-01-21 03:11:00,2023-03-22 03:11:00
508607,2025-12-19 18:00:00,1167,P1048,S019,5,0.05,Credit Card,2025-12-19 18:14:00,2026-01-29 18:14:00
508608,2023-09-26 11:22:00,1451,P1052,S021,4,0.1,Net Banking,2023-09-26 14:11:00,2023-10-12 14:11:00
508609,2023-12-17 21:49:00,1331,P1022,S006,5,0.05,UPI,2023-12-17 22:42:00,2023-12-28 22:42:00
508610,2023-10-16 10:32:00,1468,P1052,S008,1,0.05,Cash,2023-10-16 13:20:00,2023-11-25 13:20:00
508611,2023-05-30 07:08:00,1458,P1109,S024,1,0.1,Wallet,2023-05-30 07:43:00,2023-06-30 07:43:00
508612,2025-09-17 20:16:00,1461,P1059,S001,2,0.0,UPI,2025-09-17 21:32:00,2025-10-18 21:32:00
508613,2025-06-30 20:46:00,1414,P1143,S016,7,0.15,Cash,2025-06-30 23:08:00,2025-06-30 23:08:00
508614,2025-12-16 09:21:00,1102,P1075,S021,4,0.05,Debit Card,2025-12-16 10:13:00,2026-02-13 10:13:00
508615,2025-07-31 16:19:00,1021,P1018,S022,2,0.2,Wallet,2025-07-31 17:15:00,2025-08-29 17:15:00
508616,2023-04-04 06:12:00,1043,P1053,S013,4,0.15,Wallet,2023-04-04 07:54:00,2023-05-29 07:54:00
508617,2024-10-30 00:26:00,1031,P1057,S008,6,0.0,UPI,2024-10-30 00:31:00,2024-11-19 00:31:00
508618,2025-03-20 07:51:00,1246,P1143,S025,5,0.1,Wallet,2025-03-20 10:40:00,2025-05-08 10:40:00
508619,2025-07-12 20:15:00,1446,P1044,S012,4,0.0,Credit Card,2025-07-12 22:00:00,2025-09-01 22:00:00
508620,2024-07-01 21:41:00,1222,P1001,S006,8,0.05,Credit Card,2024-07-01 22:13:00,2024-08-21 22:13:00
508621,2023-09-20 12:56:00,1067,P1116,S005,8,0.0,Credit Card,2023-09-20 15:33:00,2023-10-28 15:33:00
508622,2024-01-13 19:19:00,1301,P1126,S011,2,0.0,UPI,2024-01-13 19:22:00,2024-01-14 19:22:00
508623,2024-01-17 18:15:00,1435,P1068,S001,7,,Cash,2024-01-17 20:49:00,2024-02-26 20:49:00
508624,2025-08-16 17:36:00,1195,P1071,S024,6,0.2,Wallet,2025-08-16 19:07:00,2025-09-25 19:07:00
508625,2025-12-09 21:05:00,1108,P1010,S008,3,,Credit Card,2025-12-09 22:58:00,2025-12-13 22:58:00
508626,2026-02-22 09:19:00,1086,P1028,S007,5,0.05,Credit Card,2026-02-22 10:03:00,2026-04-09 10:03:00
508627,2023-09-19 02:49:00,1425,P1059,S025,1,0.0,Wallet,2023-09-19 03:51:00,2023-11-14 03:51:00
508628,2023-04-14 09:46:00,1170,P1097,S001,4,0.0,Credit Card,2023-04-14 10:28:00,2023-05-23 10:28:00
508629,2024-02-12 21:00:00,1446,P1129,S016,3,0.0,Credit Card,2024-02-12 23:28:00,2024-03-04 23:28:00
508630,2023-02-18 14:22:00,1011,P1045,S011,6,0.15,Net Banking,2023-02-18 15:01:00,2023-02-21 15:01:00
508631,2024-03-09 02:32:00,1223,P1042,S008,2,0.1,Credit Card,2024-03-09 04:22:00,2024-03-09 04:22:00
508632,2025-12-14 15:18:00,1253,P1063,S001,6,0.05,Debit Card,2025-12-14 16:35:00,2025-12-28 16:35:00
508633,2025-05-09 04:31:00,1008,P1009,S024,8,0.15,Credit Card,2025-05-09 06:16:00,2025-05-24 06:16:00
508634,2024-01-17 10:08:00,1126,P1113,S013,8,0.1,Net Banking,2024-01-17 12:05:00,2024-02-28 12:05:00
508635,2026-01-27 02:14:00,1141,P1038,S001,4,0.15,Debit Card,2026-01-27 04:42:00,2026-02-02 04:42:00
508636,2025-03-15 19:19:00,1159,P1064,S003,5,0.0,UPI,2025-03-15 19:35:00,2025-05-04 19:35:00
508637,2024-04-25 18:33:00,1358,P1144,S010,3,0.2,Debit Card,2024-04-25 20:56:00,2024-05-25 20:56:00
508638,2024-05-08 22:49:00,1472,P1119,S004,5,0.05,NET BANKING,2024-05-08 23:40:00,2024-06-23 23:40:00
508639,2024-07-31 00:50:00,1322,P1137,S025,6,0.15,Wallet,2024-07-31 03:07:00,2024-09-13 03:07:00
508640,2024-03-30 16:00:00,1280,P1086,S005,2,0.05,UPI,2024-03-30 16:46:00,2024-05-11 16:46:00
508641,2023-04-11 09:41:00,1137,P1142,S023,6,0.0,Debit Card,2023-04-11 10:04:00,2023-05-06 10:04:00
508642,2024-12-21 18:54:00,1277,P1123,S002,4,0.05,UPI,2024-12-21 20:37:00,2025-01-06 20:37:00
508643,2025-11-26 14:00:00,1188,P1011,S024,5,0.05,Credit Card,2025-11-26 15:01:00,2026-01-04 15:01:00
508644,2025-01-12 19:16:00,1376,P1018,S014,1,0.15,Net Banking,2025-01-12 19:18:00,2025-01-20 19:18:00
508645,2023-05-23 07:21:00,1105,P1099,S005,3,0.1,Wallet,2023-05-23 10:01:00,2023-06-16 10:01:00
508646,2024-08-11 13:49:00,1171,P1094,S014,2,0.1,Wallet,2024-08-11 14:36:00,2024-09-07 14:36:00
508647,2025-10-02 21:28:00,1416,P1059,S011,6,0.0,Cash,2025-10-02 22:00:00,2025-11-23 22:00:00
508648,2023-09-28 14:17:00,1152,P1117,S020,3,0.15,UPI,2023-09-28 17:13:00,2023-11-02 17:13:00
508649,2024-12-24 18:38:00,1449,P1072,S013,2,0.15,Credit Card,2024-12-24 19:45:00,2025-02-21 19:45:00
508650,2024-10-07 07:25:00,1362,P1129,S010,5,0.15,Wallet,2024-10-07 07:39:00,2024-11-02 07:39:00
508651,2023-01-06 13:46:00,1158,P1002,S020,2,0.05,Cash,2023-01-06 16:44:00,2023-02-06 16:44:00
508652,2023-03-03 04:40:00,1470,P1014,S001,8,0.0,UPI,2023-03-03 06:49:00,2023-04-01 06:49:00
508653,2023-02-22 13:18:00,1457,P1038,S025,4,0.05,Debit Card,2023-02-22 15:28:00,2023-02-25 15:28:00
508654,2025-11-07 12:36:00,1322,P1131,S001,1,0.2,Net Banking,2025-11-07 15:15:00,2025-12-28 15:15:00
508655,2023-07-22 09:33:00,1326,P1080,S013,6,0.1,UPI,2023-07-22 10:49:00,2023-08-25 10:49:00
508656,2023-05-20 05:17:00,1307,P1106,S002,7,0.2,UPI,2023-05-20 06:01:00,2023-05-29 06:01:00
508657,2024-05-26 17:11:00,1365,P1041,S024,6,0.05,Wallet,2024-05-26 17:41:00,2024-06-25 17:41:00
508658,2023-06-08 17:26:00,1265,P1037,S007,7,,Debit Card,2023-06-08 19:16:00,2023-07-06 19:16:00
508659,2025-05-30 23:29:00,1190,P1150,S010,7,0.05,Cash,2025-05-31 01:14:00,2025-07-15 01:14:00
508660,2026-02-14 15:52:00,1272,P1090,S011,8,0.0,UPI,2026-02-14 18:36:00,2026-03-28 18:36:00
508661,2025-12-04 19:57:00,1068,P1073,S023,2,0.2,Wallet,2025-12-04 22:00:00,2026-01-17 22:00:00
508662,2025-06-27 00:59:00,1112,P1123,S021,8,0.1,Cash,2025-06-27 02:49:00,2025-07-09 02:49:00
508663,2023-11-09 22:26:00,1109,P1043,S013,2,0.05,Cash,2023-11-10 00:19:00,2023-12-26 00:19:00
508664,2023-05-15 10:42:00,1205,P1079,S002,8,0.15,CREDIT CARD,2023-05-15 13:19:00,2023-05-29 13:19:00
508665,2023-04-05 22:40:00,1345,P1138,S005,1,0.15,Debit Card,2023-04-05 23:25:00,2023-06-04 23:25:00
508666,2024-10-21 22:39:00,1380,P1072,S003,4,0.05,Debit Card,2024-10-22 00:23:00,2024-11-02 00:23:00
508667,2024-12-04 19:58:00,1067,P1062,S022,2,0.1,Wallet,2024-12-04 20:25:00,2025-01-19 20:25:00
508668,2023-06-21 08:10:00,1180,P1134,S005,6,0.1,Debit Card,2023-06-21 08:30:00,2023-08-11 08:30:00
508669,2023-08-29 08:14:00,1278,P1038,S012,1,0.0,Net Banking,2023-08-29 09:32:00,2023-09-11 09:32:00
508670,2025-02-21 21:38:00,1019,P1090,S003,1,,Debit Card,2025-02-22 00:08:00,2025-03-02 00:08:00
508671,2023-06-03 11:37:00,1318,P1036,S023,4,0.1,Net Banking,2023-06-03 12:54:00,2023-07-21 12:54:00
508672,2024-08-03 04:33:00,1426,P1035,S015,1,0.15,UPI,2024-08-03 05:36:00,2024-08-25 05:36:00
508673,2025-07-02 15:41:00,1141,P1123,S013,5,0.05,Credit Card,2025-07-02 18:27:00,2025-07-06 18:27:00
508674,2025-03-21 19:06:00,1429,P1012,S008,3,0.1,Credit Card,2025-03-21 21:12:00,2025-05-16 21:12:00
508675,2024-01-09 07:18:00,1488,P1118,S019,3,0.0,WALLET,2024-01-09 07:35:00,2024-02-07 07:35:00
508676,2023-08-04 14:03:00,1084,P1074,S011,7,0.0,Net Banking,2023-08-04 14:12:00,2023-08-27 14:12:00
508677,2023-02-19 03:10:00,1062,P1124,S006,1,0.2,Wallet,2023-02-19 05:10:00,2023-04-14 05:10:00
508678,2026-01-06 09:58:00,1228,P1009,S021,5,0.05,UPI,2026-01-06 10:02:00,2026-01-16 10:02:00
508679,2024-12-20 05:07:00,1407,P1126,S004,8,,Cash,2024-12-20 05:30:00,2025-02-06 05:30:00
508680,2024-01-10 11:57:00,1356,P1024,S012,7,0.05,CASH,2024-01-10 14:44:00,2024-02-04 14:44:00
508681,2026-02-11 17:25:00,1198,P1087,S021,1,0.1,Debit Card,2026-02-11 18:34:00,2026-03-25 18:34:00
508682,2025-02-08 18:24:00,1383,P1107,S006,6,0.05,Cash,2025-02-08 18:25:00,2025-03-29 18:25:00
508683,2025-09-26 09:38:00,1323,P1018,S017,8,0.0,UPI,2025-09-26 10:21:00,2025-10-31 10:21:00
508684,2024-02-18 22:26:00,1395,P1074,S007,2,0.05,Credit Card,2024-02-18 23:25:00,2024-03-11 23:25:00
508685,2023-08-29 02:44:00,1477,P1126,S024,1,0.15,Wallet,2023-08-29 03:20:00,2023-10-11 03:20:00
508686,2024-08-08 10:19:00,1451,P1136,S007,1,0.1,Net Banking,2024-08-08 12:21:00,2024-10-03 12:21:00
508687,2025-08-28 19:45:00,1123,P1011,S024,4,,Cash,2025-08-28 20:07:00,2025-08-29 20:07:00
508688,2023-08-25 12:04:00,1367,P1001,S006,8,0.15,Cash,2023-08-25 14:15:00,2023-09-15 14:15:00
508689,2023-04-18 13:16:00,1004,P1054,S025,1,0.1,Cash,2023-04-18 14:28:00,2023-06-11 14:28:00
508690,2025-06-20 13:53:00,1149,P1004,S013,3,0.15,UPI,2025-06-20 16:39:00,2025-06-25 16:39:00
508691,2023-03-31 11:18:00,1213,P1056,S012,8,0.1,UPI,2023-03-31 11:57:00,2023-05-05 11:57:00
508692,2026-02-15 16:55:00,1055,P1114,S010,5,0.1,Debit Card,2026-02-15 19:44:00,2026-03-08 19:44:00
508693,2023-06-03 07:48:00,1280,P1034,S011,3,0.05,Wallet,2023-06-03 10:02:00,2023-08-01 10:02:00
508694,2024-12-20 10:09:00,1236,P1053,S008,1,0.15,UPI,2024-12-20 11:49:00,2025-01-03 11:49:00
508695,2025-10-11 15:39:00,1289,P1012,S010,4,0.2,Wallet,2025-10-11 18:12:00,2025-11-12 18:12:00
508696,2023-06-27 01:00:00,1056,P1001,S011,6,0.0,Cash,2023-06-27 02:41:00,2023-07-10 02:41:00
508697,2025-04-05 03:16:00,1135,P1132,S014,8,0.0,Wallet,2025-04-05 03:17:00,2025-05-17 03:17:00
508698,2025-06-07 19:03:00,1402,P1062,S008,3,0.0,UPI,2025-06-07 21:06:00,2025-08-06 21:06:00
508699,2024-01-08 01:02:00,1060,P1072,S020,3,0.0,Wallet,2024-01-08 03:41:00,2024-01-14 03:41:00
508700,2025-02-21 17:22:00,1496,P1131,S020,5,0.15,Net Banking,2025-02-21 17:27:00,2025-03-29 17:27:00
508701,2024-01-31 19:33:00,1344,P1099,S009,7,0.2,UPI,2024-01-31 22:17:00,2024-02-14 22:17:00
508702,2025-05-13 20:07:00,1219,P1010,S008,4,0.2,Wallet,2025-05-13 20:10:00,2025-06-21 20:10:00
508703,2023-11-14 04:43:00,1324,P1043,S006,4,0.1,Credit Card,2023-11-14 05:36:00,2023-12-19 05:36:00
508704,2025-07-27 10:20:00,1070,P1120,S023,1,0.1,Net Banking,2025-07-27 13:13:00,2025-08-27 13:13:00
508705,2023-09-28 20:20:00,1034,P1140,S021,8,0.05,UPI,2023-09-28 20:27:00,2023-11-08 20:27:00
508706,2025-04-18 19:25:00,1395,P1113,S016,7,0.15,Wallet,2025-04-18 20:57:00,2025-06-12 20:57:00
508707,2025-08-10 17:58:00,1063,P1049,S001,5,0.2,Credit Card,2025-08-10 20:07:00,2025-09-09 20:07:00
508708,2025-10-13 04:00:00,1361,P1109,S007,3,0.2,Debit Card,2025-10-13 04:10:00,2025-11-07 04:10:00
508709,2025-05-25 16:36:00,1182,P1113,S010,4,0.15,Cash,2025-05-25 18:54:00,2025-06-18 18:54:00
508710,2023-02-07 13:47:00,1359,P1127,S012,1,0.0,Credit Card,2023-02-07 14:03:00,2023-03-15 14:03:00
508711,2025-12-09 02:51:00,1029,P1066,S007,1,0.0,Debit Card,2025-12-09 04:07:00,2026-01-19 04:07:00
508712,2024-02-23 02:22:00,1386,P1093,S023,4,0.1,Wallet,2024-02-23 02:23:00,2024-02-23 02:23:00
508713,2024-01-25 09:44:00,1335,P1143,S010,3,0.1,Debit Card,2024-01-25 12:02:00,2024-02-14 12:02:00
508714,2025-03-25 02:17:00,1227,P1134,S010,4,0.15,Cash,2025-03-25 02:33:00,2025-05-11 02:33:00
508715,2023-02-27 03:49:00,1500,P1051,S006,6,0.15,Wallet,2023-02-27 06:02:00,2023-04-15 06:02:00
508716,2026-03-14 16:07:00,1306,P1091,S023,4,0.1,Credit Card,2026-03-14 19:06:00,2026-04-07 19:06:00
508717,2024-06-18 21:46:00,1424,P1049,S025,7,0.0,Debit Card,2024-06-18 23:30:00,2024-08-05 23:30:00
508718,2024-01-12 10:36:00,1133,P1002,S003,4,0.2,Debit Card,2024-01-12 13:04:00,2024-01-13 13:04:00
508719,2026-02-21 18:32:00,1382,P1131,S024,5,0.05,Wallet,2026-02-21 18:52:00,2026-04-07 18:52:00
508720,2024-01-17 08:52:00,1404,P1093,S016,5,0.05,Debit Card,2024-01-17 10:10:00,2024-03-13 10:10:00
508721,2024-01-10 10:37:00,1039,P1041,S005,7,0.2,Debit Card,2024-01-10 12:07:00,2024-02-19 12:07:00
508722,2023-10-19 18:48:00,1378,P1129,S006,2,0.0,Cash,2023-10-19 19:44:00,2023-12-13 19:44:00
508723,2023-11-12 17:24:00,1178,P1035,S004,1,0.0,Wallet,2023-11-12 19:45:00,2024-01-01 19:45:00
508724,2025-07-25 07:21:00,1040,P1052,S006,6,0.15,UPI,2025-07-25 09:53:00,2025-07-27 09:53:00
508725,2024-09-15 09:51:00,1133,P1131,S005,3,0.1,Credit Card,2024-09-15 10:12:00,2024-11-04 10:12:00
508726,2023-02-07 05:56:00,1167,P1130,S017,6,0.1,Cash,2023-02-07 07:22:00,2023-03-18 07:22:00
508727,2024-03-03 19:54:00,1251,P1069,S006,7,0.0,Net Banking,2024-03-03 20:50:00,2024-04-10 20:50:00
508728,2025-01-05 11:02:00,1202,P1041,S025,6,0.2,Net Banking,2025-01-05 11:36:00,2025-02-16 11:36:00
508729,2023-08-13 08:48:00,1426,P1061,S025,6,0.05,Net Banking,2023-08-13 11:41:00,2023-09-30 11:41:00
508730,2025-01-08 19:51:00,1309,P1032,S015,3,0.0,Cash,2025-01-08 21:12:00,2025-02-03 21:12:00
508731,2023-05-07 07:27:00,1317,P1143,S017,4,0.15,Credit Card,2023-05-07 10:26:00,2023-06-07 10:26:00
508732,2025-03-07 07:57:00,1177,P1047,S016,8,0.05,Cash,2025-03-07 08:09:00,2025-03-13 08:09:00
508733,2024-08-02 22:34:00,1273,P1078,S009,8,0.2,Net Banking,2024-08-02 22:57:00,2024-08-09 22:57:00
508734,2023-02-04 11:09:00,1278,P1073,S010,1,0.2,UPI,2023-02-04 13:36:00,2023-02-10 13:36:00
508735,2023-05-06 05:21:00,1265,P1117,S017,3,0.1,Cash,2023-05-06 06:43:00,2023-07-04 06:43:00
508736,2024-02-12 03:13:00,1081,P1008,S008,8,0.05,Wallet,2024-02-12 03:18:00,2024-02-23 03:18:00
508737,2024-12-09 09:02:00,1120,P1052,S022,5,0.0,UPI,2024-12-09 10:35:00,2025-01-18 10:35:00
508738,2025-05-05 08:50:00,1279,P1093,S022,1,0.15,UPI,2025-05-05 11:45:00,2025-06-03 11:45:00
508739,2024-04-13 06:31:00,1275,P1098,S012,6,0.0,UPI,2024-04-13 06:48:00,2024-05-22 06:48:00
508740,2023-09-25 22:56:00,1382,P1018,S024,5,0.15,Debit Card,2023-09-26 01:54:00,2023-11-25 01:54:00
508741,2024-06-16 17:57:00,1414,P1053,S006,3,0.0,Cash,2024-06-16 18:23:00,2024-07-22 18:23:00
508742,2023-05-18 11:10:00,1441,P1008,S003,2,0.15,Cash,2023-05-18 14:05:00,2023-06-07 14:05:00
508743,2025-11-10 22:28:00,1011,P1077,S015,1,0.0,Cash,2025-11-11 00:52:00,2025-12-01 00:52:00
508744,2024-01-11 04:20:00,1480,P1116,S016,6,0.2,UPI,2024-01-11 04:31:00,2024-01-15 04:31:00
508745,2025-08-10 21:18:00,1304,P1010,S020,3,0.05,Net Banking,2025-08-10 23:37:00,2025-09-20 23:37:00
508746,2024-03-28 13:56:00,1158,P1072,S016,1,0.15,Wallet,2024-03-28 14:00:00,2024-05-11 14:00:00
508747,2023-02-08 13:27:00,1184,P1127,S020,7,0.1,Credit Card,2023-02-08 13:40:00,2023-03-26 13:40:00
508748,2025-08-25 06:36:00,1496,P1019,S024,2,0.05,Wallet,2025-08-25 08:58:00,2025-09-09 08:58:00
508749,2024-10-28 18:32:00,1469,P1022,S017,8,0.0,UPI,2024-10-28 19:12:00,2024-11-05 19:12:00
508750,2025-06-03 04:43:00,1131,P1069,S012,2,0.15,Net Banking,2025-06-03 05:57:00,2025-07-16 05:57:00
508751,2025-04-22 02:13:00,1125,P1067,S001,5,0.2,Cash,2025-04-22 04:18:00,2025-04-22 04:18:00
508752,2025-12-02 10:14:00,1366,P1012,S005,8,0.1,Credit Card,2025-12-02 10:45:00,2025-12-22 10:45:00
508753,2026-02-27 07:38:00,1289,P1026,S022,7,0.1,Debit Card,2026-02-27 08:07:00,2026-04-22 08:07:00
508754,2024-10-07 18:17:00,1211,P1035,S002,6,0.05,Wallet,2024-10-07 20:35:00,2024-10-08 20:35:00
508755,2025-10-10 19:21:00,1325,P1102,S002,8,0.05,Debit Card,2025-10-10 21:29:00,2025-12-09 21:29:00
508756,2023-05-05 19:12:00,1341,P1057,S001,3,0.0,Cash,2023-05-05 20:00:00,2023-06-14 20:00:00
508757,2026-01-25 05:51:00,1165,P1055,S017,5,0.1,Credit Card,2026-01-25 06:27:00,2026-01-25 06:27:00
508758,2026-02-12 03:13:00,1240,P1132,S011,8,0.1,Credit Card,2026-02-12 04:17:00,2026-03-20 04:17:00
508759,2024-04-02 04:24:00,1500,P1009,S007,3,0.0,UPI,2024-04-02 06:00:00,2024-04-07 06:00:00
508760,2025-12-10 13:11:00,1164,P1012,S022,3,0.1,Debit Card,2025-12-10 13:12:00,2026-01-27 13:12:00
508761,2023-05-15 07:03:00,1323,P1101,S006,5,0.05,Wallet,2023-05-15 09:27:00,2023-07-02 09:27:00
508762,2025-04-14 09:41:00,1391,P1126,S001,8,0.0,Credit Card,2025-04-14 12:17:00,2025-05-15 12:17:00
508763,2024-08-20 10:24:00,1183,P1092,S011,3,0.15,Debit Card,2024-08-20 11:08:00,2024-08-24 11:08:00
508764,2023-11-10 03:25:00,1053,P1150,S012,8,0.1,Net Banking,2023-11-10 05:50:00,2024-01-08 05:50:00
508765,2024-09-15 03:42:00,1008,P1065,S011,5,0.2,UPI,2024-09-15 06:07:00,2024-10-31 06:07:00
508766,2025-06-09 10:19:00,1381,P1038,S020,3,0.1,UPI,2025-06-09 12:26:00,2025-07-12 12:26:00
508767,2025-10-24 16:24:00,1038,P1028,S017,8,0.0,UPI,2025-10-24 18:13:00,2025-11-18 18:13:00
508768,2025-06-16 08:39:00,1415,P1004,S001,7,0.0,Net Banking,2025-06-16 11:00:00,2025-07-24 11:00:00
508769,2023-03-22 04:55:00,1098,P1030,S012,6,0.15,Cash,2023-03-22 05:03:00,2023-05-19 05:03:00
508770,2025-08-03 10:11:00,1211,P1051,S012,3,0.1,Wallet,2025-08-03 10:40:00,2025-09-28 10:40:00
508771,2024-07-27 09:49:00,1486,P1008,S015,7,0.1,Debit Card,2024-07-27 11:19:00,2024-09-22 11:19:00
508772,2025-07-23 16:57:00,1050,P1082,S012,4,0.2,Net Banking,2025-07-23 19:08:00,2025-08-28 19:08:00
508773,2025-08-12 15:23:00,1342,P1031,S010,3,0.1,Wallet,2025-08-12 18:17:00,2025-10-08 18:17:00
508774,2025-10-21 00:31:00,1082,P1030,S006,1,0.05,Cash,2025-10-21 01:46:00,2025-10-30 01:46:00
508775,2024-03-13 13:00:00,1155,P1083,S006,4,0.05,Credit Card,2024-03-13 13:02:00,2024-03-19 13:02:00
508776,2023-09-26 19:06:00,1327,P1009,S009,2,0.15,Net Banking,2023-09-26 20:19:00,2023-10-04 20:19:00
508777,2024-03-10 22:36:00,1262,P1075,S007,1,0.15,UPI,2024-03-10 23:59:00,2024-03-24 23:59:00
508778,2025-11-11 09:26:00,1311,P1007,S008,6,0.0,Wallet,2025-11-11 11:16:00,2025-11-11 11:16:00
508779,2024-07-05 19:03:00,1112,P1060,S004,4,0.2,Credit Card,2024-07-05 21:50:00,2024-07-18 21:50:00
508780,2025-02-19 23:02:00,1243,P1038,S024,1,0.15,Credit Card,2025-02-20 00:33:00,2025-04-05 00:33:00
508781,2023-07-01 02:23:00,1368,P1106,S016,7,0.05,Credit Card,2023-07-01 05:15:00,2023-08-18 05:15:00
508782,2025-10-26 13:22:00,1208,P1060,S001,2,0.15,UPI,2025-10-26 15:38:00,2025-11-03 15:38:00
508783,2025-10-28 01:12:00,1344,P1056,S017,8,0.2,Debit Card,2025-10-28 01:20:00,2025-12-17 01:20:00
508784,2023-11-19 12:13:00,1145,P1002,S024,6,0.1,Cash,2023-11-19 15:05:00,2024-01-17 15:05:00
508785,2025-01-02 11:04:00,1388,P1103,S020,4,0.05,Credit Card,2025-01-02 12:29:00,2025-02-24 12:29:00
508786,2026-03-30 02:44:00,1035,P1042,S017,1,0.2,UPI,2026-03-30 05:04:00,2026-05-26 05:04:00
508787,2026-02-28 02:29:00,1015,P1021,S019,3,0.15,Cash,2026-02-28 04:29:00,2026-04-13 04:29:00
508788,2023-08-25 14:37:00,1255,P1133,S011,8,0.15,Cash,2023-08-25 16:03:00,2023-09-19 16:03:00
508789,2023-09-09 04:05:00,1366,P1073,S024,5,0.1,UPI,2023-09-09 06:00:00,2023-10-10 06:00:00
508790,2024-12-08 12:23:00,1110,P1124,S011,3,0.1,Net Banking,2024-12-08 14:18:00,2024-12-26 14:18:00
508791,2023-06-02 06:09:00,1486,P1030,S017,1,0.0,Credit Card,2023-06-02 08:26:00,2023-07-22 08:26:00
508792,2025-01-19 11:32:00,1141,P1082,S015,4,0.1,Credit Card,2025-01-19 12:41:00,2025-03-02 12:41:00
508793,2025-03-10 08:02:00,1358,P1078,S021,2,0.05,UPI,2025-03-10 09:56:00,2025-03-16 09:56:00
508794,2023-03-27 08:27:00,1256,P1080,S002,5,0.1,Cash,2023-03-27 10:02:00,2023-04-05 10:02:00
508795,2024-05-29 10:17:00,1325,P1046,S019,1,0.05,NET BANKING,2024-05-29 11:11:00,2024-06-02 11:11:00
508796,2023-12-28 13:20:00,1388,P1066,S015,3,0.2,Net Banking,2023-12-28 13:45:00,2024-01-06 13:45:00
508797,2023-09-27 12:49:00,1231,P1009,S021,1,0.2,Debit Card,2023-09-27 13:46:00,2023-10-09 13:46:00
508798,2023-09-06 02:13:00,1443,P1022,S022,3,0.05,Credit Card,2023-09-06 05:07:00,2023-10-14 05:07:00
508799,2025-06-20 23:27:00,1284,P1066,S025,3,0.1,Wallet,2025-06-20 23:52:00,2025-07-12 23:52:00
508800,2023-06-22 02:58:00,1446,P1122,S023,5,0.05,Credit Card,2023-06-22 05:16:00,2023-08-09 05:16:00
508801,2024-05-03 03:35:00,1111,P1023,S023,4,,Net Banking,2024-05-03 04:59:00,2024-06-04 04:59:00
508802,2025-09-15 11:31:00,1150,P1008,S020,8,0.0,Wallet,2025-09-15 11:37:00,2025-09-27 11:37:00
508803,2026-01-01 02:17:00,1158,P1059,S013,3,0.15,Wallet,2026-01-01 04:33:00,2026-01-24 04:33:00
508804,2024-06-30 16:54:00,1238,P1049,S004,8,0.2,Debit Card,2024-06-30 17:21:00,2024-08-04 17:21:00
508805,2023-10-04 18:30:00,1084,P1131,S009,7,0.2,Debit Card,2023-10-04 20:20:00,2023-10-22 20:20:00
508806,2023-09-12 18:09:00,1250,P1091,S022,7,0.2,Credit Card,2023-09-12 19:52:00,2023-09-16 19:52:00
508807,2025-07-11 22:45:00,1337,P1013,S021,1,0.05,Net Banking,2025-07-11 23:57:00,2025-07-21 23:57:00
508808,2023-09-02 12:07:00,1263,P1021,S004,2,0.0,Cash,2023-09-02 12:17:00,2023-09-10 12:17:00
508809,2023-03-10 09:01:00,1459,P1128,S018,8,0.05,Cash,2023-03-10 10:15:00,2023-04-24 10:15:00
508810,2024-09-04 16:03:00,1061,P1119,S024,1,0.05,UPI,2024-09-04 17:38:00,2024-09-12 17:38:00
508811,2025-10-20 07:36:00,1486,P1015,S021,2,0.15,Wallet,2025-10-20 09:39:00,2025-12-08 09:39:00
508812,2024-04-10 03:27:00,1162,P1132,S003,1,0.15,Cash,2024-04-10 04:00:00,2024-05-17 04:00:00
508813,2023-08-18 18:25:00,1254,P1112,S016,5,0.0,Wallet,2023-08-18 21:13:00,2023-10-15 21:13:00
508814,2025-04-04 12:53:00,1137,P1141,S011,5,0.1,Debit Card,2025-04-04 13:06:00,2025-04-29 13:06:00
508815,2023-10-06 09:21:00,1140,P1130,S017,7,0.1,Debit Card,2023-10-06 09:35:00,2023-12-02 09:35:00
508816,2024-03-30 16:27:00,1150,P1081,S004,3,0.15,Debit Card,2024-03-30 18:50:00,2024-05-16 18:50:00
508817,2023-12-30 15:57:00,1486,P1114,S008,2,0.1,Debit Card,2023-12-30 17:43:00,2024-01-25 17:43:00
508818,2023-12-19 10:53:00,1356,P1120,S018,4,0.05,UPI,2023-12-19 12:02:00,2023-12-24 12:02:00
508819,2023-06-11 04:24:00,1056,P1142,S014,6,0.0,Cash,2023-06-11 06:41:00,2023-08-10 06:41:00
508820,2024-03-15 09:20:00,1175,P1107,S024,8,0.15,UPI,2024-03-15 11:34:00,2024-04-27 11:34:00
508821,2023-01-03 09:23:00,1259,P1142,S006,7,0.05,Debit Card,2023-01-03 12:10:00,2023-01-27 12:10:00
508822,2023-12-28 09:11:00,1316,P1048,S017,8,0.0,UPI,2023-12-28 10:03:00,2024-01-20 10:03:00
508823,2024-11-10 04:22:00,1108,P1101,S006,8,0.05,Debit Card,2024-11-10 04:43:00,2024-12-30 04:43:00
508824,2025-12-29 12:07:00,1051,P1017,S021,5,0.0,Wallet,2025-12-29 14:16:00,2026-01-09 14:16:00
508825,2026-01-28 08:46:00,1133,P1040,S014,2,0.1,Wallet,2026-01-28 10:54:00,2026-02-26 10:54:00
508826,2024-09-30 14:07:00,1394,P1097,S005,8,0.1,Cash,2024-09-30 14:50:00,2024-10-04 14:50:00
508827,2024-01-28 07:57:00,1013,P1108,S004,2,0.2,Credit Card,2024-01-28 08:44:00,2024-01-30 08:44:00
508828,2025-06-09 17:39:00,1080,P1121,S025,5,0.2,UPI,2025-06-09 19:07:00,2025-08-07 19:07:00
508829,2023-12-12 22:12:00,1431,P1092,S006,4,0.1,Net Banking,2023-12-12 23:11:00,2024-01-21 23:11:00
508830,2024-06-03 21:23:00,1121,P1143,S007,5,0.15,UPI,2024-06-03 23:55:00,2024-06-30 23:55:00
508831,2025-07-11 09:37:00,1383,P1134,S004,6,0.1,Debit Card,2025-07-11 09:55:00,2025-08-05 09:55:00
508832,2025-06-11 03:12:00,1386,P1014,S022,5,,Wallet,2025-06-11 05:47:00,2025-07-08 05:47:00
508833,2024-10-24 03:54:00,1149,P1048,S009,3,0.1,Net Banking,2024-10-24 06:36:00,2024-10-24 06:36:00
508834,2024-06-16 12:23:00,1304,P1149,S007,4,0.05,Debit Card,2024-06-16 14:35:00,2024-08-15 14:35:00
508835,2025-09-03 02:28:00,1401,P1093,S007,5,0.2,Net Banking,2025-09-03 04:18:00,2025-10-08 04:18:00
508836,2024-07-07 00:33:00,1232,P1119,S005,8,0.2,Cash,2024-07-07 01:42:00,2024-08-23 01:42:00
508837,2023-11-12 16:01:00,1072,P1128,S015,2,0.1,UPI,2023-11-12 18:39:00,2024-01-06 18:39:00
508838,2023-02-19 21:18:00,1132,P1014,S017,8,0.2,Net Banking,2023-02-19 22:54:00,2023-04-19 22:54:00
508839,2023-07-25 15:15:00,1261,P1135,S011,8,0.1,credit card,2023-07-25 17:05:00,2023-08-01 17:05:00
508840,2024-07-08 11:10:00,1150,P1043,S021,1,0.0,UPI,2024-07-08 11:39:00,2024-08-01 11:39:00
508841,2025-11-25 01:33:00,1352,P1084,S009,6,0.05,UPI,2025-11-25 02:16:00,2026-01-13 02:16:00
508842,2023-06-17 20:08:00,1356,P1094,S019,5,0.15,Credit Card,2023-06-17 20:36:00,2023-08-07 20:36:00
508843,2024-01-21 07:35:00,1471,P1122,S019,5,0.05,Cash,2024-01-21 08:02:00,2024-03-09 08:02:00
508844,2025-05-10 18:58:00,1240,P1120,S001,7,0.2,Wallet,2025-05-10 19:09:00,2025-05-16 19:09:00
508845,2023-04-17 22:51:00,1118,P1051,S015,1,0.0,Net Banking,2023-04-18 00:15:00,2023-06-16 00:15:00
508846,2024-04-28 12:14:00,1378,P1134,S023,7,0.1,UPI,2024-04-28 14:48:00,2024-06-16 14:48:00
508847,2024-06-15 20:57:00,1129,P1111,S006,7,0.2,UPI,2024-06-15 21:52:00,2024-07-11 21:52:00
508848,2024-12-07 09:45:00,1039,P1011,S019,3,0.15,Cash,2024-12-07 11:12:00,2024-12-18 11:12:00
508849,2023-09-12 05:20:00,1429,P1071,S001,5,0.15,Cash,2023-09-12 07:37:00,2023-11-01 07:37:00
508850,2023-04-30 16:42:00,1378,P1007,S015,4,0.1,Debit Card,2023-04-30 17:45:00,2023-06-20 17:45:00
508851,2025-05-10 01:00:00,1236,P1066,S002,8,0.15,Net Banking,2025-05-10 03:04:00,2025-06-16 03:04:00
508852,2024-12-18 12:17:00,1388,P1039,S011,6,0.2,Credit Card,2024-12-18 13:23:00,2025-02-09 13:23:00
508853,2024-05-20 08:34:00,1291,P1082,S010,7,0.2,UPI,2024-05-20 10:42:00,2024-06-13 10:42:00
508854,2023-01-11 04:11:00,1314,P1114,S014,5,0.15,Debit Card,2023-01-11 04:14:00,2023-02-22 04:14:00
508855,2024-02-17 02:45:00,1341,P1096,S023,6,0.2,Cash,2024-02-17 04:52:00,2024-04-14 04:52:00
508856,2023-09-30 21:42:00,1136,P1033,S007,4,0.1,WALLET,2023-10-01 00:23:00,2023-10-31 00:23:00
508857,2023-09-08 04:34:00,1148,P1061,S021,8,0.0,Credit Card,2023-09-08 07:30:00,2023-09-23 07:30:00
508858,2025-08-02 10:11:00,1314,P1107,S017,6,0.15,Debit Card,2025-08-02 11:51:00,2025-09-26 11:51:00
508859,2024-04-12 19:04:00,1312,P1027,S007,5,0.15,Net Banking,2024-04-12 20:41:00,2024-05-23 20:41:00
508860,2024-04-17 07:08:00,1204,P1023,S013,4,0.2,Net Banking,2024-04-17 09:11:00,2024-05-12 09:11:00
508861,2024-07-29 16:06:00,1078,P1039,S011,2,0.05,Debit Card,2024-07-29 16:36:00,2024-08-27 16:36:00
508862,2025-09-11 09:33:00,1179,P1054,S006,5,0.15,Wallet,2025-09-11 10:03:00,2025-11-05 10:03:00
508863,2023-04-17 20:24:00,1264,P1028,S021,1,0.2,Debit Card,2023-04-17 21:22:00,2023-05-25 21:22:00
508864,2024-12-19 08:11:00,1201,P1001,S020,4,0.2,WALLET,2024-12-19 08:19:00,2025-02-06 08:19:00
508865,2025-03-19 01:03:00,1281,P1147,S024,5,0.2,Credit Card,2025-03-19 04:03:00,2025-04-19 04:03:00
508866,2024-11-24 00:25:00,1250,P1117,S006,4,0.2,Credit Card,2024-11-24 00:50:00,2025-01-19 00:50:00
508867,2023-03-06 14:22:00,1123,P1077,S018,7,,Cash,2023-03-06 14:40:00,2023-03-13 14:40:00
508868,2025-05-07 22:35:00,1125,P1048,S002,3,,Debit Card,2025-05-07 23:03:00,2025-05-07 23:03:00
508869,2023-01-07 03:31:00,1083,P1144,S003,6,0.2,Wallet,2023-01-07 04:27:00,2023-02-19 04:27:00
508870,2024-10-21 22:19:00,1034,P1037,S009,7,0.15,Debit Card,2024-10-21 23:12:00,2024-12-20 23:12:00
508871,2023-01-20 22:00:00,1004,P1077,S008,8,0.2,UPI,2023-01-21 00:38:00,2023-02-08 00:38:00
508872,2024-08-06 02:07:00,1271,P1120,S023,4,0.15,UPI,2024-08-06 04:36:00,2024-08-29 04:36:00
508873,2025-04-24 22:55:00,1021,P1096,S003,4,0.0,UPI,2025-04-24 23:54:00,2025-05-10 23:54:00
508874,2024-12-16 14:11:00,1192,P1053,S006,8,0.2,UPI,2024-12-16 15:10:00,2025-01-21 15:10:00
508875,2025-11-05 05:14:00,1064,P1105,S016,2,0.15,Credit Card,2025-11-05 06:10:00,2025-12-27 06:10:00
508876,2025-04-30 23:57:00,1034,P1120,S025,6,0.1,Net Banking,2025-05-01 02:55:00,2025-06-05 02:55:00
508877,2023-07-11 09:18:00,1367,P1064,S008,6,0.05,Wallet,2023-07-11 09:51:00,2023-08-21 09:51:00
508878,2023-07-21 10:25:00,1112,P1044,S010,8,0.1,Cash,2023-07-21 10:37:00,2023-07-30 10:37:00
508879,2025-12-15 15:36:00,1253,P1022,S018,6,0.1,Wallet,2025-12-15 16:09:00,2026-02-13 16:09:00
508880,2023-05-27 07:29:00,1360,P1090,S023,8,0.2,Cash,2023-05-27 07:42:00,2023-06-09 07:42:00
508881,2026-01-15 23:58:00,1254,P1130,S021,5,0.0,Cash,2026-01-16 00:02:00,2026-02-20 00:02:00
508882,2025-11-14 13:57:00,1333,P1058,S020,4,0.15,Net Banking,2025-11-14 15:57:00,2025-12-23 15:57:00
508883,2024-03-26 18:19:00,1340,P1085,S016,3,0.0,Credit Card,2024-03-26 20:51:00,2024-05-02 20:51:00
508884,2023-04-16 06:57:00,1063,P1016,S010,2,0.0,DEBIT CARD,2023-04-16 08:18:00,2023-04-26 08:18:00
508885,2025-05-04 16:40:00,1453,P1137,S019,4,0.05,UPI,2025-05-04 17:02:00,2025-05-19 17:02:00
508886,2024-03-09 16:27:00,1488,P1074,S019,3,0.05,Debit Card,2024-03-09 17:17:00,2024-04-21 17:17:00
508887,2023-10-03 23:17:00,1250,P1029,S002,5,0.0,Cash,2023-10-04 01:52:00,2023-10-16 01:52:00
508888,2025-03-25 05:51:00,1171,P1027,S001,4,0.0,UPI,2025-03-25 08:13:00,2025-05-22 08:13:00
508889,2025-04-23 08:53:00,1137,P1007,S008,8,0.15,Credit Card,2025-04-23 09:03:00,2025-06-09 09:03:00
508890,2023-08-25 03:33:00,1224,P1010,S009,4,0.2,Net Banking,2023-08-25 05:55:00,2023-08-26 05:55:00
508891,2023-06-13 03:19:00,1076,P1018,S020,2,0.05,UPI,2023-06-13 06:04:00,2023-07-15 06:04:00
508892,2025-02-08 04:52:00,1148,P1017,S017,6,0.0,UPI,2025-02-08 05:56:00,2025-04-08 05:56:00
508893,2025-05-03 13:46:00,1041,P1088,S001,6,0.15,wallet,2025-05-03 15:00:00,2025-06-14 15:00:00
508894,2024-11-07 12:33:00,1332,P1059,S009,4,0.0,Debit Card,2024-11-07 12:55:00,2024-11-11 12:55:00
508895,2024-04-01 05:38:00,1049,P1067,S019,4,0.2,Credit Card,2024-04-01 06:34:00,2024-05-24 06:34:00
508896,2025-11-25 20:09:00,1188,P1103,S008,5,0.15,Credit Card,2025-11-25 20:49:00,2025-12-08 20:49:00
508897,2025-05-28 05:46:00,1228,P1027,S020,4,0.2,UPI,2025-05-28 06:55:00,2025-07-20 06:55:00
508898,2025-05-11 10:57:00,1346,P1114,S024,4,0.0,Net Banking,2025-05-11 11:39:00,2025-06-08 11:39:00
508899,2025-08-31 22:08:00,1450,P1003,S008,7,0.1,Net Banking,2025-09-01 01:00:00,2025-09-17 01:00:00
508900,2023-03-24 00:56:00,1341,P1091,S022,5,0.0,Cash,2023-03-24 03:52:00,2023-04-03 03:52:00
508901,2024-07-05 23:40:00,1343,P1117,S014,6,0.0,Cash,2024-07-06 02:31:00,2024-07-30 02:31:00
508902,2023-10-26 15:47:00,1363,P1081,S025,4,0.05,Net Banking,2023-10-26 17:54:00,2023-12-23 17:54:00
508903,2023-08-20 04:13:00,1167,P1086,S014,5,0.1,UPI,2023-08-20 06:55:00,2023-09-13 06:55:00
508904,2024-06-17 18:12:00,1038,P1095,S020,1,0.05,Net Banking,2024-06-17 18:13:00,2024-06-18 18:13:00
508905,2024-01-09 08:00:00,1300,P1043,S005,4,0.1,Credit Card,2024-01-09 09:00:00,2024-01-12 09:00:00
508906,2025-03-01 08:19:00,1218,P1052,S001,1,0.15,Cash,2025-03-01 09:53:00,2025-03-25 09:53:00
508907,2026-03-15 10:35:00,1384,P1074,S025,5,0.0,Cash,2026-03-15 10:48:00,2026-05-13 10:48:00
508908,2025-04-12 09:19:00,1189,P1018,S011,8,0.0,Cash,2025-04-12 11:03:00,2025-06-05 11:03:00
508909,2026-03-28 04:44:00,1007,P1036,S017,4,0.1,Net Banking,2026-03-28 05:43:00,2026-03-31 05:43:00
508910,2023-09-17 17:17:00,1168,P1011,S016,5,,Net Banking,2023-09-17 18:32:00,2023-10-08 18:32:00
508911,2025-11-20 04:55:00,1101,P1125,S019,5,0.1,UPI,2025-11-20 07:14:00,2025-11-21 07:14:00
508912,2023-04-18 00:04:00,1169,P1111,S017,8,0.15,Net Banking,2023-04-18 00:04:00,2023-06-13 00:04:00
508913,2023-04-14 07:46:00,1132,P1097,S010,5,0.05,Wallet,2023-04-14 09:36:00,2023-06-06 09:36:00
508914,2023-11-10 03:52:00,1209,P1134,S020,3,0.2,Cash,2023-11-10 05:35:00,2023-12-17 05:35:00
508915,2026-02-28 15:37:00,1298,P1060,S010,6,0.2,Cash,2026-02-28 17:33:00,2026-04-21 17:33:00
508916,2024-01-20 11:30:00,1413,P1052,S024,2,0.1,Credit Card,2024-01-20 12:02:00,2024-01-28 12:02:00
508917,2025-04-04 01:23:00,1304,P1074,S018,2,0.1,Cash,2025-04-04 04:19:00,2025-05-03 04:19:00
508918,2024-10-15 16:07:00,1040,P1095,S010,5,0.15,Debit Card,2024-10-15 16:13:00,2024-10-17 16:13:00
508919,2023-05-11 05:16:00,1121,P1123,S022,5,0.2,UPI,2023-05-11 06:51:00,2023-06-11 06:51:00
508920,2023-04-27 04:51:00,1350,P1058,S006,8,0.0,Cash,2023-04-27 04:52:00,2023-06-17 04:52:00
508921,2025-12-05 18:54:00,1035,P1123,S017,4,0.05,Wallet,2025-12-05 20:32:00,2026-01-19 20:32:00
508922,2023-09-30 11:42:00,1361,P1027,S012,6,0.15,Credit Card,2023-09-30 11:56:00,2023-11-07 11:56:00
508923,2023-11-22 05:09:00,1360,P1035,S013,1,0.0,Cash,2023-11-22 05:56:00,2023-12-07 05:56:00
508924,2025-01-05 09:09:00,1491,P1136,S017,4,0.05,UPI,2025-01-05 10:49:00,2025-02-13 10:49:00
508925,2026-03-22 20:05:00,1077,P1054,S010,4,0.2,Wallet,2026-03-22 20:39:00,2026-04-08 20:39:00
508926,2023-03-19 23:26:00,1265,P1070,S025,6,0.15,Wallet,2023-03-19 23:46:00,2023-05-03 23:46:00
508927,2025-09-17 04:28:00,1246,P1051,S001,3,0.05,wallet,2025-09-17 06:38:00,2025-10-09 06:38:00
508928,2024-08-18 17:18:00,1227,P1021,S009,7,0.15,Credit Card,2024-08-18 19:20:00,2024-10-01 19:20:00
508929,2024-02-26 20:37:00,1079,P1032,S008,8,0.0,UPI,2024-02-26 20:49:00,2024-04-05 20:49:00
508930,2025-12-05 06:52:00,1135,P1003,S007,2,0.15,Net Banking,2025-12-05 07:32:00,2026-01-05 07:32:00
508931,2024-08-14 20:55:00,1138,P1062,S009,2,0.2,Net Banking,2024-08-14 22:57:00,2024-10-04 22:57:00
508932,2023-08-14 11:55:00,1334,P1110,S022,6,0.0,Debit Card,2023-08-14 14:36:00,2023-09-11 14:36:00
508933,2023-05-05 04:06:00,1485,P1067,S011,3,0.0,Net Banking,2023-05-05 06:16:00,2023-05-30 06:16:00
508934,2024-09-12 03:23:00,1210,P1063,S017,7,0.0,Net Banking,2024-09-12 03:44:00,2024-10-12 03:44:00
508935,2023-02-25 17:22:00,1005,P1058,S002,4,0.05,Debit Card,2023-02-25 18:39:00,2023-04-24 18:39:00
508936,2024-03-30 11:20:00,1310,P1093,S007,8,0.05,UPI,2024-03-30 12:44:00,2024-05-06 12:44:00
508937,2024-10-26 13:01:00,1214,P1076,S005,1,0.2,Credit Card,2024-10-26 13:01:00,2024-12-05 13:01:00
508938,2023-10-19 11:36:00,1127,P1107,S015,1,0.15,UPI,2023-10-19 13:41:00,2023-12-09 13:41:00
508939,2023-03-29 12:45:00,1052,P1022,S023,4,0.0,Credit Card,2023-03-29 12:50:00,2023-05-27 12:50:00
508940,2023-10-06 05:13:00,1128,P1091,S023,5,0.05,Credit Card,2023-10-06 08:03:00,2023-10-16 08:03:00
508941,2025-10-08 23:58:00,1107,P1111,S023,6,0.15,UPI,2025-10-09 01:04:00,2025-10-29 01:04:00
508942,2023-10-09 12:30:00,1452,P1026,S006,2,0.15,Credit Card,2023-10-09 15:30:00,2023-10-28 15:30:00
508943,2025-11-06 05:16:00,1465,P1098,S006,3,0.05,Net Banking,2025-11-06 06:36:00,2025-12-13 06:36:00
508944,2025-09-25 04:17:00,1276,P1068,S007,7,0.0,Net Banking,2025-09-25 07:13:00,2025-11-24 07:13:00
508945,2025-02-17 22:03:00,1098,P1149,S003,1,0.1,UPI,2025-02-18 00:00:00,2025-03-27 00:00:00
508946,2024-12-24 20:01:00,1322,P1016,S017,2,0.15,Debit Card,2024-12-24 21:58:00,2024-12-28 21:58:00
508947,2024-02-14 22:55:00,1362,P1137,S012,2,0.1,Wallet,2024-02-15 00:22:00,2024-03-22 00:22:00
508948,2024-02-16 20:54:00,1366,P1044,S018,4,0.1,Credit Card,2024-02-16 21:33:00,2024-02-19 21:33:00
508949,2024-07-11 04:41:00,1310,P1085,S001,2,0.1,Credit Card,2024-07-11 05:51:00,2024-08-20 05:51:00
508950,2025-12-26 00:03:00,1429,P1135,S014,2,0.1,Cash,2025-12-26 01:49:00,2026-01-11 01:49:00
508951,2025-07-24 18:37:00,1438,P1048,S009,7,0.2,Wallet,2025-07-24 19:31:00,2025-09-19 19:31:00
508952,2025-03-30 22:17:00,1088,P1134,S019,7,0.05,Net Banking,2025-03-31 00:51:00,2025-05-25 00:51:00
508953,2026-02-26 18:26:00,1053,P1048,S023,7,0.15,Net Banking,2026-02-26 20:36:00,2026-02-26 20:36:00
508954,2024-01-30 01:02:00,1229,P1104,S009,3,0.1,Net Banking,2024-01-30 02:23:00,2024-02-18 02:23:00
508955,2024-07-11 09:09:00,1431,P1139,S003,4,0.05,Debit Card,2024-07-11 11:32:00,2024-07-22 11:32:00
508956,2025-01-14 02:52:00,1203,P1017,S016,3,0.15,Credit Card,2025-01-14 03:32:00,2025-02-07 03:32:00
508957,2025-07-28 05:07:00,1316,P1006,S018,7,0.15,UPI,2025-07-28 06:08:00,2025-08-24 06:08:00
508958,2023-12-11 04:37:00,1038,P1106,S012,1,0.0,Wallet,2023-12-11 06:19:00,2023-12-25 06:19:00
508959,2024-01-05 08:53:00,1341,P1003,S024,4,0.1,UPI,2024-01-05 09:08:00,2024-01-23 09:08:00
508960,2025-09-10 13:00:00,1316,P1125,S004,4,0.15,cash,2025-09-10 15:50:00,2025-10-23 15:50:00
508961,2025-09-10 19:13:00,1153,P1006,S009,8,0.0,Debit Card,2025-09-10 21:26:00,2025-10-04 21:26:00
508962,2023-11-07 01:42:00,1436,P1109,S013,5,0.15,Wallet,2023-11-07 04:01:00,2024-01-06 04:01:00
508963,2025-12-23 13:12:00,1304,P1069,S008,1,0.0,Credit Card,2025-12-23 14:45:00,2026-02-05 14:45:00
508964,2023-09-23 12:38:00,1167,P1063,S022,6,0.1,Credit Card,2023-09-23 13:55:00,2023-09-30 13:55:00
508965,2023-09-07 16:30:00,1491,P1089,S025,1,0.2,Net Banking,2023-09-07 16:33:00,2023-10-18 16:33:00
508966,2023-11-29 04:04:00,1072,P1096,S020,4,0.05,Credit Card,2023-11-29 05:48:00,2024-01-23 05:48:00
508967,2024-07-16 00:45:00,1487,P1076,S021,1,0.15,Debit Card,2024-07-16 02:58:00,2024-09-07 02:58:00
508968,2026-03-21 06:33:00,1455,P1021,S014,3,0.05,Credit Card,2026-03-21 07:35:00,2026-04-06 07:35:00
508969,2024-10-18 20:48:00,1256,P1071,S010,1,0.05,Net Banking,2024-10-18 21:22:00,2024-11-19 21:22:00
508970,2023-08-19 06:13:00,1246,P1109,S001,4,0.2,Credit Card,2023-08-19 06:47:00,2023-08-28 06:47:00
508971,2023-09-10 18:06:00,1168,P1129,S025,1,0.15,Debit Card,2023-09-10 19:51:00,2023-10-31 19:51:00
508972,2024-03-12 20:32:00,1170,P1017,S005,7,0.15,Wallet,2024-03-12 22:07:00,2024-05-01 22:07:00
508973,2024-04-28 03:33:00,1166,P1131,S008,1,0.2,Cash,2024-04-28 06:27:00,2024-04-29 06:27:00
508974,2025-03-11 18:01:00,1481,P1097,S007,6,0.0,Cash,2025-03-11 20:49:00,2025-03-29 20:49:00
508975,2025-08-28 07:47:00,1422,P1138,S011,4,0.15,Cash,2025-08-28 08:14:00,2025-10-02 08:14:00
508976,2025-01-10 07:13:00,1343,P1066,S021,1,0.2,Debit Card,2025-01-10 08:42:00,2025-02-17 08:42:00
508977,2024-05-14 06:58:00,1137,P1064,S007,6,0.0,Cash,2024-05-14 07:41:00,2024-06-24 07:41:00
508978,2026-03-25 16:49:00,1156,P1063,S007,1,0.05,Debit Card,2026-03-25 18:03:00,2026-05-19 18:03:00
508979,2024-06-28 15:47:00,1468,P1046,S016,1,0.15,Cash,2024-06-28 16:09:00,2024-08-09 16:09:00
508980,2024-05-29 09:35:00,1496,P1105,S016,7,0.2,Net Banking,2024-05-29 11:08:00,2024-07-09 11:08:00
508981,2023-12-16 12:47:00,1367,P1081,S004,3,0.15,UPI,2023-12-16 14:55:00,2024-01-07 14:55:00
508982,2023-07-15 03:33:00,1029,P1102,S008,8,0.0,Wallet,2023-07-15 04:25:00,2023-08-10 04:25:00
508983,2024-10-18 10:19:00,1364,P1087,S004,6,0.1,Wallet,2024-10-18 11:50:00,2024-11-13 11:50:00
508984,2023-07-02 08:11:00,1495,P1138,S014,2,0.1,Debit Card,2023-07-02 09:07:00,2023-08-15 09:07:00
508985,2023-02-13 19:19:00,1327,P1143,S006,3,0.1,Net Banking,2023-02-13 19:50:00,2023-02-27 19:50:00
508986,2023-05-12 08:45:00,1326,P1003,S004,2,0.2,UPI,2023-05-12 08:53:00,2023-05-17 08:53:00
508987,2024-12-06 01:42:00,1158,P1044,S022,2,0.15,Debit Card,2024-12-06 02:59:00,2025-01-21 02:59:00
508988,2024-10-11 16:44:00,1383,P1136,S004,1,0.15,Wallet,2024-10-11 16:52:00,2024-11-21 16:52:00
508989,2024-04-08 10:22:00,1252,P1037,S013,4,0.1,Wallet,2024-04-08 10:47:00,2024-05-15 10:47:00
508990,2024-07-12 11:20:00,1430,P1142,S006,5,0.15,Cash,2024-07-12 13:06:00,2024-08-04 13:06:00
508991,2026-02-15 04:44:00,1274,P1065,S012,8,0.05,Credit Card,2026-02-15 06:04:00,2026-04-15 06:04:00
508992,2023-04-09 11:02:00,1044,P1099,S001,1,0.05,Cash,2023-04-09 11:32:00,2023-05-22 11:32:00
508993,2025-11-27 09:43:00,1244,P1118,S016,7,0.0,Net Banking,2025-11-27 12:12:00,2025-12-24 12:12:00
508994,2023-12-29 01:08:00,1239,P1103,S008,8,0.15,Debit Card,2023-12-29 03:36:00,2024-02-19 03:36:00
508995,2024-12-12 11:42:00,1439,P1077,S024,4,0.0,Wallet,2024-12-12 13:35:00,2025-01-20 13:35:00
508996,2024-01-23 12:24:00,1048,P1024,S013,3,0.1,Credit Card,2024-01-23 14:17:00,2024-03-19 14:17:00
508997,2024-11-17 05:08:00,1117,P1144,S013,3,0.2,Wallet,2024-11-17 07:43:00,2025-01-08 07:43:00
508998,2023-06-16 17:30:00,1103,P1120,S011,4,0.15,Wallet,2023-06-16 20:13:00,2023-07-23 20:13:00
508999,2023-09-26 15:22:00,1040,P1084,S017,7,0.05,UPI,2023-09-26 15:47:00,2023-10-09 15:47:00
509000,2025-08-24 02:13:00,1468,P1065,S016,8,0.2,Debit Card,2025-08-24 04:27:00,2025-09-29 04:27:00
509001,2024-09-05 20:40:00,1300,P1067,S012,4,0.2,Credit Card,2024-09-05 20:53:00,2024-10-03 20:53:00
509002,2024-07-14 02:06:00,1112,P1105,S010,7,0.05,Wallet,2024-07-14 02:53:00,2024-09-12 02:53:00
509003,2026-01-17 10:03:00,1205,P1117,S023,3,0.0,Cash,2026-01-17 11:39:00,2026-02-22 11:39:00
509004,2024-06-28 14:19:00,1175,P1095,S023,1,0.05,Cash,2024-06-28 14:20:00,2024-08-12 14:20:00
509005,2024-10-08 00:07:00,1166,P1094,S016,1,0.1,Cash,2024-10-08 01:51:00,2024-10-08 01:51:00
509006,2025-11-07 14:42:00,1462,P1034,S008,8,0.05,Net Banking,2025-11-07 14:58:00,2026-01-04 14:58:00
509007,2025-08-18 22:15:00,1206,P1133,S012,7,0.1,Credit Card,2025-08-18 23:47:00,2025-09-18 23:47:00
509008,2025-04-26 11:13:00,1297,P1016,S020,6,0.1,Cash,2025-04-26 13:51:00,2025-06-19 13:51:00
509009,2023-06-17 15:44:00,1130,P1025,S014,7,0.15,Debit Card,2023-06-17 17:36:00,2023-08-07 17:36:00
509010,2024-07-22 16:36:00,1061,P1087,S004,7,0.0,UPI,2024-07-22 19:14:00,2024-08-16 19:14:00
509011,2026-02-13 00:16:00,1105,P1094,S024,4,0.1,Wallet,2026-02-13 01:28:00,2026-04-14 01:28:00
509012,2023-08-06 00:03:00,1430,P1121,S002,8,0.15,UPI,2023-08-06 01:49:00,2023-09-17 01:49:00
509013,2024-05-19 22:43:00,1489,P1094,S008,1,0.0,Wallet,2024-05-19 23:50:00,2024-07-06 23:50:00
509014,2025-07-27 20:12:00,1185,P1040,S016,5,0.05,Wallet,2025-07-27 21:23:00,2025-08-01 21:23:00
509015,2023-06-24 04:34:00,1103,P1016,S020,5,0.05,Net Banking,2023-06-24 05:05:00,2023-07-09 05:05:00
509016,2023-04-23 03:48:00,1029,P1139,S016,6,0.05,Cash,2023-04-23 06:08:00,2023-06-17 06:08:00
509017,2024-08-31 03:56:00,1214,P1005,S001,3,0.15,Wallet,2024-08-31 04:40:00,2024-10-16 04:40:00
509018,2025-06-18 08:21:00,1263,P1099,S003,5,0.05,UPI,2025-06-18 11:16:00,2025-08-05 11:16:00
509019,2025-02-23 04:55:00,1274,P1117,S017,3,0.0,Credit Card,2025-02-23 06:10:00,2025-03-29 06:10:00
509020,2026-02-23 04:22:00,1385,P1110,S012,6,0.05,Credit Card,2026-02-23 05:11:00,2026-04-13 05:11:00
509021,2023-02-14 10:12:00,1434,P1135,S002,4,0.0,Credit Card,2023-02-14 12:29:00,2023-03-04 12:29:00
509022,2024-12-23 03:22:00,1060,P1101,S003,6,0.1,Cash,2024-12-23 05:21:00,2025-02-10 05:21:00
509023,2025-07-25 04:12:00,1390,P1074,S010,2,0.2,Debit Card,2025-07-25 06:44:00,2025-07-25 06:44:00
509024,2023-03-18 14:04:00,1258,P1052,S021,6,0.0,Debit Card,2023-03-18 14:23:00,2023-03-31 14:23:00
509025,2025-06-12 07:23:00,1205,P1095,S018,5,0.2,Wallet,2025-06-12 08:37:00,2025-07-11 08:37:00
509026,2026-02-09 10:56:00,1363,P1118,S014,3,0.0,Cash,2026-02-09 12:12:00,2026-03-30 12:12:00
509027,2026-03-07 07:45:00,1146,P1131,S013,8,0.05,Cash,2026-03-07 10:30:00,2026-05-04 10:30:00
509028,2023-02-04 21:11:00,1306,P1123,S013,2,0.15,Debit Card,2023-02-04 21:38:00,2023-03-21 21:38:00
509029,2024-02-15 04:50:00,1369,P1022,S016,3,0.05,Debit Card,2024-02-15 06:37:00,2024-03-05 06:37:00
509030,2025-01-12 03:18:00,1415,P1131,S011,1,0.0,Net Banking,2025-01-12 04:47:00,2025-02-16 04:47:00
509031,2024-01-07 18:37:00,1314,P1024,S001,2,0.0,credit card,2024-01-07 21:02:00,2024-01-07 21:02:00
509032,2025-02-14 07:55:00,1021,P1004,S022,2,0.2,Net Banking,2025-02-14 10:24:00,2025-03-29 10:24:00
509033,2023-03-03 14:46:00,1487,P1070,S018,4,0.1,UPI,2023-03-03 15:45:00,2023-04-08 15:45:00
509034,2024-03-11 19:02:00,1001,P1116,S022,8,0.0,Net Banking,2024-03-11 20:50:00,2024-04-23 20:50:00
509035,2025-08-03 05:51:00,1025,P1049,S009,6,0.0,Wallet,2025-08-03 08:23:00,2025-09-03 08:23:00
509036,2025-02-01 17:53:00,1378,P1044,S022,1,0.05,Debit Card,2025-02-01 20:34:00,2025-03-05 20:34:00
509037,2024-05-31 12:42:00,1322,P1054,S020,8,0.1,Credit Card,2024-05-31 15:12:00,2024-06-18 15:12:00
509038,2023-11-01 10:31:00,1373,P1131,S008,1,0.1,Wallet,2023-11-01 12:36:00,2023-12-08 12:36:00
509039,2023-09-26 03:17:00,1261,P1042,S007,4,0.05,UPI,2023-09-26 04:39:00,2023-10-09 04:39:00
509040,2024-03-18 22:56:00,1433,P1056,S018,7,0.2,Credit Card,2024-03-18 23:05:00,2024-03-22 23:05:00
509041,2023-10-07 12:29:00,1176,P1108,S004,2,0.2,Debit Card,2023-10-07 13:13:00,2023-10-22 13:13:00
509042,2024-01-29 13:06:00,1417,P1084,S013,3,0.2,Cash,2024-01-29 14:18:00,2024-02-29 14:18:00
509043,2026-02-16 17:09:00,1174,P1054,S003,5,0.1,Debit Card,2026-02-16 18:12:00,2026-03-10 18:12:00
509044,2025-03-10 19:02:00,1270,P1052,S011,7,0.05,Debit Card,2025-03-10 20:18:00,2025-04-11 20:18:00
509045,2025-09-27 03:52:00,1330,P1135,S002,2,0.15,Cash,2025-09-27 05:42:00,2025-11-01 05:42:00
509046,2023-06-26 01:34:00,1201,P1094,S009,1,0.15,Debit Card,2023-06-26 03:24:00,2023-08-03 03:24:00
509047,2023-02-24 01:09:00,1207,P1078,S025,2,0.1,UPI,2023-02-24 01:59:00,2023-03-19 01:59:00
509048,2025-08-23 14:07:00,1074,P1021,S023,1,0.1,Debit Card,2025-08-23 15:11:00,2025-10-16 15:11:00
509049,2024-05-16 10:47:00,1227,P1026,S017,4,0.1,Net Banking,2024-05-16 11:08:00,2024-05-28 11:08:00
509050,2025-10-02 22:37:00,1404,P1040,S020,2,0.0,Wallet,2025-10-03 01:03:00,2025-10-12 01:03:00
509051,2026-01-24 01:28:00,1445,P1096,S022,6,0.2,Wallet,2026-01-24 03:22:00,2026-02-27 03:22:00
509052,2023-06-25 21:39:00,1302,P1039,S004,8,0.15,Net Banking,2023-06-25 22:23:00,2023-07-27 22:23:00
509053,2025-05-28 01:59:00,1446,P1061,S009,8,0.2,Cash,2025-05-28 02:57:00,2025-07-01 02:57:00
509054,2023-11-02 13:17:00,1043,P1102,S004,6,0.0,UPI,2023-11-02 15:05:00,2023-12-22 15:05:00
509055,2025-12-25 13:01:00,1122,P1084,S002,1,0.15,Net Banking,2025-12-25 14:27:00,2025-12-25 14:27:00
509056,2025-04-11 02:54:00,1492,P1066,S001,8,0.15,Cash,2025-04-11 03:18:00,2025-05-25 03:18:00
509057,2023-02-11 07:19:00,1011,P1009,S017,3,,Credit Card,2023-02-11 10:07:00,2023-03-12 10:07:00
509058,2025-09-16 09:43:00,1145,P1097,S005,3,0.1,UPI,2025-09-16 11:27:00,2025-11-05 11:27:00
509059,2025-07-05 08:29:00,1048,P1145,S018,4,0.2,Wallet,2025-07-05 10:20:00,2025-07-15 10:20:00
509060,2024-03-19 23:43:00,1118,P1004,S003,7,0.2,Debit Card,2024-03-20 01:04:00,2024-04-25 01:04:00
509061,2026-03-03 14:03:00,1303,P1033,S012,8,0.1,UPI,2026-03-03 15:56:00,2026-03-07 15:56:00
509062,2023-07-31 14:04:00,1439,P1007,S007,5,0.05,Net Banking,2023-07-31 15:08:00,2023-08-18 15:08:00
509063,2025-07-23 10:54:00,1227,P1052,S023,2,0.0,UPI,2025-07-23 13:35:00,2025-08-17 13:35:00
509064,2023-09-13 14:24:00,1473,P1047,S015,2,0.05,Cash,2023-09-13 16:02:00,2023-09-13 16:02:00
509065,2023-06-04 11:17:00,1318,P1132,S022,6,0.15,Net Banking,2023-06-04 11:26:00,2023-08-03 11:26:00
509066,2023-06-19 00:14:00,1104,P1077,S018,2,0.0,UPI,2023-06-19 02:45:00,2023-08-14 02:45:00
509067,2024-05-11 06:19:00,1108,P1147,S007,2,0.15,Debit Card,2024-05-11 09:02:00,2024-06-01 09:02:00
509068,2023-09-23 04:05:00,1499,P1150,S017,2,0.0,Debit Card,2023-09-23 05:55:00,2023-10-16 05:55:00
509069,2025-09-03 18:48:00,1102,P1100,S022,8,0.2,Wallet,2025-09-03 19:11:00,2025-11-02 19:11:00
509070,2024-11-30 07:52:00,1075,P1139,S002,7,0.05,Net Banking,2024-11-30 09:45:00,2025-01-07 09:45:00
509071,2025-02-21 21:34:00,1268,P1020,S016,3,0.2,Cash,2025-02-21 22:08:00,2025-03-09 22:08:00
509072,2023-08-01 06:04:00,1168,P1132,S006,6,0.0,Net Banking,2023-08-01 06:27:00,2023-09-13 06:27:00
509073,2024-08-20 06:17:00,1048,P1031,S006,2,0.2,Wallet,2024-08-20 09:07:00,2024-08-31 09:07:00
509074,2024-01-10 17:33:00,1049,P1067,S012,5,0.15,UPI,2024-01-10 18:16:00,2024-02-16 18:16:00
509075,2024-10-17 09:58:00,1091,P1024,S005,6,0.2,Wallet,2024-10-17 11:01:00,2024-10-30 11:01:00
509076,2025-01-04 20:51:00,1073,P1071,S010,4,0.2,credit card,2025-01-04 22:06:00,2025-01-16 22:06:00
509077,2023-12-23 01:29:00,1329,P1029,S001,6,,Net Banking,2023-12-23 03:40:00,2024-02-02 03:40:00
509078,2026-02-15 22:42:00,1139,P1014,S024,2,0.15,Wallet,2026-02-16 01:14:00,2026-04-02 01:14:00
509079,2025-08-02 05:15:00,1300,P1063,S012,2,0.0,Cash,2025-08-02 06:09:00,2025-08-27 06:09:00
509080,2024-03-20 16:23:00,1415,P1056,S010,4,0.1,Cash,2024-03-20 16:39:00,2024-04-09 16:39:00
509081,2025-09-04 18:18:00,1148,P1002,S020,5,0.15,UPI,2025-09-04 18:36:00,2025-09-26 18:36:00
509082,2025-06-29 08:23:00,1101,P1126,S018,1,0.0,Net Banking,2025-06-29 09:44:00,2025-07-25 09:44:00
509083,2025-09-19 03:45:00,1117,P1003,S001,7,0.05,Debit Card,2025-09-19 05:08:00,2025-09-24 05:08:00
509084,2023-03-14 18:26:00,1450,P1147,S006,7,0.05,Wallet,2023-03-14 18:50:00,2023-03-25 18:50:00
509085,2024-04-11 12:07:00,1057,P1094,S015,8,0.15,Cash,2024-04-11 14:26:00,2024-05-30 14:26:00
509086,2024-08-11 04:12:00,1366,P1129,S011,1,0.15,Net Banking,2024-08-11 06:11:00,2024-09-13 06:11:00
509087,2023-03-02 20:40:00,1192,P1090,S006,4,0.0,Credit Card,2023-03-02 21:58:00,2023-03-31 21:58:00
509088,2024-03-02 22:44:00,1451,P1006,S004,3,0.05,Credit Card,2024-03-03 00:04:00,2024-04-12 00:04:00
509089,2026-03-11 00:52:00,1053,P1030,S023,3,0.1,Net Banking,2026-03-11 01:04:00,2026-04-30 01:04:00
509090,2024-04-27 08:06:00,1352,P1130,S005,3,0.0,Credit Card,2024-04-27 10:47:00,2024-05-19 10:47:00
509091,2023-06-21 11:04:00,1283,P1139,S001,6,0.0,cash,2023-06-21 11:30:00,2023-06-23 11:30:00
509092,2025-04-13 11:38:00,1116,P1088,S013,2,0.1,UPI,2025-04-13 14:38:00,2025-06-05 14:38:00
509093,2023-02-19 17:46:00,1346,P1090,S005,7,0.0,Cash,2023-02-19 18:11:00,2023-03-10 18:11:00
509094,2026-01-02 18:09:00,1379,P1079,S009,8,0.0,Cash,2026-01-02 18:31:00,2026-02-01 18:31:00
509095,2024-05-30 19:42:00,1072,P1076,S020,5,,Wallet,2024-05-30 21:07:00,2024-06-10 21:07:00
509096,2026-01-23 18:28:00,1118,P1146,S004,7,0.0,UPI,2026-01-23 20:10:00,2026-03-20 20:10:00
509097,2025-07-08 12:36:00,1355,P1108,S011,8,0.0,Wallet,2025-07-08 13:49:00,2025-07-13 13:49:00
509098,2023-05-30 11:08:00,1027,P1107,S008,6,0.1,UPI,2023-05-30 13:46:00,2023-06-21 13:46:00
509099,2025-06-06 14:33:00,1114,P1007,S009,5,0.1,Cash,2025-06-06 17:14:00,2025-06-27 17:14:00
509100,2025-08-10 11:41:00,1480,P1017,S018,7,0.05,Credit Card,2025-08-10 14:09:00,2025-09-11 14:09:00
509101,2024-09-07 23:13:00,1005,P1138,S021,6,0.0,UPI,2024-09-08 00:03:00,2024-09-28 00:03:00
509102,2023-09-18 14:16:00,1334,P1026,S013,3,0.15,Wallet,2023-09-18 16:27:00,2023-11-16 16:27:00
509103,2025-12-21 11:11:00,1219,P1106,S001,6,0.2,Net Banking,2025-12-21 11:17:00,2026-01-11 11:17:00
509104,2026-03-15 23:47:00,1450,P1017,S019,8,0.1,Cash,2026-03-16 00:36:00,2026-03-25 00:36:00
509105,2025-02-06 12:13:00,1076,P1096,S014,1,,Net Banking,2025-02-06 14:54:00,2025-03-11 14:54:00
509106,2025-06-27 20:25:00,1358,P1113,S023,7,0.2,UPI,2025-06-27 20:48:00,2025-08-17 20:48:00
509107,2024-03-29 16:36:00,1067,P1011,S018,8,0.1,UPI,2024-03-29 17:05:00,2024-03-30 17:05:00
509108,2023-12-25 17:37:00,1429,P1108,S011,1,0.0,Wallet,2023-12-25 20:06:00,2024-01-08 20:06:00
509109,2024-05-25 02:39:00,1162,P1117,S018,3,0.1,Net Banking,2024-05-25 02:44:00,2024-06-28 02:44:00
509110,2024-07-09 04:11:00,1473,P1097,S012,3,0.0,Cash,2024-07-09 04:15:00,2024-08-10 04:15:00
509111,2025-10-17 09:53:00,1025,P1047,S012,7,0.05,Cash,2025-10-17 12:06:00,2025-11-10 12:06:00
509112,2025-11-07 02:05:00,1323,P1100,S019,1,0.2,Cash,2025-11-07 05:01:00,2025-12-19 05:01:00
509113,2023-11-01 14:15:00,1257,P1095,S012,8,0.15,Net Banking,2023-11-01 14:59:00,2023-12-12 14:59:00
509114,2025-09-01 08:35:00,1439,P1001,S017,6,0.05,Credit Card,2025-09-01 09:40:00,2025-10-18 09:40:00
509115,2025-12-09 13:05:00,1065,P1113,S005,7,0.0,Cash,2025-12-09 15:38:00,2026-01-11 15:38:00
509116,2024-11-25 15:27:00,1394,P1112,S016,3,0.2,Credit Card,2024-11-25 17:37:00,2024-12-05 17:37:00
509117,2024-09-21 03:52:00,1320,P1119,S017,7,0.2,UPI,2024-09-21 06:50:00,2024-11-19 06:50:00
509118,2024-06-22 05:33:00,1262,P1042,S011,7,0.15,Wallet,2024-06-22 07:50:00,2024-07-23 07:50:00
509119,2023-11-13 22:18:00,1311,P1092,S010,2,0.1,Cash,2023-11-13 22:49:00,2024-01-09 22:49:00
509120,2023-05-23 15:27:00,1292,P1098,S015,3,0.2,Net Banking,2023-05-23 16:10:00,2023-06-17 16:10:00
509121,2023-10-08 11:31:00,1392,P1090,S011,6,0.0,Debit Card,2023-10-08 13:20:00,2023-11-27 13:20:00
509122,2025-06-01 11:38:00,1118,P1017,S009,4,0.0,Net Banking,2025-06-01 14:08:00,2025-07-03 14:08:00
509123,2024-12-08 07:10:00,1296,P1061,S004,6,0.05,UPI,2024-12-08 07:36:00,2025-01-11 07:36:00
509124,2024-10-31 21:32:00,1408,P1095,S009,4,0.05,Wallet,2024-10-31 23:09:00,2024-12-19 23:09:00
509125,2025-10-27 17:02:00,1056,P1027,S016,5,0.05,Debit Card,2025-10-27 18:50:00,2025-11-27 18:50:00
509126,2023-06-18 16:54:00,1320,P1120,S024,6,0.15,Cash,2023-06-18 19:42:00,2023-07-15 19:42:00
509127,2025-08-29 03:53:00,1187,P1033,S010,1,0.2,Cash,2025-08-29 05:48:00,2025-10-09 05:48:00
509128,2024-12-19 16:24:00,1127,P1145,S008,5,0.15,Debit Card,2024-12-19 16:51:00,2025-02-07 16:51:00
509129,2025-01-15 01:03:00,1442,P1017,S018,6,0.0,UPI,2025-01-15 02:19:00,2025-02-03 02:19:00
509130,2025-05-28 01:12:00,1484,P1133,S010,4,0.15,Credit Card,2025-05-28 01:14:00,2025-06-28 01:14:00
509131,2024-07-20 16:25:00,1369,P1110,S011,8,0.2,Credit Card,2024-07-20 16:46:00,2024-08-09 16:46:00
509132,2024-08-21 00:57:00,1284,P1101,S020,4,0.2,Wallet,2024-08-21 03:37:00,2024-09-06 03:37:00
509133,2024-06-25 02:12:00,1227,P1134,S016,1,0.05,Wallet,2024-06-25 04:13:00,2024-06-26 04:13:00
509134,2024-01-25 01:48:00,1034,P1029,S017,3,0.15,Wallet,2024-01-25 02:10:00,2024-02-11 02:10:00
509135,2023-04-26 13:44:00,1199,P1136,S006,2,0.15,Net Banking,2023-04-26 13:55:00,2023-06-14 13:55:00
509136,2025-06-22 13:17:00,1256,P1006,S025,6,0.15,Debit Card,2025-06-22 16:01:00,2025-07-17 16:01:00
509137,2023-12-12 00:22:00,1032,P1137,S002,1,0.0,UPI,2023-12-12 00:30:00,2024-01-22 00:30:00
509138,2025-12-18 20:09:00,1003,P1103,S006,1,0.0,UPI,2025-12-18 21:56:00,2026-02-16 21:56:00
509139,2023-01-17 12:53:00,1246,P1002,S024,1,0.2,UPI,2023-01-17 15:10:00,2023-02-21 15:10:00
509140,2024-09-22 05:15:00,1210,P1106,S008,5,0.1,Cash,2024-09-22 05:53:00,2024-11-21 05:53:00
509141,2024-09-24 10:02:00,1136,P1009,S023,8,0.2,Wallet,2024-09-24 12:44:00,2024-11-03 12:44:00
509142,2024-08-24 04:41:00,1307,P1037,S005,1,0.05,UPI,2024-08-24 06:10:00,2024-10-17 06:10:00
509143,2024-04-11 19:41:00,1067,P1007,S016,7,0.1,Wallet,2024-04-11 21:04:00,2024-05-31 21:04:00
509144,2024-05-23 10:36:00,1188,P1108,S004,4,0.15,UPI,2024-05-23 11:31:00,2024-06-01 11:31:00
509145,2023-09-12 10:29:00,1160,P1022,S021,7,0.15,Credit Card,2023-09-12 12:31:00,2023-10-01 12:31:00
509146,2023-08-28 09:44:00,1289,P1132,S010,5,0.15,Wallet,2023-08-28 11:07:00,2023-10-13 11:07:00
509147,2023-06-12 13:40:00,1355,P1058,S014,2,0.15,Wallet,2023-06-12 16:25:00,2023-07-18 16:25:00
509148,2024-10-21 12:35:00,1432,P1103,S018,2,0.1,Wallet,2024-10-21 13:18:00,2024-12-03 13:18:00
509149,2023-08-28 11:21:00,1471,P1023,S021,5,0.1,cash,2023-08-28 14:09:00,2023-08-29 14:09:00
509150,2023-01-29 00:18:00,1441,P1025,S016,4,0.05,Cash,2023-01-29 03:10:00,2023-01-30 03:10:00
509151,2024-11-15 18:05:00,1088,P1135,S021,7,0.0,Credit Card,2024-11-15 18:31:00,2024-12-25 18:31:00
509152,2023-09-03 16:33:00,1174,P1085,S015,1,0.0,Cash,2023-09-03 17:26:00,2023-10-12 17:26:00
509153,2023-02-28 03:27:00,1313,P1095,S019,5,0.05,Debit Card,2023-02-28 03:49:00,2023-04-11 03:49:00
509154,2024-05-26 10:48:00,1185,P1061,S015,1,0.2,Debit Card,2024-05-26 11:23:00,2024-07-20 11:23:00
509155,2023-11-15 00:53:00,1320,P1150,S019,6,0.1,Debit Card,2023-11-15 02:32:00,2023-12-07 02:32:00
509156,2023-01-08 17:00:00,1163,P1144,S020,3,0.2,Credit Card,2023-01-08 19:29:00,2023-02-14 19:29:00
509157,2023-08-25 20:21:00,1416,P1149,S025,7,0.05,UPI,2023-08-25 21:39:00,2023-10-18 21:39:00
509158,2025-10-30 07:38:00,1246,P1123,S005,6,0.0,Net Banking,2025-10-30 10:36:00,2025-12-13 10:36:00
509159,2025-10-22 07:12:00,1303,P1086,S008,5,0.2,UPI,2025-10-22 09:35:00,2025-12-01 09:35:00
509160,2023-03-11 05:51:00,1306,P1140,S024,7,0.1,Net Banking,2023-03-11 07:30:00,2023-03-25 07:30:00
509161,2024-03-24 11:18:00,1317,P1125,S001,8,0.1,Debit Card,2024-03-24 12:24:00,2024-04-30 12:24:00
509162,2024-08-17 11:12:00,1442,P1044,S005,4,0.1,UPI,2024-08-17 13:28:00,2024-09-20 13:28:00
509163,2026-03-03 03:28:00,1258,P1145,S011,8,0.1,Credit Card,2026-03-03 03:36:00,2026-04-21 03:36:00
509164,2025-12-13 04:27:00,1077,P1144,S006,8,0.1,NET BANKING,2025-12-13 06:34:00,2026-01-15 06:34:00
509165,2025-11-29 14:24:00,1023,P1120,S019,2,0.0,Debit Card,2025-11-29 16:38:00,2026-01-24 16:38:00
509166,2023-09-07 22:14:00,1224,P1150,S006,4,0.05,Wallet,2023-09-07 22:41:00,2023-09-26 22:41:00
509167,2025-10-22 12:47:00,1136,P1092,S017,8,0.05,Credit Card,2025-10-22 15:39:00,2025-11-04 15:39:00
509168,2025-02-26 07:41:00,1269,P1085,S024,5,0.2,Net Banking,2025-02-26 09:17:00,2025-03-07 09:17:00
509169,2023-06-01 03:52:00,1432,P1096,S016,6,0.2,Wallet,2023-06-01 06:35:00,2023-06-17 06:35:00
509170,2025-07-29 07:57:00,1210,P1140,S017,1,0.1,upi,2025-07-29 10:13:00,2025-09-23 10:13:00
509171,2025-07-27 09:20:00,1171,P1046,S010,8,0.0,Net Banking,2025-07-27 09:44:00,2025-08-03 09:44:00
509172,2025-06-19 23:05:00,1020,P1007,S025,4,0.0,UPI,2025-06-19 23:09:00,2025-07-30 23:09:00
509173,2024-05-17 10:42:00,1338,P1122,S011,2,0.15,Wallet,2024-05-17 11:16:00,2024-07-10 11:16:00
509174,2023-12-20 16:25:00,1144,P1079,S018,8,0.2,Credit Card,2023-12-20 17:21:00,2023-12-28 17:21:00
509175,2025-05-18 01:45:00,1459,P1038,S020,5,0.1,Wallet,2025-05-18 04:37:00,2025-05-20 04:37:00
509176,2025-01-04 23:34:00,1259,P1019,S010,7,0.0,Cash,2025-01-05 00:21:00,2025-02-25 00:21:00
509177,2023-12-10 15:01:00,1292,P1030,S007,8,0.05,UPI,2023-12-10 15:22:00,2024-01-14 15:22:00
509178,2025-09-19 21:08:00,1126,P1104,S001,7,0.2,Cash,2025-09-20 00:03:00,2025-10-24 00:03:00
509179,2025-05-14 17:32:00,1129,P1140,S016,5,0.2,CREDIT CARD,2025-05-14 18:41:00,2025-07-02 18:41:00
509180,2023-06-28 14:12:00,1069,P1034,S001,7,0.05,Debit Card,2023-06-28 15:02:00,2023-08-26 15:02:00
509181,2026-02-07 00:29:00,1234,P1073,S007,6,0.2,Wallet,2026-02-07 01:10:00,2026-04-04 01:10:00
509182,2025-01-14 12:36:00,1408,P1033,S017,8,0.1,Wallet,2025-01-14 13:30:00,2025-03-09 13:30:00
509183,2024-05-18 09:08:00,1170,P1005,S006,5,0.0,Net Banking,2024-05-18 09:21:00,2024-07-08 09:21:00
509184,2023-01-11 11:02:00,1108,P1073,S012,1,0.05,Cash,2023-01-11 13:25:00,2023-02-20 13:25:00
509185,2024-04-22 11:00:00,1453,P1099,S025,3,0.1,Wallet,2024-04-22 13:35:00,2024-05-03 13:35:00
509186,2023-11-28 13:04:00,1043,P1094,S009,2,0.2,Net Banking,2023-11-28 15:04:00,2023-12-21 15:04:00
509187,2023-10-06 22:11:00,1232,P1009,S002,3,0.0,Credit Card,2023-10-07 01:06:00,2023-11-08 01:06:00
509188,2025-05-29 20:05:00,1297,P1146,S006,4,0.05,Credit Card,2025-05-29 21:00:00,2025-07-06 21:00:00
509189,2025-10-30 22:28:00,1330,P1075,S011,2,0.05,Credit Card,2025-10-30 23:39:00,2025-12-12 23:39:00
509190,2025-08-14 13:41:00,1002,P1116,S018,7,0.15,UPI,2025-08-14 16:36:00,2025-09-25 16:36:00
509191,2025-07-04 22:25:00,1333,P1033,S025,1,0.15,UPI,2025-07-04 23:39:00,2025-07-22 23:39:00
509192,2025-10-08 15:06:00,1331,P1095,S022,3,0.05,Credit Card,2025-10-08 16:05:00,2025-12-07 16:05:00
509193,2023-06-30 05:35:00,1257,P1081,S004,2,0.2,Wallet,2023-06-30 08:13:00,2023-08-06 08:13:00
509194,2025-05-30 23:43:00,1138,P1033,S007,2,0.0,Wallet,2025-05-30 23:43:00,2025-06-21 23:43:00
509195,2023-12-04 12:58:00,1399,P1116,S009,5,0.15,Cash,2023-12-04 13:33:00,2023-12-26 13:33:00
509196,2025-10-09 09:24:00,1013,P1093,S015,6,0.0,Net Banking,2025-10-09 10:47:00,2025-10-30 10:47:00
509197,2024-06-30 07:16:00,1142,P1129,S005,6,0.0,Net Banking,2024-06-30 07:48:00,2024-07-21 07:48:00
509198,2025-01-16 23:48:00,1185,P1079,S019,5,0.15,Wallet,2025-01-17 00:04:00,2025-01-22 00:04:00
509199,2025-02-04 23:57:00,1152,P1109,S012,4,0.1,Credit Card,2025-02-04 23:59:00,2025-03-19 23:59:00
509200,2024-11-29 09:41:00,1390,P1129,S018,1,0.05,Wallet,2024-11-29 10:20:00,2024-12-08 10:20:00
509201,2023-11-10 13:00:00,1246,P1075,S025,1,0.1,Cash,2023-11-10 13:43:00,2023-12-16 13:43:00
509202,2025-05-18 22:52:00,1231,P1051,S007,6,0.05,UPI,2025-05-19 01:34:00,2025-06-23 01:34:00
509203,2023-07-24 16:35:00,1203,P1024,S003,1,0.2,Cash,2023-07-24 19:09:00,2023-08-22 19:09:00
509204,2025-06-05 06:02:00,1266,P1109,S014,6,0.05,Debit Card,2025-06-05 06:43:00,2025-07-27 06:43:00
509205,2026-02-12 02:35:00,1282,P1091,S015,2,0.15,CREDIT CARD,2026-02-12 05:03:00,2026-04-05 05:03:00
509206,2023-06-14 08:33:00,1275,P1043,S021,4,0.2,Wallet,2023-06-14 10:15:00,2023-07-19 10:15:00
509207,2025-01-01 11:07:00,1053,P1008,S025,4,0.1,Cash,2025-01-01 13:58:00,2025-01-23 13:58:00
509208,2025-05-16 14:15:00,1417,P1139,S001,5,0.2,Wallet,2025-05-16 14:27:00,2025-06-17 14:27:00
509209,2023-01-09 16:05:00,1249,P1033,S016,5,0.15,UPI,2023-01-09 16:49:00,2023-02-24 16:49:00
509210,2023-03-26 02:48:00,1188,P1112,S014,4,0.0,Wallet,2023-03-26 03:19:00,2023-03-31 03:19:00
509211,2023-05-14 00:46:00,1279,P1095,S011,8,0.2,Wallet,2023-05-14 02:56:00,2023-05-31 02:56:00
509212,2024-01-29 19:43:00,1427,P1133,S004,3,0.1,UPI,2024-01-29 20:40:00,2024-03-22 20:40:00
509213,2023-08-02 09:31:00,1299,P1102,S009,5,0.15,UPI,2023-08-02 11:14:00,2023-08-26 11:14:00
509214,2024-11-10 19:06:00,1154,P1082,S006,8,0.0,Cash,2024-11-10 19:12:00,2024-11-17 19:12:00
509215,2024-02-20 23:00:00,1345,P1026,S025,2,0.05,Net Banking,2024-02-21 00:10:00,2024-03-04 00:10:00
509216,2025-06-30 10:00:00,1038,P1001,S024,7,0.0,Cash,2025-06-30 12:24:00,2025-07-12 12:24:00
509217,2024-04-07 10:44:00,1468,P1126,S004,8,0.15,Cash,2024-04-07 12:12:00,2024-05-19 12:12:00
509218,2023-11-17 03:27:00,1031,P1021,S013,3,0.1,Net Banking,2023-11-17 05:04:00,2023-12-05 05:04:00
509219,2024-12-01 06:16:00,1233,P1122,S005,1,0.2,Net Banking,2024-12-01 07:48:00,2024-12-18 07:48:00
509220,2024-02-03 15:09:00,1179,P1110,S004,7,0.2,Net Banking,2024-02-03 16:31:00,2024-03-10 16:31:00
509221,2026-02-25 06:54:00,1162,P1005,S004,5,0.2,UPI,2026-02-25 09:01:00,2026-04-08 09:01:00
509222,2023-04-05 05:31:00,1350,P1062,S013,5,0.15,Debit Card,2023-04-05 05:38:00,2023-05-23 05:38:00
509223,2025-09-02 12:04:00,1023,P1093,S005,8,0.05,Credit Card,2025-09-02 14:45:00,2025-10-22 14:45:00
509224,2025-10-18 11:19:00,1167,P1079,S016,8,0.2,Wallet,2025-10-18 12:09:00,2025-12-14 12:09:00
509225,2023-04-25 03:20:00,1419,P1003,S016,5,0.2,Cash,2023-04-25 04:04:00,2023-05-22 04:04:00
509226,2026-03-05 22:39:00,1264,P1134,S007,8,0.2,Debit Card,2026-03-05 23:34:00,2026-03-26 23:34:00
509227,2025-07-05 19:07:00,1461,P1103,S011,2,0.1,Debit Card,2025-07-05 22:02:00,2025-07-30 22:02:00
509228,2024-06-14 11:01:00,1364,P1051,S004,3,0.1,Wallet,2024-06-14 11:58:00,2024-06-25 11:58:00
509229,2025-11-10 20:56:00,1391,P1066,S006,8,0.1,Credit Card,2025-11-10 23:20:00,2025-11-17 23:20:00
509230,2024-11-03 16:36:00,1403,P1098,S011,5,0.1,Wallet,2024-11-03 17:02:00,2024-11-26 17:02:00
509231,2026-01-15 04:51:00,1112,P1118,S023,3,0.0,Debit Card,2026-01-15 06:54:00,2026-03-16 06:54:00
509232,2023-08-23 13:32:00,1312,P1069,S006,5,0.0,Net Banking,2023-08-23 16:02:00,2023-09-04 16:02:00
509233,2024-10-17 00:18:00,1444,P1016,S001,7,0.0,Cash,2024-10-17 02:32:00,2024-11-23 02:32:00
509234,2025-10-05 00:54:00,1254,P1103,S005,5,0.0,Net Banking,2025-10-05 03:08:00,2025-11-19 03:08:00
509235,2023-09-19 17:13:00,1475,P1014,S001,3,0.15,Credit Card,2023-09-19 18:08:00,2023-10-29 18:08:00
509236,2024-04-18 16:20:00,1458,P1046,S011,8,0.0,Credit Card,2024-04-18 16:59:00,2024-05-23 16:59:00
509237,2025-03-30 21:31:00,1278,P1043,S012,8,0.0,Debit Card,2025-03-30 22:11:00,2025-04-03 22:11:00
509238,2025-07-15 15:14:00,1169,P1062,S013,4,0.2,Cash,2025-07-15 15:45:00,2025-08-14 15:45:00
509239,2026-01-08 12:41:00,1113,P1101,S004,5,0.05,Net Banking,2026-01-08 15:13:00,2026-01-10 15:13:00
509240,2025-04-17 17:10:00,1300,P1132,S021,4,0.05,Cash,2025-04-17 17:50:00,2025-06-07 17:50:00
509241,2023-06-01 18:21:00,1244,P1141,S007,1,0.0,Wallet,2023-06-01 20:13:00,2023-06-07 20:13:00
509242,2024-02-02 00:40:00,1159,P1065,S003,6,0.2,Net Banking,2024-02-02 02:14:00,2024-02-26 02:14:00
509243,2025-04-07 17:37:00,1434,P1079,S017,3,0.2,Cash,2025-04-07 20:32:00,2025-05-08 20:32:00
509244,2024-10-11 20:34:00,1351,P1050,S025,2,0.2,Wallet,2024-10-11 21:27:00,2024-12-08 21:27:00
509245,2024-05-14 21:39:00,1384,P1034,S003,6,0.15,Credit Card,2024-05-14 21:43:00,2024-06-30 21:43:00
509246,2023-11-13 00:34:00,1211,P1026,S024,7,0.05,Credit Card,2023-11-13 01:27:00,2023-12-27 01:27:00
509247,2025-10-27 15:37:00,1120,P1023,S003,1,0.2,Net Banking,2025-10-27 16:50:00,2025-11-26 16:50:00
509248,2023-09-21 01:55:00,1426,P1029,S014,2,0.0,Credit Card,2023-09-21 03:10:00,2023-10-24 03:10:00
509249,2024-05-26 13:11:00,1352,P1095,S016,1,0.0,Debit Card,2024-05-26 15:33:00,2024-06-30 15:33:00
509250,2026-01-18 23:56:00,1209,P1121,S004,7,0.1,Credit Card,2026-01-19 02:30:00,2026-03-08 02:30:00
509251,2025-06-05 20:15:00,1085,P1105,S014,1,0.05,Credit Card,2025-06-05 23:15:00,2025-06-05 23:15:00
509252,2025-06-26 23:52:00,1382,P1145,S025,7,0.15,Cash,2025-06-27 00:45:00,2025-08-02 00:45:00
509253,2023-12-31 18:01:00,1105,P1117,S010,2,0.05,Net Banking,2023-12-31 20:28:00,2024-01-04 20:28:00
509254,2024-03-04 23:37:00,1337,P1114,S012,7,0.15,Credit Card,2024-03-05 02:31:00,2024-03-09 02:31:00
509255,2024-11-25 01:43:00,1067,P1003,S023,5,0.15,Wallet,2024-11-25 03:59:00,2024-12-06 03:59:00
509256,2024-03-27 00:06:00,1135,P1148,S022,1,0.15,Debit Card,2024-03-27 02:37:00,2024-04-04 02:37:00
509257,2025-11-10 16:11:00,1445,P1141,S007,4,0.1,Cash,2025-11-10 17:22:00,2025-11-16 17:22:00
509258,2025-08-15 04:01:00,1443,P1017,S021,1,0.0,Debit Card,2025-08-15 06:02:00,2025-09-27 06:02:00
509259,2025-09-17 07:46:00,1478,P1036,S015,3,0.05,UPI,2025-09-17 08:56:00,2025-11-03 08:56:00
509260,2025-11-22 18:51:00,1352,P1003,S020,1,0.0,Debit Card,2025-11-22 20:25:00,2025-12-26 20:25:00
509261,2023-06-03 14:53:00,1277,P1130,S014,3,0.05,UPI,2023-06-03 16:05:00,2023-07-15 16:05:00
509262,2025-04-14 17:26:00,1210,P1071,S008,5,0.0,Debit Card,2025-04-14 19:29:00,2025-04-29 19:29:00
509263,2023-12-01 07:22:00,1393,P1047,S021,1,0.05,net banking,2023-12-01 09:52:00,2024-01-03 09:52:00
509264,2023-03-27 02:25:00,1455,P1028,S012,2,0.15,Debit Card,2023-03-27 04:07:00,2023-04-19 04:07:00
509265,2025-10-04 14:48:00,1344,P1073,S007,7,0.15,Wallet,2025-10-04 15:28:00,2025-10-19 15:28:00
509266,2025-05-07 09:28:00,1337,P1075,S021,7,0.1,Wallet,2025-05-07 12:07:00,2025-06-09 12:07:00
509267,2023-01-16 06:15:00,1137,P1099,S017,1,0.0,Debit Card,2023-01-16 07:46:00,2023-01-17 07:46:00
509268,2023-10-03 14:50:00,1020,P1101,S002,4,0.0,Cash,2023-10-03 16:33:00,2023-10-25 16:33:00
509269,2025-01-10 22:32:00,1312,P1052,S025,7,0.05,Credit Card,2025-01-10 23:59:00,2025-02-05 23:59:00
509270,2023-12-21 18:39:00,1133,P1087,S023,8,0.15,Credit Card,2023-12-21 19:10:00,2024-01-28 19:10:00
509271,2024-06-06 06:55:00,1298,P1128,S003,3,0.05,Cash,2024-06-06 07:58:00,2024-07-14 07:58:00
509272,2024-03-27 01:27:00,1115,P1114,S023,8,0.0,Cash,2024-03-27 01:57:00,2024-05-04 01:57:00
509273,2023-09-02 19:32:00,1274,P1013,S021,2,0.2,Cash,2023-09-02 21:33:00,2023-10-27 21:33:00
509274,2023-05-16 13:56:00,1300,P1146,S007,5,0.0,UPI,2023-05-16 15:34:00,2023-06-26 15:34:00
509275,2024-11-06 10:24:00,1347,P1043,S009,3,0.15,Debit Card,2024-11-06 12:28:00,2024-12-24 12:28:00
509276,2023-09-27 01:59:00,1227,P1132,S010,3,0.15,UPI,2023-09-27 04:42:00,2023-11-07 04:42:00
509277,2025-07-27 21:04:00,1433,P1088,S013,5,0.2,Cash,2025-07-27 21:53:00,2025-08-24 21:53:00
509278,2025-06-22 23:48:00,1424,P1057,S014,5,0.2,Net Banking,2025-06-23 00:16:00,2025-07-09 00:16:00
509279,2024-04-18 12:05:00,1460,P1003,S017,8,0.0,UPI,2024-04-18 14:03:00,2024-05-08 14:03:00
509280,2023-11-15 11:06:00,1476,P1044,S018,2,0.15,upi,2023-11-15 13:21:00,2023-12-20 13:21:00
509281,2023-12-09 10:58:00,1135,P1075,S003,2,0.0,Credit Card,2023-12-09 12:01:00,2023-12-24 12:01:00
509282,2023-12-24 01:04:00,1069,P1019,S014,1,0.2,Credit Card,2023-12-24 02:01:00,2024-01-29 02:01:00
509283,2023-11-01 16:55:00,1097,P1118,S001,8,0.05,Cash,2023-11-01 19:31:00,2023-12-30 19:31:00
509284,2024-05-16 07:09:00,1469,P1057,S022,1,0.0,Credit Card,2024-05-16 09:33:00,2024-05-28 09:33:00
509285,2024-02-22 05:34:00,1084,P1031,S005,5,0.0,UPI,2024-02-22 08:31:00,2024-03-13 08:31:00
509286,2025-03-08 04:08:00,1248,P1078,S024,7,0.0,upi,2025-03-08 05:17:00,2025-03-14 05:17:00
509287,2025-04-01 08:51:00,1263,P1129,S024,3,0.1,Cash,2025-04-01 11:22:00,2025-05-14 11:22:00
509288,2025-06-08 19:01:00,1495,P1044,S019,1,0.05,Cash,2025-06-08 21:43:00,2025-08-02 21:43:00
509289,2025-04-01 18:45:00,1012,P1069,S011,1,0.2,Credit Card,2025-04-01 21:20:00,2025-05-08 21:20:00
509290,2023-02-03 20:58:00,1494,P1111,S024,3,0.15,Net Banking,2023-02-03 21:41:00,2023-03-24 21:41:00
509291,2023-12-05 21:39:00,1443,P1085,S007,4,0.15,Debit Card,2023-12-05 23:44:00,2023-12-15 23:44:00
509292,2024-10-09 07:28:00,1039,P1048,S013,5,0.2,UPI,2024-10-09 08:36:00,2024-10-12 08:36:00
509293,2026-01-03 11:26:00,1074,P1003,S014,6,0.2,Credit Card,2026-01-03 12:40:00,2026-01-15 12:40:00
509294,2023-08-29 04:16:00,1390,P1137,S006,8,0.2,UPI,2023-08-29 06:28:00,2023-09-13 06:28:00
509295,2025-03-10 20:20:00,1232,P1061,S009,6,0.1,UPI,2025-03-10 21:37:00,2025-03-31 21:37:00
509296,2024-03-20 04:14:00,1480,P1019,S014,3,0.1,Credit Card,2024-03-20 06:05:00,2024-04-13 06:05:00
509297,2024-04-02 01:42:00,1035,P1119,S007,4,0.1,NET BANKING,2024-04-02 04:34:00,2024-05-07 04:34:00
509298,2024-09-04 10:09:00,1183,P1038,S009,3,0.0,Debit Card,2024-09-04 10:12:00,2024-09-20 10:12:00
509299,2023-12-07 13:43:00,1266,P1131,S020,1,0.15,Cash,2023-12-07 15:48:00,2023-12-19 15:48:00
509300,2023-08-21 07:07:00,1281,P1122,S023,7,0.05,Wallet,2023-08-21 09:48:00,2023-10-04 09:48:00
509301,2024-11-23 09:45:00,1416,P1044,S005,1,0.05,Wallet,2024-11-23 09:55:00,2024-11-24 09:55:00
509302,2025-06-08 14:35:00,1215,P1150,S012,2,0.05,Cash,2025-06-08 16:57:00,2025-07-28 16:57:00
509303,2023-01-04 10:31:00,1082,P1124,S007,1,0.05,Net Banking,2023-01-04 10:38:00,2023-02-18 10:38:00
509304,2024-01-11 01:03:00,1020,P1056,S019,1,0.0,UPI,2024-01-11 01:05:00,2024-02-22 01:05:00
509305,2023-05-06 17:03:00,1487,P1045,S018,3,0.0,UPI,2023-05-06 17:15:00,2023-06-11 17:15:00
509306,2024-02-09 17:53:00,1262,P1027,S011,2,0.1,UPI,2024-02-09 20:08:00,2024-03-10 20:08:00
509307,2025-08-11 16:37:00,1188,P1074,S002,2,0.15,Credit Card,2025-08-11 17:18:00,2025-09-07 17:18:00
509308,2024-07-30 04:38:00,1347,P1094,S012,4,0.2,Cash,2024-07-30 06:08:00,2024-09-27 06:08:00
509309,2023-04-12 18:30:00,1163,P1078,S006,3,0.0,Debit Card,2023-04-12 20:58:00,2023-04-17 20:58:00
509310,2026-01-29 21:12:00,1267,P1059,S016,2,0.1,Net Banking,2026-01-29 21:47:00,2026-03-15 21:47:00
509311,2025-09-14 10:19:00,1313,P1104,S007,3,0.1,Credit Card,2025-09-14 11:24:00,2025-11-03 11:24:00
509312,2024-08-19 12:25:00,1249,P1047,S020,5,0.2,Debit Card,2024-08-19 12:39:00,2024-09-07 12:39:00
509313,2023-11-11 05:57:00,1315,P1006,S001,2,0.1,Credit Card,2023-11-11 06:03:00,2024-01-03 06:03:00
509314,2023-07-20 01:04:00,1032,P1114,S024,1,0.15,Cash,2023-07-20 02:55:00,2023-08-30 02:55:00
509315,2023-04-03 08:46:00,1083,P1070,S004,4,0.1,UPI,2023-04-03 09:48:00,2023-04-03 09:48:00
509316,2025-10-28 22:51:00,1137,P1045,S007,4,0.1,Cash,2025-10-28 22:54:00,2025-11-20 22:54:00
509317,2024-08-03 02:22:00,1389,P1032,S025,4,0.1,Credit Card,2024-08-03 02:52:00,2024-09-07 02:52:00
509318,2026-01-15 20:32:00,1043,P1072,S015,4,0.2,Wallet,2026-01-15 21:00:00,2026-02-07 21:00:00
509319,2026-03-24 00:20:00,1297,P1149,S019,2,0.1,Wallet,2026-03-24 01:17:00,2026-04-22 01:17:00
509320,2024-11-16 15:09:00,1248,P1100,S018,5,0.0,Net Banking,2024-11-16 17:30:00,2024-12-31 17:30:00
509321,2023-07-29 13:08:00,1199,P1030,S023,4,0.15,Credit Card,2023-07-29 15:30:00,2023-08-09 15:30:00
509322,2024-06-17 07:40:00,1061,P1148,S003,8,0.05,Wallet,2024-06-17 08:54:00,2024-07-29 08:54:00
509323,2026-03-21 10:36:00,1304,P1093,S010,5,0.0,Debit Card,2026-03-21 11:34:00,2026-03-30 11:34:00
509324,2024-10-17 08:49:00,1122,P1036,S003,3,0.15,UPI,2024-10-17 11:30:00,2024-11-10 11:30:00
509325,2023-01-21 12:49:00,1284,P1108,S004,1,0.2,Debit Card,2023-01-21 13:24:00,2023-02-17 13:24:00
509326,2024-08-31 15:26:00,1251,P1127,S020,7,0.05,Net Banking,2024-08-31 15:35:00,2024-10-10 15:35:00
509327,2025-04-27 15:18:00,1102,P1142,S024,6,0.05,Debit Card,2025-04-27 16:13:00,2025-05-11 16:13:00
509328,2026-02-12 16:03:00,1336,P1102,S023,3,0.1,Credit Card,2026-02-12 17:21:00,2026-03-20 17:21:00
509329,2024-12-27 23:20:00,1448,P1064,S023,2,0.1,Credit Card,2024-12-28 01:42:00,2024-12-29 01:42:00
509330,2024-11-17 06:04:00,1109,P1092,S005,2,0.1,Wallet,2024-11-17 06:53:00,2024-11-21 06:53:00
509331,2025-11-02 10:42:00,1039,P1116,S009,4,0.0,Net Banking,2025-11-02 12:45:00,2025-11-23 12:45:00
509332,2024-01-15 20:26:00,1463,P1115,S025,4,0.0,Debit Card,2024-01-15 20:58:00,2024-01-20 20:58:00
509333,2025-01-14 14:11:00,1189,P1078,S006,6,0.2,Wallet,2025-01-14 16:00:00,2025-02-24 16:00:00
509334,2025-05-18 23:25:00,1061,P1146,S022,5,0.15,Wallet,2025-05-18 23:25:00,2025-07-09 23:25:00
509335,2023-07-30 03:27:00,1059,P1005,S016,5,0.1,Credit Card,2023-07-30 03:27:00,2023-09-02 03:27:00
509336,2024-12-27 09:40:00,1477,P1104,S004,6,0.0,Net Banking,2024-12-27 11:59:00,2025-02-25 11:59:00
509337,2025-01-09 10:07:00,1441,P1138,S001,4,0.0,Cash,2025-01-09 10:30:00,2025-01-12 10:30:00
509338,2023-08-26 11:18:00,1032,P1082,S015,8,0.0,Credit Card,2023-08-26 13:20:00,2023-08-31 13:20:00
509339,2025-08-03 03:13:00,1466,P1150,S010,3,0.15,UPI,2025-08-03 03:41:00,2025-08-08 03:41:00
509340,2023-04-02 01:12:00,1198,P1111,S001,7,0.05,Credit Card,2023-04-02 02:59:00,2023-05-24 02:59:00
509341,2026-02-11 22:47:00,1269,P1143,S003,6,0.2,Debit Card,2026-02-12 00:47:00,2026-03-23 00:47:00
509342,2024-11-20 13:47:00,1293,P1087,S011,2,0.1,Credit Card,2024-11-20 14:02:00,2024-12-15 14:02:00
509343,2024-06-29 05:30:00,1341,P1016,S020,1,0.0,Cash,2024-06-29 08:27:00,2024-07-19 08:27:00
509344,2023-08-02 10:12:00,1453,P1101,S009,5,0.05,UPI,2023-08-02 12:52:00,2023-09-14 12:52:00
509345,2025-02-19 05:14:00,1430,P1064,S001,1,0.1,Wallet,2025-02-19 05:17:00,2025-02-20 05:17:00
509346,2024-12-19 20:10:00,1386,P1041,S007,6,0.0,Net Banking,2024-12-19 20:21:00,2025-01-21 20:21:00
509347,2025-02-14 16:34:00,1467,P1141,S024,4,0.0,UPI,2025-02-14 18:45:00,2025-03-29 18:45:00
509348,2024-08-15 18:25:00,1261,P1106,S016,7,0.2,Debit Card,2024-08-15 19:15:00,2024-09-28 19:15:00
509349,2024-06-27 08:04:00,1475,P1039,S004,2,0.15,UPI,2024-06-27 10:52:00,2024-08-15 10:52:00
509350,2025-02-21 04:55:00,1057,P1128,S018,5,0.05,Cash,2025-02-21 05:31:00,2025-04-02 05:31:00
509351,2023-01-08 06:09:00,1387,P1055,S022,1,0.05,Net Banking,2023-01-08 06:12:00,2023-01-08 06:12:00
509352,2023-08-21 10:19:00,1312,P1080,S023,3,0.2,Credit Card,2023-08-21 10:53:00,2023-09-12 10:53:00
509353,2026-02-16 03:07:00,1017,P1086,S019,8,0.0,UPI,2026-02-16 03:43:00,2026-02-23 03:43:00
509354,2024-01-17 21:16:00,1459,P1039,S023,4,0.15,UPI,2024-01-18 00:08:00,2024-02-04 00:08:00
509355,2023-10-19 10:26:00,1459,P1046,S023,3,0.2,UPI,2023-10-19 12:31:00,2023-11-03 12:31:00
509356,2025-07-13 03:10:00,1096,P1014,S020,6,0.1,Debit Card,2025-07-13 04:13:00,2025-08-28 04:13:00
509357,2023-01-04 19:12:00,1461,P1097,S023,7,0.2,UPI,2023-01-04 20:23:00,2023-01-18 20:23:00
509358,2024-07-26 17:03:00,1201,P1105,S012,-1,0.2,Credit Card,2024-07-26 17:58:00,2024-07-27 17:58:00
509359,2023-02-10 23:01:00,1020,P1064,S017,8,0.1,Wallet,2023-02-11 01:43:00,2023-03-21 01:43:00
509360,2024-11-09 13:51:00,1454,P1021,S008,5,0.05,Net Banking,2024-11-09 15:46:00,2024-12-03 15:46:00
509361,2023-09-25 07:12:00,1493,P1070,S008,1,0.1,Cash,2023-09-25 08:22:00,2023-11-18 08:22:00
509362,2023-07-04 09:11:00,1373,P1003,S012,2,0.05,Net Banking,2023-07-04 11:15:00,2023-07-12 11:15:00
509363,2024-12-31 09:50:00,1292,P1029,S025,7,0.0,Wallet,2024-12-31 10:15:00,2025-01-18 10:15:00
509364,2023-07-02 02:09:00,1076,P1082,S014,2,0.2,Cash,2023-07-02 04:24:00,2023-07-18 04:24:00
509365,2023-12-21 07:49:00,1207,P1137,S014,3,0.1,UPI,2023-12-21 08:23:00,2024-01-30 08:23:00
509366,2024-01-30 14:30:00,1203,P1002,S012,6,0.1,Net Banking,2024-01-30 15:06:00,2024-02-29 15:06:00
509367,2023-01-23 16:18:00,1106,P1028,S001,4,0.1,Debit Card,2023-01-23 19:06:00,2023-02-25 19:06:00
509368,2025-04-19 19:17:00,1469,P1116,S010,3,0.0,Net Banking,2025-04-19 20:12:00,2025-04-22 20:12:00
509369,2025-08-29 20:25:00,1075,P1120,S017,1,0.0,Wallet,2025-08-29 22:33:00,2025-09-02 22:33:00
509370,2024-01-03 04:25:00,1181,P1023,S020,1,0.15,Credit Card,2024-01-03 07:04:00,2024-02-08 07:04:00
509371,2024-09-15 09:09:00,1089,P1006,S007,1,0.15,Wallet,2024-09-15 09:15:00,2024-10-08 09:15:00
509372,2024-11-21 15:56:00,1075,P1144,S016,6,0.05,Credit Card,2024-11-21 16:22:00,2025-01-10 16:22:00
509373,2024-08-14 16:01:00,1397,P1144,S025,1,0.0,Credit Card,2024-08-14 18:47:00,2024-10-12 18:47:00
509374,2025-06-14 01:52:00,1289,P1076,S016,5,0.05,UPI,2025-06-14 03:10:00,2025-08-05 03:10:00
509375,2024-07-20 05:21:00,1355,P1138,S006,8,0.0,Net Banking,2024-07-20 06:28:00,2024-09-05 06:28:00
509376,2026-02-13 00:18:00,1403,P1101,S019,3,0.05,Net Banking,2026-02-13 01:39:00,2026-03-14 01:39:00
509377,2025-05-22 05:22:00,1445,P1077,S025,8,0.0,Cash,2025-05-22 07:45:00,2025-07-05 07:45:00
509378,2023-11-16 03:30:00,1305,P1094,S020,1,0.1,Credit Card,2023-11-16 05:19:00,2024-01-07 05:19:00
509379,2023-04-04 08:17:00,1429,P1023,S021,8,0.1,UPI,2023-04-04 09:13:00,2023-05-23 09:13:00
509380,2025-03-16 07:56:00,1318,P1093,S020,1,0.15,UPI,2025-03-16 10:41:00,2025-05-08 10:41:00
509381,2023-03-27 19:28:00,1240,P1063,S008,8,0.05,Debit Card,2023-03-27 20:41:00,2023-03-30 20:41:00
509382,2023-08-24 00:49:00,1462,P1149,S007,4,0.0,Net Banking,2023-08-24 03:17:00,2023-08-24 03:17:00
509383,2025-05-04 22:32:00,1299,P1135,S022,6,0.2,UPI,2025-05-04 23:33:00,2025-06-15 23:33:00
509384,2024-06-06 22:24:00,1443,P1101,S013,7,0.05,Net Banking,2024-06-07 01:02:00,2024-06-22 01:02:00
509385,2023-05-18 21:35:00,1022,P1150,S004,1,0.15,Credit Card,2023-05-19 00:02:00,2023-05-22 00:02:00
509386,2023-11-25 03:33:00,1321,P1091,S004,5,0.0,Net Banking,2023-11-25 06:04:00,2024-01-13 06:04:00
509387,2025-09-29 22:13:00,1431,P1135,S013,1,0.15,Wallet,2025-09-29 23:24:00,2025-11-25 23:24:00
509388,2023-06-30 14:48:00,1149,P1094,S025,1,0.15,Wallet,2023-06-30 16:52:00,2023-07-20 16:52:00
509389,2025-01-13 22:25:00,1219,P1141,S001,5,0.15,Cash,2025-01-14 00:33:00,2025-02-25 00:33:00
509390,2026-03-18 01:49:00,1415,P1049,S018,6,0.2,Cash,2026-03-18 02:03:00,2026-03-23 02:03:00
509391,2026-01-12 14:59:00,1454,P1024,S008,3,0.0,UPI,2026-01-12 15:17:00,2026-02-18 15:17:00
509392,2025-09-26 01:47:00,1432,P1076,S013,7,0.2,Cash,2025-09-26 03:10:00,2025-11-02 03:10:00
509393,2023-08-07 08:42:00,1421,P1117,S022,4,0.2,Net Banking,2023-08-07 10:43:00,2023-09-13 10:43:00
509394,2023-10-11 12:38:00,1048,P1058,S022,4,0.1,Credit Card,2023-10-11 13:46:00,2023-11-13 13:46:00
509395,2024-12-28 23:54:00,1030,P1008,S012,5,0.1,Credit Card,2024-12-29 01:05:00,2025-02-07 01:05:00
509396,2023-02-26 09:08:00,1369,P1062,S003,7,0.15,Debit Card,2023-02-26 09:35:00,2023-03-16 09:35:00
509397,2023-08-23 17:56:00,1301,P1066,S001,4,0.15,Wallet,2023-08-23 20:27:00,2023-10-18 20:27:00
509398,2024-06-18 01:08:00,1424,P1024,S014,8,0.2,Wallet,2024-06-18 03:36:00,2024-07-22 03:36:00
509399,2024-03-22 06:11:00,1063,P1005,S001,4,0.2,Debit Card,2024-03-22 07:48:00,2024-04-01 07:48:00
509400,2025-11-06 19:17:00,1290,P1031,S011,6,0.0,DEBIT CARD,2025-11-06 21:18:00,2025-11-14 21:18:00
509401,2023-12-21 03:37:00,1100,P1105,S023,3,0.05,Wallet,2023-12-21 05:52:00,2024-02-07 05:52:00
509402,2023-02-26 17:05:00,1073,P1102,S001,8,0.15,UPI,2023-02-26 19:47:00,2023-03-27 19:47:00
509403,2023-09-14 08:08:00,1133,P1020,S011,7,0.2,Wallet,2023-09-14 08:20:00,2023-10-03 08:20:00
509404,2023-10-07 23:41:00,1242,P1040,S016,5,0.2,Wallet,2023-10-07 23:56:00,2023-11-27 23:56:00
509405,2024-07-23 20:03:00,1265,P1134,S019,3,0.15,Cash,2024-07-23 20:33:00,2024-09-06 20:33:00
509406,2024-01-07 18:14:00,1196,P1116,S009,1,0.2,Wallet,2024-01-07 21:14:00,2024-02-17 21:14:00
509407,2025-04-30 11:26:00,1407,P1043,S024,3,0.2,Debit Card,2025-04-30 11:35:00,2025-05-01 11:35:00
509408,2025-10-02 00:14:00,1458,P1050,S012,6,0.05,DEBIT CARD,2025-10-02 01:30:00,2025-11-08 01:30:00
509409,2023-08-29 15:24:00,1307,P1134,S016,7,0.15,Net Banking,2023-08-29 15:39:00,2023-09-28 15:39:00
509410,2024-05-12 13:46:00,1313,P1032,S020,6,0.05,UPI,2024-05-12 16:07:00,2024-06-30 16:07:00
509411,2025-12-20 09:24:00,1126,P1073,S016,8,0.15,Debit Card,2025-12-20 12:22:00,2026-02-16 12:22:00
509412,2023-08-03 11:54:00,1408,P1110,S007,4,0.1,Wallet,2023-08-03 13:10:00,2023-09-20 13:10:00
509413,2024-09-01 22:07:00,1045,P1046,S018,1,0.05,Net Banking,2024-09-02 00:43:00,2024-09-04 00:43:00
509414,2023-05-16 09:12:00,1492,P1038,S025,1,0.15,Debit Card,2023-05-16 11:39:00,2023-06-01 11:39:00
509415,2025-10-23 01:04:00,1309,P1118,S006,1,0.1,Cash,2025-10-23 02:29:00,2025-11-15 02:29:00
509416,2024-10-05 04:10:00,1041,P1036,S024,7,0.2,UPI,2024-10-05 06:06:00,2024-11-30 06:06:00
509417,2025-08-08 11:02:00,1293,P1100,S015,1,0.2,Credit Card,2025-08-08 13:49:00,2025-08-11 13:49:00
509418,2024-02-27 16:33:00,1220,P1145,S015,4,0.05,Net Banking,2024-02-27 18:47:00,2024-02-27 18:47:00
509419,2023-09-21 16:30:00,1316,P1021,S022,8,0.05,Credit Card,2023-09-21 18:40:00,2023-11-03 18:40:00
509420,2024-11-23 05:35:00,1183,P1025,S007,7,0.2,Net Banking,2024-11-23 07:52:00,2024-11-29 07:52:00
509421,2023-12-14 16:31:00,1013,P1007,S006,4,0.2,Cash,2023-12-14 16:56:00,2024-01-28 16:56:00
509422,2025-07-15 00:17:00,1107,P1075,S012,6,0.0,Cash,2025-07-15 01:13:00,2025-07-19 01:13:00
509423,2024-02-26 16:32:00,1125,P1046,S017,8,0.0,UPI,2024-02-26 18:41:00,2024-04-14 18:41:00
509424,2025-01-28 14:20:00,1315,P1140,S003,2,0.0,Net Banking,2025-01-28 15:27:00,2025-03-13 15:27:00
509425,2023-01-29 19:35:00,1224,P1003,S024,2,0.0,Credit Card,2023-01-29 19:58:00,2023-02-24 19:58:00
509426,2025-11-07 03:19:00,1137,P1061,S018,5,0.0,UPI,2025-11-07 05:22:00,2025-11-13 05:22:00
509427,2023-07-04 10:52:00,1015,P1052,S007,6,0.2,CASH,2023-07-04 13:33:00,2023-07-22 13:33:00
509428,2023-04-23 01:56:00,1169,P1081,S007,1,0.2,Cash,2023-04-23 03:53:00,2023-04-25 03:53:00
509429,2023-10-03 23:31:00,1283,P1108,S019,7,0.2,Credit Card,2023-10-04 01:25:00,2023-10-09 01:25:00
509430,2023-05-02 03:28:00,1091,P1104,S002,5,0.2,Credit Card,2023-05-02 05:34:00,2023-05-29 05:34:00
509431,2025-09-09 21:19:00,1241,P1096,S025,7,0.2,Cash,2025-09-09 22:53:00,2025-09-24 22:53:00
509432,2026-01-31 05:25:00,1363,P1104,S020,3,0.2,UPI,2026-01-31 08:21:00,2026-02-03 08:21:00
509433,2024-09-20 03:28:00,1192,P1143,S018,4,0.0,Credit Card,2024-09-20 06:05:00,2024-10-30 06:05:00
509434,2024-04-04 10:03:00,1228,P1099,S013,1,0.0,Credit Card,2024-04-04 10:09:00,2024-04-17 10:09:00
509435,2025-11-29 10:20:00,1285,P1072,S022,8,0.0,UPI,2025-11-29 10:35:00,2025-12-12 10:35:00
509436,2025-05-09 16:41:00,1253,P1050,S025,2,0.15,Credit Card,2025-05-09 19:19:00,2025-07-08 19:19:00
509437,2025-06-02 14:53:00,1357,P1021,S002,2,0.0,Net Banking,2025-06-02 15:31:00,2025-06-17 15:31:00
509438,2024-08-15 11:53:00,1182,P1027,S008,1,0.0,Credit Card,2024-08-15 14:20:00,2024-09-13 14:20:00
509439,2023-01-21 15:14:00,1279,P1020,S013,4,0.1,Net Banking,2023-01-21 15:19:00,2023-03-15 15:19:00
509440,2023-08-23 02:01:00,1069,P1119,S025,3,0.1,Wallet,2023-08-23 03:27:00,2023-08-24 03:27:00
509441,2025-06-16 14:49:00,1043,P1082,S018,5,0.05,Cash,2025-06-16 15:33:00,2025-07-13 15:33:00
509442,2023-08-19 22:10:00,1463,P1090,S018,6,0.2,Wallet,2023-08-20 00:17:00,2023-09-01 00:17:00
509443,2023-10-28 09:12:00,1446,P1040,S005,1,0.2,Debit Card,2023-10-28 10:28:00,2023-11-30 10:28:00
509444,2025-07-06 12:59:00,1445,P1055,S013,3,0.05,Net Banking,2025-07-06 13:42:00,2025-08-17 13:42:00
509445,2023-06-18 13:45:00,1128,P1087,S001,3,0.1,Net Banking,2023-06-18 14:11:00,2023-08-07 14:11:00
509446,2024-12-04 10:50:00,1201,P1132,S015,1,0.2,Net Banking,2024-12-04 11:35:00,2024-12-25 11:35:00
509447,2023-03-24 12:44:00,1437,P1123,S005,3,0.0,Debit Card,2023-03-24 13:36:00,2023-04-15 13:36:00
509448,2024-09-16 02:15:00,1440,P1045,S018,3,0.2,UPI,2024-09-16 04:14:00,2024-11-14 04:14:00
509449,2023-12-29 14:05:00,1146,P1060,S004,7,0.2,Debit Card,2023-12-29 15:47:00,2024-02-26 15:47:00
509450,2026-01-28 01:03:00,1136,P1020,S025,2,0.15,UPI,2026-01-28 02:48:00,2026-03-02 02:48:00
509451,2023-12-04 20:03:00,1075,P1028,S025,3,0.1,Net Banking,2023-12-04 20:19:00,2023-12-14 20:19:00
509452,2024-09-22 15:49:00,1269,P1118,S010,5,0.2,Net Banking,2024-09-22 16:28:00,2024-10-07 16:28:00
509453,2024-04-10 20:26:00,1260,P1004,S023,3,0.05,Debit Card,2024-04-10 22:52:00,2024-06-07 22:52:00
509454,2023-04-05 18:06:00,1339,P1120,S023,2,0.05,Cash,2023-04-05 19:01:00,2023-04-28 19:01:00
509455,2024-07-01 05:51:00,1404,P1021,S011,8,0.0,Net Banking,2024-07-01 06:18:00,2024-07-20 06:18:00
509456,2025-02-06 04:55:00,1388,P1069,S013,1,0.1,Net Banking,2025-02-06 05:26:00,2025-02-09 05:26:00
509457,2026-01-03 18:36:00,1062,P1029,S001,5,0.1,Wallet,2026-01-03 19:17:00,2026-01-28 19:17:00
509458,2025-09-22 23:42:00,1359,P1028,S023,5,0.2,Debit Card,2025-09-23 01:27:00,2025-11-04 01:27:00
509459,2024-02-13 09:00:00,1041,P1060,S025,7,0.2,UPI,2024-02-13 10:28:00,2024-02-16 10:28:00
509460,2024-09-18 21:49:00,1233,P1081,S009,6,0.05,credit card,2024-09-19 00:38:00,2024-10-12 00:38:00
509461,2024-10-09 11:48:00,1240,P1033,S019,6,0.1,UPI,2024-10-09 13:59:00,2024-11-16 13:59:00
509462,2024-12-18 11:09:00,1051,P1001,S017,8,0.0,Debit Card,2024-12-18 12:20:00,2024-12-22 12:20:00
509463,2024-09-17 00:50:00,1087,P1045,S020,4,0.1,Cash,2024-09-17 03:26:00,2024-10-23 03:26:00
509464,2025-03-27 05:38:00,1188,P1076,S018,4,0.1,Debit Card,2025-03-27 07:33:00,2025-04-06 07:33:00
509465,2025-01-29 22:38:00,1233,P1048,S014,4,0.1,net banking,2025-01-30 01:09:00,2025-02-19 01:09:00
509466,2025-02-06 10:42:00,1080,P1064,S022,1,0.2,Wallet,2025-02-06 10:44:00,2025-02-09 10:44:00
509467,2025-08-03 05:38:00,1234,P1138,S006,7,0.15,UPI,2025-08-03 07:14:00,2025-09-15 07:14:00
509468,2026-03-19 16:08:00,1320,P1007,S009,1,0.15,Credit Card,2026-03-19 18:19:00,2026-04-08 18:19:00
509469,2023-04-19 18:40:00,1113,P1073,S004,1,0.05,Credit Card,2023-04-19 19:58:00,2023-06-13 19:58:00
509470,2023-02-05 03:50:00,1027,P1029,S003,4,0.05,Cash,2023-02-05 06:39:00,2023-02-17 06:39:00
509471,2024-05-10 07:38:00,1210,P1132,S010,7,0.15,Cash,2024-05-10 09:55:00,2024-06-14 09:55:00
509472,2025-12-22 12:30:00,1377,P1132,S004,6,0.05,Net Banking,2025-12-22 13:21:00,2026-01-08 13:21:00
509473,2023-06-26 05:10:00,1008,P1066,S007,7,0.0,Debit Card,2023-06-26 05:30:00,2023-08-03 05:30:00
509474,2025-05-09 18:03:00,1122,P1106,S023,5,0.1,Debit Card,2025-05-09 19:11:00,2025-06-26 19:11:00
509475,2025-02-18 19:16:00,1332,P1017,S023,2,0.0,Cash,2025-02-18 20:33:00,2025-02-26 20:33:00
509476,2025-06-26 00:39:00,1023,P1093,S007,1,0.05,Credit Card,2025-06-26 03:15:00,2025-08-05 03:15:00
509477,2025-04-19 20:05:00,1324,P1143,S015,2,0.0,Debit Card,2025-04-19 21:31:00,2025-04-25 21:31:00
509478,2023-02-10 21:53:00,1477,P1110,S009,7,0.05,Net Banking,2023-02-10 23:11:00,2023-02-27 23:11:00
509479,2026-03-27 17:37:00,1265,P1080,S002,2,0.1,Wallet,2026-03-27 18:15:00,2026-04-05 18:15:00
509480,2024-06-09 23:40:00,1249,P1147,S002,6,0.15,Wallet,2024-06-10 02:17:00,2024-08-03 02:17:00
509481,2024-03-25 10:32:00,1487,P1069,S004,7,0.05,UPI,2024-03-25 10:47:00,2024-04-15 10:47:00
509482,2025-11-13 19:45:00,1431,P1114,S012,1,0.0,Cash,2025-11-13 20:25:00,2026-01-09 20:25:00
509483,2026-03-04 05:06:00,1313,P1007,S022,1,0.1,UPI,2026-03-04 06:31:00,2026-03-16 06:31:00
509484,2025-05-03 22:30:00,1258,P1032,S025,8,0.2,Net Banking,2025-05-03 23:43:00,2025-06-21 23:43:00
509485,2026-03-09 01:12:00,1120,P1009,S008,4,0.15,Debit Card,2026-03-09 04:05:00,2026-04-18 04:05:00
509486,2025-11-12 03:49:00,1001,P1026,S005,2,0.15,UPI,2025-11-12 04:44:00,2025-12-26 04:44:00
509487,2024-08-05 09:37:00,1237,P1018,S018,2,0.05,Debit Card,2024-08-05 10:59:00,2024-09-30 10:59:00
509488,2023-08-22 01:11:00,1224,P1031,S013,2,0.2,Debit Card,2023-08-22 03:43:00,2023-08-23 03:43:00
509489,2024-03-11 13:04:00,1256,P1008,S015,7,0.2,Cash,2024-03-11 13:18:00,2024-04-06 13:18:00
509490,2025-09-12 00:11:00,1271,P1032,S005,8,0.0,Cash,2025-09-12 01:34:00,2025-10-27 01:34:00
509491,2025-09-12 07:50:00,1276,P1084,S023,8,0.2,UPI,2025-09-12 08:30:00,2025-10-07 08:30:00
509492,2023-05-04 11:47:00,1304,P1075,S003,7,0.2,Cash,2023-05-04 12:19:00,2023-06-05 12:19:00
509493,2024-04-23 02:32:00,1065,P1082,S014,8,0.15,Wallet,2024-04-23 04:03:00,2024-05-16 04:03:00
509494,2025-09-19 17:28:00,1483,P1001,S011,5,0.0,UPI,2025-09-19 20:04:00,2025-10-31 20:04:00
509495,2025-05-17 21:47:00,1459,P1024,S003,6,0.05,Debit Card,2025-05-17 23:24:00,2025-06-24 23:24:00
509496,2023-02-12 20:58:00,1393,P1078,S005,7,0.2,Net Banking,2023-02-12 22:19:00,2023-02-21 22:19:00
509497,2025-04-22 21:37:00,1485,P1115,S014,7,0.2,Net Banking,2025-04-22 23:27:00,2025-05-28 23:27:00
509498,2023-01-21 01:29:00,1258,P1031,S013,1,0.1,UPI,2023-01-21 03:51:00,2023-02-01 03:51:00
509499,2024-05-14 15:37:00,1139,P1011,S010,8,0.0,Credit Card,2024-05-14 18:21:00,2024-06-10 18:21:00
509500,2026-02-03 07:19:00,1123,P1018,S004,2,0.1,Debit Card,2026-02-03 07:43:00,2026-02-03 07:43:00
509501,2025-09-19 20:55:00,1036,P1138,S008,1,0.15,Net Banking,2025-09-19 22:58:00,2025-09-22 22:58:00
509502,2024-09-18 19:58:00,1093,P1065,S012,7,0.0,Wallet,2024-09-18 20:03:00,2024-10-20 20:03:00
509503,2024-08-16 07:58:00,1062,P1051,S002,3,0.05,Credit Card,2024-08-16 08:36:00,2024-08-17 08:36:00
509504,2026-03-13 20:15:00,1139,P1014,S008,6,0.15,UPI,2026-03-13 23:01:00,2026-04-04 23:01:00
509505,2024-04-22 06:48:00,1494,P1065,S016,3,0.15,Net Banking,2024-04-22 09:11:00,2024-05-08 09:11:00
509506,2023-05-31 04:50:00,1200,P1081,S021,8,0.05,Debit Card,2023-05-31 05:18:00,2023-07-08 05:18:00
509507,2023-06-24 10:42:00,1195,P1013,S022,7,0.15,UPI,2023-06-24 11:55:00,2023-07-30 11:55:00
509508,2025-07-05 22:27:00,1249,P1024,S005,5,0.05,Debit Card,2025-07-06 00:11:00,2025-07-23 00:11:00
509509,2025-04-09 20:52:00,1135,P1135,S011,5,0.2,Cash,2025-04-09 23:15:00,2025-04-23 23:15:00
509510,2024-11-29 03:43:00,1251,P1134,S002,1,0.1,Net Banking,2024-11-29 05:07:00,2025-01-21 05:07:00
509511,2024-04-20 04:27:00,1242,P1061,S013,1,0.15,Credit Card,2024-04-20 07:11:00,2024-05-27 07:11:00
509512,2023-05-01 02:28:00,1324,P1040,S023,2,0.0,Net Banking,2023-05-01 05:03:00,2023-06-03 05:03:00
509513,2024-11-20 19:11:00,1495,P1063,S023,4,0.05,Net Banking,2024-11-20 21:18:00,2024-12-25 21:18:00
509514,2024-11-11 19:46:00,1422,P1144,S008,5,0.1,UPI,2024-11-11 22:45:00,2024-12-05 22:45:00
509515,2023-06-04 13:54:00,1357,P1015,S013,6,0.0,Debit Card,2023-06-04 16:52:00,2023-06-08 16:52:00
509516,2023-07-12 06:32:00,1392,P1044,S006,7,0.05,Net Banking,2023-07-12 07:10:00,2023-09-09 07:10:00
509517,2024-02-08 12:48:00,1281,P1059,S009,7,0.0,Debit Card,2024-02-08 14:14:00,2024-03-11 14:14:00
509518,2023-11-04 01:46:00,1279,P1037,S011,3,0.15,Wallet,2023-11-04 03:03:00,2023-12-08 03:03:00
509519,2025-08-13 21:38:00,1099,P1130,S017,6,0.0,Debit Card,2025-08-13 21:57:00,2025-09-29 21:57:00
509520,2025-10-27 12:36:00,1020,P1077,S017,8,0.0,Net Banking,2025-10-27 13:48:00,2025-12-22 13:48:00
509521,2025-12-23 04:38:00,1326,P1120,S018,1,0.15,cash,2025-12-23 07:14:00,2025-12-28 07:14:00
509522,2025-05-08 03:59:00,1184,P1133,S024,1,0.15,UPI,2025-05-08 05:31:00,2025-05-24 05:31:00
509523,2025-12-01 14:03:00,1111,P1106,S011,2,0.05,Credit Card,2025-12-01 14:09:00,2025-12-06 14:09:00
509524,2023-01-18 02:26:00,1229,P1101,S020,2,0.05,Cash,2023-01-18 03:17:00,2023-02-10 03:17:00
509525,2024-09-26 20:28:00,1351,P1085,S019,6,0.15,Net Banking,2024-09-26 21:14:00,2024-11-19 21:14:00
509526,2024-07-07 05:51:00,1088,P1034,S017,6,0.05,Debit Card,2024-07-07 06:16:00,2024-08-21 06:16:00
509527,2024-05-29 03:16:00,1049,P1148,S009,3,0.15,Cash,2024-05-29 04:18:00,2024-05-31 04:18:00
509528,2024-04-21 12:12:00,1460,P1028,S012,4,0.0,UPI,2024-04-21 12:50:00,2024-05-11 12:50:00
509529,2024-06-22 20:14:00,1015,P1075,S011,4,0.0,UPI,2024-06-22 20:19:00,2024-07-26 20:19:00
509530,2023-03-16 05:20:00,1152,P1115,S012,5,0.15,Cash,2023-03-16 07:56:00,2023-03-18 07:56:00
509531,2023-06-29 14:06:00,1290,P1083,S003,5,0.15,Net Banking,2023-06-29 15:02:00,2023-07-21 15:02:00
509532,2023-07-31 15:09:00,1243,P1022,S005,8,0.0,Net Banking,2023-07-31 17:19:00,2023-08-19 17:19:00
509533,2023-11-07 15:10:00,1310,P1139,S023,8,0.2,Credit Card,2023-11-07 16:27:00,2023-11-12 16:27:00
509534,2024-05-05 07:13:00,1187,P1089,S022,8,0.15,UPI,2024-05-05 07:27:00,2024-06-01 07:27:00
509535,2024-05-10 11:21:00,1072,P1002,S023,3,0.05,Cash,2024-05-10 11:54:00,2024-06-24 11:54:00
509536,2025-06-08 03:42:00,1487,P1008,S002,2,0.05,Net Banking,2025-06-08 05:47:00,2025-07-07 05:47:00
509537,2023-04-04 17:22:00,1035,P1116,S006,5,0.2,Net Banking,2023-04-04 18:49:00,2023-05-18 18:49:00
509538,2026-02-01 07:14:00,1059,P1024,S019,7,0.2,Credit Card,2026-02-01 10:14:00,2026-03-17 10:14:00
509539,2025-01-12 09:02:00,1347,P1083,S021,7,0.1,upi,2025-01-12 10:36:00,2025-01-20 10:36:00
509540,2025-03-02 00:40:00,1158,P1054,S005,1,0.0,Net Banking,2025-03-02 02:07:00,2025-03-27 02:07:00
509541,2026-01-30 19:21:00,1295,P1018,S011,8,0.05,Cash,2026-01-30 19:23:00,2026-03-22 19:23:00
509542,2024-10-29 00:48:00,1127,P1106,S006,3,0.2,Net Banking,2024-10-29 02:38:00,2024-12-12 02:38:00
509543,2023-12-28 05:21:00,1126,P1131,S013,6,0.05,UPI,2023-12-28 05:24:00,2024-01-19 05:24:00
509544,2023-09-22 06:20:00,1266,P1068,S005,1,0.2,Debit Card,2023-09-22 08:43:00,2023-10-09 08:43:00
509545,2023-07-11 16:17:00,1221,P1041,S025,1,0.1,Credit Card,2023-07-11 17:32:00,2023-07-28 17:32:00
509546,2024-09-22 10:46:00,1449,P1150,S015,3,0.15,Credit Card,2024-09-22 12:53:00,2024-11-01 12:53:00
509547,2023-06-28 07:57:00,1314,P1042,S023,2,0.0,Wallet,2023-06-28 10:48:00,2023-08-21 10:48:00
509548,2025-11-09 01:32:00,1443,P1041,S022,4,0.2,UPI,2025-11-09 04:16:00,2025-12-27 04:16:00
509549,2025-07-26 08:13:00,1176,P1118,S006,1,0.05,Credit Card,2025-07-26 10:28:00,2025-09-22 10:28:00
509550,2023-06-22 21:27:00,1499,P1032,S011,6,0.15,Wallet,2023-06-22 22:52:00,2023-08-17 22:52:00
509551,2025-07-21 07:47:00,1193,P1019,S002,8,0.05,Cash,2025-07-21 08:35:00,2025-08-18 08:35:00
509552,2025-08-16 21:46:00,1367,P1125,S024,7,0.1,Wallet,2025-08-17 00:08:00,2025-10-11 00:08:00
509553,2025-09-28 07:09:00,1014,P1095,S022,8,,Debit Card,2025-09-28 08:23:00,2025-10-24 08:23:00
509554,2023-02-05 04:44:00,1307,P1036,S011,1,0.1,Net Banking,2023-02-05 05:07:00,2023-02-11 05:07:00
509555,2024-03-23 12:45:00,1087,P1085,S025,2,0.15,UPI,2024-03-23 14:58:00,2024-05-17 14:58:00
509556,2023-10-31 08:58:00,1420,P1091,S021,6,0.05,Cash,2023-10-31 11:44:00,2023-12-29 11:44:00
509557,2025-07-18 08:27:00,1468,P1061,S010,5,0.05,Credit Card,2025-07-18 10:52:00,2025-08-30 10:52:00
509558,2023-09-27 05:35:00,1427,P1044,S003,4,0.0,Credit Card,2023-09-27 06:24:00,2023-10-25 06:24:00
509559,2025-10-09 06:11:00,1016,P1078,S010,5,0.0,Wallet,2025-10-09 06:43:00,2025-11-28 06:43:00
509560,2023-02-20 00:17:00,1154,P1074,S009,7,0.05,Credit Card,2023-02-20 01:47:00,2023-03-05 01:47:00
509561,2025-10-20 23:57:00,1069,P1129,S003,8,0.05,Cash,2025-10-21 02:31:00,2025-12-13 02:31:00
509562,2023-12-27 08:49:00,1135,P1120,S015,3,0.0,Debit Card,2023-12-27 09:51:00,2024-01-08 09:51:00
509563,2025-12-26 22:16:00,1489,P1126,S013,3,0.2,Credit Card,2025-12-26 23:29:00,2026-01-10 23:29:00
509564,2024-11-20 21:23:00,1158,P1143,S010,3,0.15,Debit Card,2024-11-20 23:49:00,2024-12-28 23:49:00
509565,2026-03-28 12:23:00,1283,P1127,S014,5,0.0,Credit Card,2026-03-28 13:57:00,2026-05-05 13:57:00
509566,2023-02-20 00:32:00,1419,P1113,S003,1,0.15,Credit Card,2023-02-20 03:26:00,2023-04-11 03:26:00
509567,2024-03-26 10:49:00,1057,P1101,S019,4,0.0,Net Banking,2024-03-26 13:24:00,2024-05-06 13:24:00
509568,2024-01-12 21:54:00,1437,P1071,S025,7,0.1,Net Banking,2024-01-12 23:01:00,2024-02-28 23:01:00
509569,2024-10-21 12:56:00,1344,P1086,S013,7,0.0,Credit Card,2024-10-21 15:55:00,2024-11-14 15:55:00
509570,2023-02-27 15:27:00,1144,P1081,S003,4,0.0,Net Banking,2023-02-27 18:12:00,2023-03-08 18:12:00
509571,2025-04-15 03:54:00,1376,P1058,S010,6,0.15,Net Banking,2025-04-15 04:30:00,2025-05-14 04:30:00
509572,2024-09-25 19:19:00,1286,P1074,S023,5,0.05,Cash,2024-09-25 19:38:00,2024-11-13 19:38:00
509573,2024-10-18 21:17:00,1164,P1058,S015,1,0.1,Cash,2024-10-18 23:45:00,2024-11-27 23:45:00
509574,2024-12-20 08:39:00,1170,P1132,S015,5,0.1,Net Banking,2024-12-20 09:54:00,2024-12-25 09:54:00
509575,2023-09-08 10:42:00,1073,P1041,S024,6,0.0,Wallet,2023-09-08 10:45:00,2023-09-19 10:45:00
509576,2026-01-20 23:23:00,1306,P1113,S013,2,0.0,Cash,2026-01-21 02:12:00,2026-02-25 02:12:00
509577,2024-10-08 11:00:00,1312,P1029,S010,1,0.2,Cash,2024-10-08 13:58:00,2024-11-10 13:58:00
509578,2025-05-14 19:36:00,1191,P1120,S009,1,0.0,Debit Card,2025-05-14 20:06:00,2025-07-04 20:06:00
509579,2025-10-30 21:27:00,1269,P1004,S023,3,0.15,Cash,2025-10-30 23:54:00,2025-11-01 23:54:00
509580,2025-11-19 04:10:00,1008,P1061,S010,3,0.15,Debit Card,2025-11-19 05:15:00,2025-12-25 05:15:00
509581,2025-07-09 16:18:00,1088,P1043,S017,2,0.1,Debit Card,2025-07-09 18:15:00,2025-07-29 18:15:00
509582,2023-06-08 10:25:00,1327,P1077,S020,4,0.15,Credit Card,2023-06-08 11:12:00,2023-07-31 11:12:00
509583,2024-10-08 23:59:00,1470,P1035,S002,5,0.05,UPI,2024-10-09 02:55:00,2024-12-01 02:55:00
509584,2023-07-14 12:03:00,1427,P1107,S008,8,0.1,Net Banking,2023-07-14 13:16:00,2023-07-22 13:16:00
509585,2025-09-09 22:47:00,1482,P1130,S010,7,0.2,Debit Card,2025-09-09 23:33:00,2025-10-15 23:33:00
509586,2025-11-07 10:29:00,1190,P1005,S022,6,0.15,Debit Card,2025-11-07 12:14:00,2025-11-08 12:14:00
509587,2026-03-24 15:23:00,1318,P1042,S019,2,0.2,Net Banking,2026-03-24 16:13:00,2026-05-10 16:13:00
509588,2023-08-08 19:16:00,1144,P1129,S009,7,0.1,Credit Card,2023-08-08 19:26:00,2023-08-30 19:26:00
509589,2023-06-16 22:53:00,1100,P1093,S017,1,0.1,Net Banking,2023-06-17 01:09:00,2023-07-24 01:09:00
509590,2024-02-09 01:28:00,1279,P1036,S022,1,0.1,Debit Card,2024-02-09 03:06:00,2024-04-01 03:06:00
509591,2023-10-06 12:01:00,1143,P1071,S005,2,0.0,cash,2023-10-06 12:37:00,2023-11-23 12:37:00
509592,2024-04-12 16:18:00,1079,P1116,S009,4,0.15,Net Banking,2024-04-12 18:55:00,2024-05-06 18:55:00
509593,2024-09-23 17:23:00,1012,P1018,S008,5,0.05,Credit Card,2024-09-23 17:31:00,2024-10-21 17:31:00
509594,2024-04-11 10:46:00,1013,P1071,S010,1,0.1,Cash,2024-04-11 12:07:00,2024-05-28 12:07:00
509595,2023-08-15 01:52:00,1067,P1009,S017,1,0.05,UPI,2023-08-15 04:41:00,2023-09-11 04:41:00
509596,2023-08-21 20:06:00,1046,P1037,S012,7,,Debit Card,2023-08-21 20:19:00,2023-09-06 20:19:00
509597,2025-03-15 00:08:00,1161,P1012,S020,3,,UPI,2025-03-15 02:52:00,2025-03-25 02:52:00
509598,2023-08-04 19:34:00,1173,P1042,S013,2,0.15,Credit Card,2023-08-04 21:42:00,2023-08-24 21:42:00
509599,2025-11-23 22:08:00,1066,P1097,S004,3,0.1,Net Banking,2025-11-24 00:13:00,2025-11-26 00:13:00
509600,2023-09-18 14:37:00,1208,P1002,S009,1,0.05,Cash,2023-09-18 16:42:00,2023-11-13 16:42:00
509601,2023-08-13 17:55:00,1109,P1004,S004,1,0.0,Net Banking,2023-08-13 20:51:00,2023-10-09 20:51:00
509602,2024-07-10 18:53:00,1176,P1067,S002,1,0.05,Debit Card,2024-07-10 20:22:00,2024-07-19 20:22:00
509603,2023-08-18 21:46:00,1330,P1055,S009,6,0.15,CASH,2023-08-19 00:07:00,2023-09-20 00:07:00
509604,2024-08-04 18:19:00,1339,P1117,S020,3,0.15,Wallet,2024-08-04 20:12:00,2024-09-05 20:12:00
509605,2023-05-25 02:25:00,1354,P1021,S014,5,0.15,Cash,2023-05-25 05:11:00,2023-07-13 05:11:00
509606,2025-03-15 21:40:00,1223,P1111,S008,2,0.2,Net Banking,2025-03-15 22:35:00,2025-03-26 22:35:00
509607,2023-10-05 19:28:00,1329,P1118,S013,3,0.1,Debit Card,2023-10-05 21:36:00,2023-11-26 21:36:00
509608,2025-11-30 20:19:00,1164,P1023,S013,7,0.05,Cash,2025-11-30 22:28:00,2026-01-22 22:28:00
509609,2024-04-01 10:28:00,1355,P1131,S025,5,0.1,Credit Card,2024-04-01 11:50:00,2024-04-19 11:50:00
509610,2024-09-05 00:52:00,1403,P1029,S014,4,0.05,UPI,2024-09-05 02:20:00,2024-09-22 02:20:00
509611,2024-06-27 05:07:00,1394,P1079,S015,3,0.05,Net Banking,2024-06-27 07:58:00,2024-08-11 07:58:00
509612,2023-03-08 06:10:00,1475,P1084,S011,5,0.1,UPI,2023-03-08 08:05:00,2023-03-11 08:05:00
509613,2023-12-13 15:18:00,1477,P1045,S009,4,,UPI,2023-12-13 15:41:00,2024-02-08 15:41:00
509614,2024-11-10 16:37:00,1016,P1122,S020,1,0.1,Wallet,2024-11-10 19:18:00,2024-11-20 19:18:00
509615,2023-11-03 12:59:00,1050,P1063,S013,8,0.15,Credit Card,2023-11-03 15:52:00,2023-11-30 15:52:00
509616,2024-09-20 20:57:00,1068,P1138,S011,3,0.2,Debit Card,2024-09-20 23:10:00,2024-10-13 23:10:00
509617,2025-11-17 00:13:00,1049,P1039,S001,2,0.05,Wallet,2025-11-17 03:11:00,2025-12-30 03:11:00
509618,2023-12-11 23:30:00,1263,P1087,S012,7,0.1,Wallet,2023-12-12 02:04:00,2024-01-06 02:04:00
509619,2023-11-18 02:47:00,1473,P1126,S024,1,0.0,Credit Card,2023-11-18 03:09:00,2023-12-18 03:09:00
509620,2025-10-22 03:55:00,1499,P1145,S007,1,0.05,UPI,2025-10-22 04:09:00,2025-11-11 04:09:00
509621,2025-02-12 09:51:00,1256,P1006,S006,2,0.1,Net Banking,2025-02-12 10:22:00,2025-03-08 10:22:00
509622,2024-01-16 20:48:00,1408,P1120,S017,4,0.1,UPI,2024-01-16 23:26:00,2024-01-19 23:26:00
509623,2023-07-25 00:29:00,1069,P1090,S022,1,0.05,UPI,2023-07-25 02:26:00,2023-09-05 02:26:00
509624,2023-04-03 18:34:00,1112,P1015,S021,7,0.0,Net Banking,2023-04-03 20:00:00,2023-05-10 20:00:00
509625,2024-07-11 06:32:00,1425,P1024,S008,6,0.05,Net Banking,2024-07-11 09:14:00,2024-07-20 09:14:00
509626,2024-07-11 02:43:00,1061,P1132,S025,8,0.05,Cash,2024-07-11 05:29:00,2024-09-06 05:29:00
509627,2024-07-10 05:38:00,1409,P1022,S015,6,0.15,UPI,2024-07-10 06:27:00,2024-07-24 06:27:00
509628,2024-01-24 13:12:00,1186,P1098,S021,6,0.1,Debit Card,2024-01-24 13:41:00,2024-01-31 13:41:00
509629,2023-06-04 23:59:00,1031,P1140,S018,6,0.1,Cash,2023-06-05 01:56:00,2023-07-10 01:56:00
509630,2025-03-15 07:16:00,1362,P1111,S006,6,0.05,UPI,2025-03-15 07:47:00,2025-05-01 07:47:00
509631,2025-05-24 08:01:00,1358,P1054,S015,4,0.2,Credit Card,2025-05-24 10:46:00,2025-06-04 10:46:00
509632,2023-04-21 23:17:00,1472,P1119,S009,2,0.05,Net Banking,2023-04-22 00:51:00,2023-06-06 00:51:00
509633,2026-02-12 13:01:00,1128,P1122,S016,1,0.1,Debit Card,2026-02-12 15:50:00,2026-03-29 15:50:00
509634,2023-11-16 10:50:00,1043,P1122,S021,1,0.05,Cash,2023-11-16 11:46:00,2024-01-15 11:46:00
509635,2025-08-06 15:11:00,1424,P1118,S022,8,0.05,Net Banking,2025-08-06 15:36:00,2025-10-05 15:36:00
509636,2025-07-18 16:09:00,1005,P1013,S021,4,0.0,Wallet,2025-07-18 17:48:00,2025-08-08 17:48:00
509637,2023-12-17 06:23:00,1383,P1060,S014,7,0.05,Debit Card,2023-12-17 07:35:00,2024-01-18 07:35:00
509638,2024-04-10 19:24:00,1282,P1054,S005,4,0.2,Debit Card,2024-04-10 21:29:00,2024-04-17 21:29:00
509639,2024-02-09 00:09:00,1173,P1146,S012,3,0.05,Credit Card,2024-02-09 00:27:00,2024-03-01 00:27:00
509640,2024-04-24 03:21:00,1496,P1021,S002,6,0.0,net banking,2024-04-24 05:53:00,2024-06-08 05:53:00
509641,2024-11-17 01:41:00,1291,P1124,S005,3,0.2,UPI,2024-11-17 03:44:00,2025-01-06 03:44:00
509642,2023-04-12 23:35:00,1286,P1130,S015,1,0.2,Net Banking,2023-04-13 02:03:00,2023-04-20 02:03:00
509643,2026-02-18 10:03:00,1026,P1057,S017,2,0.0,Wallet,2026-02-18 10:13:00,2026-04-17 10:13:00
509644,2024-03-29 04:57:00,1205,P1006,S019,7,0.0,Credit Card,2024-03-29 05:05:00,2024-04-12 05:05:00
509645,2024-04-09 15:17:00,1442,P1019,S006,7,0.2,UPI,2024-04-09 17:41:00,2024-05-04 17:41:00
509646,2025-07-11 04:50:00,1474,P1121,S020,4,0.1,debit card,2025-07-11 06:58:00,2025-07-14 06:58:00
509647,2025-05-29 19:24:00,1328,P1149,S004,1,0.05,Credit Card,2025-05-29 21:59:00,2025-05-29 21:59:00
509648,2023-06-12 18:48:00,1298,P1130,S002,5,0.1,Cash,2023-06-12 19:49:00,2023-07-10 19:49:00
509649,2023-01-05 00:31:00,1042,P1065,S019,3,0.05,Debit Card,2023-01-05 02:58:00,2023-03-03 02:58:00
509650,2023-11-23 01:11:00,1108,P1014,S010,8,0.2,UPI,2023-11-23 03:15:00,2024-01-17 03:15:00
509651,2024-11-03 10:49:00,1153,P1072,S008,1,0.0,UPI,2024-11-03 11:00:00,2024-11-09 11:00:00
509652,2023-05-18 20:56:00,1015,P1089,S004,3,0.0,UPI,2023-05-18 22:45:00,2023-06-18 22:45:00
509653,2025-08-29 10:15:00,1182,P1076,S022,3,0.05,Cash,2025-08-29 11:37:00,2025-09-10 11:37:00
509654,2025-01-28 21:13:00,1191,P1137,S009,2,0.05,Wallet,2025-01-28 23:15:00,2025-02-19 23:15:00
509655,2026-01-30 05:24:00,1157,P1146,S003,5,0.2,Debit Card,2026-01-30 06:43:00,2026-02-10 06:43:00
509656,2025-03-27 03:32:00,1426,P1104,S011,6,0.1,Wallet,2025-03-27 06:09:00,2025-04-14 06:09:00
509657,2025-06-20 07:52:00,1480,P1146,S008,1,0.0,Cash,2025-06-20 10:30:00,2025-07-25 10:30:00
509658,2023-09-01 05:30:00,1153,P1047,S013,3,0.2,UPI,2023-09-01 08:05:00,2023-09-10 08:05:00
509659,2023-05-16 10:53:00,1062,P1108,S018,3,0.05,Credit Card,2023-05-16 10:58:00,2023-06-13 10:58:00
509660,2023-08-30 15:07:00,1194,P1119,S011,4,0.0,UPI,2023-08-30 15:28:00,2023-09-16 15:28:00
509661,2024-10-06 15:03:00,1230,P1010,S004,5,0.05,Wallet,2024-10-06 16:27:00,2024-10-28 16:27:00
509662,2023-02-15 04:49:00,1365,P1101,S015,2,0.2,Credit Card,2023-02-15 06:42:00,2023-04-09 06:42:00
509663,2024-07-15 08:00:00,1073,P1137,S008,3,0.1,Credit Card,2024-07-15 09:11:00,2024-09-11 09:11:00
509664,2023-02-23 01:38:00,1042,P1010,S017,5,0.05,Net Banking,2023-02-23 03:02:00,2023-03-12 03:02:00
509665,2025-08-16 19:44:00,1201,P1076,S005,7,0.05,Wallet,2025-08-16 21:28:00,2025-09-15 21:28:00
509666,2024-04-13 22:13:00,1081,P1092,S014,3,0.0,Credit Card,2024-04-13 22:44:00,2024-04-25 22:44:00
509667,2025-08-11 08:05:00,1007,P1086,S012,2,0.15,Wallet,2025-08-11 11:01:00,2025-08-30 11:01:00
509668,2023-09-21 23:38:00,1468,P1039,S020,2,0.15,UPI,2023-09-22 01:37:00,2023-10-21 01:37:00
509669,2025-05-11 18:14:00,1425,P1107,S003,8,0.1,Cash,2025-05-11 19:25:00,2025-06-16 19:25:00
509670,2024-05-31 17:28:00,1431,P1129,S006,1,0.15,Wallet,2024-05-31 20:08:00,2024-07-15 20:08:00
509671,2024-11-08 23:45:00,1256,P1087,S016,1,0.1,Wallet,2024-11-09 00:23:00,2024-11-12 00:23:00
509672,2025-02-26 08:34:00,1453,P1119,S003,6,0.05,UPI,2025-02-26 11:27:00,2025-03-10 11:27:00
509673,2024-01-30 15:26:00,1058,P1125,S009,2,0.15,Cash,2024-01-30 16:14:00,2024-03-13 16:14:00
509674,2024-06-01 07:06:00,1377,P1139,S006,8,0.05,Debit Card,2024-06-01 07:43:00,2024-06-08 07:43:00
509675,2026-03-01 13:29:00,1341,P1128,S011,4,0.0,Cash,2026-03-01 14:26:00,2026-03-19 14:26:00
509676,2026-02-24 09:44:00,1218,P1065,S015,6,0.15,UPI,2026-02-24 10:04:00,2026-04-17 10:04:00
509677,2023-08-10 10:29:00,1142,P1027,S012,8,0.2,Cash,2023-08-10 13:25:00,2023-09-02 13:25:00
509678,2023-09-03 21:16:00,1480,P1047,S008,5,0.05,Wallet,2023-09-03 21:54:00,2023-10-08 21:54:00
509679,2026-01-25 05:03:00,1270,P1129,S014,3,0.05,Credit Card,2026-01-25 07:41:00,2026-02-22 07:41:00
509680,2024-10-29 07:54:00,1092,P1039,S004,4,0.05,Wallet,2024-10-29 09:04:00,2024-12-14 09:04:00
509681,2026-02-14 13:59:00,1356,P1150,S022,8,0.05,Credit Card,2026-02-14 16:16:00,2026-03-17 16:16:00
509682,2024-11-02 18:58:00,1302,P1100,S002,4,0.2,Debit Card,2024-11-02 21:21:00,2024-12-12 21:21:00
509683,2025-10-09 11:34:00,1260,P1063,S010,5,0.05,Credit Card,2025-10-09 13:09:00,2025-11-17 13:09:00
509684,2025-11-21 01:49:00,1132,P1004,S020,5,0.1,UPI,2025-11-21 02:14:00,2025-12-29 02:14:00
509685,2025-06-18 14:37:00,1056,P1126,S003,6,0.1,Net Banking,2025-06-18 14:42:00,2025-08-01 14:42:00
509686,2024-06-20 18:54:00,1191,P1064,S022,7,0.05,Credit Card,2024-06-20 20:15:00,2024-06-23 20:15:00
509687,2025-06-02 21:00:00,1214,P1143,S006,7,0.05,Cash,2025-06-02 22:53:00,2025-07-24 22:53:00
509688,2024-08-03 22:01:00,1431,P1084,S019,7,0.1,Cash,2024-08-03 23:38:00,2024-09-04 23:38:00
509689,2025-01-17 04:51:00,1444,P1124,S005,5,0.2,Net Banking,2025-01-17 05:08:00,2025-02-07 05:08:00
509690,2024-11-09 12:45:00,1492,P1072,S014,5,0.05,Net Banking,2024-11-09 14:25:00,2024-11-29 14:25:00
509691,2025-11-10 18:37:00,1307,P1056,S001,8,0.0,UPI,2025-11-10 20:37:00,2025-12-23 20:37:00
509692,2024-07-29 12:26:00,1369,P1093,S022,3,0.05,Wallet,2024-07-29 14:12:00,2024-08-01 14:12:00
509693,2025-04-20 23:06:00,1154,P1125,S004,4,0.0,Debit Card,2025-04-20 23:40:00,2025-06-10 23:40:00
509694,2023-11-26 00:25:00,1014,P1145,S003,2,0.15,Wallet,2023-11-26 01:33:00,2024-01-10 01:33:00
509695,2023-01-29 12:27:00,1163,P1076,S017,2,0.0,Credit Card,2023-01-29 14:51:00,2023-02-12 14:51:00
509696,2023-06-28 03:16:00,1302,P1023,S011,6,0.2,UPI,2023-06-28 03:23:00,2023-08-23 03:23:00
509697,2025-04-01 15:57:00,1111,P1060,S020,8,0.0,Debit Card,2025-04-01 16:46:00,2025-05-04 16:46:00
509698,2025-11-25 06:20:00,1489,P1061,S006,8,0.15,UPI,2025-11-25 08:04:00,2026-01-18 08:04:00
509699,2024-03-14 12:04:00,1077,P1130,S017,8,0.1,Credit Card,2024-03-14 14:33:00,2024-03-28 14:33:00
509700,2024-10-11 14:27:00,1242,P1090,S022,3,0.15,DEBIT CARD,2024-10-11 16:46:00,2024-12-02 16:46:00
509701,2024-05-26 14:59:00,1255,P1126,S024,6,0.05,Debit Card,2024-05-26 17:31:00,2024-07-08 17:31:00
509702,2024-09-14 04:06:00,1392,P1031,S014,5,0.2,Wallet,2024-09-14 06:03:00,2024-09-19 06:03:00
509703,2024-11-12 18:35:00,1383,P1097,S007,5,0.2,Debit Card,2024-11-12 19:18:00,2025-01-05 19:18:00
509704,2024-10-03 19:59:00,1357,P1055,S015,6,0.1,Net Banking,2024-10-03 20:09:00,2024-10-23 20:09:00
509705,2023-04-23 08:38:00,1361,P1031,S025,2,0.1,UPI,2023-04-23 11:19:00,2023-05-14 11:19:00
509706,2023-01-22 02:00:00,1376,P1137,S015,3,0.15,Net Banking,2023-01-22 04:21:00,2023-03-02 04:21:00
509707,2023-02-05 11:57:00,1158,P1116,S004,4,0.15,Credit Card,2023-02-05 14:35:00,2023-03-27 14:35:00
509708,2023-09-17 12:52:00,1218,P1096,S025,2,0.2,Credit Card,2023-09-17 15:49:00,2023-10-11 15:49:00
509709,2025-08-25 22:00:00,1138,P1127,S024,4,0.0,credit card,2025-08-25 22:48:00,2025-10-01 22:48:00
509710,2024-11-05 08:39:00,1254,P1090,S004,5,0.2,Wallet,2024-11-05 10:45:00,2024-11-07 10:45:00
509711,2025-10-09 13:31:00,1030,P1040,S018,7,0.15,Debit Card,2025-10-09 14:50:00,2025-10-12 14:50:00
509712,2023-07-15 13:50:00,1233,P1062,S025,2,0.2,Net Banking,2023-07-15 13:57:00,2023-09-12 13:57:00
509713,2025-01-06 01:53:00,1476,P1122,S018,3,0.1,Debit Card,2025-01-06 03:02:00,2025-03-04 03:02:00
509714,2025-02-28 21:26:00,1451,P1139,S021,3,0.1,UPI,2025-02-28 21:52:00,2025-03-11 21:52:00
509715,2025-12-01 04:35:00,1375,P1034,S015,5,0.0,Cash,2025-12-01 07:26:00,2025-12-29 07:26:00
509716,2024-09-28 15:51:00,1270,P1115,S002,5,0.1,Net Banking,2024-09-28 16:02:00,2024-11-01 16:02:00
509717,2023-06-17 20:26:00,1247,P1049,S001,3,0.15,Wallet,2023-06-17 23:16:00,2023-06-18 23:16:00
509718,2025-01-12 20:34:00,1132,P1049,S005,1,0.1,UPI,2025-01-12 22:41:00,2025-02-18 22:41:00
509719,2023-03-04 01:49:00,1341,P1069,S022,4,0.15,Debit Card,2023-03-04 04:21:00,2023-04-23 04:21:00
509720,2025-05-27 23:00:00,1143,P1089,S009,3,0.05,Credit Card,2025-05-28 01:05:00,2025-06-18 01:05:00
509721,2024-03-10 13:00:00,1359,P1065,S007,5,0.15,Credit Card,2024-03-10 14:46:00,2024-04-28 14:46:00
509722,2025-05-24 18:44:00,1081,P1027,S011,3,0.2,Wallet,2025-05-24 21:33:00,2025-06-07 21:33:00
509723,2026-03-30 11:36:00,1381,P1116,S021,1,0.2,Net Banking,2026-03-30 13:17:00,2026-04-04 13:17:00
509724,2025-01-04 08:34:00,1262,P1036,S014,5,0.2,Wallet,2025-01-04 09:02:00,2025-02-08 09:02:00
509725,2023-01-30 21:37:00,1360,P1047,S012,5,0.15,Credit Card,2023-01-30 22:41:00,2023-02-04 22:41:00
509726,2024-09-02 13:13:00,1389,P1051,S010,6,0.2,Wallet,2024-09-02 14:07:00,2024-09-04 14:07:00
509727,2024-08-07 00:37:00,1476,P1071,S007,1,0.2,Net Banking,2024-08-07 03:25:00,2024-09-23 03:25:00
509728,2024-08-30 07:40:00,1211,P1108,S023,5,0.15,Wallet,2024-08-30 09:31:00,2024-10-24 09:31:00
509729,2023-03-21 10:19:00,1050,P1149,S019,7,0.0,Credit Card,2023-03-21 13:14:00,2023-04-20 13:14:00
509730,2023-04-05 13:38:00,1355,P1014,S016,2,0.05,upi,2023-04-05 15:10:00,2023-05-05 15:10:00
509731,2025-10-26 00:56:00,1335,P1131,S016,6,0.05,Cash,2025-10-26 01:35:00,2025-12-07 01:35:00
509732,2023-10-01 23:17:00,1431,P1107,S019,6,0.05,Debit Card,2023-10-02 00:36:00,2023-10-03 00:36:00
509733,2023-05-31 15:05:00,1444,P1031,S018,3,0.05,UPI,2023-05-31 17:04:00,2023-06-07 17:04:00
509734,2024-05-22 03:28:00,1193,P1018,S007,3,0.2,UPI,2024-05-22 04:05:00,2024-06-05 04:05:00
509735,2023-02-13 01:48:00,1172,P1077,S001,8,0.1,Net Banking,2023-02-13 02:14:00,2023-03-23 02:14:00
509736,2024-12-27 00:13:00,1212,P1114,S001,6,0.15,Cash,2024-12-27 01:05:00,2025-01-12 01:05:00
509737,2024-02-17 12:42:00,1495,P1073,S002,3,0.05,Cash,2024-02-17 13:50:00,2024-02-24 13:50:00
509738,2024-12-14 13:51:00,1003,P1070,S017,5,0.15,UPI,2024-12-14 14:35:00,2025-01-30 14:35:00
509739,2026-02-15 01:09:00,1077,P1056,S019,5,0.05,Cash,2026-02-15 03:23:00,2026-03-19 03:23:00
509740,2025-08-19 04:06:00,1105,P1018,S018,6,0.0,Wallet,2025-08-19 04:24:00,2025-09-20 04:24:00
509741,2025-09-13 10:41:00,1497,P1123,S006,1,0.1,Net Banking,2025-09-13 11:42:00,2025-09-15 11:42:00
509742,2025-04-09 17:06:00,1028,P1072,S003,3,0.2,Wallet,2025-04-09 19:26:00,2025-04-18 19:26:00
509743,2023-10-12 10:02:00,1456,P1143,S021,4,0.05,UPI,2023-10-12 11:48:00,2023-12-05 11:48:00
509744,2024-06-07 22:41:00,1188,P1108,S021,7,,UPI,2024-06-08 01:39:00,2024-06-25 01:39:00
509745,2024-09-25 13:35:00,1004,P1071,S024,2,0.0,Debit Card,2024-09-25 15:39:00,2024-11-13 15:39:00
509746,2023-09-05 13:45:00,1174,P1081,S007,3,0.0,Net Banking,2023-09-05 15:32:00,2023-10-12 15:32:00
509747,2023-07-22 22:06:00,1495,P1074,S013,5,0.2,Wallet,2023-07-23 00:59:00,2023-07-31 00:59:00
509748,2026-02-12 01:28:00,1276,P1013,S016,1,0.15,Cash,2026-02-12 03:45:00,2026-04-08 03:45:00
509749,2024-04-25 00:36:00,1122,P1043,S006,3,0.2,Credit Card,2024-04-25 02:59:00,2024-06-23 02:59:00
509750,2023-09-05 20:00:00,1442,P1090,S005,4,0.1,Wallet,2023-09-05 20:35:00,2023-09-12 20:35:00
509751,2025-12-13 09:56:00,1364,P1028,S019,4,0.05,credit card,2025-12-13 10:27:00,2026-01-11 10:27:00
509752,2024-11-09 14:05:00,1308,P1024,S017,6,0.0,Cash,2024-11-09 15:57:00,2024-12-07 15:57:00
509753,2024-09-19 03:38:00,1255,P1058,S005,1,0.05,Cash,2024-09-19 05:34:00,2024-11-02 05:34:00
509754,2023-01-26 15:57:00,1149,P1149,S023,8,0.0,Credit Card,2023-01-26 16:26:00,2023-03-20 16:26:00
509755,2025-07-15 16:45:00,1143,P1096,S016,7,0.15,Cash,2025-07-15 17:52:00,2025-09-02 17:52:00
509756,2024-03-15 03:47:00,1360,P1054,S022,2,0.2,Credit Card,2024-03-15 04:59:00,2024-03-22 04:59:00
509757,2024-03-05 05:11:00,1154,P1127,S025,1,0.0,UPI,2024-03-05 06:09:00,2024-04-11 06:09:00
509758,2024-12-22 00:58:00,1059,P1093,S013,7,0.05,Cash,2024-12-22 02:47:00,2025-01-19 02:47:00
509759,2025-12-26 22:20:00,1270,P1016,S003,1,0.2,Wallet,2025-12-27 00:10:00,2026-01-29 00:10:00
509760,2025-10-04 06:16:00,1096,P1013,S009,6,0.0,Debit Card,2025-10-04 08:32:00,2025-11-16 08:32:00
509761,2025-10-05 06:08:00,1203,P1051,S002,6,0.15,Credit Card,2025-10-05 07:52:00,2025-11-14 07:52:00
509762,2024-12-31 23:37:00,1067,P1053,S016,1,0.2,UPI,2025-01-01 01:30:00,2025-01-10 01:30:00
509763,2024-07-05 09:10:00,1275,P1133,S009,6,0.2,Credit Card,2024-07-05 11:59:00,2024-08-15 11:59:00
509764,2023-07-11 21:48:00,1148,P1100,S025,1,0.2,UPI,2023-07-11 23:37:00,2023-07-11 23:37:00
509765,2024-01-20 06:00:00,1088,P1101,S024,3,0.2,Credit Card,2024-01-20 08:06:00,2024-02-18 08:06:00
509766,2025-10-31 14:22:00,1152,P1092,S008,3,0.2,Credit Card,2025-10-31 14:35:00,2025-12-29 14:35:00
509767,2024-09-11 17:23:00,1263,P1016,S005,6,0.15,Cash,2024-09-11 20:16:00,2024-10-26 20:16:00
509768,2026-02-08 11:32:00,1309,P1123,S005,6,0.0,UPI,2026-02-08 14:01:00,2026-02-20 14:01:00
509769,2026-01-02 19:26:00,1045,P1119,S006,6,0.1,UPI,2026-01-02 21:17:00,2026-01-21 21:17:00
509770,2025-12-29 18:23:00,1118,P1072,S012,4,0.1,Debit Card,2025-12-29 21:10:00,2026-01-18 21:10:00
509771,2023-12-11 06:52:00,1188,P1044,S004,5,0.15,UPI,2023-12-11 09:06:00,2024-01-27 09:06:00
509772,2023-06-07 22:05:00,1189,P1089,S020,8,0.2,Wallet,2023-06-07 22:19:00,2023-07-23 22:19:00
509773,2024-07-29 05:10:00,1142,P1027,S008,3,0.1,Credit Card,2024-07-29 06:13:00,2024-09-17 06:13:00
509774,2025-04-27 22:58:00,1315,P1138,S020,4,0.15,Debit Card,2025-04-27 23:40:00,2025-05-29 23:40:00
509775,2023-08-24 19:22:00,1367,P1071,S012,7,0.0,Credit Card,2023-08-24 21:07:00,2023-09-13 21:07:00
509776,2024-12-16 12:24:00,1253,P1050,S019,7,0.1,UPI,2024-12-16 12:55:00,2025-01-24 12:55:00
509777,2025-09-07 12:42:00,1341,P1087,S015,1,0.15,CASH,2025-09-07 15:22:00,2025-10-23 15:22:00
509778,2024-06-27 18:06:00,1026,P1049,S005,6,0.2,Wallet,2024-06-27 18:50:00,2024-06-27 18:50:00
509779,2025-02-18 12:12:00,1091,P1021,S014,8,0.0,Net Banking,2025-02-18 14:15:00,2025-02-19 14:15:00
509780,2023-05-14 04:57:00,1214,P1119,S004,8,,Net Banking,2023-05-14 07:57:00,2023-06-10 07:57:00
509781,2023-10-06 06:13:00,1252,P1025,S007,1,0.05,Wallet,2023-10-06 08:13:00,2023-11-13 08:13:00
509782,2025-09-14 02:42:00,1111,P1056,S005,7,0.2,UPI,2025-09-14 04:12:00,2025-09-19 04:12:00
509783,2023-07-09 17:31:00,1401,P1108,S008,8,0.15,Credit Card,2023-07-09 20:11:00,2023-07-21 20:11:00
509784,2025-09-13 09:10:00,1380,P1103,S002,1,0.05,UPI,2025-09-13 09:22:00,2025-10-17 09:22:00
509785,2023-08-15 04:43:00,1040,P1104,S021,5,0.1,Wallet,2023-08-15 05:59:00,2023-10-06 05:59:00
509786,2025-07-22 19:26:00,1081,P1066,S018,4,0.05,Credit Card,2025-07-22 21:39:00,2025-08-25 21:39:00
509787,2023-06-17 14:40:00,1277,P1078,S022,8,0.1,UPI,2023-06-17 15:46:00,2023-08-09 15:46:00
509788,2025-02-06 04:51:00,1107,P1025,S010,8,0.1,Debit Card,2025-02-06 04:54:00,2025-03-27 04:54:00
509789,2025-11-25 23:33:00,1195,P1022,S016,5,0.15,Credit Card,2025-11-25 23:39:00,2026-01-14 23:39:00
509790,2025-11-19 07:47:00,1218,P1073,S016,2,0.2,Credit Card,2025-11-19 09:28:00,2026-01-08 09:28:00
509791,2024-08-05 08:39:00,1181,P1098,S010,8,0.05,Debit Card,2024-08-05 11:15:00,2024-09-07 11:15:00
509792,2025-01-21 07:52:00,1351,P1095,S011,7,0.0,Debit Card,2025-01-21 09:40:00,2025-02-10 09:40:00
509793,2023-12-30 06:12:00,1377,P1036,S011,2,0.15,Net Banking,2023-12-30 08:24:00,2024-02-05 08:24:00
509794,2023-09-08 07:45:00,1474,P1007,S014,4,0.0,Wallet,2023-09-08 10:26:00,2023-10-30 10:26:00
509795,2024-01-09 19:08:00,1018,P1062,S009,2,0.05,Debit Card,2024-01-09 21:22:00,2024-01-30 21:22:00
509796,2023-03-17 15:47:00,1201,P1120,S003,6,0.0,DEBIT CARD,2023-03-17 15:58:00,2023-05-11 15:58:00
509797,2023-11-20 11:50:00,1393,P1141,S024,7,0.05,UPI,2023-11-20 14:50:00,2024-01-04 14:50:00
509798,2025-09-28 01:00:00,1474,P1130,S003,4,0.05,Net Banking,2025-09-28 03:09:00,2025-10-28 03:09:00
509799,2023-06-12 03:53:00,1058,P1137,S023,3,0.15,Net Banking,2023-06-12 04:21:00,2023-08-04 04:21:00
509800,2026-01-19 22:19:00,1332,P1129,S005,8,0.05,Debit Card,2026-01-19 22:34:00,2026-02-11 22:34:00
509801,2025-01-21 19:39:00,1182,P1141,S019,3,0.0,Net Banking,2025-01-21 21:52:00,2025-02-14 21:52:00
509802,2024-12-30 16:50:00,1390,P1082,S011,1,0.05,Wallet,2024-12-30 17:36:00,2025-01-16 17:36:00
509803,2023-07-13 13:50:00,1023,P1124,S024,4,0.05,Debit Card,2023-07-13 14:50:00,2023-09-03 14:50:00
509804,2026-01-10 10:29:00,1178,P1019,S005,3,0.1,Credit Card,2026-01-10 13:09:00,2026-03-04 13:09:00
509805,2025-10-09 13:41:00,1265,P1080,S017,3,,Credit Card,2025-10-09 16:11:00,2025-12-04 16:11:00
509806,2024-06-17 02:53:00,1140,P1034,S001,8,0.0,Wallet,2024-06-17 03:08:00,2024-07-31 03:08:00
509807,2023-03-22 02:47:00,1215,P1057,S008,2,0.2,Wallet,2023-03-22 05:27:00,2023-04-13 05:27:00
509808,2023-03-26 20:49:00,1359,P1128,S013,5,0.1,Net Banking,2023-03-26 22:50:00,2023-04-17 22:50:00
509809,2024-02-23 21:11:00,1296,P1051,S007,1,0.15,Debit Card,2024-02-23 21:48:00,2024-04-17 21:48:00
509810,2023-11-29 06:09:00,1126,P1023,S025,1,0.1,Net Banking,2023-11-29 08:29:00,2024-01-06 08:29:00
509811,2026-02-23 17:03:00,1153,P1070,S002,7,0.05,Cash,2026-02-23 18:50:00,2026-03-31 18:50:00
509812,2023-10-11 02:57:00,1222,P1111,S025,2,0.1,net banking,2023-10-11 05:46:00,2023-10-24 05:46:00
509813,2023-12-22 23:35:00,1139,P1111,S008,3,0.1,Cash,2023-12-23 00:16:00,2024-01-03 00:16:00
509814,2025-06-22 03:26:00,1041,P1117,S011,6,0.1,UPI,2025-06-22 05:59:00,2025-07-30 05:59:00
509815,2024-05-11 06:02:00,1189,P1018,S003,4,0.0,UPI,2024-05-11 08:13:00,2024-05-17 08:13:00
509816,2023-06-14 01:59:00,1323,P1029,S004,5,0.1,Credit Card,2023-06-14 03:24:00,2023-07-19 03:24:00
509817,2024-09-04 20:46:00,1295,P1070,S003,6,0.15,UPI,2024-09-04 21:21:00,2024-09-20 21:21:00
509818,2024-01-31 11:55:00,1197,P1097,S007,1,0.15,Credit Card,2024-01-31 13:13:00,2024-03-23 13:13:00
509819,2025-11-07 14:21:00,1347,P1108,S004,2,0.0,Credit Card,2025-11-07 16:12:00,2025-11-27 16:12:00
509820,2024-08-26 20:40:00,1152,P1011,S003,3,0.15,Credit Card,2024-08-26 23:07:00,2024-08-26 23:07:00
509821,2024-09-18 21:07:00,1445,P1127,S012,1,0.05,Net Banking,2024-09-18 23:44:00,2024-11-16 23:44:00
509822,2026-02-13 21:29:00,1284,P1017,S015,5,0.1,Debit Card,2026-02-13 22:19:00,2026-02-28 22:19:00
509823,2026-01-03 22:22:00,1489,P1120,S012,8,0.15,Cash,2026-01-04 00:07:00,2026-01-15 00:07:00
509824,2025-08-08 17:48:00,1037,P1135,S024,7,0.15,Credit Card,2025-08-08 18:38:00,2025-08-18 18:38:00
509825,2024-02-24 22:28:00,1162,P1111,S022,4,0.15,Credit Card,2024-02-24 23:05:00,2024-03-19 23:05:00
509826,2023-04-22 01:18:00,1412,P1101,S025,6,0.1,Net Banking,2023-04-22 02:38:00,2023-04-26 02:38:00
509827,2023-05-12 10:04:00,1348,P1139,S025,3,0.15,Credit Card,2023-05-12 12:04:00,2023-07-11 12:04:00
509828,2024-03-24 22:51:00,1096,P1030,S010,3,0.0,Cash,2024-03-25 00:17:00,2024-03-28 00:17:00
509829,2023-10-03 02:39:00,1467,P1134,S005,4,0.15,Credit Card,2023-10-03 05:11:00,2023-11-05 05:11:00
509830,2023-11-08 08:08:00,1101,P1076,S009,3,0.2,Wallet,2023-11-08 10:18:00,2023-11-17 10:18:00
509831,2023-04-27 14:07:00,1488,P1062,S001,3,0.1,Credit Card,2023-04-27 14:51:00,2023-05-06 14:51:00
509832,2023-01-25 00:51:00,1116,P1038,S010,5,0.1,Debit Card,2023-01-25 02:51:00,2023-02-03 02:51:00
509833,2024-07-23 01:58:00,1102,P1115,S010,8,0.0,Debit Card,2024-07-23 03:24:00,2024-07-29 03:24:00
509834,2024-11-22 08:50:00,1024,P1092,S015,3,0.1,Credit Card,2024-11-22 11:05:00,2024-11-22 11:05:00
509835,2026-03-22 20:54:00,1316,P1059,S002,3,0.05,Credit Card,2026-03-22 21:58:00,2026-04-10 21:58:00
509836,2023-10-15 02:22:00,1341,P1043,S017,3,0.05,Credit Card,2023-10-15 03:14:00,2023-12-12 03:14:00
509837,2023-11-08 01:05:00,1365,P1028,S025,7,0.05,Cash,2023-11-08 03:14:00,2023-12-04 03:14:00
509838,2024-08-10 11:24:00,1264,P1011,S015,8,0.05,WALLET,2024-08-10 11:37:00,2024-09-16 11:37:00
509839,2023-07-01 02:14:00,1398,P1142,S010,8,0.0,Debit Card,2023-07-01 05:01:00,2023-08-20 05:01:00
509840,2023-04-22 05:52:00,1135,P1051,S001,1,0.05,Net Banking,2023-04-22 06:34:00,2023-05-23 06:34:00
509841,2023-12-02 19:46:00,1189,P1058,S013,4,0.0,Debit Card,2023-12-02 21:20:00,2024-01-27 21:20:00
509842,2025-08-05 20:57:00,1486,P1012,S008,6,0.15,Cash,2025-08-05 21:57:00,2025-09-03 21:57:00
509843,2023-09-21 20:26:00,1105,P1055,S007,7,0.0,Cash,2023-09-21 20:26:00,2023-11-09 20:26:00
509844,2024-02-02 11:36:00,1304,P1008,S013,8,0.0,Credit Card,2024-02-02 14:00:00,2024-03-13 14:00:00
509845,2024-03-27 23:06:00,1170,P1012,S017,2,0.0,Debit Card,2024-03-28 01:03:00,2024-05-16 01:03:00
509846,2024-05-15 10:08:00,1492,P1046,S005,7,0.1,Credit Card,2024-05-15 10:34:00,2024-06-11 10:34:00
509847,2023-11-19 03:50:00,1294,P1136,S024,7,0.1,Wallet,2023-11-19 04:18:00,2024-01-18 04:18:00
509848,2024-07-09 15:05:00,1143,P1022,S017,2,0.05,Net Banking,2024-07-09 15:54:00,2024-07-23 15:54:00
509849,2023-07-22 22:50:00,1389,P1139,S013,1,0.15,Credit Card,2023-07-23 01:50:00,2023-08-16 01:50:00
509850,2024-10-27 06:26:00,1106,P1133,S004,5,0.2,Cash,2024-10-27 06:44:00,2024-12-20 06:44:00
509851,2025-12-12 12:31:00,1038,P1020,S001,1,0.2,Credit Card,2025-12-12 14:31:00,2026-01-10 14:31:00
509852,2024-02-11 20:47:00,1485,P1116,S021,7,0.05,debit card,2024-02-11 21:28:00,2024-02-11 21:28:00
509853,2025-09-13 06:05:00,1190,P1111,S005,6,0.2,Wallet,2025-09-13 07:43:00,2025-10-21 07:43:00
509854,2023-06-21 12:39:00,1279,P1039,S001,2,0.0,UPI,2023-06-21 12:56:00,2023-07-13 12:56:00
509855,2024-04-27 13:27:00,1168,P1138,S002,3,0.15,Credit Card,2024-04-27 15:26:00,2024-06-16 15:26:00
509856,2024-03-26 15:29:00,1398,P1116,S025,4,0.0,Wallet,2024-03-26 18:01:00,2024-05-04 18:01:00
509857,2024-12-10 16:55:00,1098,P1104,S011,8,0.1,Wallet,2024-12-10 19:32:00,2025-01-25 19:32:00
509858,2025-11-24 10:32:00,1174,P1139,S016,4,0.05,Debit Card,2025-11-24 12:15:00,2025-12-27 12:15:00
509859,2025-09-02 09:56:00,1114,P1138,S015,3,0.05,Debit Card,2025-09-02 11:15:00,2025-09-16 11:15:00
509860,2023-07-30 08:09:00,1296,P1028,S003,7,0.2,Wallet,2023-07-30 10:40:00,2023-08-12 10:40:00
509861,2025-05-06 05:56:00,1442,P1061,S016,6,0.2,Cash,2025-05-06 06:24:00,2025-05-12 06:24:00
509862,2024-07-31 16:34:00,1090,P1009,S013,8,0.2,Cash,2024-07-31 18:29:00,2024-09-16 18:29:00
509863,2023-12-10 06:35:00,1263,P1021,S017,3,0.15,Wallet,2023-12-10 07:47:00,2023-12-19 07:47:00
509864,2025-01-16 21:18:00,1010,P1016,S003,1,0.05,Net Banking,2025-01-16 23:46:00,2025-03-17 23:46:00
509865,2023-01-29 03:11:00,1289,P1035,S009,5,0.15,Wallet,2023-01-29 03:35:00,2023-03-21 03:35:00
509866,2024-03-03 06:03:00,1229,P1059,S019,6,0.2,Net Banking,2024-03-03 06:46:00,2024-04-08 06:46:00
509867,2023-11-11 15:47:00,1467,P1052,S008,3,0.0,Credit Card,2023-11-11 17:05:00,2023-11-13 17:05:00
509868,2023-11-07 16:13:00,1346,P1011,S014,5,0.0,UPI,2023-11-07 18:48:00,2024-01-01 18:48:00
509869,2024-10-14 02:20:00,1293,P1057,S012,2,0.05,UPI,2024-10-14 03:58:00,2024-10-27 03:58:00
509870,2024-04-22 19:38:00,1292,P1036,S024,1,0.0,Credit Card,2024-04-22 20:56:00,2024-06-13 20:56:00
509871,2024-01-21 20:03:00,1484,P1080,S005,3,0.2,Net Banking,2024-01-21 20:55:00,2024-03-11 20:55:00
509872,2026-03-23 10:44:00,1339,P1042,S010,4,0.05,Debit Card,2026-03-23 11:08:00,2026-04-27 11:08:00
509873,2025-02-25 10:00:00,1360,P1141,S010,7,0.1,Debit Card,2025-02-25 12:27:00,2025-03-15 12:27:00
509874,2025-01-08 13:37:00,1004,P1055,S007,7,0.1,Debit Card,2025-01-08 16:08:00,2025-02-22 16:08:00
509875,2024-10-12 07:07:00,1245,P1079,S008,5,0.15,Net Banking,2024-10-12 09:50:00,2024-11-02 09:50:00
509876,2025-09-09 11:26:00,1126,P1040,S016,4,0.05,Credit Card,2025-09-09 12:41:00,2025-10-19 12:41:00
509877,2025-02-15 01:17:00,1031,P1109,S004,2,0.05,UPI,2025-02-15 02:18:00,2025-02-26 02:18:00
509878,2025-07-20 23:00:00,1110,P1122,S019,7,0.1,UPI,2025-07-21 00:09:00,2025-09-07 00:09:00
509879,2026-02-17 09:12:00,1237,P1034,S009,2,0.15,Debit Card,2026-02-17 10:00:00,2026-04-07 10:00:00
509880,2023-03-31 19:53:00,1084,P1124,S014,2,0.15,Wallet,2023-03-31 21:45:00,2023-05-05 21:45:00
509881,2023-08-17 21:26:00,1028,P1125,S009,4,0.15,Debit Card,2023-08-17 22:39:00,2023-08-26 22:39:00
509882,2023-05-29 21:29:00,1261,P1079,S005,6,0.0,UPI,2023-05-29 23:30:00,2023-06-29 23:30:00
509883,2026-02-19 02:27:00,1258,P1140,S016,8,0.0,UPI,2026-02-19 03:53:00,2026-04-01 03:53:00
509884,2026-03-15 12:56:00,1341,P1126,S015,6,0.05,UPI,2026-03-15 14:58:00,2026-03-31 14:58:00
509885,2025-02-23 04:42:00,1246,P1011,S014,7,0.2,Net Banking,2025-02-23 06:41:00,2025-04-03 06:41:00
509886,2025-01-27 11:05:00,1147,P1016,S008,3,0.2,Net Banking,2025-01-27 12:31:00,2025-03-18 12:31:00
509887,2023-11-02 13:09:00,1171,P1062,S014,7,0.15,Net Banking,2023-11-02 14:23:00,2023-12-01 14:23:00
509888,2023-01-17 05:35:00,1210,P1026,S023,5,0.1,Debit Card,2023-01-17 08:14:00,2023-02-05 08:14:00
509889,2024-07-12 11:54:00,1058,P1125,S025,6,0.1,Net Banking,2024-07-12 12:12:00,2024-09-05 12:12:00
509890,2025-01-23 16:13:00,1465,P1136,S005,2,,Cash,2025-01-23 18:39:00,2025-03-06 18:39:00
509891,2023-02-02 18:57:00,1216,P1079,S013,3,0.2,Debit Card,2023-02-02 20:29:00,2023-03-14 20:29:00
509892,2025-04-05 14:11:00,1260,P1084,S011,5,0.1,Credit Card,2025-04-05 15:05:00,2025-04-05 15:05:00
509893,2025-04-22 09:17:00,1245,P1079,S025,8,0.2,UPI,2025-04-22 11:46:00,2025-05-06 11:46:00
509894,2026-02-14 16:57:00,1466,P1110,S018,4,0.2,Wallet,2026-02-14 18:58:00,2026-04-02 18:58:00
509895,2024-07-07 18:06:00,1249,P1031,S024,6,0.15,Wallet,2024-07-07 19:55:00,2024-08-13 19:55:00
509896,2025-03-23 23:44:00,1288,P1078,S018,1,0.15,Credit Card,2025-03-24 00:20:00,2025-05-20 00:20:00
509897,2024-03-18 10:46:00,1412,P1135,S014,3,0.15,Debit Card,2024-03-18 13:41:00,2024-03-23 13:41:00
509898,2025-08-17 15:52:00,1282,P1014,S019,4,0.15,Cash,2025-08-17 18:15:00,2025-10-16 18:15:00
509899,2025-02-21 13:06:00,1090,P1016,S021,1,0.05,Credit Card,2025-02-21 15:03:00,2025-03-22 15:03:00
509900,2023-08-18 19:15:00,1083,P1013,S001,2,0.1,Debit Card,2023-08-18 21:49:00,2023-08-20 21:49:00
509901,2023-03-06 02:52:00,1145,P1077,S010,1,0.0,Net Banking,2023-03-06 04:42:00,2023-03-14 04:42:00
509902,2023-03-06 07:29:00,1067,P1078,S015,3,0.1,Credit Card,2023-03-06 08:01:00,2023-05-01 08:01:00
509903,2024-09-13 07:03:00,1457,P1107,S022,1,0.1,Wallet,2024-09-13 08:33:00,2024-10-08 08:33:00
509904,2026-01-07 01:35:00,1104,P1015,S001,7,0.15,Net Banking,2026-01-07 02:11:00,2026-02-27 02:11:00
509905,2023-12-20 21:32:00,1103,P1149,S011,6,0.1,Cash,2023-12-20 22:45:00,2024-01-14 22:45:00
509906,2024-06-02 05:09:00,1484,P1137,S004,8,0.1,Net Banking,2024-06-02 06:49:00,2024-06-02 06:49:00
509907,2025-08-03 22:00:00,1337,P1024,S019,1,0.2,UPI,2025-08-03 22:29:00,2025-09-24 22:29:00
509908,2024-07-27 14:38:00,1393,P1012,S012,2,0.1,Net Banking,2024-07-27 15:54:00,2024-09-02 15:54:00
509909,2024-08-01 16:58:00,1067,P1096,S017,2,0.05,Wallet,2024-08-01 19:11:00,2024-09-02 19:11:00
509910,2023-04-28 20:42:00,1488,P1120,S006,6,0.2,UPI,2023-04-28 23:29:00,2023-05-09 23:29:00
509911,2023-05-29 08:06:00,1290,P1088,S002,7,0.1,Cash,2023-05-29 09:56:00,2023-06-30 09:56:00
509912,2024-01-24 03:14:00,1174,P1023,S011,6,0.05,Net Banking,2024-01-24 03:58:00,2024-02-27 03:58:00
509913,2025-08-11 08:40:00,1201,P1106,S016,8,0.0,Wallet,2025-08-11 09:13:00,2025-09-13 09:13:00
509914,2023-04-02 05:12:00,1453,P1097,S018,3,0.2,Wallet,2023-04-02 06:00:00,2023-05-26 06:00:00
509915,2025-07-03 16:46:00,1362,P1146,S015,1,0.15,Wallet,2025-07-03 17:01:00,2025-08-07 17:01:00
509916,2024-09-25 15:10:00,1463,P1035,S019,2,0.15,Cash,2024-09-25 15:23:00,2024-10-16 15:23:00
509917,2024-12-22 20:02:00,1118,P1037,S016,8,0.15,Net Banking,2024-12-22 22:20:00,2025-01-15 22:20:00
509918,2026-02-25 08:50:00,1056,P1043,S010,1,0.2,Wallet,2026-02-25 09:38:00,2026-03-04 09:38:00
509919,2026-01-16 23:54:00,1424,P1002,S021,5,0.05,Cash,2026-01-17 01:33:00,2026-03-09 01:33:00
509920,2025-05-01 16:38:00,1253,P1005,S010,2,0.0,Net Banking,2025-05-01 19:02:00,2025-05-21 19:02:00
509921,2025-01-23 07:20:00,1065,P1059,S003,7,0.1,Credit Card,2025-01-23 09:08:00,2025-02-08 09:08:00
509922,2023-09-08 19:53:00,1394,P1079,S013,2,0.0,Wallet,2023-09-08 21:44:00,2023-09-23 21:44:00
509923,2026-01-21 14:20:00,1267,P1101,S001,8,0.2,CASH,2026-01-21 17:15:00,2026-02-26 17:15:00
509924,2024-04-29 17:51:00,1146,P1010,S011,8,0.2,Credit Card,2024-04-29 18:12:00,2024-05-09 18:12:00
509925,2025-02-28 17:08:00,1387,P1069,S017,4,0.15,Debit Card,2025-02-28 20:04:00,2025-04-27 20:04:00
509926,2023-06-28 12:03:00,1034,P1074,S002,4,0.1,UPI,2023-06-28 13:43:00,2023-08-12 13:43:00
509927,2024-12-18 14:14:00,1317,P1122,S010,7,0.1,Credit Card,2024-12-18 14:23:00,2024-12-18 14:23:00
509928,2024-07-24 16:14:00,1099,P1022,S003,5,0.1,UPI,2024-07-24 17:30:00,2024-08-27 17:30:00
509929,2025-03-31 09:20:00,1154,P1084,S014,3,0.1,UPI,2025-03-31 10:19:00,2025-04-13 10:19:00
509930,2023-07-30 07:33:00,1308,P1144,S014,5,0.15,Net Banking,2023-07-30 10:29:00,2023-08-20 10:29:00
509931,2024-08-09 16:56:00,1260,P1092,S022,3,0.05,Net Banking,2024-08-09 16:59:00,2024-09-22 16:59:00
509932,2023-12-06 09:32:00,1326,P1049,S005,4,0.15,Credit Card,2023-12-06 11:35:00,2023-12-24 11:35:00
509933,2025-11-04 20:10:00,1320,P1085,S021,6,0.0,UPI,2025-11-04 21:30:00,2025-12-12 21:30:00
509934,2024-07-19 22:57:00,1268,P1070,S025,1,0.0,WALLET,2024-07-19 23:05:00,2024-08-12 23:05:00
509935,2023-01-10 12:30:00,1240,P1025,S019,2,0.05,UPI,2023-01-10 15:02:00,2023-01-28 15:02:00
509936,2023-08-10 02:48:00,1223,P1038,S017,3,0.0,Wallet,2023-08-10 03:15:00,2023-10-03 03:15:00
509937,2024-12-14 11:47:00,1060,P1150,S021,1,0.05,Net Banking,2024-12-14 13:27:00,2024-12-31 13:27:00
509938,2025-07-21 00:47:00,1382,P1010,S010,3,0.05,UPI,2025-07-21 03:24:00,2025-08-20 03:24:00
509939,2023-01-30 10:26:00,1083,P1026,S020,8,0.1,Credit Card,2023-01-30 10:43:00,2023-03-13 10:43:00
509940,2025-01-13 08:31:00,1226,P1137,S018,4,0.1,Net Banking,2025-01-13 11:22:00,2025-01-16 11:22:00
509941,2024-08-16 08:29:00,1191,P1026,S005,2,0.05,UPI,2024-08-16 09:01:00,2024-09-27 09:01:00
509942,2026-02-01 13:40:00,1450,P1083,S001,1,0.15,UPI,2026-02-01 15:12:00,2026-03-17 15:12:00
509943,2023-08-02 19:19:00,1189,P1139,S010,8,0.0,Cash,2023-08-02 20:13:00,2023-08-02 20:13:00
509944,2024-03-13 08:16:00,1055,P1059,S013,2,0.05,wallet,2024-03-13 08:46:00,2024-04-02 08:46:00
509945,2024-09-21 01:12:00,1493,P1007,S004,3,0.15,Wallet,2024-09-21 03:00:00,2024-11-19 03:00:00
509946,2025-12-15 05:29:00,1478,P1027,S016,7,0.0,Credit Card,2025-12-15 05:30:00,2026-01-22 05:30:00
509947,2024-05-28 00:08:00,1121,P1083,S025,7,0.2,Net Banking,2024-05-28 03:04:00,2024-06-22 03:04:00
509948,2025-07-30 18:59:00,1082,P1147,S019,2,0.0,UPI,2025-07-30 20:34:00,2025-08-20 20:34:00
509949,2025-04-02 04:50:00,1217,P1111,S016,1,0.2,Credit Card,2025-04-02 07:22:00,2025-04-06 07:22:00
509950,2023-10-18 07:34:00,1487,P1034,S012,1,0.2,Credit Card,2023-10-18 09:31:00,2023-11-22 09:31:00
509951,2024-08-29 01:49:00,1435,P1121,S002,5,0.15,Cash,2024-08-29 02:01:00,2024-09-03 02:01:00
509952,2024-08-10 01:00:00,1334,P1144,S003,7,0.0,Cash,2024-08-10 02:03:00,2024-10-04 02:03:00
509953,2023-02-23 06:09:00,1441,P1048,S009,5,0.05,Credit Card,2023-02-23 07:53:00,2023-02-28 07:53:00
509954,2025-07-09 09:53:00,1481,P1089,S014,7,0.2,Credit Card,2025-07-09 12:18:00,2025-09-06 12:18:00
509955,2025-09-12 07:16:00,1228,P1036,S010,7,0.05,Debit Card,2025-09-12 09:19:00,2025-09-14 09:19:00
509956,2025-10-04 18:33:00,1270,P1108,S005,1,0.1,Wallet,2025-10-04 20:57:00,2025-10-31 20:57:00
509957,2024-11-15 00:24:00,1262,P1034,S008,7,0.0,Net Banking,2024-11-15 02:27:00,2024-11-23 02:27:00
509958,2024-04-28 10:10:00,1109,P1021,S020,7,0.05,Wallet,2024-04-28 10:58:00,2024-06-23 10:58:00
509959,2025-09-10 22:30:00,1285,P1127,S009,3,0.2,Wallet,2025-09-10 22:37:00,2025-09-18 22:37:00
509960,2024-01-17 07:49:00,1098,P1021,S022,8,0.2,Net Banking,2024-01-17 08:15:00,2024-03-07 08:15:00
509961,2023-07-14 04:15:00,1323,P1090,S023,6,0.05,Credit Card,2023-07-14 04:30:00,2023-08-10 04:30:00
509962,2024-12-23 03:28:00,1194,P1076,S013,5,0.15,Cash,2024-12-23 04:44:00,2025-01-29 04:44:00
509963,2023-08-03 23:38:00,1452,P1027,S010,4,0.2,Debit Card,2023-08-04 00:50:00,2023-09-02 00:50:00
509964,2023-07-06 21:54:00,1333,P1126,S006,5,0.0,Debit Card,2023-07-06 23:40:00,2023-07-13 23:40:00
509965,2024-05-15 18:16:00,1075,P1050,S003,4,0.05,Wallet,2024-05-15 20:13:00,2024-06-12 20:13:00
509966,2024-02-17 12:06:00,1111,P1075,S021,6,0.15,Debit Card,2024-02-17 13:18:00,2024-04-17 13:18:00
509967,2025-12-26 23:58:00,1040,P1024,S011,4,,Debit Card,2025-12-27 01:36:00,2026-01-27 01:36:00
509968,2025-09-10 07:44:00,1107,P1066,S003,7,0.0,Debit Card,2025-09-10 07:47:00,2025-09-23 07:47:00
509969,2025-03-02 05:37:00,1247,P1009,S020,6,0.0,UPI,2025-03-02 05:49:00,2025-04-11 05:49:00
509970,2024-07-23 04:30:00,1329,P1044,S013,4,0.1,Debit Card,2024-07-23 05:50:00,2024-08-15 05:50:00
509971,2023-04-21 10:31:00,1372,P1064,S014,4,0.05,Debit Card,2023-04-21 10:38:00,2023-04-26 10:38:00
509972,2024-04-08 17:40:00,1140,P1085,S015,2,0.1,Net Banking,2024-04-08 20:28:00,2024-05-25 20:28:00
509973,2025-05-19 13:44:00,1041,P1075,S019,3,0.1,UPI,2025-05-19 16:09:00,2025-06-26 16:09:00
509974,2024-06-19 13:05:00,1245,P1020,S007,3,0.15,UPI,2024-06-19 14:47:00,2024-06-25 14:47:00
509975,2024-07-21 15:06:00,1164,P1100,S008,1,0.15,Net Banking,2024-07-21 15:27:00,2024-08-24 15:27:00
509976,2023-04-13 13:43:00,1330,P1022,S007,2,0.05,UPI,2023-04-13 16:41:00,2023-05-10 16:41:00
509977,2023-09-21 18:35:00,1484,P1066,S014,7,0.2,Credit Card,2023-09-21 20:47:00,2023-10-20 20:47:00
509978,2024-10-22 03:47:00,1069,P1049,S010,7,,UPI,2024-10-22 05:24:00,2024-10-27 05:24:00
509979,2026-03-23 04:25:00,1305,P1050,S002,1,0.15,Wallet,2026-03-23 05:17:00,2026-04-05 05:17:00
509980,2024-12-12 16:41:00,1288,P1059,S001,1,0.2,Debit Card,2024-12-12 17:17:00,2024-12-21 17:17:00
509981,2025-03-01 07:19:00,1284,P1107,S019,6,0.1,Net Banking,2025-03-01 09:34:00,2025-03-06 09:34:00
509982,2025-05-14 02:57:00,1431,P1142,S022,2,0.1,Wallet,2025-05-14 04:48:00,2025-06-26 04:48:00
509983,2026-03-13 01:44:00,1307,P1033,S003,3,0.0,Credit Card,2026-03-13 04:04:00,2026-04-17 04:04:00
509984,2023-01-26 17:45:00,1236,P1056,S024,7,0.05,Wallet,2023-01-26 18:29:00,2023-03-10 18:29:00
509985,2025-02-20 10:26:00,1192,P1104,S019,7,0.1,Debit Card,2025-02-20 12:26:00,2025-04-01 12:26:00
509986,2024-01-04 01:37:00,1425,P1040,S006,8,0.1,UPI,2024-01-04 03:00:00,2024-02-08 03:00:00
509987,2024-09-12 09:26:00,1382,P1098,S015,1,0.0,Wallet,2024-09-12 10:48:00,2024-11-01 10:48:00
509988,2025-05-05 04:42:00,1470,P1142,S017,6,0.2,Debit Card,2025-05-05 07:16:00,2025-06-28 07:16:00
509989,2023-05-28 12:50:00,1436,P1077,S019,2,0.1,Debit Card,2023-05-28 14:21:00,2023-06-30 14:21:00
509990,2023-08-20 12:33:00,1178,P1047,S012,8,0.05,Wallet,2023-08-20 14:10:00,2023-08-21 14:10:00
509991,2024-07-16 19:36:00,1399,P1087,S001,4,0.0,NET BANKING,2024-07-16 21:46:00,2024-09-14 21:46:00
509992,2024-02-28 16:39:00,1138,P1149,S024,1,0.0,Net Banking,2024-02-28 17:15:00,2024-03-15 17:15:00
509993,2023-05-15 10:55:00,1084,P1021,S018,5,0.05,Wallet,2023-05-15 12:00:00,2023-05-25 12:00:00
509994,2023-11-24 06:43:00,1141,P1129,S015,5,0.1,Credit Card,2023-11-24 06:44:00,2023-12-24 06:44:00
509995,2024-06-30 21:54:00,1064,P1015,S022,8,0.1,Net Banking,2024-07-01 00:37:00,2024-07-01 00:37:00
509996,2023-04-07 04:47:00,1464,P1127,S007,6,0.2,Cash,2023-04-07 07:31:00,2023-04-30 07:31:00
509997,2023-11-30 17:51:00,1457,P1101,S014,8,0.1,Cash,2023-11-30 18:06:00,2023-12-19 18:06:00
509998,2024-08-27 19:58:00,1183,P1028,S013,5,0.2,Net Banking,2024-08-27 21:01:00,2024-09-04 21:01:00
509999,2025-11-13 15:16:00,1333,P1008,S003,8,0.05,Credit Card,2025-11-13 16:03:00,2025-12-14 16:03:00
510000,2025-10-21 21:21:00,1289,P1132,S002,7,0.15,Cash,2025-10-21 23:33:00,2025-11-19 23:33:00
509954,2025-07-09 09:53:00,1481,P1089,S014,7,0.2,Credit Card,2025-07-09 12:18:00,2025-09-06 12:18:00
503851,2026-02-14 00:16:00,1408,P1105,S002,2,0.2,Cash,2026-02-14 01:21:00,2026-04-02 01:21:00
504963,2023-10-17 06:49:00,1119,P1046,S014,3,0.1,Net Banking,2023-10-17 08:51:00,2023-11-05 08:51:00
503887,2024-07-09 06:13:00,1408,P1123,S004,2,0.1,Credit Card,2024-07-09 06:30:00,2024-08-16 06:30:00
505438,2024-06-08 03:39:00,1381,P1065,S009,8,0.15,Debit Card,2024-06-08 05:32:00,2024-08-02 05:32:00
508518,2023-06-22 16:18:00,1459,P1037,S013,5,0.0,Debit Card,2023-06-22 16:44:00,2023-08-14 16:44:00
502042,2023-01-06 03:02:00,1394,P1031,S017,2,0.0,Credit Card,2023-01-06 05:24:00,2023-01-09 05:24:00
501990,2025-06-24 08:19:00,1253,P1087,S017,6,0.1,Net Banking,2025-06-24 09:01:00,2025-07-02 09:01:00
501934,2023-05-30 06:00:00,1415,P1110,S004,3,0.05,Net Banking,2023-05-30 08:23:00,2023-06-29 08:23:00
509985,2025-02-20 10:26:00,1192,P1104,S019,7,0.1,Debit Card,2025-02-20 12:26:00,2025-04-01 12:26:00
508419,2024-10-15 05:43:00,1478,P1080,S015,7,0.0,UPI,2024-10-15 06:43:00,2024-11-13 06:43:00
502419,2026-01-08 19:42:00,1324,P1019,S005,5,0.2,Net Banking,2026-01-08 22:31:00,2026-03-03 22:31:00
506812,2025-03-24 21:26:00,1409,P1120,S017,4,0.0,Credit Card,2025-03-24 23:16:00,2025-05-21 23:16:00
501218,2023-06-03 08:21:00,1406,P1098,S009,3,0.05,net banking,2023-06-03 11:17:00,2023-07-12 11:17:00
506979,2023-02-14 07:50:00,1476,P1102,S004,6,0.15,Wallet,2023-02-14 10:08:00,2023-04-14 10:08:00
506112,2025-09-28 06:04:00,1434,P1118,S010,4,0.0,Credit Card,2025-09-28 06:56:00,2025-10-03 06:56:00
507866,2023-07-14 01:04:00,1411,P1070,S011,3,0.0,Wallet,2023-07-14 01:12:00,2023-08-11 01:12:00
507782,2023-06-19 12:20:00,1134,P1027,S022,8,0.2,Wallet,2023-06-19 14:27:00,2023-06-23 14:27:00
507776,2023-01-17 23:23:00,1460,P1106,S008,5,0.15,Wallet,2023-01-18 00:18:00,2023-03-18 00:18:00
507040,2023-03-19 22:53:00,1223,P1080,S006,2,0.1,Net Banking,2023-03-19 23:33:00,2023-05-09 23:33:00
