Txn_ID,Order_Date,Cust_ID,Prod_ID,Store_Code,Quantity,Discount,Payment_Mode,Created_On,Updated_On
TB100001,2023-08-17,CB1115,PB1018,SB104,4,10.0,upi,2023-08-17,2023-09-09
TB100002,2025-05-14,CB1120,PB1065,SB101,4,0.0,CARD,2025-05-14,2025-05-14
TB100003,2026-01-21,CB1143,PB1104,SB101,10,15.0,Card,2026-01-22,2026-01-29
TB100004,2025-05-15,CB1173,PB1014,SB103,4,5.0,Net Banking,2025-05-16,2025-05-24
TB100005,2023-07-18,CB1136,PB1104,SB102,10,10.0,net banking,2023-07-19,2023-08-15
TB100006,2026-01-03,CB1283,PB1038,SB112,2,15.0,CARD,2026-01-03,2026-02-01
TB100007,2023-05-23,CB1041,PB1110,SB108,5,5.0,upi,2023-05-23,2023-06-13
TB100008,2025-02-17,CB1084,PB1048,SB112,6,,CARD,2025-02-18,2025-03-04
TB100009,2024-06-30,CB1312,PB1082,SB106,2,,CARD,2024-07-02,2024-07-31
TB100010,2023-12-01,CB1113,PB1088,SB111,9,10.0,UPI,2023-12-02,2023-12-14
TB100011,2024-04-14,CB1138,PB1009,SB107,7,10.0,cash,2024-04-14,2024-05-09
TB100012,2024-03-11,CB1074,PB1034,SB105,8,15.0,CARD,2024-03-13,2024-03-28
TB100013,2026-02-23,CB1220,PB1115,SB113,10,,cash,2026-02-25,2026-03-05
TB100014,2024-03-25,CB1025,PB1111,SB104,2,15.0,Card,2024-03-25,2024-04-10
TB100015,2023-11-24,CB1198,PB1049,SB115,2,20.0,Cash,2023-11-26,2023-12-09
TB100016,2026-02-07,CB1350,PB1114,SB118,2,,Cash,2026-02-07,2026-02-28
TB100017,2024-11-27,CB1233,PB1001,SB109,3,15.0,Card,2024-11-27,2024-12-06
TB100018,2025-11-05,CB1328,PB1065,SB107,5,,Card,2025-11-05,2025-12-02
TB100019,2025-02-04,CB1307,PB1042,SB116,1,20.0,UPI,2025-02-04,2025-02-21
TB100020,2023-08-18,CB1030,PB1031,SB103,4,10.0,upi,2023-08-19,2023-09-16
TB100021,2025-09-22,CB1066,PB1085,SB116,3,20.0,Card,2025-09-22,2025-10-16
TB100022,2024-06-26,CB1109,PB1119,SB118,7,20.0,CARD,2024-06-28,2024-07-25
TB100023,2024-09-30,CB1225,PB1116,SB117,6,,net banking,2024-10-01,2024-10-22
TB100024,2023-09-05,CB1011,PB1076,SB118,6,0.0,CARD,2023-09-05,2023-09-12
TB100025,2024-03-27,CB1118,PB1009,SB102,1,,cash,2024-03-27,2024-03-29
TB100026,2023-05-26,CB1110,PB1070,SB105,8,10.0,net banking,2023-05-28,2023-06-04
TB100027,2024-05-12,CB1049,PB1013,SB114,4,15.0,cash,2024-05-13,2024-06-07
TB100028,2025-05-17,CB1345,PB1084,SB104,1,,UPI,2025-05-18,2025-06-01
TB100029,2025-04-04,CB1099,PB1025,SB118,4,0.0,net banking,2025-04-06,2025-04-16
TB100030,2023-10-15,CB1128,PB1112,SB103,8,10.0,net banking,2023-10-16,2023-10-21
TB100031,2026-02-01,CB1008,PB1012,SB108,9,,Card,2026-02-01,2026-02-02
TB100032,2025-04-12,CB1031,PB1022,SB113,7,5.0,UPI,2025-04-13,2025-04-28
TB100033,2025-03-10,CB1217,PB1090,SB118,5,15.0,net banking,2025-03-11,2025-04-09
TB100034,2023-11-14,CB1297,PB1095,SB118,1,5.0,UPI,2023-11-14,2023-11-23
TB100035,2024-10-04,CB1258,PB1118,SB117,8,20.0,Card,2024-10-04,2024-10-05
TB100036,2023-04-27,CB1305,PB1009,SB108,2,5.0,Net Banking,2023-04-29,2023-05-01
TB100037,2023-09-03,CB1021,PB1080,SB103,10,20.0,Net Banking,2023-09-05,2023-09-12
TB100038,2026-03-03,CB1343,PB1092,SB111,4,10.0,CARD,2026-03-05,2026-03-15
TB100039,2024-06-27,CB1235,PB1041,SB103,5,,UPI,2024-06-28,2024-07-02
TB100040,2025-07-27,CB1276,PB1028,SB117,2,0.0,Cash,2025-07-29,2025-08-16
TB100041,2023-09-29,CB1190,PB1037,SB106,4,0.0,net banking,2023-09-30,2023-10-28
TB100042,2026-01-17,CB1005,PB1086,SB118,9,20.0,Cash,2026-01-19,2026-01-28
TB100043,2023-08-01,CB1284,PB1020,SB109,2,0.0,Cash,2023-08-01,2023-08-09
TB100044,2024-03-07,CB1259,PB1063,SB109,5,5.0,UPI,2024-03-09,2024-03-19
TB100045,2023-07-09,CB1002,PB1043,SB105,1,10.0,Cash,2023-07-11,2023-07-24
TB100046,2023-11-27,CB1288,PB1002,SB104,7,20.0,upi,2023-11-29,2023-12-13
TB100047,2023-11-02,CB1283,PB1019,SB114,10,10.0,Card,2023-11-04,2023-11-05
TB100048,2023-03-27,CB1108,PB1088,SB108,6,0.0,upi,2023-03-28,2023-04-08
TB100049,2024-12-25,CB1080,PB1119,SB108,10,15.0,Card,2024-12-27,2025-01-24
TB100050,2023-12-29,CB1211,PB1103,SB108,6,5.0,Cash,2023-12-30,2023-12-30
TB100051,2023-11-23,CB1241,PB1029,SB107,1,15.0,net banking,2023-11-25,2023-11-28
TB100052,2024-12-17,CB1013,PB1085,SB107,4,5.0,Net Banking,2024-12-18,2025-01-13
TB100053,2024-11-03,CB1180,PB1083,SB117,5,0.0,Net Banking,2024-11-04,2024-12-01
TB100054,2026-01-03,CB1134,PB1023,SB109,2,0.0,UPI,2026-01-04,2026-02-03
TB100055,2023-08-11,CB1224,PB1078,SB117,6,10.0,upi,2023-08-13,2023-08-26
TB100056,2025-02-27,CB1224,PB1001,SB117,1,10.0,CARD,2025-03-01,2025-03-07
TB100057,2025-01-15,CB1320,PB1041,SB104,6,,Cash,2025-01-16,2025-01-18
TB100058,2025-11-04,CB1207,PB1090,SB110,6,15.0,Card,2025-11-05,2025-11-26
TB100059,2024-01-28,CB1316,PB1073,SB110,3,15.0,Net Banking,2024-01-29,2024-02-19
TB100060,2026-01-27,CB1221,PB1101,SB111,4,10.0,net banking,2026-01-27,2026-02-05
TB100061,2025-06-23,CB1243,PB1102,SB106,9,5.0,upi,2025-06-24,2025-07-15
TB100062,2024-08-04,CB1172,PB1012,SB108,10,,Cash,2024-08-06,2024-08-27
TB100063,2024-04-05,CB1126,PB1061,SB103,1,0.0,net banking,2024-04-05,2024-04-09
TB100064,2025-04-28,CB1254,PB1052,SB108,7,5.0,Card,2025-04-30,2025-05-18
TB100065,2023-01-12,CB1091,PB1103,SB117,4,15.0,net banking,2023-01-12,2023-02-05
TB100066,2023-04-13,CB1069,PB1103,SB115,8,0.0,cash,2023-04-15,2023-04-22
TB100067,2025-06-25,CB1219,PB1107,SB118,9,,net banking,2025-06-27,2025-07-23
TB100068,2023-11-22,CB1133,PB1097,SB108,8,15.0,Cash,2023-11-24,2023-12-21
TB100069,2025-12-03,CB1226,PB1010,SB110,5,5.0,CARD,2025-12-04,2025-12-24
TB100070,2024-07-10,CB1071,PB1020,SB108,2,20.0,Net Banking,2024-07-11,2024-07-21
TB100071,2023-11-09,CB1209,PB1043,SB118,7,0.0,net banking,2023-11-11,2023-11-17
TB100072,2025-05-01,CB1300,PB1090,SB101,7,15.0,Net Banking,2025-05-01,2025-05-07
TB100073,2025-09-03,CB1200,PB1110,SB114,5,10.0,CARD,2025-09-03,2025-10-03
TB100074,2025-09-26,CB1015,PB1050,SB111,8,15.0,Net Banking,2025-09-26,2025-10-04
TB100075,2023-12-05,CB1274,PB1004,SB113,10,5.0,UPI,2023-12-06,2024-01-04
TB100076,2023-06-21,CB1094,PB1007,SB109,8,5.0,Net Banking,2023-06-23,2023-07-06
TB100077,2024-11-01,CB1195,PB1036,SB114,6,10.0,Cash,2024-11-01,2024-11-15
TB100078,2023-06-17,CB1027,PB1045,SB108,9,,upi,2023-06-18,2023-06-18
TB100079,2023-03-24,CB1011,PB1080,SB105,4,5.0,CARD,2023-03-24,2023-04-23
TB100080,2023-09-16,CB1112,PB1060,SB109,10,0.0,cash,2023-09-17,2023-10-08
TB100081,2023-12-10,CB1084,PB1040,SB104,2,,UPI,2023-12-12,2023-12-31
TB100082,2024-09-30,CB1102,PB1010,SB108,7,15.0,upi,2024-10-02,2024-10-23
TB100083,2024-09-09,CB1022,PB1045,SB118,10,0.0,Net Banking,2024-09-11,2024-09-30
TB100084,2025-01-28,CB1007,PB1109,SB114,6,,net banking,2025-01-28,2025-02-13
TB100085,2023-08-05,CB1079,PB1056,SB106,8,10.0,Cash,2023-08-06,2023-09-05
TB100086,2026-01-07,CB1138,PB1042,SB108,10,15.0,upi,2026-01-08,2026-01-22
TB100087,2024-07-25,CB1313,PB1086,SB113,10,15.0,cash,2024-07-26,2024-08-02
TB100088,2023-02-28,CB1250,PB1028,SB112,3,10.0,Cash,2023-03-01,2023-03-28
TB100089,2024-11-28,CB1285,PB1002,SB117,5,20.0,CARD,2024-11-29,2024-12-27
TB100090,2023-06-25,CB1285,PB1098,SB108,8,15.0,net banking,2023-06-25,2023-07-18
TB100091,2025-10-02,CB1151,PB1029,SB113,2,0.0,CARD,2025-10-03,2025-10-28
TB100092,2024-09-19,CB1284,PB1068,SB112,8,10.0,Net Banking,2024-09-21,2024-10-09
TB100093,2026-02-01,CB1139,PB1040,SB109,8,,CARD,2026-02-02,2026-02-13
TB100094,2023-09-05,CB1275,PB1098,SB106,2,10.0,CARD,2023-09-07,2023-09-13
TB100095,2024-03-19,CB1269,PB1077,SB110,10,10.0,upi,2024-03-21,2024-04-05
TB100096,2024-02-02,CB1155,PB1002,SB118,3,10.0,Card,2024-02-03,2024-02-10
TB100097,2024-07-15,CB1065,PB1082,SB116,5,20.0,upi,2024-07-15,2024-07-16
TB100098,2023-01-26,CB1226,PB1044,SB106,8,15.0,UPI,2023-01-28,2023-02-06
TB100099,2024-06-01,CB1252,PB1010,SB102,7,0.0,Card,2024-06-02,2024-06-05
TB100100,2023-11-02,CB1128,PB1016,SB118,2,10.0,Net Banking,2023-11-04,2023-12-04
TB100101,2024-04-07,CB1153,PB1111,SB114,8,15.0,Cash,2024-04-09,2024-04-21
TB100102,2026-03-10,CB1107,PB1081,SB107,2,20.0,Cash,2026-03-12,2026-03-13
TB100103,2023-06-16,CB1039,PB1021,SB101,9,5.0,Net Banking,2023-06-16,2023-06-23
TB100104,2025-07-11,CB1017,PB1030,SB110,5,15.0,Cash,2025-07-13,2025-08-01
TB100105,2025-07-18,CB1321,PB1076,SB107,5,5.0,Net Banking,2025-07-18,2025-08-08
TB100106,2023-08-24,CB1137,PB1106,SB105,3,,upi,2023-08-26,2023-09-02
TB100107,2023-05-03,CB1292,PB1118,SB110,10,10.0,net banking,2023-05-03,2023-05-28
TB100108,2023-09-12,CB1140,PB1065,SB118,7,10.0,net banking,2023-09-13,2023-10-05
TB100109,2025-06-15,CB1166,PB1078,SB109,7,0.0,UPI,2025-06-15,2025-07-04
TB100110,2023-07-07,CB1301,PB1003,SB109,10,,UPI,2023-07-07,2023-08-06
TB100111,2023-12-25,CB1143,PB1024,SB114,8,,net banking,2023-12-26,2024-01-11
TB100112,2023-07-06,CB1165,PB1086,SB104,6,15.0,Card,2023-07-07,2023-07-18
TB100113,2024-11-06,CB1340,PB1052,SB118,5,15.0,UPI,2024-11-07,2024-11-29
TB100114,2025-07-20,CB1060,PB1099,SB113,6,10.0,UPI,2025-07-20,2025-07-30
TB100115,2026-01-16,CB1266,PB1047,SB116,4,0.0,net banking,2026-01-17,2026-01-30
TB100116,2023-04-16,CB1148,PB1057,SB116,3,20.0,upi,2023-04-16,2023-04-24
TB100117,2023-03-01,CB1160,PB1071,SB101,3,5.0,Net Banking,2023-03-03,2023-03-22
TB100118,2023-07-10,CB1061,PB1083,SB105,8,0.0,net banking,2023-07-10,2023-08-05
TB100119,2024-08-20,CB1248,PB1061,SB108,7,10.0,net banking,2024-08-22,2024-09-13
TB100120,2026-02-02,CB1261,PB1096,SB105,10,5.0,upi,2026-02-02,2026-02-14
TB100121,2024-07-19,CB1002,PB1037,SB110,5,20.0,net banking,2024-07-20,2024-07-30
TB100122,2023-11-01,CB1171,PB1071,SB118,6,15.0,Net Banking,2023-11-02,2023-11-19
TB100123,2025-07-21,CB1293,PB1050,SB108,4,5.0,Net Banking,2025-07-22,2025-08-18
TB100124,2023-03-31,CB1198,PB1085,SB105,7,15.0,net banking,2023-04-01,2023-04-24
TB100125,2023-03-17,CB1052,PB1112,SB115,6,20.0,upi,2023-03-17,2023-04-02
TB100126,2025-12-13,CB1210,PB1112,SB105,3,,upi,2025-12-14,2025-12-14
TB100127,2025-08-19,CB1333,PB1011,SB111,7,20.0,Net Banking,2025-08-20,2025-08-30
TB100128,2024-10-10,CB1019,PB1080,SB103,9,15.0,CARD,2024-10-12,2024-11-03
TB100129,2024-08-11,CB1051,PB1098,SB104,7,0.0,net banking,2024-08-11,2024-09-03
TB100130,2023-12-07,CB1167,PB1102,SB102,1,0.0,Cash,2023-12-09,2023-12-18
TB100131,2025-01-04,CB1272,PB1053,SB106,4,5.0,Card,2025-01-05,2025-01-18
TB100132,2023-12-25,CB1350,PB1031,SB116,10,15.0,Card,2023-12-25,2024-01-13
TB100133,2024-04-20,CB1131,PB1086,SB101,8,10.0,net banking,2024-04-21,2024-05-11
TB100134,2024-08-12,CB1227,PB1045,SB110,2,5.0,Net Banking,2024-08-14,2024-08-31
TB100135,2024-05-27,CB1197,PB1110,SB116,4,10.0,upi,2024-05-28,2024-06-24
TB100136,2024-04-30,CB1152,PB1090,SB110,10,10.0,UPI,2024-05-01,2024-05-19
TB100137,2025-03-21,CB1311,PB1096,SB116,1,20.0,Cash,2025-03-22,2025-03-22
TB100138,2024-04-16,CB1326,PB1025,SB109,4,10.0,Card,2024-04-18,2024-05-13
TB100139,2023-07-18,CB1226,PB1005,SB112,5,0.0,Card,2023-07-20,2023-08-09
TB100140,2023-07-04,CB1090,PB1026,SB105,7,,cash,2023-07-05,2023-07-15
TB100141,2025-12-23,CB1132,PB1117,SB116,3,10.0,Cash,2025-12-25,2026-01-23
TB100142,2024-11-24,CB1116,PB1111,SB113,3,0.0,cash,2024-11-24,2024-12-08
TB100143,2023-07-04,CB1064,PB1059,SB112,9,10.0,Cash,2023-07-05,2023-07-05
TB100144,2025-02-19,CB1346,PB1030,SB116,2,10.0,UPI,2025-02-21,2025-03-23
TB100145,2026-02-23,CB1332,PB1009,SB115,4,20.0,Cash,2026-02-24,2026-03-25
TB100146,2025-04-16,CB1156,PB1064,SB104,1,0.0,upi,2025-04-16,2025-04-20
TB100147,2024-04-25,CB1190,PB1086,SB118,8,15.0,Net Banking,2024-04-27,2024-05-01
TB100148,2023-11-13,CB1316,PB1053,SB109,8,0.0,UPI,2023-11-14,2023-12-04
TB100149,2025-01-28,CB1186,PB1013,SB112,4,15.0,cash,2025-01-28,2025-02-11
TB100150,2023-05-05,CB1233,PB1012,SB107,2,5.0,UPI,2023-05-06,2023-05-14
TB100151,2023-04-14,CB1106,PB1009,SB118,10,5.0,CARD,2023-04-15,2023-04-22
TB100152,2024-03-18,CB1002,PB1036,SB105,10,5.0,Card,2024-03-18,2024-03-28
TB100153,2026-01-11,CB1339,PB1111,SB101,2,5.0,Card,2026-01-12,2026-02-06
TB100154,2023-01-31,CB1166,PB1003,SB106,10,5.0,Cash,2023-02-01,2023-02-26
TB100155,2023-04-18,CB1059,PB1096,SB103,9,15.0,net banking,2023-04-18,2023-05-11
TB100156,2025-07-07,CB1232,PB1065,SB108,2,20.0,UPI,2025-07-08,2025-07-24
TB100157,2025-12-03,CB1032,PB1062,SB113,1,,Net Banking,2025-12-04,2025-12-18
TB100158,2023-08-10,CB1042,PB1042,SB105,2,15.0,upi,2023-08-11,2023-09-02
TB100159,2023-09-16,CB1281,PB1092,SB111,10,,Net Banking,2023-09-17,2023-10-06
TB100160,2025-12-22,CB1221,PB1013,SB104,10,20.0,CARD,2025-12-23,2026-01-06
TB100161,2025-05-30,CB1174,PB1106,SB115,7,5.0,Net Banking,2025-05-31,2025-06-28
TB100162,2025-05-01,CB1161,PB1086,SB109,7,10.0,cash,2025-05-03,2025-05-06
TB100163,2023-11-09,CB1047,PB1107,SB103,2,15.0,upi,2023-11-11,2023-12-10
TB100164,2025-06-03,CB1067,PB1072,SB102,6,,cash,2025-06-03,2025-06-26
TB100165,2023-09-08,CB1027,PB1037,SB110,7,,cash,2023-09-09,2023-09-20
TB100166,2023-08-01,CB1337,PB1062,SB108,3,5.0,upi,2023-08-03,2023-08-19
TB100167,2024-12-18,CB1294,PB1029,SB114,5,0.0,UPI,2024-12-20,2024-12-31
TB100168,2024-07-01,CB1174,PB1045,SB101,5,10.0,Card,2024-07-01,2024-07-06
TB100169,2023-10-21,CB1073,PB1095,SB101,2,15.0,upi,2023-10-23,2023-11-13
TB100170,2025-12-22,CB1175,PB1021,SB112,8,15.0,Cash,2025-12-22,2026-01-03
TB100171,2024-10-26,CB1080,PB1021,SB102,1,0.0,upi,2024-10-28,2024-11-16
TB100172,2024-07-11,CB1311,PB1057,SB114,8,15.0,Cash,2024-07-12,2024-08-02
TB100173,2024-03-17,CB1057,PB1037,SB116,7,10.0,Cash,2024-03-19,2024-03-22
TB100174,2023-04-04,CB1004,PB1027,SB110,1,20.0,CARD,2023-04-04,2023-04-16
TB100175,2023-10-09,CB1004,PB1064,SB114,2,10.0,Card,2023-10-10,2023-10-19
TB100176,2023-09-22,CB1257,PB1072,SB112,4,,upi,2023-09-23,2023-10-10
TB100177,2025-03-24,CB1236,PB1118,SB103,1,15.0,cash,2025-03-26,2025-03-27
TB100178,2026-03-25,CB1149,PB1015,SB113,7,15.0,UPI,2026-03-26,2026-04-13
TB100179,2024-10-27,CB1186,PB1012,SB114,8,20.0,upi,2024-10-27,2024-11-21
TB100180,2024-05-13,CB1041,PB1051,SB110,9,15.0,cash,2024-05-14,2024-06-01
TB100181,2024-03-29,CB1262,PB1082,SB104,2,5.0,CARD,2024-03-30,2024-04-23
TB100182,2024-12-16,CB1121,PB1014,SB105,3,,Cash,2024-12-17,2025-01-09
TB100183,2024-02-09,CB1091,PB1099,SB116,2,5.0,net banking,2024-02-09,2024-02-28
TB100184,2026-02-28,CB1330,PB1082,SB111,10,,cash,2026-03-02,2026-03-16
TB100185,2023-11-06,CB1324,PB1039,SB109,8,15.0,UPI,2023-11-07,2023-11-09
TB100186,2024-12-21,CB1232,PB1005,SB102,8,10.0,cash,2024-12-23,2024-12-25
TB100187,2024-08-10,CB1305,PB1065,SB113,10,0.0,net banking,2024-08-10,2024-08-30
TB100188,2026-02-09,CB1293,PB1084,SB107,8,0.0,cash,2026-02-11,2026-03-11
TB100189,2025-09-01,CB1053,PB1104,SB111,8,0.0,upi,2025-09-03,2025-09-07
TB100190,2025-10-30,CB1225,PB1057,SB117,4,0.0,Card,2025-11-01,2025-11-06
TB100191,2025-01-15,CB1210,PB1100,SB111,7,10.0,UPI,2025-01-16,2025-02-14
TB100192,2024-11-16,CB1348,PB1050,SB110,9,0.0,Cash,2024-11-16,2024-11-26
TB100193,2023-11-04,CB1180,PB1040,SB113,3,20.0,Card,2023-11-05,2023-11-07
TB100194,2023-06-23,CB1066,PB1086,SB117,6,15.0,upi,2023-06-24,2023-07-11
TB100195,2025-05-17,CB1159,PB1024,SB107,6,0.0,cash,2025-05-19,2025-05-30
TB100196,2025-09-22,CB1040,PB1038,SB104,3,5.0,UPI,2025-09-22,2025-09-29
TB100197,2024-11-20,CB1079,PB1021,SB106,7,20.0,Card,2024-11-22,2024-11-26
TB100198,2025-06-15,CB1228,PB1079,SB110,4,10.0,net banking,2025-06-15,2025-06-28
TB100199,2024-04-24,CB1100,PB1048,SB115,8,10.0,net banking,2024-04-26,2024-05-03
TB100200,2024-07-31,CB1083,PB1105,SB107,7,20.0,Card,2024-08-01,2024-08-17
TB100201,2024-05-27,CB1284,PB1120,SB104,6,15.0,upi,2024-05-27,2024-06-16
TB100202,2024-08-06,CB1231,PB1116,SB117,5,5.0,Card,2024-08-06,2024-08-30
TB100203,2025-06-14,CB1179,PB1120,SB101,8,5.0,Net Banking,2025-06-14,2025-07-14
TB100204,2023-04-20,CB1198,PB1011,SB112,4,10.0,CARD,2023-04-21,2023-05-07
TB100205,2023-02-27,CB1075,PB1018,SB102,6,0.0,Cash,2023-02-28,2023-03-29
TB100206,2025-08-25,CB1230,PB1079,SB101,8,5.0,upi,2025-08-27,2025-09-22
TB100207,2023-02-08,CB1312,PB1068,SB114,9,5.0,upi,2023-02-09,2023-02-15
TB100208,2024-08-13,CB1123,PB1054,SB115,1,0.0,upi,2024-08-13,2024-08-22
TB100209,2023-08-16,CB1324,PB1066,SB108,1,20.0,Card,2023-08-17,2023-09-05
TB100210,2024-08-19,CB1124,PB1074,SB114,6,20.0,Card,2024-08-20,2024-08-20
TB100211,2023-06-25,CB1279,PB1065,SB117,9,0.0,UPI,2023-06-27,2023-07-08
TB100212,2025-03-10,CB1192,PB1033,SB101,7,,cash,2025-03-11,2025-03-12
TB100213,2023-05-19,CB1298,PB1095,SB111,2,,Card,2023-05-20,2023-05-27
TB100214,2023-04-01,CB1238,PB1090,SB116,3,10.0,Card,2023-04-02,2023-04-19
TB100215,2023-10-04,CB1151,PB1026,SB102,1,15.0,CARD,2023-10-04,2023-10-26
TB100216,2023-03-27,CB1204,PB1105,SB118,9,10.0,net banking,2023-03-28,2023-04-26
TB100217,2024-06-02,CB1147,PB1046,SB102,4,,cash,2024-06-02,2024-06-26
TB100218,2024-07-13,CB1205,PB1096,SB115,7,10.0,Net Banking,2024-07-13,2024-08-07
TB100219,2024-11-25,CB1189,PB1119,SB117,8,,Cash,2024-11-25,2024-12-10
TB100220,2023-06-19,CB1309,PB1106,SB106,7,0.0,Cash,2023-06-21,2023-07-04
TB100221,2024-10-19,CB1157,PB1058,SB114,5,10.0,Card,2024-10-19,2024-10-21
TB100222,2025-06-28,CB1315,PB1056,SB109,6,0.0,UPI,2025-06-29,2025-07-13
TB100223,2023-06-03,CB1263,PB1103,SB106,6,15.0,UPI,2023-06-05,2023-06-25
TB100224,2023-10-20,CB1065,PB1009,SB108,1,15.0,cash,2023-10-22,2023-11-12
TB100225,2025-01-11,CB1310,PB1020,SB115,1,20.0,cash,2025-01-12,2025-02-11
TB100226,2025-01-31,CB1071,PB1068,SB112,10,0.0,Net Banking,2025-02-01,2025-02-25
TB100227,2024-10-05,CB1014,PB1095,SB106,2,5.0,net banking,2024-10-07,2024-10-15
TB100228,2025-11-26,CB1135,PB1100,SB109,2,20.0,net banking,2025-11-27,2025-12-26
TB100229,2024-03-15,CB1103,PB1016,SB105,8,,upi,2024-03-17,2024-03-26
TB100230,2025-07-14,CB1045,PB1104,SB111,8,,cash,2025-07-14,2025-08-11
TB100231,2023-05-13,CB1081,PB1092,SB106,5,10.0,cash,2023-05-15,2023-06-01
TB100232,2025-11-07,CB1122,PB1102,SB116,3,5.0,UPI,2025-11-07,2025-11-10
TB100233,2025-01-09,CB1283,PB1017,SB103,8,10.0,upi,2025-01-11,2025-01-29
TB100234,2024-09-25,CB1270,PB1053,SB114,8,,upi,2024-09-26,2024-10-18
TB100235,2023-09-14,CB1239,PB1088,SB117,8,0.0,cash,2023-09-15,2023-10-05
TB100236,2023-09-20,CB1067,PB1056,SB117,3,20.0,UPI,2023-09-22,2023-10-12
TB100237,2023-09-12,CB1083,PB1042,SB108,3,10.0,cash,2023-09-14,2023-09-18
TB100238,2025-11-28,CB1101,PB1082,SB118,5,0.0,Cash,2025-11-29,2025-12-26
TB100239,2023-09-14,CB1048,PB1065,SB106,9,20.0,Card,2023-09-16,2023-09-25
TB100240,2023-12-17,CB1173,PB1108,SB102,10,,UPI,2023-12-19,2024-01-07
TB100241,2023-06-16,CB1136,PB1084,SB107,10,,Net Banking,2023-06-16,2023-07-16
TB100242,2023-03-04,CB1149,PB1083,SB110,9,,net banking,2023-03-05,2023-04-02
TB100243,2024-05-16,CB1038,PB1089,SB102,8,10.0,Card,2024-05-18,2024-05-30
TB100244,2025-06-19,CB1175,PB1078,SB105,4,15.0,cash,2025-06-20,2025-07-05
TB100245,2024-10-15,CB1067,PB1098,SB112,7,10.0,upi,2024-10-17,2024-11-13
TB100246,2024-10-15,CB1231,PB1032,SB105,5,0.0,upi,2024-10-15,2024-10-29
TB100247,2023-04-14,CB1215,PB1032,SB106,10,15.0,cash,2023-04-15,2023-05-15
TB100248,2026-03-29,CB1256,PB1066,SB115,3,5.0,net banking,2026-03-31,2026-04-10
TB100249,2024-09-23,CB1259,PB1059,SB108,7,0.0,CARD,2024-09-24,2024-09-24
TB100250,2024-12-23,CB1306,PB1113,SB116,8,10.0,Cash,2024-12-23,2024-12-24
TB100251,2026-01-04,CB1069,PB1113,SB109,7,0.0,cash,2026-01-04,2026-01-31
TB100252,2025-04-05,CB1292,PB1072,SB107,1,15.0,cash,2025-04-06,2025-04-07
TB100253,2026-02-07,CB1231,PB1098,SB118,9,15.0,Cash,2026-02-08,2026-02-10
TB100254,2023-09-01,CB1174,PB1072,SB112,6,15.0,Card,2023-09-01,2023-09-04
TB100255,2024-02-12,CB1021,PB1006,SB102,9,15.0,Card,2024-02-14,2024-03-01
TB100256,2024-11-13,CB1311,PB1115,SB117,3,15.0,Card,2024-11-14,2024-11-30
TB100257,2024-11-02,CB1316,PB1095,SB110,7,5.0,cash,2024-11-04,2024-11-14
TB100258,2025-11-04,CB1154,PB1061,SB101,10,15.0,cash,2025-11-06,2025-11-23
TB100259,2024-11-09,CB1158,PB1102,SB101,10,15.0,net banking,2024-11-11,2024-11-14
TB100260,2024-06-27,CB1117,PB1093,SB102,10,20.0,net banking,2024-06-29,2024-07-24
TB100261,2023-12-16,CB1195,PB1019,SB108,10,,UPI,2023-12-18,2024-01-07
TB100262,2026-03-18,CB1226,PB1041,SB114,1,5.0,Card,2026-03-20,2026-03-23
TB100263,2025-04-25,CB1314,PB1118,SB116,9,15.0,UPI,2025-04-27,2025-05-03
TB100264,2023-10-10,CB1340,PB1062,SB117,6,20.0,Net Banking,2023-10-12,2023-10-18
TB100265,2024-10-04,CB1280,PB1046,SB109,6,20.0,net banking,2024-10-04,2024-10-18
TB100266,2024-01-29,CB1116,PB1039,SB110,5,20.0,CARD,2024-01-29,2024-02-06
TB100267,2025-09-28,CB1141,PB1037,SB104,9,10.0,Net Banking,2025-09-29,2025-10-14
TB100268,2025-03-19,CB1022,PB1037,SB103,5,5.0,cash,2025-03-20,2025-04-19
TB100269,2025-06-24,CB1110,PB1026,SB118,8,,Cash,2025-06-26,2025-07-04
TB100270,2026-02-25,CB1316,PB1095,SB108,2,5.0,CARD,2026-02-27,2026-03-07
TB100271,2023-04-14,CB1327,PB1030,SB102,4,20.0,upi,2023-04-16,2023-05-14
TB100272,2025-04-26,CB1349,PB1099,SB105,2,15.0,UPI,2025-04-27,2025-05-19
TB100273,2026-02-01,CB1245,PB1084,SB107,8,,Cash,2026-02-01,2026-02-14
TB100274,2024-10-19,CB1334,PB1074,SB108,2,0.0,UPI,2024-10-20,2024-11-09
TB100275,2023-12-25,CB1204,PB1101,SB116,1,5.0,Card,2023-12-26,2024-01-23
TB100276,2024-08-15,CB1309,PB1014,SB111,10,10.0,Cash,2024-08-15,2024-08-15
TB100277,2025-07-19,CB1069,PB1109,SB117,8,20.0,net banking,2025-07-21,2025-08-07
TB100278,2024-07-12,CB1084,PB1094,SB115,6,0.0,Cash,2024-07-12,2024-08-06
TB100279,2024-01-17,CB1291,PB1087,SB107,5,10.0,Card,2024-01-17,2024-02-09
TB100280,2025-04-10,CB1206,PB1086,SB104,2,10.0,Card,2025-04-11,2025-04-27
TB100281,2023-10-15,CB1134,PB1050,SB108,1,5.0,net banking,2023-10-16,2023-10-26
TB100282,2024-06-30,CB1006,PB1034,SB112,10,20.0,CARD,2024-07-01,2024-07-10
TB100283,2023-05-08,CB1082,PB1052,SB117,5,15.0,Cash,2023-05-10,2023-05-13
TB100284,2023-08-29,CB1315,PB1029,SB108,6,10.0,Card,2023-08-31,2023-09-29
TB100285,2025-09-06,CB1192,PB1054,SB118,10,,net banking,2025-09-06,2025-09-20
TB100286,2026-01-05,CB1349,PB1097,SB103,4,5.0,net banking,2026-01-07,2026-02-02
TB100287,2025-12-17,CB1058,PB1008,SB118,10,0.0,CARD,2025-12-19,2025-12-30
TB100288,2026-03-18,CB1267,PB1057,SB104,6,5.0,CARD,2026-03-20,2026-03-24
TB100289,2025-09-28,CB1029,PB1059,SB105,8,20.0,Net Banking,2025-09-28,2025-10-26
TB100290,2025-07-24,CB1345,PB1104,SB110,8,20.0,UPI,2025-07-26,2025-07-27
TB100291,2025-03-21,CB1297,PB1010,SB102,4,0.0,Net Banking,2025-03-22,2025-04-17
TB100292,2024-12-06,CB1036,PB1120,SB116,1,20.0,UPI,2024-12-08,2024-12-10
TB100293,2024-08-10,CB1192,PB1115,SB113,7,5.0,net banking,2024-08-11,2024-08-16
TB100294,2025-02-12,CB1069,PB1084,SB112,9,,upi,2025-02-13,2025-02-15
TB100295,2024-01-01,CB1115,PB1107,SB101,3,20.0,UPI,2024-01-03,2024-01-15
TB100296,2024-09-03,CB1218,PB1069,SB113,9,,CARD,2024-09-04,2024-09-25
TB100297,2024-05-21,CB1097,PB1120,SB104,5,5.0,UPI,2024-05-22,2024-06-02
TB100298,2025-05-08,CB1106,PB1009,SB104,4,0.0,UPI,2025-05-10,2025-06-03
TB100299,2025-07-03,CB1126,PB1095,SB102,1,,Net Banking,2025-07-05,2025-07-26
TB100300,2025-06-17,CB1072,PB1065,SB110,1,5.0,CARD,2025-06-17,2025-07-04
TB100301,2026-03-25,CB1122,PB1039,SB105,6,20.0,CARD,2026-03-26,2026-04-13
TB100302,2025-04-26,CB1303,PB1113,SB106,9,0.0,Net Banking,2025-04-27,2025-05-05
TB100303,2026-02-12,CB1269,PB1041,SB114,7,10.0,Net Banking,2026-02-13,2026-02-14
TB100304,2023-11-02,CB1243,PB1031,SB108,9,5.0,Cash,2023-11-03,2023-11-15
TB100305,2023-10-23,CB1212,PB1054,SB118,9,0.0,Card,2023-10-24,2023-11-22
TB100306,2025-03-06,CB1332,PB1011,SB115,6,5.0,cash,2025-03-06,2025-03-14
TB100307,2023-07-09,CB1138,PB1049,SB102,1,5.0,upi,2023-07-11,2023-08-03
TB100308,2024-01-21,CB1112,PB1062,SB107,9,,cash,2024-01-23,2024-02-15
TB100309,2024-09-12,CB1246,PB1118,SB108,2,5.0,CARD,2024-09-12,2024-09-18
TB100310,2025-03-23,CB1195,PB1060,SB118,5,10.0,cash,2025-03-23,2025-04-09
TB100311,2024-09-23,CB1239,PB1013,SB116,8,20.0,cash,2024-09-24,2024-10-05
TB100312,2024-02-21,CB1289,PB1111,SB108,1,15.0,Card,2024-02-22,2024-03-03
TB100313,2023-02-03,CB1214,PB1038,SB105,10,20.0,CARD,2023-02-04,2023-02-21
TB100314,2024-11-06,CB1256,PB1071,SB111,4,20.0,Cash,2024-11-06,2024-11-18
TB100315,2025-09-27,CB1236,PB1022,SB112,8,,Card,2025-09-29,2025-10-19
TB100316,2023-10-14,CB1278,PB1083,SB102,3,15.0,UPI,2023-10-16,2023-11-02
TB100317,2023-06-02,CB1071,PB1108,SB108,7,0.0,upi,2023-06-04,2023-06-05
TB100318,2023-11-06,CB1192,PB1008,SB116,8,20.0,net banking,2023-11-06,2023-11-12
TB100319,2023-02-02,CB1007,PB1003,SB117,7,20.0,Cash,2023-02-02,2023-02-19
TB100320,2026-01-02,CB1092,PB1014,SB104,7,20.0,Card,2026-01-03,2026-01-03
TB100321,2024-05-08,CB1182,PB1035,SB113,5,20.0,upi,2024-05-08,2024-05-27
TB100322,2025-02-03,CB1116,PB1039,SB103,4,20.0,UPI,2025-02-04,2025-02-18
TB100323,2023-07-11,CB1244,PB1008,SB101,9,15.0,Card,2023-07-12,2023-07-24
TB100324,2023-06-19,CB1290,PB1110,SB104,6,15.0,UPI,2023-06-20,2023-07-17
TB100325,2024-04-15,CB1244,PB1035,SB102,10,,upi,2024-04-15,2024-05-13
TB100326,2024-07-28,CB1092,PB1119,SB111,1,,UPI,2024-07-30,2024-08-17
TB100327,2024-02-29,CB1040,PB1039,SB106,7,,CARD,2024-03-02,2024-03-06
TB100328,2026-03-06,CB1197,PB1097,SB105,-1,20.0,upi,2026-03-07,2026-03-28
TB100329,2025-10-22,CB1224,PB1030,SB103,2,0.0,cash,2025-10-24,2025-11-04
TB100330,2025-03-23,CB1231,PB1063,SB108,5,,cash,2025-03-24,2025-03-24
TB100331,2026-02-06,CB1339,PB1049,SB103,10,5.0,Cash,2026-02-07,2026-02-20
TB100332,2024-05-19,CB1079,PB1049,SB105,5,0.0,Net Banking,2024-05-21,2024-05-23
TB100333,2024-10-10,CB1158,PB1057,SB112,1,0.0,Cash,2024-10-11,2024-10-14
TB100334,2023-07-29,CB1230,PB1072,SB118,7,5.0,Net Banking,2023-07-29,2023-07-31
TB100335,2023-07-31,CB1048,PB1077,SB111,9,10.0,Net Banking,2023-07-31,2023-08-02
TB100336,2023-01-26,CB1287,PB1116,SB108,2,15.0,Card,2023-01-27,2023-02-09
TB100337,2025-02-18,CB1138,PB1064,SB105,5,10.0,upi,2025-02-18,2025-02-22
TB100338,2023-12-09,CB1248,PB1101,SB103,5,15.0,cash,2023-12-10,2023-12-18
TB100339,2024-05-30,CB1305,PB1079,SB107,8,,net banking,2024-05-30,2024-06-22
TB100340,2023-08-08,CB1171,PB1108,SB113,7,0.0,cash,2023-08-08,2023-08-17
TB100341,2025-06-20,CB1070,PB1039,SB111,10,,CARD,2025-06-21,2025-07-04
TB100342,2025-09-08,CB1150,PB1095,SB116,6,15.0,CARD,2025-09-09,2025-09-14
TB100343,2024-10-29,CB1059,PB1120,SB107,6,15.0,Card,2024-10-30,2024-11-07
TB100344,2026-01-31,CB1108,PB1057,SB110,8,,upi,2026-01-31,2026-03-02
TB100345,2025-04-17,CB1124,PB1033,SB105,5,5.0,Net Banking,2025-04-19,2025-05-04
TB100346,2025-02-11,CB1299,PB1052,SB118,8,20.0,Net Banking,2025-02-11,2025-02-25
TB100347,2026-01-18,CB1305,PB1082,SB103,9,10.0,upi,2026-01-18,2026-02-12
TB100348,2024-05-23,CB1332,PB1079,SB102,3,10.0,Net Banking,2024-05-25,2024-06-15
TB100349,2024-11-10,CB1133,PB1029,SB117,2,0.0,CARD,2024-11-11,2024-11-14
TB100350,2025-07-01,CB1257,PB1020,SB112,10,15.0,UPI,2025-07-02,2025-07-14
TB100351,2025-09-15,CB1060,PB1107,SB105,2,15.0,cash,2025-09-15,2025-09-24
TB100352,2024-09-30,CB1248,PB1045,SB116,9,5.0,upi,2024-10-01,2024-10-15
TB100353,2025-06-16,CB1035,PB1039,SB102,6,15.0,upi,2025-06-18,2025-07-10
TB100354,2023-02-16,CB1125,PB1067,SB106,3,0.0,Card,2023-02-17,2023-03-09
TB100355,2024-11-08,CB1208,PB1081,SB106,4,15.0,Card,2024-11-10,2024-11-23
TB100356,2025-06-04,CB1102,PB1058,SB114,10,,Net Banking,2025-06-05,2025-06-05
TB100357,2023-01-10,CB1033,PB1074,SB104,5,5.0,Card,2023-01-12,2023-01-18
TB100358,2025-01-19,CB1135,PB1086,SB116,2,15.0,cash,2025-01-20,2025-01-26
TB100359,2025-03-06,CB1179,PB1046,SB115,2,20.0,Card,2025-03-08,2025-03-20
TB100360,2024-09-01,CB1161,PB1016,SB108,3,0.0,Cash,2024-09-03,2024-09-21
TB100361,2023-08-28,CB1262,PB1050,SB114,3,,Card,2023-08-28,2023-09-08
TB100362,2026-03-23,CB1326,PB1069,SB106,8,5.0,Card,2026-03-24,2026-04-06
TB100363,2025-09-29,CB1231,PB1080,SB102,6,5.0,cash,2025-09-30,2025-10-04
TB100364,2023-01-20,CB1288,PB1065,SB116,7,5.0,Net Banking,2023-01-21,2023-01-25
TB100365,2025-10-04,CB1086,PB1011,SB101,8,15.0,CARD,2025-10-05,2025-10-27
TB100366,2024-08-21,CB1148,PB1022,SB115,9,5.0,net banking,2024-08-21,2024-08-29
TB100367,2026-01-30,CB1138,PB1100,SB118,2,20.0,cash,2026-02-01,2026-02-04
TB100368,2026-01-15,CB1280,PB1028,SB114,8,,upi,2026-01-15,2026-02-08
TB100369,2024-05-21,CB1135,PB1045,SB103,8,0.0,net banking,2024-05-22,2024-06-18
TB100370,2023-08-29,CB1180,PB1111,SB114,10,,Card,2023-08-29,2023-09-04
TB100371,2023-10-13,CB1292,PB1045,SB118,1,5.0,Cash,2023-10-13,2023-11-08
TB100372,2026-01-08,CB1149,PB1074,SB109,5,,upi,2026-01-08,2026-01-18
TB100373,2023-10-05,CB1336,PB1017,SB105,5,0.0,CARD,2023-10-06,2023-11-04
TB100374,2023-10-27,CB1251,PB1019,SB109,7,5.0,Net Banking,2023-10-29,2023-11-08
TB100375,2025-02-07,CB1207,PB1066,SB109,2,,cash,2025-02-08,2025-02-10
TB100376,2025-07-20,CB1048,PB1094,SB115,1,20.0,cash,2025-07-21,2025-07-31
TB100377,2023-05-10,CB1109,PB1064,SB109,7,5.0,cash,2023-05-12,2023-05-24
TB100378,2024-08-03,CB1290,PB1110,SB116,3,20.0,cash,2024-08-04,2024-08-21
TB100379,2023-04-10,CB1009,PB1016,SB106,8,,net banking,2023-04-10,2023-04-13
TB100380,2025-07-23,CB1068,PB1113,SB110,4,15.0,Card,2025-07-23,2025-08-22
TB100381,2024-07-15,CB1043,PB1048,SB106,5,10.0,UPI,2024-07-15,2024-08-04
TB100382,2025-03-22,CB1220,PB1084,SB103,4,,upi,2025-03-24,2025-04-02
TB100383,2023-01-03,CB1304,PB1029,SB117,3,0.0,net banking,2023-01-03,2023-01-18
TB100384,2023-01-20,CB1217,PB1089,SB105,2,10.0,net banking,2023-01-20,2023-02-11
TB100385,2023-05-26,CB1053,PB1041,SB112,2,0.0,Cash,2023-05-26,2023-06-07
TB100386,2023-10-08,CB1036,PB1068,SB101,3,5.0,Card,2023-10-09,2023-11-02
TB100387,2025-06-20,CB1211,PB1079,SB115,3,5.0,CARD,2025-06-21,2025-07-14
TB100388,2023-06-27,CB1197,PB1045,SB114,10,0.0,cash,2023-06-27,2023-07-01
TB100389,2023-10-14,CB1128,PB1071,SB110,2,,UPI,2023-10-14,2023-10-22
TB100390,2024-09-09,CB1097,PB1096,SB113,9,20.0,Cash,2024-09-09,2024-09-25
TB100391,2023-04-22,CB1124,PB1064,SB103,2,15.0,UPI,2023-04-22,2023-05-07
TB100392,2025-01-09,CB1216,PB1047,SB118,10,15.0,Card,2025-01-10,2025-01-14
TB100393,2025-08-22,CB1008,PB1034,SB107,2,20.0,UPI,2025-08-22,2025-08-22
TB100394,2023-05-04,CB1213,PB1055,SB113,9,10.0,upi,2023-05-05,2023-05-21
TB100395,2026-01-03,CB1043,PB1040,SB103,5,5.0,CARD,2026-01-05,2026-01-24
TB100396,2023-11-15,CB1325,PB1098,SB103,10,15.0,Cash,2023-11-17,2023-11-27
TB100397,2025-06-14,CB1126,PB1012,SB114,1,5.0,upi,2025-06-16,2025-07-16
TB100398,2025-07-17,CB1342,PB1095,SB106,5,0.0,upi,2025-07-19,2025-08-07
TB100399,2023-01-26,CB1084,PB1064,SB112,1,,Cash,2023-01-28,2023-02-01
TB100400,2023-12-08,CB1061,PB1099,SB101,5,,cash,2023-12-09,2023-12-13
TB100401,2025-05-29,CB1296,PB1081,SB103,5,0.0,net banking,2025-05-30,2025-06-15
TB100402,2025-07-21,CB1291,PB1022,SB112,8,0.0,Card,2025-07-23,2025-08-03
TB100403,2024-06-06,CB1117,PB1095,SB117,2,20.0,UPI,2024-06-06,2024-07-04
TB100404,2023-04-01,CB1187,PB1050,SB105,8,0.0,Card,2023-04-01,2023-04-08
TB100405,2023-03-14,CB1115,PB1042,SB108,7,,Net Banking,2023-03-16,2023-04-10
TB100406,2024-10-17,CB1191,PB1016,SB117,10,0.0,UPI,2024-10-18,2024-11-13
TB100407,2024-01-03,CB1206,PB1009,SB115,1,20.0,Cash,2024-01-03,2024-01-28
TB100408,2024-09-28,CB1005,PB1048,SB107,8,20.0,Cash,2024-09-29,2024-10-01
TB100409,2026-02-28,CB1238,PB1048,SB116,4,20.0,CARD,2026-03-01,2026-03-24
TB100410,2026-01-24,CB1013,PB1030,SB118,7,0.0,cash,2026-01-24,2026-01-28
TB100411,2023-01-20,CB1158,PB1014,SB107,7,,CARD,2023-01-21,2023-01-21
TB100412,2025-05-09,CB1144,PB1012,SB102,3,0.0,CARD,2025-05-10,2025-06-09
TB100413,2025-11-30,CB1044,PB1075,SB104,8,10.0,Card,2025-12-01,2025-12-23
TB100414,2025-03-18,CB1223,PB1085,SB105,1,20.0,CARD,2025-03-18,2025-04-05
TB100415,2024-08-20,CB1168,PB1041,SB115,7,10.0,Cash,2024-08-21,2024-09-17
TB100416,2024-04-23,CB1300,PB1014,SB105,3,5.0,upi,2024-04-23,2024-05-23
TB100417,2023-12-03,CB1062,PB1069,SB112,7,10.0,CARD,2023-12-04,2023-12-18
TB100418,2025-07-14,CB1047,PB1021,SB110,2,10.0,UPI,2025-07-15,2025-07-29
TB100419,2024-03-16,CB1183,PB1051,SB117,4,0.0,UPI,2024-03-17,2024-03-21
TB100420,2024-09-04,CB1208,PB1110,SB115,1,5.0,CARD,2024-09-05,2024-10-01
TB100421,2023-07-13,CB1007,PB1008,SB108,2,5.0,Card,2023-07-14,2023-07-17
TB100422,2024-02-10,CB1299,PB1076,SB109,2,,upi,2024-02-11,2024-02-22
TB100423,2023-02-14,CB1066,PB1012,SB111,8,,upi,2023-02-14,2023-02-20
TB100424,2023-03-29,CB1222,PB1106,SB113,10,5.0,net banking,2023-03-30,2023-03-31
TB100425,2023-03-02,CB1182,PB1028,SB106,3,15.0,Cash,2023-03-03,2023-03-24
TB100426,2024-07-27,CB1315,PB1080,SB108,1,5.0,Cash,2024-07-28,2024-08-25
TB100427,2025-10-18,CB1032,PB1012,SB109,8,20.0,Net Banking,2025-10-19,2025-11-16
TB100428,2023-10-09,CB1128,PB1081,SB118,9,,UPI,2023-10-10,2023-10-16
TB100429,2025-02-22,CB1249,PB1045,SB117,9,15.0,cash,2025-02-24,2025-03-07
TB100430,2025-03-06,CB1306,PB1029,SB101,6,0.0,Cash,2025-03-07,2025-03-12
TB100431,2023-04-30,CB1120,PB1021,SB104,10,10.0,CARD,2023-05-01,2023-05-17
TB100432,2024-05-08,CB1113,PB1074,SB113,1,,cash,2024-05-09,2024-05-26
TB100433,2023-12-22,CB1184,PB1117,SB101,6,20.0,cash,2023-12-22,2023-12-29
TB100434,2026-03-08,CB1253,PB1070,SB110,4,20.0,Card,2026-03-10,2026-03-14
TB100435,2025-10-01,CB1309,PB1029,SB101,4,0.0,net banking,2025-10-01,2025-10-03
TB100436,2023-01-02,CB1067,PB1044,SB106,4,20.0,cash,2023-01-03,2023-02-01
TB100437,2023-05-02,CB1057,PB1109,SB117,3,20.0,cash,2023-05-02,2023-05-06
TB100438,2023-05-29,CB1301,PB1013,SB111,7,,Cash,2023-05-30,2023-06-21
TB100439,2024-10-22,CB1328,PB1063,SB111,7,,Card,2024-10-22,2024-10-27
TB100440,2026-02-24,CB1115,PB1086,SB106,6,20.0,Net Banking,2026-02-26,2026-03-26
TB100441,2024-09-20,CB1091,PB1094,SB101,3,10.0,Net Banking,2024-09-22,2024-10-14
TB100442,2026-03-08,CB1314,PB1029,SB104,6,20.0,net banking,2026-03-08,2026-03-13
TB100443,2023-10-16,CB1178,PB1041,SB106,4,0.0,upi,2023-10-17,2023-11-09
TB100444,2024-11-18,CB1128,PB1089,SB103,4,10.0,cash,2024-11-19,2024-11-19
TB100445,2024-06-09,CB1198,PB1057,SB114,1,0.0,Card,2024-06-09,2024-07-02
TB100446,2025-04-27,CB1280,PB1049,SB104,6,15.0,net banking,2025-04-28,2025-05-26
TB100447,2026-03-29,CB1084,PB1058,SB103,4,,UPI,2026-03-31,2026-04-24
TB100448,2024-08-26,CB1038,PB1044,SB106,2,10.0,Net Banking,2024-08-26,2024-09-05
TB100449,2023-11-26,CB1174,PB1077,SB116,2,20.0,UPI,2023-11-28,2023-11-30
TB100450,2025-06-02,CB1081,PB1007,SB104,7,20.0,cash,2025-06-04,2025-06-09
TB100451,2024-02-25,CB1277,PB1034,SB110,9,,Cash,2024-02-25,2024-03-09
TB100452,2024-05-01,CB1282,PB1108,SB116,10,15.0,Card,2024-05-01,2024-05-02
TB100453,2023-04-22,CB1151,PB1106,SB116,2,15.0,CARD,2023-04-23,2023-04-23
TB100454,2023-07-18,CB1042,PB1061,SB104,5,5.0,Cash,2023-07-18,2023-07-24
TB100455,2025-03-25,CB1047,PB1083,SB118,5,,Net Banking,2025-03-26,2025-04-10
TB100456,2024-01-14,CB1096,PB1058,SB102,6,15.0,Cash,2024-01-15,2024-02-12
TB100457,2025-06-19,CB1289,PB1008,SB105,5,5.0,upi,2025-06-20,2025-06-28
TB100458,2023-06-25,CB1302,PB1030,SB118,7,20.0,UPI,2023-06-27,2023-07-08
TB100459,2025-03-03,CB1294,PB1113,SB108,8,20.0,net banking,2025-03-05,2025-03-18
TB100460,2024-09-04,CB1258,PB1074,SB117,1,,Card,2024-09-04,2024-09-16
TB100461,2023-09-04,CB1099,PB1017,SB102,4,5.0,Net Banking,2023-09-05,2023-09-10
TB100462,2023-06-10,CB1305,PB1034,SB111,3,5.0,upi,2023-06-12,2023-06-25
TB100463,2023-06-28,CB1167,PB1110,SB109,9,15.0,net banking,2023-06-29,2023-07-16
TB100464,2023-01-26,CB1215,PB1015,SB114,9,20.0,Card,2023-01-28,2023-02-16
TB100465,2023-10-31,CB1055,PB1073,SB104,2,20.0,Cash,2023-11-02,2023-11-20
TB100466,2026-01-01,CB1197,PB1084,SB116,5,15.0,net banking,2026-01-02,2026-01-30
TB100467,2023-03-18,CB1317,PB1078,SB113,3,15.0,UPI,2023-03-18,2023-03-26
TB100468,2025-03-21,CB1244,PB1118,SB109,1,5.0,cash,2025-03-22,2025-04-13
TB100469,2023-02-11,CB1144,PB1108,SB116,5,10.0,upi,2023-02-12,2023-03-10
TB100470,2024-04-11,CB1165,PB1035,SB114,8,,upi,2024-04-11,2024-04-20
TB100471,2024-01-20,CB1265,PB1112,SB112,8,15.0,UPI,2024-01-21,2024-01-27
TB100472,2025-11-21,CB1207,PB1018,SB117,9,10.0,UPI,2025-11-21,2025-11-23
TB100473,2023-12-22,CB1128,PB1005,SB115,1,5.0,UPI,2023-12-22,2024-01-19
TB100474,2025-01-08,CB1238,PB1065,SB113,6,10.0,upi,2025-01-10,2025-01-16
TB100475,2023-03-04,CB1229,PB1023,SB116,10,15.0,cash,2023-03-04,2023-03-15
TB100476,2024-12-06,CB1146,PB1004,SB113,2,10.0,UPI,2024-12-06,2025-01-01
TB100477,2023-11-30,CB1332,PB1029,SB107,4,5.0,Cash,2023-12-02,2023-12-26
TB100478,2025-04-18,CB1243,PB1117,SB105,1,,Card,2025-04-20,2025-04-20
TB100479,2023-01-18,CB1330,PB1036,SB114,5,20.0,Net Banking,2023-01-18,2023-01-26
TB100480,2024-12-15,CB1155,PB1087,SB117,8,5.0,Net Banking,2024-12-16,2024-12-24
TB100481,2023-07-29,CB1288,PB1083,SB110,6,,Cash,2023-07-29,2023-08-14
TB100482,2023-08-10,CB1328,PB1042,SB109,5,10.0,Cash,2023-08-11,2023-08-13
TB100483,2024-09-03,CB1030,PB1104,SB113,4,20.0,cash,2024-09-03,2024-09-07
TB100484,2023-10-14,CB1152,PB1034,SB114,8,,Net Banking,2023-10-16,2023-10-16
TB100485,2025-03-06,CB1098,PB1044,SB108,10,20.0,net banking,2025-03-08,2025-03-09
TB100486,2025-01-04,CB1093,PB1038,SB104,9,5.0,net banking,2025-01-06,2025-01-15
TB100487,2023-09-20,CB1094,PB1088,SB111,9,,upi,2023-09-22,2023-09-30
TB100488,2024-03-31,CB1216,PB1101,SB111,5,,cash,2024-04-01,2024-04-08
TB100489,2024-06-17,CB1241,PB1007,SB103,2,15.0,net banking,2024-06-19,2024-06-28
TB100490,2024-02-03,CB1272,PB1039,SB114,7,,UPI,2024-02-05,2024-02-08
TB100491,2023-11-05,CB1292,PB1115,SB115,7,10.0,Card,2023-11-05,2023-11-11
TB100492,2024-10-09,CB1171,PB1081,SB106,8,0.0,cash,2024-10-11,2024-10-16
TB100493,2023-04-29,CB1087,PB1074,SB106,4,10.0,net banking,2023-04-29,2023-05-13
TB100494,2023-06-30,CB1207,PB1055,SB116,7,15.0,Net Banking,2023-06-30,2023-07-19
TB100495,2023-01-10,CB1008,PB1115,SB111,6,5.0,CARD,2023-01-10,2023-01-27
TB100496,2023-02-06,CB1116,PB1089,SB112,4,,Cash,2023-02-08,2023-02-08
TB100497,2023-09-22,CB1157,PB1022,SB103,10,20.0,UPI,2023-09-22,2023-10-04
TB100498,2024-09-02,CB1306,PB1068,SB111,9,,Net Banking,2024-09-03,2024-09-17
TB100499,2023-10-02,CB1097,PB1022,SB113,6,15.0,UPI,2023-10-03,2023-10-31
TB100500,2024-04-12,CB1012,PB1076,SB117,4,5.0,Card,2024-04-12,2024-05-05
TB100501,2023-09-10,CB1193,PB1113,SB109,1,,UPI,2023-09-11,2023-10-03
TB100502,2023-04-09,CB1025,PB1089,SB104,1,,Net Banking,2023-04-11,2023-04-14
TB100503,2025-06-28,CB1243,PB1090,SB105,5,20.0,CARD,2025-06-29,2025-07-02
TB100504,2023-01-20,CB1340,PB1067,SB109,2,,Card,2023-01-21,2023-02-03
TB100505,2025-05-07,CB1061,PB1037,SB104,10,,upi,2025-05-07,2025-05-23
TB100506,2025-10-16,CB1268,PB1026,SB112,5,5.0,Net Banking,2025-10-16,2025-11-04
TB100507,2024-08-27,CB1107,PB1089,SB116,8,20.0,cash,2024-08-27,2024-08-28
TB100508,2024-04-25,CB1057,PB1107,SB116,2,,Card,2024-04-25,2024-04-25
TB100509,2023-07-04,CB1132,PB1083,SB108,2,,net banking,2023-07-06,2023-07-08
TB100510,2024-08-29,CB1090,PB1112,SB102,2,0.0,Cash,2024-08-30,2024-09-13
TB100511,2025-01-07,CB1049,PB1109,SB102,2,15.0,UPI,2025-01-09,2025-01-19
TB100512,2023-10-11,CB1184,PB1115,SB115,6,5.0,Cash,2023-10-13,2023-11-02
TB100513,2023-07-10,CB1059,PB1052,SB113,3,10.0,net banking,2023-07-11,2023-08-06
TB100514,2024-07-10,CB1333,PB1114,SB106,7,15.0,upi,2024-07-11,2024-08-02
TB100515,2023-09-29,CB1054,PB1054,SB116,3,0.0,net banking,2023-10-01,2023-10-24
TB100516,2024-01-07,CB1015,PB1111,SB105,10,10.0,net banking,2024-01-09,2024-01-21
TB100517,2025-09-26,CB1024,PB1009,SB109,8,15.0,cash,2025-09-26,2025-10-24
TB100518,2023-01-26,CB1296,PB1093,SB108,9,,cash,2023-01-28,2023-02-24
TB100519,2025-11-29,CB1049,PB1056,SB108,10,,net banking,2025-12-01,2025-12-23
TB100520,2024-12-09,CB1077,PB1108,SB118,7,,UPI,2024-12-11,2025-01-01
TB100521,2023-01-24,CB1241,PB1110,SB116,9,5.0,Card,2023-01-26,2023-02-24
TB100522,2023-06-03,CB1143,PB1007,SB117,6,5.0,CARD,2023-06-04,2023-06-14
TB100523,2026-02-01,CB1041,PB1059,SB115,4,15.0,net banking,2026-02-03,2026-02-15
TB100524,2023-06-30,CB1255,PB1096,SB101,2,10.0,upi,2023-07-01,2023-07-15
TB100525,2025-04-06,CB1001,PB1106,SB103,9,20.0,Cash,2025-04-07,2025-04-08
TB100526,2025-11-07,CB1175,PB1047,SB102,8,,CARD,2025-11-09,2025-11-15
TB100527,2025-07-19,CB1243,PB1092,SB112,10,20.0,net banking,2025-07-20,2025-08-06
TB100528,2023-08-22,CB1002,PB1044,SB112,4,,Cash,2023-08-22,2023-09-15
TB100529,2026-01-26,CB1024,PB1115,SB106,2,,net banking,2026-01-28,2026-02-08
TB100530,2023-10-15,CB1055,PB1033,SB107,7,,CARD,2023-10-17,2023-11-09
TB100531,2023-09-05,CB1174,PB1014,SB114,4,15.0,UPI,2023-09-06,2023-09-12
TB100532,2023-09-10,CB1259,PB1018,SB116,10,,UPI,2023-09-11,2023-09-25
TB100533,2025-12-22,CB1300,PB1062,SB117,7,20.0,Card,2025-12-24,2025-12-25
TB100534,2026-03-30,CB1199,PB1085,SB111,2,5.0,Net Banking,2026-03-30,2026-04-22
TB100535,2025-05-07,CB1141,PB1051,SB111,4,,Cash,2025-05-09,2025-06-07
TB100536,2025-07-16,CB1263,PB1039,SB118,10,15.0,cash,2025-07-16,2025-07-20
TB100537,2026-02-07,CB1320,PB1092,SB110,4,5.0,cash,2026-02-09,2026-02-15
TB100538,2023-09-29,CB1278,PB1089,SB111,9,5.0,upi,2023-10-01,2023-10-21
TB100539,2024-12-22,CB1342,PB1091,SB114,10,20.0,Cash,2024-12-24,2025-01-08
TB100540,2025-05-15,CB1196,PB1019,SB102,1,0.0,UPI,2025-05-15,2025-05-31
TB100541,2024-02-14,CB1350,PB1033,SB105,5,5.0,UPI,2024-02-15,2024-03-10
TB100542,2024-08-27,CB1184,PB1105,SB115,1,20.0,upi,2024-08-27,2024-09-20
TB100543,2026-02-24,CB1200,PB1031,SB117,9,,Cash,2026-02-24,2026-03-19
TB100544,2023-04-07,CB1283,PB1007,SB101,6,15.0,Cash,2023-04-08,2023-04-20
TB100545,2024-02-20,CB1325,PB1091,SB112,4,15.0,CARD,2024-02-22,2024-03-20
TB100546,2024-02-01,CB1096,PB1023,SB117,2,5.0,upi,2024-02-02,2024-02-16
TB100547,2025-02-11,CB1136,PB1017,SB106,9,10.0,Cash,2025-02-11,2025-02-24
TB100548,2023-01-12,CB1021,PB1020,SB111,3,,UPI,2023-01-13,2023-01-27
TB100549,2024-09-08,CB1184,PB1010,SB111,9,20.0,CARD,2024-09-09,2024-10-04
TB100550,2024-01-12,CB1213,PB1070,SB118,3,20.0,Net Banking,2024-01-14,2024-01-16
TB100551,2023-07-08,CB1170,PB1047,SB110,6,5.0,CARD,2023-07-09,2023-07-16
TB100552,2025-12-22,CB1059,PB1086,SB112,1,,net banking,2025-12-23,2026-01-09
TB100553,2024-05-07,CB1021,PB1088,SB111,4,20.0,Net Banking,2024-05-09,2024-05-28
TB100554,2023-08-21,CB1013,PB1117,SB117,5,20.0,cash,2023-08-22,2023-08-30
TB100555,2025-11-19,CB1152,PB1115,SB107,1,15.0,cash,2025-11-21,2025-12-05
TB100556,2025-11-18,CB1276,PB1069,SB101,3,0.0,upi,2025-11-18,2025-12-18
TB100557,2024-03-07,CB1054,PB1027,SB118,7,5.0,Net Banking,2024-03-09,2024-03-29
TB100558,2023-05-28,CB1236,PB1092,SB111,1,5.0,UPI,2023-05-30,2023-06-20
TB100559,2023-06-29,CB1286,PB1010,SB108,5,5.0,Cash,2023-06-29,2023-06-30
TB100560,2025-04-14,CB1222,PB1041,SB101,7,,Net Banking,2025-04-15,2025-04-29
TB100561,2023-08-31,CB1033,PB1097,SB102,10,,upi,2023-09-02,2023-09-02
TB100562,2025-01-02,CB1311,PB1012,SB110,5,10.0,net banking,2025-01-04,2025-01-07
TB100563,2025-02-20,CB1243,PB1021,SB118,1,,CARD,2025-02-21,2025-03-19
TB100564,2023-10-07,CB1325,PB1019,SB110,5,20.0,cash,2023-10-09,2023-10-21
TB100565,2023-01-23,CB1064,PB1006,SB101,3,20.0,Net Banking,2023-01-25,2023-02-21
TB100566,2026-01-05,CB1108,PB1096,SB112,5,0.0,CARD,2026-01-07,2026-02-06
TB100567,2025-04-25,CB1083,PB1024,SB108,3,20.0,Cash,2025-04-27,2025-05-24
TB100568,2024-02-02,CB1028,PB1109,SB118,10,,net banking,2024-02-02,2024-02-07
TB100569,2026-01-30,CB1129,PB1013,SB107,2,,net banking,2026-01-30,2026-02-08
TB100570,2024-11-08,CB1052,PB1037,SB103,4,,CARD,2024-11-09,2024-11-13
TB100571,2024-10-12,CB1338,PB1040,SB105,10,10.0,cash,2024-10-13,2024-10-27
TB100572,2024-10-09,CB1127,PB1101,SB108,6,0.0,Net Banking,2024-10-10,2024-10-15
TB100573,2024-07-20,CB1246,PB1060,SB115,6,,cash,2024-07-21,2024-07-25
TB100574,2024-09-17,CB1331,PB1078,SB103,3,0.0,Cash,2024-09-18,2024-10-05
TB100575,2023-10-14,CB1039,PB1115,SB101,2,10.0,UPI,2023-10-16,2023-10-22
TB100576,2026-03-31,CB1019,PB1071,SB109,4,20.0,net banking,2026-04-01,2026-04-25
TB100577,2023-11-01,CB1149,PB1018,SB115,10,5.0,upi,2023-11-02,2023-11-14
TB100578,2025-03-23,CB1315,PB1088,SB106,4,0.0,Card,2025-03-24,2025-04-09
TB100579,2025-07-02,CB1338,PB1112,SB105,10,20.0,net banking,2025-07-02,2025-07-07
TB100580,2025-01-04,CB1033,PB1034,SB112,4,15.0,CARD,2025-01-04,2025-01-11
TB100581,2023-03-29,CB1199,PB1061,SB115,6,20.0,UPI,2023-03-31,2023-04-06
TB100582,2023-03-23,CB1325,PB1107,SB109,9,0.0,Cash,2023-03-25,2023-04-04
TB100583,2026-03-31,CB1335,PB1049,SB112,7,5.0,upi,2026-04-02,2026-04-20
TB100584,2025-11-24,CB1208,PB1046,SB112,9,5.0,net banking,2025-11-25,2025-12-07
TB100585,2025-09-14,CB1226,PB1022,SB108,3,20.0,upi,2025-09-16,2025-09-16
TB100586,2025-11-19,CB1096,PB1021,SB112,3,5.0,upi,2025-11-21,2025-11-29
TB100587,2024-04-16,CB1247,PB1087,SB116,2,10.0,net banking,2024-04-17,2024-05-12
TB100588,2024-03-07,CB1012,PB1032,SB102,7,,Card,2024-03-09,2024-03-14
TB100589,2026-03-20,CB1021,PB1115,SB105,9,5.0,UPI,2026-03-22,2026-03-27
TB100590,2023-12-07,CB1208,PB1077,SB101,9,5.0,Cash,2023-12-08,2024-01-06
TB100591,2023-06-25,CB1247,PB1022,SB108,8,20.0,Net Banking,2023-06-25,2023-07-09
TB100592,2023-10-20,CB1338,PB1066,SB109,10,5.0,Card,2023-10-22,2023-11-17
TB100593,2024-12-02,CB1118,PB1049,SB113,2,20.0,Card,2024-12-03,2024-12-22
TB100594,2023-08-11,CB1215,PB1106,SB105,9,20.0,upi,2023-08-11,2023-08-17
TB100595,2023-12-30,CB1020,PB1113,SB118,10,20.0,upi,2023-12-31,2024-01-28
TB100596,2023-07-10,CB1277,PB1106,SB101,10,5.0,Net Banking,2023-07-11,2023-08-01
TB100597,2025-12-05,CB1220,PB1030,SB116,9,0.0,Net Banking,2025-12-06,2025-12-17
TB100598,2024-12-18,CB1051,PB1055,SB105,10,,Cash,2024-12-20,2025-01-14
TB100599,2025-09-04,CB1307,PB1113,SB118,5,0.0,Net Banking,2025-09-04,2025-10-03
TB100600,2024-06-11,CB1296,PB1067,SB104,1,,UPI,2024-06-11,2024-06-11
TB100601,2025-02-07,CB1210,PB1047,SB104,6,,Card,2025-02-09,2025-02-15
TB100602,2025-05-22,CB1275,PB1055,SB112,5,10.0,Cash,2025-05-24,2025-06-11
TB100603,2025-03-24,CB1248,PB1023,SB112,9,20.0,net banking,2025-03-24,2025-04-06
TB100604,2024-06-03,CB1071,PB1110,SB104,7,10.0,CARD,2024-06-04,2024-06-22
TB100605,2025-07-03,CB1110,PB1066,SB113,2,5.0,cash,2025-07-05,2025-08-04
TB100606,2026-02-01,CB1083,PB1050,SB101,1,,upi,2026-02-03,2026-02-25
TB100607,2023-10-25,CB1046,PB1009,SB109,7,20.0,CARD,2023-10-26,2023-11-24
TB100608,2025-01-29,CB1206,PB1079,SB117,7,0.0,Cash,2025-01-29,2025-02-17
TB100609,2023-04-28,CB1006,PB1026,SB117,8,15.0,Cash,2023-04-28,2023-05-18
TB100610,2024-02-03,CB1265,PB1090,SB108,9,20.0,Card,2024-02-03,2024-02-28
TB100611,2023-03-15,CB1081,PB1012,SB109,1,,Net Banking,2023-03-16,2023-03-23
TB100612,2024-12-24,CB1103,PB1067,SB101,10,15.0,upi,2024-12-26,2025-01-07
TB100613,2023-07-04,CB1299,PB1045,SB112,9,,Cash,2023-07-06,2023-07-15
TB100614,2024-04-08,CB1207,PB1074,SB101,8,5.0,Cash,2024-04-10,2024-05-10
TB100615,2023-12-25,CB1038,PB1065,SB110,9,0.0,cash,2023-12-26,2024-01-11
TB100616,2023-08-28,CB1295,PB1033,SB115,9,10.0,Net Banking,2023-08-30,2023-09-29
TB100617,2026-02-27,CB1235,PB1088,SB115,6,5.0,UPI,2026-02-28,2026-03-24
TB100618,2025-09-14,CB1325,PB1101,SB108,7,0.0,CARD,2025-09-14,2025-09-22
TB100619,2024-10-08,CB1275,PB1002,SB109,9,10.0,CARD,2024-10-09,2024-11-08
TB100620,2024-08-11,CB1039,PB1071,SB106,6,,net banking,2024-08-11,2024-08-23
TB100621,2024-10-04,CB1094,PB1096,SB107,5,20.0,net banking,2024-10-05,2024-10-11
TB100622,2024-02-13,CB1106,PB1030,SB107,5,5.0,CARD,2024-02-13,2024-03-07
TB100623,2024-12-30,CB1041,PB1087,SB116,2,0.0,UPI,2024-12-30,2025-01-23
TB100624,2026-01-13,CB1318,PB1041,SB116,6,15.0,Cash,2026-01-13,2026-02-09
TB100625,2025-10-02,CB1204,PB1029,SB105,5,20.0,UPI,2025-10-02,2025-10-26
TB100626,2025-12-12,CB1258,PB1045,SB113,1,20.0,Card,2025-12-13,2025-12-28
TB100627,2025-07-25,CB1162,PB1089,SB101,8,20.0,UPI,2025-07-25,2025-08-16
TB100628,2024-03-07,CB1186,PB1079,SB109,6,0.0,Card,2024-03-08,2024-03-26
TB100629,2026-01-28,CB1314,PB1044,SB112,8,10.0,Card,2026-01-29,2026-02-05
TB100630,2025-10-18,CB1187,PB1110,SB113,6,15.0,Cash,2025-10-19,2025-10-25
TB100631,2025-07-12,CB1118,PB1105,SB104,10,5.0,Cash,2025-07-12,2025-07-30
TB100632,2024-04-27,CB1075,PB1103,SB105,4,15.0,net banking,2024-04-29,2024-05-12
TB100633,2023-01-20,CB1323,PB1067,SB118,3,15.0,cash,2023-01-20,2023-02-02
TB100634,2025-09-23,CB1025,PB1051,SB104,10,20.0,Card,2025-09-24,2025-10-02
TB100635,2023-05-03,CB1323,PB1013,SB115,8,10.0,cash,2023-05-03,2023-05-29
TB100636,2024-06-16,CB1132,PB1045,SB101,9,20.0,Net Banking,2024-06-17,2024-06-28
TB100637,2023-09-06,CB1102,PB1074,SB118,10,,Card,2023-09-07,2023-10-04
TB100638,2024-08-05,CB1250,PB1100,SB115,9,,upi,2024-08-06,2024-08-16
TB100639,2025-02-19,CB1086,PB1082,SB111,3,15.0,Net Banking,2025-02-21,2025-03-02
TB100640,2026-03-16,CB1083,PB1044,SB108,2,0.0,cash,2026-03-17,2026-04-13
TB100641,2024-10-10,CB1310,PB1083,SB113,5,,Cash,2024-10-12,2024-10-21
TB100642,2025-06-30,CB1231,PB1053,SB106,9,20.0,Card,2025-07-01,2025-07-24
TB100643,2023-02-17,CB1041,PB1027,SB106,5,5.0,Net Banking,2023-02-17,2023-03-12
TB100644,2023-07-30,CB1028,PB1004,SB113,9,15.0,upi,2023-07-30,2023-08-01
TB100645,2023-08-01,CB1336,PB1120,SB113,2,5.0,Cash,2023-08-02,2023-08-21
TB100646,2024-04-14,CB1321,PB1017,SB105,8,10.0,Card,2024-04-14,2024-05-07
TB100647,2023-02-28,CB1244,PB1060,SB118,6,10.0,Cash,2023-02-28,2023-03-21
TB100648,2026-01-28,CB1091,PB1076,SB115,9,,Net Banking,2026-01-29,2026-02-02
TB100649,2025-12-08,CB1178,PB1062,SB118,5,20.0,CARD,2025-12-10,2025-12-30
TB100650,2023-07-03,CB1134,PB1020,SB110,7,10.0,UPI,2023-07-04,2023-07-13
TB100651,2023-01-01,CB1147,PB1061,SB118,6,5.0,UPI,2023-01-03,2023-01-29
TB100652,2025-10-04,CB1150,PB1077,SB108,7,0.0,UPI,2025-10-05,2025-10-14
TB100653,2026-01-27,CB1224,PB1051,SB108,9,15.0,Card,2026-01-28,2026-02-03
TB100654,2025-03-09,CB1217,PB1081,SB108,2,10.0,Cash,2025-03-10,2025-03-17
TB100655,2024-08-06,CB1212,PB1025,SB103,5,20.0,Card,2024-08-08,2024-08-31
TB100656,2023-10-07,CB1317,PB1058,SB109,8,,net banking,2023-10-08,2023-10-11
TB100657,2024-01-20,CB1274,PB1003,SB106,1,5.0,upi,2024-01-21,2024-01-21
TB100658,2024-07-31,CB1005,PB1030,SB103,8,,Card,2024-08-01,2024-08-05
TB100659,2023-01-31,CB1160,PB1101,SB116,7,10.0,cash,2023-02-01,2023-02-07
TB100660,2025-08-07,CB1042,PB1108,SB105,6,0.0,UPI,2025-08-09,2025-09-03
TB100661,2024-06-29,CB1093,PB1025,SB109,8,20.0,Net Banking,2024-06-30,2024-07-02
TB100662,2023-01-26,CB1198,PB1099,SB115,4,,CARD,2023-01-26,2023-02-19
TB100663,2023-03-10,CB1267,PB1086,SB107,2,,net banking,2023-03-10,2023-03-24
TB100664,2025-03-07,CB1082,PB1081,SB102,6,10.0,upi,2025-03-09,2025-04-08
TB100665,2024-06-02,CB1185,PB1114,SB102,4,10.0,CARD,2024-06-03,2024-06-23
TB100666,2023-08-20,CB1008,PB1022,SB109,6,15.0,upi,2023-08-20,2023-09-09
TB100667,2025-03-21,CB1244,PB1089,SB105,10,0.0,cash,2025-03-21,2025-03-21
TB100668,2023-07-03,CB1317,PB1044,SB102,2,15.0,UPI,2023-07-03,2023-07-08
TB100669,2024-12-29,CB1055,PB1017,SB116,9,,CARD,2024-12-31,2025-01-04
TB100670,2024-10-10,CB1225,PB1094,SB107,6,,UPI,2024-10-12,2024-11-06
TB100671,2025-02-12,CB1021,PB1063,SB115,5,5.0,Cash,2025-02-13,2025-03-08
TB100672,2026-01-16,CB1096,PB1070,SB112,10,5.0,cash,2026-01-18,2026-02-02
TB100673,2025-08-17,CB1083,PB1009,SB117,9,20.0,Card,2025-08-18,2025-09-14
TB100674,2025-07-09,CB1188,PB1059,SB101,9,10.0,Net Banking,2025-07-10,2025-08-05
TB100675,2024-01-15,CB1123,PB1042,SB103,10,10.0,Net Banking,2024-01-15,2024-02-03
TB100676,2024-01-24,CB1079,PB1079,SB110,9,15.0,cash,2024-01-26,2024-02-16
TB100677,2025-04-19,CB1268,PB1085,SB103,2,0.0,UPI,2025-04-21,2025-05-01
TB100678,2023-09-23,CB1055,PB1063,SB107,4,0.0,upi,2023-09-23,2023-10-20
TB100679,2023-03-07,CB1270,PB1080,SB109,8,15.0,UPI,2023-03-09,2023-03-29
TB100680,2025-01-20,CB1007,PB1120,SB107,2,,net banking,2025-01-20,2025-02-08
TB100681,2023-06-13,CB1185,PB1072,SB114,-1,,cash,2023-06-14,2023-07-09
TB100682,2023-04-30,CB1037,PB1107,SB110,1,20.0,upi,2023-05-02,2023-05-10
TB100683,2024-03-18,CB1273,PB1050,SB107,4,0.0,CARD,2024-03-20,2024-03-23
TB100684,2025-12-13,CB1286,PB1096,SB118,3,20.0,Net Banking,2025-12-15,2025-12-22
TB100685,2023-08-05,CB1341,PB1055,SB104,8,10.0,Card,2023-08-07,2023-08-25
TB100686,2024-01-05,CB1337,PB1021,SB118,6,20.0,net banking,2024-01-07,2024-01-19
TB100687,2024-12-22,CB1212,PB1098,SB114,6,10.0,cash,2024-12-23,2025-01-09
TB100688,2024-05-07,CB1282,PB1119,SB109,7,5.0,cash,2024-05-09,2024-05-26
TB100689,2025-07-15,CB1018,PB1037,SB101,1,15.0,Card,2025-07-16,2025-08-15
TB100690,2024-09-10,CB1162,PB1003,SB109,4,5.0,Card,2024-09-10,2024-09-19
TB100691,2023-07-13,CB1071,PB1034,SB112,3,10.0,CARD,2023-07-13,2023-07-27
TB100692,2024-04-22,CB1293,PB1052,SB107,2,10.0,upi,2024-04-23,2024-05-18
TB100693,2024-10-26,CB1049,PB1077,SB110,10,15.0,UPI,2024-10-27,2024-11-01
TB100694,2026-03-26,CB1179,PB1113,SB114,6,0.0,Net Banking,2026-03-27,2026-03-29
TB100695,2023-09-04,CB1006,PB1082,SB113,10,,UPI,2023-09-04,2023-09-27
TB100696,2024-09-16,CB1290,PB1020,SB111,9,10.0,CARD,2024-09-18,2024-09-19
TB100697,2023-11-10,CB1229,PB1097,SB117,7,,upi,2023-11-10,2023-12-01
TB100698,2024-03-30,CB1068,PB1044,SB103,3,15.0,net banking,2024-03-31,2024-04-09
TB100699,2026-03-16,CB1135,PB1011,SB113,7,20.0,Net Banking,2026-03-18,2026-03-19
TB100700,2023-09-25,CB1250,PB1051,SB107,4,20.0,CARD,2023-09-25,2023-10-10
TB100701,2024-05-11,CB1295,PB1012,SB104,6,15.0,Net Banking,2024-05-11,2024-05-19
TB100702,2025-05-17,CB1177,PB1077,SB101,6,5.0,Cash,2025-05-18,2025-05-29
TB100703,2023-12-13,CB1075,PB1057,SB102,10,15.0,CARD,2023-12-14,2024-01-02
TB100704,2024-02-13,CB1058,PB1095,SB102,2,5.0,CARD,2024-02-15,2024-02-26
TB100705,2023-10-30,CB1157,PB1058,SB116,2,10.0,UPI,2023-10-31,2023-10-31
TB100706,2024-11-10,CB1105,PB1070,SB117,4,20.0,Cash,2024-11-10,2024-12-03
TB100707,2026-01-28,CB1343,PB1003,SB113,3,,UPI,2026-01-29,2026-02-17
TB100708,2024-06-07,CB1317,PB1035,SB102,4,10.0,net banking,2024-06-07,2024-06-08
TB100709,2023-01-18,CB1340,PB1110,SB112,5,,upi,2023-01-18,2023-01-30
TB100710,2023-02-09,CB1119,PB1049,SB117,7,,upi,2023-02-10,2023-03-09
TB100711,2024-10-08,CB1046,PB1024,SB107,9,20.0,net banking,2024-10-09,2024-11-05
TB100712,2026-02-22,CB1272,PB1040,SB111,4,0.0,net banking,2026-02-24,2026-02-24
TB100713,2025-03-16,CB1181,PB1046,SB110,6,0.0,CARD,2025-03-18,2025-03-23
TB100714,2025-10-23,CB1199,PB1114,SB101,5,0.0,Cash,2025-10-24,2025-11-18
TB100715,2024-04-06,CB1045,PB1094,SB113,3,15.0,CARD,2024-04-06,2024-04-16
TB100716,2025-05-04,CB1160,PB1117,SB111,7,5.0,net banking,2025-05-04,2025-05-22
TB100717,2026-01-15,CB1298,PB1070,SB107,3,,Card,2026-01-15,2026-01-21
TB100718,2024-09-24,CB1221,PB1117,SB105,3,20.0,Card,2024-09-26,2024-10-18
TB100719,2024-10-12,CB1095,PB1041,SB105,2,20.0,UPI,2024-10-12,2024-10-29
TB100720,2024-10-14,CB1227,PB1096,SB109,5,15.0,Card,2024-10-15,2024-11-14
TB100721,2024-01-20,CB1314,PB1079,SB109,1,5.0,CARD,2024-01-20,2024-01-24
TB100722,2024-04-20,CB1041,PB1089,SB116,6,0.0,Card,2024-04-20,2024-05-11
TB100723,2025-10-25,CB1095,PB1110,SB113,6,,net banking,2025-10-27,2025-11-11
TB100724,2025-08-28,CB1017,PB1053,SB101,4,5.0,Cash,2025-08-28,2025-09-02
TB100725,2025-04-25,CB1105,PB1009,SB106,4,,net banking,2025-04-25,2025-05-18
TB100726,2025-09-30,CB1219,PB1052,SB102,4,15.0,Net Banking,2025-10-02,2025-10-12
TB100727,2024-10-02,CB1305,PB1069,SB117,10,,UPI,2024-10-03,2024-10-22
TB100728,2025-12-02,CB1126,PB1067,SB118,1,15.0,Net Banking,2025-12-02,2025-12-16
TB100729,2023-03-22,CB1098,PB1038,SB115,1,20.0,Net Banking,2023-03-24,2023-04-05
TB100730,2024-09-15,CB1151,PB1079,SB102,7,5.0,Card,2024-09-16,2024-09-30
TB100731,2025-08-07,CB1058,PB1024,SB118,9,0.0,Card,2025-08-09,2025-08-23
TB100732,2025-03-16,CB1092,PB1059,SB107,1,15.0,net banking,2025-03-17,2025-03-27
TB100733,2023-07-04,CB1064,PB1012,SB104,3,,net banking,2023-07-05,2023-07-15
TB100734,2025-01-13,CB1262,PB1079,SB106,7,,Net Banking,2025-01-13,2025-01-29
TB100735,2026-02-01,CB1290,PB1112,SB105,6,5.0,Card,2026-02-02,2026-02-03
TB100736,2023-10-24,CB1215,PB1040,SB110,1,,net banking,2023-10-24,2023-11-17
TB100737,2024-08-14,CB1104,PB1001,SB109,3,0.0,UPI,2024-08-16,2024-08-21
TB100738,2025-07-28,CB1003,PB1078,SB116,9,15.0,CARD,2025-07-29,2025-08-25
TB100739,2024-03-20,CB1210,PB1057,SB103,8,15.0,UPI,2024-03-22,2024-04-12
TB100740,2024-05-16,CB1107,PB1007,SB106,9,20.0,Card,2024-05-18,2024-05-26
TB100741,2023-04-23,CB1017,PB1086,SB110,3,0.0,cash,2023-04-25,2023-05-06
TB100742,2023-06-29,CB1083,PB1087,SB110,3,15.0,Card,2023-06-29,2023-07-02
TB100743,2025-07-21,CB1048,PB1099,SB110,1,10.0,cash,2025-07-23,2025-08-10
TB100744,2025-01-24,CB1282,PB1009,SB110,7,0.0,net banking,2025-01-25,2025-02-20
TB100745,2023-10-03,CB1270,PB1053,SB117,6,10.0,CARD,2023-10-03,2023-10-25
TB100746,2024-03-04,CB1323,PB1068,SB103,10,0.0,net banking,2024-03-06,2024-03-07
TB100747,2024-08-11,CB1270,PB1074,SB112,5,10.0,Card,2024-08-12,2024-08-31
TB100748,2026-02-26,CB1253,PB1104,SB106,8,,CARD,2026-02-27,2026-03-15
TB100749,2024-08-17,CB1239,PB1081,SB104,1,0.0,CARD,2024-08-17,2024-08-17
TB100750,2025-04-29,CB1287,PB1104,SB107,6,10.0,UPI,2025-04-30,2025-05-01
TB100751,2024-02-17,CB1158,PB1039,SB117,2,10.0,cash,2024-02-19,2024-02-28
TB100752,2023-01-13,CB1203,PB1093,SB101,6,10.0,Card,2023-01-13,2023-02-03
TB100753,2024-02-02,CB1243,PB1103,SB102,8,10.0,Card,2024-02-03,2024-02-29
TB100754,2025-09-13,CB1172,PB1060,SB114,9,15.0,UPI,2025-09-13,2025-10-03
TB100755,2025-12-03,CB1285,PB1069,SB101,6,,CARD,2025-12-04,2025-12-22
TB100756,2026-03-28,CB1077,PB1036,SB101,2,10.0,cash,2026-03-30,2026-04-09
TB100757,2025-02-07,CB1311,PB1050,SB106,10,5.0,upi,2025-02-09,2025-02-26
TB100758,2024-09-23,CB1140,PB1053,SB103,1,10.0,net banking,2024-09-25,2024-10-22
TB100759,2024-05-01,CB1269,PB1039,SB106,4,10.0,upi,2024-05-02,2024-05-16
TB100760,2025-02-05,CB1228,PB1065,SB101,2,5.0,net banking,2025-02-05,2025-03-01
TB100761,2025-10-21,CB1269,PB1040,SB111,8,10.0,Card,2025-10-21,2025-10-27
TB100762,2023-07-21,CB1019,PB1059,SB113,4,5.0,upi,2023-07-23,2023-08-13
TB100763,2023-01-09,CB1045,PB1043,SB115,10,0.0,UPI,2023-01-10,2023-02-08
TB100764,2023-07-31,CB1012,PB1074,SB110,5,,CARD,2023-08-02,2023-08-26
TB100765,2024-10-19,CB1273,PB1041,SB115,5,10.0,upi,2024-10-19,2024-10-25
TB100766,2024-07-12,CB1008,PB1080,SB118,2,10.0,upi,2024-07-12,2024-07-17
TB100767,2024-02-28,CB1139,PB1019,SB110,6,20.0,CARD,2024-03-01,2024-03-12
TB100768,2023-12-17,CB1277,PB1057,SB102,6,20.0,Card,2023-12-17,2023-12-26
TB100769,2023-03-01,CB1055,PB1050,SB102,1,,upi,2023-03-02,2023-03-30
TB100770,2025-05-23,CB1304,PB1081,SB115,10,,cash,2025-05-24,2025-05-29
TB100771,2024-10-01,CB1041,PB1119,SB115,9,5.0,Card,2024-10-02,2024-10-28
TB100772,2023-07-10,CB1159,PB1088,SB115,8,0.0,net banking,2023-07-12,2023-07-26
TB100773,2024-04-19,CB1187,PB1051,SB106,5,20.0,cash,2024-04-19,2024-04-23
TB100774,2024-10-27,CB1244,PB1015,SB112,2,0.0,net banking,2024-10-28,2024-11-12
TB100775,2025-08-02,CB1295,PB1017,SB117,10,10.0,upi,2025-08-02,2025-08-11
TB100776,2025-04-10,CB1285,PB1084,SB103,6,0.0,Cash,2025-04-12,2025-05-07
TB100777,2025-12-27,CB1123,PB1080,SB108,7,20.0,Card,2025-12-28,2026-01-09
TB100778,2025-09-14,CB1303,PB1056,SB114,4,10.0,cash,2025-09-15,2025-09-17
TB100779,2026-01-20,CB1294,PB1108,SB116,2,5.0,upi,2026-01-22,2026-01-29
TB100780,2025-08-06,CB1091,PB1040,SB113,8,0.0,upi,2025-08-07,2025-08-24
TB100781,2023-08-11,CB1168,PB1064,SB102,7,20.0,upi,2023-08-13,2023-09-08
TB100782,2024-03-21,CB1076,PB1085,SB105,1,20.0,net banking,2024-03-21,2024-04-18
TB100783,2025-12-24,CB1229,PB1026,SB107,10,20.0,cash,2025-12-25,2026-01-06
TB100784,2024-09-05,CB1223,PB1092,SB112,5,,upi,2024-09-07,2024-10-02
TB100785,2023-01-17,CB1151,PB1008,SB112,3,15.0,UPI,2023-01-19,2023-02-04
TB100786,2023-01-02,CB1145,PB1111,SB101,2,10.0,CARD,2023-01-04,2023-01-21
TB100787,2025-06-03,CB1196,PB1052,SB113,6,15.0,Net Banking,2025-06-05,2025-06-23
TB100788,2026-01-21,CB1072,PB1025,SB118,8,5.0,Net Banking,2026-01-21,2026-02-11
TB100789,2025-01-07,CB1069,PB1002,SB103,3,10.0,UPI,2025-01-08,2025-01-12
TB100790,2023-10-22,CB1070,PB1011,SB105,7,15.0,Net Banking,2023-10-24,2023-11-21
TB100791,2025-07-22,CB1093,PB1059,SB117,10,15.0,Net Banking,2025-07-24,2025-08-12
TB100792,2026-02-04,CB1096,PB1055,SB101,4,10.0,net banking,2026-02-05,2026-02-17
TB100793,2024-04-29,CB1280,PB1074,SB112,7,10.0,UPI,2024-05-01,2024-05-17
TB100794,2023-03-19,CB1058,PB1075,SB116,6,,upi,2023-03-21,2023-04-05
TB100795,2023-10-18,CB1239,PB1067,SB103,5,20.0,upi,2023-10-20,2023-11-12
TB100796,2024-05-17,CB1325,PB1070,SB110,2,,UPI,2024-05-18,2024-06-07
TB100797,2024-12-04,CB1233,PB1066,SB116,8,0.0,cash,2024-12-06,2024-12-30
TB100798,2025-05-12,CB1086,PB1005,SB110,5,10.0,Cash,2025-05-13,2025-06-12
TB100799,2023-05-06,CB1294,PB1007,SB110,3,20.0,UPI,2023-05-08,2023-05-23
TB100800,2024-08-10,CB1040,PB1109,SB109,9,5.0,Cash,2024-08-11,2024-08-13
TB100801,2023-09-29,CB1008,PB1095,SB104,5,10.0,Card,2023-10-01,2023-10-09
TB100802,2023-11-06,CB1134,PB1101,SB108,3,10.0,net banking,2023-11-08,2023-11-22
TB100803,2024-01-06,CB1044,PB1019,SB105,6,0.0,net banking,2024-01-08,2024-02-04
TB100804,2025-04-25,CB1327,PB1022,SB107,8,,cash,2025-04-26,2025-05-03
TB100805,2023-04-22,CB1086,PB1060,SB113,1,0.0,net banking,2023-04-24,2023-05-02
TB100806,2024-09-09,CB1195,PB1088,SB113,4,20.0,net banking,2024-09-10,2024-10-03
TB100807,2024-06-21,CB1148,PB1119,SB115,1,15.0,Net Banking,2024-06-21,2024-07-07
TB100808,2024-10-08,CB1273,PB1082,SB112,2,0.0,Net Banking,2024-10-10,2024-10-31
TB100809,2024-07-12,CB1131,PB1084,SB113,2,10.0,net banking,2024-07-13,2024-07-21
TB100810,2024-05-10,CB1267,PB1044,SB106,4,20.0,cash,2024-05-12,2024-06-02
TB100811,2026-01-26,CB1007,PB1053,SB104,2,0.0,upi,2026-01-26,2026-02-16
TB100812,2025-07-02,CB1129,PB1025,SB102,5,,UPI,2025-07-03,2025-07-10
TB100813,2023-07-08,CB1307,PB1082,SB104,4,20.0,upi,2023-07-08,2023-08-07
TB100814,2023-06-26,CB1095,PB1115,SB104,10,15.0,Card,2023-06-28,2023-07-02
TB100815,2024-06-02,CB1328,PB1059,SB109,2,,Net Banking,2024-06-03,2024-06-17
TB100816,2024-10-24,CB1032,PB1049,SB113,5,0.0,cash,2024-10-25,2024-10-30
TB100817,2023-05-04,CB1226,PB1009,SB116,3,10.0,CARD,2023-05-05,2023-06-04
TB100818,2025-03-15,CB1074,PB1070,SB114,2,15.0,CARD,2025-03-15,2025-04-04
TB100819,2023-08-06,CB1018,PB1010,SB103,2,10.0,Cash,2023-08-07,2023-08-29
TB100820,2025-07-02,CB1335,PB1082,SB101,3,15.0,UPI,2025-07-02,2025-07-30
TB100821,2025-03-10,CB1201,PB1074,SB101,6,,net banking,2025-03-11,2025-03-15
TB100822,2025-09-06,CB1277,PB1029,SB101,2,,Net Banking,2025-09-07,2025-09-19
TB100823,2025-09-14,CB1171,PB1088,SB110,6,20.0,Net Banking,2025-09-14,2025-10-02
TB100824,2023-04-24,CB1188,PB1069,SB111,2,,upi,2023-04-26,2023-05-26
TB100825,2025-07-30,CB1284,PB1006,SB113,3,5.0,CARD,2025-07-31,2025-08-20
TB100826,2024-09-04,CB1250,PB1011,SB115,6,0.0,CARD,2024-09-06,2024-09-18
TB100827,2023-10-14,CB1123,PB1063,SB113,10,0.0,upi,2023-10-14,2023-10-20
TB100828,2026-01-12,CB1231,PB1003,SB102,9,15.0,cash,2026-01-14,2026-01-23
TB100829,2023-04-25,CB1208,PB1016,SB107,1,,net banking,2023-04-26,2023-05-21
TB100830,2026-01-03,CB1037,PB1005,SB105,4,20.0,net banking,2026-01-03,2026-01-26
TB100831,2023-02-09,CB1125,PB1090,SB105,1,20.0,UPI,2023-02-10,2023-03-11
TB100832,2023-12-19,CB1234,PB1079,SB106,2,10.0,upi,2023-12-21,2023-12-22
TB100833,2023-08-06,CB1113,PB1009,SB107,10,20.0,Net Banking,2023-08-06,2023-08-21
TB100834,2024-11-21,CB1062,PB1088,SB118,6,15.0,Card,2024-11-23,2024-12-14
TB100835,2024-10-20,CB1089,PB1043,SB103,10,0.0,upi,2024-10-20,2024-11-13
TB100836,2024-07-14,CB1190,PB1071,SB106,3,15.0,net banking,2024-07-14,2024-08-07
TB100837,2024-05-13,CB1324,PB1079,SB113,2,5.0,Card,2024-05-15,2024-05-16
TB100838,2023-02-02,CB1092,PB1119,SB103,1,0.0,Cash,2023-02-03,2023-02-05
TB100839,2025-05-02,CB1106,PB1019,SB109,3,15.0,net banking,2025-05-04,2025-05-29
TB100840,2025-04-23,CB1020,PB1077,SB106,10,5.0,net banking,2025-04-23,2025-05-23
TB100841,2023-06-30,CB1215,PB1001,SB118,6,10.0,CARD,2023-07-02,2023-07-28
TB100842,2024-01-29,CB1186,PB1111,SB118,10,0.0,CARD,2024-01-29,2024-02-14
TB100843,2025-08-08,CB1028,PB1025,SB104,5,5.0,Card,2025-08-10,2025-08-31
TB100844,2025-08-29,CB1028,PB1083,SB112,1,5.0,Cash,2025-08-30,2025-09-04
TB100845,2024-03-05,CB1233,PB1006,SB104,10,10.0,UPI,2024-03-06,2024-03-14
TB100846,2026-01-05,CB1264,PB1015,SB103,8,0.0,CARD,2026-01-05,2026-01-10
TB100847,2025-06-29,CB1102,PB1096,SB111,7,10.0,CARD,2025-07-01,2025-07-19
TB100848,2023-08-14,CB1212,PB1112,SB107,4,0.0,Net Banking,2023-08-15,2023-08-22
TB100849,2024-03-27,CB1028,PB1114,SB114,8,20.0,Card,2024-03-27,2024-04-11
TB100850,2024-03-18,CB1192,PB1018,SB115,7,5.0,CARD,2024-03-20,2024-04-03
TB100851,2025-01-04,CB1017,PB1089,SB102,3,10.0,Cash,2025-01-05,2025-01-11
TB100852,2023-10-07,CB1215,PB1022,SB111,8,15.0,CARD,2023-10-07,2023-11-03
TB100853,2024-08-27,CB1088,PB1074,SB118,10,,CARD,2024-08-29,2024-09-03
TB100854,2023-06-27,CB1111,PB1076,SB116,8,20.0,net banking,2023-06-28,2023-07-25
TB100855,2024-07-25,CB1127,PB1042,SB114,4,15.0,CARD,2024-07-25,2024-08-17
TB100856,2023-11-02,CB1023,PB1006,SB116,7,0.0,UPI,2023-11-04,2023-12-02
TB100857,2025-05-21,CB1232,PB1064,SB108,2,15.0,upi,2025-05-23,2025-06-04
TB100858,2026-02-17,CB1112,PB1017,SB112,7,,Cash,2026-02-17,2026-03-11
TB100859,2024-05-04,CB1343,PB1040,SB106,8,0.0,net banking,2024-05-06,2024-05-08
TB100860,2026-03-14,CB1238,PB1099,SB105,8,0.0,Net Banking,2026-03-16,2026-04-03
TB100861,2024-01-14,CB1322,PB1010,SB113,1,15.0,cash,2024-01-15,2024-02-04
TB100862,2025-12-23,CB1314,PB1070,SB107,5,15.0,upi,2025-12-23,2026-01-01
TB100863,2024-11-18,CB1346,PB1047,SB102,9,0.0,upi,2024-11-20,2024-12-19
TB100864,2025-02-23,CB1188,PB1047,SB106,1,20.0,upi,2025-02-24,2025-03-10
TB100865,2026-02-22,CB1172,PB1031,SB118,3,5.0,upi,2026-02-24,2026-03-20
TB100866,2025-09-06,CB1116,PB1042,SB112,4,20.0,Cash,2025-09-08,2025-10-08
TB100867,2025-10-28,CB1033,PB1048,SB112,1,10.0,net banking,2025-10-30,2025-11-12
TB100868,2025-09-22,CB1273,PB1087,SB118,8,0.0,Cash,2025-09-24,2025-10-10
TB100869,2025-07-14,CB1097,PB1115,SB115,2,,upi,2025-07-16,2025-07-27
TB100870,2023-06-14,CB1040,PB1014,SB106,5,5.0,Cash,2023-06-15,2023-07-13
TB100871,2023-08-18,CB1105,PB1067,SB101,3,15.0,Cash,2023-08-20,2023-08-24
TB100872,2025-05-03,CB1178,PB1054,SB115,8,5.0,UPI,2025-05-05,2025-05-22
TB100873,2024-08-20,CB1267,PB1083,SB111,4,0.0,Net Banking,2024-08-20,2024-08-22
TB100874,2026-03-31,CB1249,PB1076,SB117,6,,net banking,2026-04-01,2026-04-21
TB100875,2025-07-26,CB1088,PB1102,SB109,5,5.0,CARD,2025-07-27,2025-08-14
TB100876,2025-09-18,CB1181,PB1037,SB115,3,0.0,Card,2025-09-19,2025-09-28
TB100877,2023-11-26,CB1090,PB1108,SB105,3,10.0,Card,2023-11-28,2023-12-15
TB100878,2024-05-02,CB1065,PB1057,SB109,10,10.0,cash,2024-05-02,2024-05-03
TB100879,2024-01-13,CB1341,PB1041,SB112,1,,Card,2024-01-13,2024-01-30
TB100880,2025-02-02,CB1155,PB1016,SB101,9,5.0,Net Banking,2025-02-03,2025-02-20
TB100881,2025-10-19,CB1080,PB1001,SB118,6,15.0,cash,2025-10-19,2025-11-18
TB100882,2024-08-28,CB1342,PB1019,SB115,10,10.0,cash,2024-08-29,2024-09-26
TB100883,2023-08-19,CB1348,PB1071,SB104,3,0.0,Cash,2023-08-21,2023-09-05
TB100884,2023-02-20,CB1183,PB1012,SB111,8,5.0,UPI,2023-02-21,2023-03-12
TB100885,2024-02-04,CB1101,PB1003,SB103,5,5.0,net banking,2024-02-06,2024-02-22
TB100886,2023-06-28,CB1163,PB1078,SB117,8,5.0,UPI,2023-06-30,2023-07-12
TB100887,2025-01-09,CB1190,PB1050,SB112,7,,UPI,2025-01-10,2025-01-14
TB100888,2024-08-05,CB1288,PB1012,SB107,8,10.0,net banking,2024-08-06,2024-08-17
TB100889,2025-05-01,CB1213,PB1018,SB103,7,5.0,Card,2025-05-02,2025-05-11
TB100890,2024-03-01,CB1034,PB1120,SB113,6,20.0,upi,2024-03-02,2024-03-17
TB100891,2023-01-14,CB1090,PB1072,SB115,7,10.0,Card,2023-01-15,2023-02-04
TB100892,2024-02-13,CB1284,PB1063,SB102,5,15.0,Cash,2024-02-13,2024-03-10
TB100893,2024-09-14,CB1115,PB1004,SB101,8,,Card,2024-09-15,2024-10-02
TB100894,2024-06-21,CB1064,PB1084,SB110,8,,Net Banking,2024-06-22,2024-07-22
TB100895,2024-01-03,CB1015,PB1016,SB109,4,,net banking,2024-01-04,2024-02-02
TB100896,2023-05-17,CB1247,PB1073,SB114,10,10.0,Cash,2023-05-19,2023-06-11
TB100897,2025-09-01,CB1263,PB1094,SB101,6,0.0,Cash,2025-09-03,2025-09-29
TB100898,2023-11-30,CB1237,PB1113,SB105,6,5.0,cash,2023-12-02,2023-12-03
TB100899,2023-12-01,CB1326,PB1117,SB112,7,10.0,UPI,2023-12-01,2023-12-09
TB100900,2024-08-16,CB1264,PB1025,SB106,2,,upi,2024-08-17,2024-09-02
TB100901,2023-12-09,CB1139,PB1088,SB112,5,10.0,upi,2023-12-11,2023-12-21
TB100902,2025-12-30,CB1071,PB1067,SB110,1,5.0,cash,2026-01-01,2026-01-12
TB100903,2025-09-20,CB1112,PB1020,SB117,2,5.0,CARD,2025-09-21,2025-10-01
TB100904,2024-01-21,CB1273,PB1092,SB118,9,,upi,2024-01-23,2024-02-11
TB100905,2025-05-04,CB1068,PB1119,SB101,2,0.0,net banking,2025-05-05,2025-06-03
TB100906,2024-12-14,CB1227,PB1114,SB117,3,10.0,cash,2024-12-15,2025-01-06
TB100907,2023-12-19,CB1114,PB1017,SB105,2,0.0,CARD,2023-12-21,2023-12-30
TB100908,2024-09-21,CB1218,PB1089,SB104,2,5.0,upi,2024-09-21,2024-09-27
TB100909,2023-02-08,CB1101,PB1014,SB102,1,15.0,UPI,2023-02-09,2023-03-05
TB100910,2025-08-18,CB1034,PB1039,SB101,1,10.0,upi,2025-08-18,2025-09-16
TB100911,2023-09-11,CB1095,PB1086,SB112,4,20.0,UPI,2023-09-13,2023-09-19
TB100912,2023-07-05,CB1297,PB1045,SB112,5,,Card,2023-07-05,2023-08-01
TB100913,2025-10-22,CB1292,PB1009,SB104,9,5.0,UPI,2025-10-24,2025-11-12
TB100914,2025-12-19,CB1088,PB1116,SB118,5,5.0,UPI,2025-12-19,2026-01-10
TB100915,2023-07-22,CB1188,PB1090,SB106,8,20.0,net banking,2023-07-22,2023-08-20
TB100916,2023-08-08,CB1218,PB1028,SB117,7,10.0,CARD,2023-08-08,2023-09-03
TB100917,2025-04-14,CB1239,PB1015,SB117,2,10.0,Card,2025-04-14,2025-05-08
TB100918,2025-10-12,CB1021,PB1011,SB111,9,10.0,net banking,2025-10-13,2025-11-04
TB100919,2023-08-25,CB1160,PB1088,SB115,10,15.0,CARD,2023-08-26,2023-09-04
TB100920,2026-02-08,CB1036,PB1115,SB116,4,15.0,cash,2026-02-09,2026-02-18
TB100921,2024-01-03,CB1203,PB1057,SB117,2,15.0,upi,2024-01-03,2024-01-24
TB100922,2023-09-02,CB1053,PB1095,SB106,10,15.0,upi,2023-09-02,2023-09-14
TB100923,2025-01-14,CB1207,PB1016,SB108,10,5.0,Net Banking,2025-01-14,2025-01-24
TB100924,2025-10-19,CB1304,PB1035,SB113,10,,cash,2025-10-20,2025-11-13
TB100925,2025-09-01,CB1262,PB1036,SB105,8,15.0,net banking,2025-09-03,2025-09-22
TB100926,2023-08-10,CB1119,PB1081,SB105,8,15.0,UPI,2023-08-10,2023-08-18
TB100927,2023-07-23,CB1348,PB1004,SB106,8,0.0,Net Banking,2023-07-25,2023-07-26
TB100928,2024-10-31,CB1050,PB1098,SB103,10,20.0,net banking,2024-10-31,2024-11-09
TB100929,2025-08-12,CB1252,PB1065,SB109,8,,cash,2025-08-12,2025-08-21
TB100930,2026-01-12,CB1061,PB1050,SB115,7,0.0,cash,2026-01-14,2026-01-14
TB100931,2025-02-09,CB1091,PB1072,SB110,1,0.0,Card,2025-02-10,2025-02-24
TB100932,2025-10-03,CB1250,PB1098,SB104,7,10.0,net banking,2025-10-04,2025-10-08
TB100933,2026-02-08,CB1244,PB1072,SB106,8,20.0,UPI,2026-02-10,2026-02-27
TB100934,2025-03-12,CB1316,PB1087,SB112,7,20.0,Cash,2025-03-13,2025-03-28
TB100935,2024-10-18,CB1066,PB1108,SB112,1,20.0,cash,2024-10-18,2024-10-18
TB100936,2023-02-25,CB1220,PB1045,SB112,2,15.0,Net Banking,2023-02-27,2023-03-09
TB100937,2024-12-20,CB1121,PB1083,SB110,4,5.0,upi,2024-12-20,2025-01-10
TB100938,2023-05-15,CB1011,PB1069,SB111,3,10.0,UPI,2023-05-16,2023-05-19
TB100939,2025-08-01,CB1264,PB1116,SB114,10,15.0,Cash,2025-08-03,2025-08-30
TB100940,2023-02-11,CB1163,PB1049,SB113,1,20.0,cash,2023-02-13,2023-02-28
TB100941,2026-03-18,CB1346,PB1027,SB111,2,15.0,net banking,2026-03-18,2026-04-12
TB100942,2025-10-26,CB1154,PB1047,SB114,10,5.0,CARD,2025-10-28,2025-11-07
TB100943,2025-10-14,CB1110,PB1037,SB109,9,0.0,UPI,2025-10-16,2025-11-12
TB100944,2024-08-31,CB1048,PB1092,SB104,10,5.0,cash,2024-09-02,2024-09-14
TB100945,2024-07-13,CB1219,PB1027,SB112,8,20.0,upi,2024-07-13,2024-07-31
TB100946,2024-09-10,CB1340,PB1070,SB111,7,10.0,CARD,2024-09-12,2024-10-07
TB100947,2025-04-28,CB1233,PB1086,SB118,9,20.0,Card,2025-04-29,2025-05-07
TB100948,2023-02-08,CB1296,PB1064,SB107,3,20.0,net banking,2023-02-10,2023-03-04
TB100949,2024-07-02,CB1290,PB1094,SB102,7,20.0,CARD,2024-07-04,2024-07-21
TB100950,2025-01-16,CB1154,PB1109,SB114,3,5.0,Net Banking,2025-01-17,2025-01-21
TB100951,2024-10-14,CB1137,PB1106,SB110,7,5.0,Card,2024-10-14,2024-11-03
TB100952,2024-06-09,CB1123,PB1015,SB105,7,5.0,CARD,2024-06-11,2024-06-30
TB100953,2023-02-26,CB1249,PB1072,SB114,8,10.0,Net Banking,2023-02-26,2023-03-23
TB100954,2023-03-17,CB1015,PB1034,SB109,3,10.0,Card,2023-03-17,2023-03-22
TB100955,2023-03-28,CB1043,PB1041,SB110,1,0.0,upi,2023-03-30,2023-04-14
TB100956,2025-04-13,CB1204,PB1108,SB105,2,,CARD,2025-04-14,2025-05-05
TB100957,2023-08-18,CB1268,PB1086,SB117,2,20.0,Cash,2023-08-20,2023-09-12
TB100958,2025-10-13,CB1161,PB1043,SB113,2,20.0,CARD,2025-10-13,2025-10-20
TB100959,2025-05-16,CB1110,PB1036,SB115,3,0.0,Net Banking,2025-05-16,2025-05-20
TB100960,2024-06-04,CB1192,PB1090,SB104,9,15.0,cash,2024-06-06,2024-06-07
TB100961,2026-01-22,CB1143,PB1113,SB105,4,,cash,2026-01-23,2026-02-07
TB100962,2025-08-31,CB1331,PB1116,SB102,1,10.0,UPI,2025-09-02,2025-09-13
TB100963,2024-05-05,CB1328,PB1090,SB112,5,15.0,upi,2024-05-06,2024-05-23
TB100964,2025-12-31,CB1005,PB1117,SB113,7,15.0,Cash,2025-12-31,2026-01-27
TB100965,2024-09-08,CB1108,PB1111,SB106,5,5.0,net banking,2024-09-08,2024-10-07
TB100966,2024-10-11,CB1042,PB1106,SB116,5,0.0,net banking,2024-10-13,2024-10-26
TB100967,2025-04-25,CB1083,PB1090,SB109,2,15.0,upi,2025-04-26,2025-05-18
TB100968,2024-12-21,CB1168,PB1059,SB101,9,,UPI,2024-12-22,2025-01-10
TB100969,2024-01-12,CB1002,PB1052,SB107,3,,Cash,2024-01-14,2024-01-28
TB100970,2024-10-04,CB1128,PB1067,SB105,3,0.0,Net Banking,2024-10-06,2024-10-08
TB100971,2024-10-16,CB1134,PB1023,SB111,3,,Cash,2024-10-17,2024-11-01
TB100972,2024-02-11,CB1202,PB1113,SB113,3,10.0,CARD,2024-02-11,2024-02-24
TB100973,2023-02-12,CB1321,PB1030,SB103,10,20.0,net banking,2023-02-12,2023-03-13
TB100974,2024-02-11,CB1206,PB1080,SB114,1,5.0,Cash,2024-02-12,2024-03-05
TB100975,2023-11-02,CB1291,PB1016,SB101,3,10.0,Net Banking,2023-11-02,2023-12-02
TB100976,2025-07-18,CB1105,PB1025,SB109,4,0.0,Cash,2025-07-20,2025-08-04
TB100977,2025-10-09,CB1308,PB1028,SB110,4,15.0,CARD,2025-10-10,2025-10-14
TB100978,2025-05-06,CB1149,PB1034,SB108,1,5.0,net banking,2025-05-06,2025-05-19
TB100979,2024-05-23,CB1044,PB1002,SB116,8,,Card,2024-05-24,2024-06-11
TB100980,2024-10-24,CB1197,PB1091,SB114,4,,Cash,2024-10-26,2024-11-07
TB100981,2023-05-30,CB1171,PB1120,SB108,1,0.0,net banking,2023-05-30,2023-06-16
TB100982,2024-12-26,CB1024,PB1001,SB109,10,,Net Banking,2024-12-28,2025-01-27
TB100983,2024-09-11,CB1287,PB1006,SB106,3,10.0,Cash,2024-09-12,2024-10-03
TB100984,2023-12-14,CB1068,PB1012,SB111,8,10.0,Net Banking,2023-12-16,2023-12-31
TB100985,2023-10-18,CB1066,PB1064,SB109,1,10.0,cash,2023-10-19,2023-10-22
TB100986,2025-05-30,CB1136,PB1067,SB111,10,10.0,Net Banking,2025-05-31,2025-06-28
TB100987,2023-12-04,CB1285,PB1110,SB115,3,15.0,UPI,2023-12-05,2023-12-28
TB100988,2024-01-22,CB1019,PB1061,SB109,3,5.0,Card,2024-01-22,2024-01-23
TB100989,2025-08-14,CB1227,PB1046,SB118,1,15.0,net banking,2025-08-15,2025-08-18
TB100990,2025-07-26,CB1064,PB1045,SB103,3,,CARD,2025-07-27,2025-07-30
TB100991,2024-08-04,CB1140,PB1073,SB107,9,5.0,UPI,2024-08-04,2024-08-30
TB100992,2025-12-13,CB1127,PB1099,SB116,2,15.0,upi,2025-12-15,2025-12-20
TB100993,2024-11-04,CB1202,PB1048,SB104,2,,cash,2024-11-04,2024-11-13
TB100994,2023-11-11,CB1233,PB1081,SB109,8,15.0,UPI,2023-11-11,2023-11-13
TB100995,2024-11-05,CB1167,PB1094,SB105,8,20.0,CARD,2024-11-05,2024-11-25
TB100996,2023-04-10,CB1037,PB1071,SB113,1,10.0,upi,2023-04-12,2023-04-21
TB100997,2025-03-27,CB1046,PB1003,SB107,7,5.0,Card,2025-03-28,2025-04-02
TB100998,2025-03-06,CB1062,PB1039,SB116,3,,Net Banking,2025-03-07,2025-03-16
TB100999,2024-09-27,CB1341,PB1013,SB112,6,5.0,CARD,2024-09-29,2024-10-18
TB101000,2025-09-29,CB1138,PB1073,SB114,8,15.0,upi,2025-09-30,2025-10-28
TB101001,2025-05-15,CB1323,PB1055,SB103,7,5.0,UPI,2025-05-16,2025-06-04
TB101002,2025-11-17,CB1332,PB1088,SB105,4,,net banking,2025-11-18,2025-12-02
TB101003,2025-12-15,CB1149,PB1060,SB114,2,20.0,upi,2025-12-17,2026-01-06
TB101004,2025-09-05,CB1128,PB1067,SB114,5,5.0,Cash,2025-09-06,2025-09-10
TB101005,2026-03-10,CB1263,PB1014,SB117,1,0.0,Net Banking,2026-03-10,2026-03-27
TB101006,2025-04-25,CB1130,PB1046,SB109,10,,upi,2025-04-25,2025-05-09
TB101007,2025-10-28,CB1092,PB1101,SB106,8,,Net Banking,2025-10-28,2025-10-31
TB101008,2023-04-03,CB1161,PB1076,SB115,5,,net banking,2023-04-03,2023-04-16
TB101009,2024-06-26,CB1095,PB1011,SB109,4,5.0,upi,2024-06-27,2024-07-27
TB101010,2025-06-07,CB1060,PB1002,SB106,7,0.0,net banking,2025-06-09,2025-06-09
TB101011,2025-07-31,CB1250,PB1039,SB112,10,,Net Banking,2025-08-02,2025-08-14
TB101012,2024-09-11,CB1098,PB1015,SB101,1,5.0,CARD,2024-09-11,2024-09-15
TB101013,2023-02-24,CB1333,PB1031,SB114,3,,CARD,2023-02-24,2023-03-11
TB101014,2023-06-26,CB1243,PB1055,SB101,3,15.0,upi,2023-06-27,2023-07-21
TB101015,2023-12-07,CB1249,PB1061,SB101,8,,net banking,2023-12-07,2023-12-30
TB101016,2024-05-11,CB1027,PB1043,SB101,7,20.0,upi,2024-05-11,2024-05-20
TB101017,2025-06-03,CB1306,PB1094,SB118,10,15.0,Cash,2025-06-04,2025-07-01
TB101018,2023-03-17,CB1303,PB1093,SB116,9,15.0,CARD,2023-03-18,2023-03-30
TB101019,2023-05-05,CB1162,PB1071,SB103,10,15.0,Cash,2023-05-07,2023-05-07
TB101020,2025-05-04,CB1331,PB1045,SB115,10,15.0,Net Banking,2025-05-05,2025-05-08
TB101021,2023-02-12,CB1241,PB1045,SB115,4,,CARD,2023-02-12,2023-02-21
TB101022,2025-11-05,CB1309,PB1110,SB115,6,,Card,2025-11-05,2025-11-23
TB101023,2024-08-23,CB1345,PB1084,SB112,7,15.0,net banking,2024-08-25,2024-09-16
TB101024,2023-11-28,CB1342,PB1062,SB105,2,10.0,Card,2023-11-30,2023-12-06
TB101025,2024-02-13,CB1213,PB1064,SB110,2,15.0,CARD,2024-02-13,2024-03-03
TB101026,2024-03-04,CB1134,PB1046,SB106,6,0.0,Card,2024-03-06,2024-03-07
TB101027,2025-10-28,CB1221,PB1015,SB108,6,0.0,upi,2025-10-28,2025-11-22
TB101028,2026-02-24,CB1182,PB1099,SB102,6,10.0,Cash,2026-02-24,2026-03-11
TB101029,2023-11-06,CB1343,PB1014,SB102,10,20.0,net banking,2023-11-08,2023-12-05
TB101030,2025-07-25,CB1053,PB1106,SB118,10,20.0,UPI,2025-07-25,2025-07-28
TB101031,2025-11-04,CB1106,PB1117,SB112,2,,Card,2025-11-04,2025-11-09
TB101032,2024-08-21,CB1051,PB1020,SB112,8,20.0,cash,2024-08-23,2024-09-06
TB101033,2023-10-10,CB1213,PB1099,SB101,8,5.0,CARD,2023-10-10,2023-11-06
TB101034,2025-08-28,CB1044,PB1035,SB112,3,20.0,Net Banking,2025-08-29,2025-09-07
TB101035,2025-01-08,CB1272,PB1054,SB108,3,5.0,Card,2025-01-10,2025-01-31
TB101036,2025-05-28,CB1265,PB1102,SB112,8,15.0,UPI,2025-05-29,2025-06-27
TB101037,2025-06-25,CB1036,PB1011,SB111,9,0.0,cash,2025-06-25,2025-07-19
TB101038,2025-04-02,CB1019,PB1085,SB105,7,0.0,UPI,2025-04-02,2025-04-15
TB101039,2025-11-30,CB1156,PB1093,SB111,9,15.0,cash,2025-12-01,2025-12-14
TB101040,2023-01-17,CB1076,PB1090,SB113,10,20.0,net banking,2023-01-18,2023-02-15
TB101041,2024-02-25,CB1177,PB1114,SB113,8,20.0,CARD,2024-02-27,2024-03-17
TB101042,2024-09-09,CB1200,PB1093,SB105,6,20.0,Cash,2024-09-09,2024-09-10
TB101043,2024-03-13,CB1267,PB1044,SB106,5,20.0,UPI,2024-03-13,2024-03-29
TB101044,2023-02-27,CB1156,PB1093,SB114,4,10.0,upi,2023-03-01,2023-03-19
TB101045,2023-05-03,CB1182,PB1016,SB102,9,,upi,2023-05-04,2023-05-12
TB101046,2025-07-08,CB1233,PB1044,SB108,1,,CARD,2025-07-09,2025-07-27
TB101047,2024-12-18,CB1345,PB1018,SB113,10,,CARD,2024-12-19,2024-12-28
TB101048,2023-08-04,CB1185,PB1059,SB104,4,20.0,Card,2023-08-05,2023-08-21
TB101049,2025-05-21,CB1218,PB1114,SB105,1,0.0,net banking,2025-05-22,2025-05-24
TB101050,2024-03-15,CB1207,PB1076,SB118,9,10.0,Net Banking,2024-03-16,2024-03-18
TB101051,2024-06-24,CB1226,PB1089,SB116,7,,Net Banking,2024-06-26,2024-07-11
TB101052,2023-11-30,CB1235,PB1017,SB117,8,5.0,upi,2023-11-30,2023-12-16
TB101053,2024-03-11,CB1287,PB1048,SB104,3,0.0,Net Banking,2024-03-12,2024-03-27
TB101054,2023-08-14,CB1021,PB1067,SB105,5,20.0,upi,2023-08-14,2023-08-25
TB101055,2025-01-30,CB1249,PB1004,SB105,5,10.0,Card,2025-01-31,2025-02-11
TB101056,2025-05-13,CB1111,PB1024,SB116,5,10.0,UPI,2025-05-13,2025-06-11
TB101057,2023-09-08,CB1214,PB1062,SB110,1,0.0,net banking,2023-09-10,2023-09-21
TB101058,2024-11-22,CB1068,PB1098,SB105,10,,net banking,2024-11-23,2024-12-08
TB101059,2025-07-10,CB1046,PB1103,SB114,6,5.0,Net Banking,2025-07-12,2025-07-26
TB101060,2024-04-21,CB1344,PB1114,SB115,1,20.0,Cash,2024-04-22,2024-05-02
TB101061,2023-07-01,CB1323,PB1102,SB110,10,0.0,upi,2023-07-01,2023-07-23
TB101062,2026-02-19,CB1296,PB1097,SB102,9,20.0,CARD,2026-02-19,2026-02-25
TB101063,2025-09-01,CB1338,PB1120,SB118,2,0.0,Card,2025-09-03,2025-10-01
TB101064,2023-02-08,CB1297,PB1057,SB103,4,5.0,cash,2023-02-09,2023-03-06
TB101065,2025-04-02,CB1175,PB1056,SB106,1,15.0,Net Banking,2025-04-04,2025-04-05
TB101066,2023-02-19,CB1047,PB1015,SB104,5,15.0,Card,2023-02-21,2023-03-03
TB101067,2024-08-07,CB1079,PB1040,SB114,2,10.0,Card,2024-08-07,2024-08-12
TB101068,2023-05-01,CB1014,PB1092,SB102,3,10.0,Cash,2023-05-03,2023-06-02
TB101069,2025-03-09,CB1166,PB1034,SB113,7,5.0,upi,2025-03-09,2025-03-19
TB101070,2023-04-17,CB1122,PB1064,SB117,10,20.0,Net Banking,2023-04-17,2023-04-24
TB101071,2023-08-24,CB1284,PB1053,SB103,8,10.0,net banking,2023-08-25,2023-08-26
TB101072,2023-03-01,CB1138,PB1071,SB104,1,5.0,CARD,2023-03-02,2023-03-22
TB101073,2026-02-10,CB1291,PB1053,SB115,5,5.0,upi,2026-02-12,2026-03-09
TB101074,2025-10-21,CB1277,PB1022,SB108,6,5.0,Net Banking,2025-10-21,2025-11-15
TB101075,2026-02-10,CB1318,PB1038,SB106,8,0.0,UPI,2026-02-11,2026-02-12
TB101076,2023-05-04,CB1349,PB1049,SB112,5,20.0,CARD,2023-05-05,2023-05-13
TB101077,2025-11-11,CB1289,PB1009,SB110,9,5.0,upi,2025-11-12,2025-11-13
TB101078,2025-03-20,CB1144,PB1113,SB114,9,5.0,CARD,2025-03-22,2025-03-25
TB101079,2025-10-30,CB1326,PB1034,SB115,6,,Cash,2025-10-31,2025-11-28
TB101080,2024-05-18,CB1236,PB1077,SB111,4,10.0,UPI,2024-05-20,2024-05-30
TB101081,2023-10-01,CB1244,PB1001,SB101,10,0.0,Card,2023-10-03,2023-11-01
TB101082,2025-04-26,CB1202,PB1069,SB103,8,,upi,2025-04-28,2025-05-26
TB101083,2026-01-08,CB1345,PB1016,SB112,8,,Net Banking,2026-01-08,2026-02-05
TB101084,2025-01-03,CB1064,PB1060,SB112,1,,CARD,2025-01-04,2025-01-09
TB101085,2025-06-29,CB1144,PB1088,SB112,1,,CARD,2025-06-29,2025-07-06
TB101086,2023-07-04,CB1120,PB1064,SB112,4,10.0,UPI,2023-07-06,2023-07-26
TB101087,2024-07-28,CB1108,PB1001,SB107,10,,Net Banking,2024-07-29,2024-08-26
TB101088,2023-08-16,CB1088,PB1071,SB107,8,20.0,Card,2023-08-17,2023-09-04
TB101089,2023-05-14,CB1066,PB1034,SB108,2,,Cash,2023-05-16,2023-05-20
TB101090,2024-01-28,CB1315,PB1033,SB118,9,,net banking,2024-01-30,2024-01-30
TB101091,2023-01-05,CB1166,PB1056,SB114,1,,Cash,2023-01-06,2023-01-26
TB101092,2023-09-07,CB1186,PB1067,SB102,8,15.0,CARD,2023-09-09,2023-09-25
TB101093,2023-04-07,CB1230,PB1041,SB101,9,15.0,Net Banking,2023-04-08,2023-05-07
TB101094,2024-02-03,CB1116,PB1089,SB114,1,20.0,upi,2024-02-04,2024-02-06
TB101095,2024-05-26,CB1033,PB1081,SB104,5,10.0,UPI,2024-05-26,2024-05-31
TB101096,2025-09-09,CB1321,PB1120,SB111,10,0.0,Cash,2025-09-10,2025-10-05
TB101097,2024-05-21,CB1028,PB1106,SB111,6,5.0,CARD,2024-05-21,2024-06-05
TB101098,2023-05-30,CB1321,PB1058,SB104,2,15.0,upi,2023-06-01,2023-06-20
TB101099,2023-05-05,CB1066,PB1008,SB115,2,10.0,UPI,2023-05-05,2023-05-17
TB101100,2024-09-09,CB1053,PB1087,SB102,2,15.0,UPI,2024-09-11,2024-10-01
TB101101,2024-08-26,CB1211,PB1030,SB101,10,0.0,net banking,2024-08-27,2024-09-08
TB101102,2025-02-25,CB1318,PB1013,SB111,10,15.0,UPI,2025-02-26,2025-03-23
TB101103,2025-07-18,CB1056,PB1014,SB101,4,20.0,upi,2025-07-20,2025-07-30
TB101104,2024-02-01,CB1132,PB1046,SB114,9,,net banking,2024-02-03,2024-02-07
TB101105,2025-06-29,CB1031,PB1017,SB110,1,5.0,Net Banking,2025-06-29,2025-07-06
TB101106,2025-11-16,CB1299,PB1114,SB118,5,10.0,Card,2025-11-18,2025-12-12
TB101107,2023-10-29,CB1150,PB1048,SB101,6,20.0,Card,2023-10-30,2023-11-08
TB101108,2023-04-28,CB1217,PB1045,SB107,1,20.0,CARD,2023-04-28,2023-05-14
TB101109,2024-02-17,CB1240,PB1077,SB111,8,5.0,cash,2024-02-17,2024-02-27
TB101110,2024-09-05,CB1233,PB1113,SB102,2,5.0,net banking,2024-09-06,2024-09-16
TB101111,2024-03-25,CB1239,PB1080,SB107,4,5.0,CARD,2024-03-25,2024-04-14
TB101112,2025-09-11,CB1106,PB1052,SB106,7,10.0,UPI,2025-09-13,2025-10-07
TB101113,2025-01-13,CB1285,PB1015,SB105,1,10.0,Cash,2025-01-13,2025-01-15
TB101114,2025-06-20,CB1023,PB1004,SB107,6,20.0,CARD,2025-06-20,2025-07-10
TB101115,2024-08-04,CB1174,PB1109,SB118,3,10.0,CARD,2024-08-04,2024-08-11
TB101116,2024-01-01,CB1052,PB1003,SB105,5,5.0,Net Banking,2024-01-01,2024-01-01
TB101117,2023-08-16,CB1234,PB1031,SB112,5,5.0,cash,2023-08-17,2023-09-15
TB101118,2023-12-17,CB1034,PB1016,SB105,7,20.0,Card,2023-12-19,2024-01-13
TB101119,2024-01-24,CB1163,PB1077,SB114,6,15.0,CARD,2024-01-24,2024-02-10
TB101120,2023-04-05,CB1151,PB1102,SB105,9,5.0,cash,2023-04-07,2023-04-25
TB101121,2024-05-21,CB1261,PB1075,SB116,3,10.0,CARD,2024-05-21,2024-06-10
TB101122,2023-06-16,CB1034,PB1022,SB117,10,,Net Banking,2023-06-17,2023-07-12
TB101123,2025-11-08,CB1092,PB1042,SB112,8,20.0,net banking,2025-11-09,2025-11-24
TB101124,2025-10-10,CB1327,PB1118,SB102,7,20.0,CARD,2025-10-11,2025-10-19
TB101125,2024-03-25,CB1112,PB1040,SB114,7,5.0,Net Banking,2024-03-25,2024-04-08
TB101126,2026-03-16,CB1282,PB1011,SB105,5,10.0,upi,2026-03-16,2026-04-14
TB101127,2024-08-27,CB1299,PB1006,SB115,4,10.0,cash,2024-08-28,2024-09-13
TB101128,2025-05-22,CB1189,PB1103,SB116,7,15.0,cash,2025-05-23,2025-06-06
TB101129,2024-07-13,CB1120,PB1034,SB103,8,5.0,cash,2024-07-14,2024-07-14
TB101130,2023-06-18,CB1280,PB1083,SB103,9,20.0,Cash,2023-06-19,2023-07-15
TB101131,2024-04-11,CB1020,PB1070,SB107,6,0.0,cash,2024-04-11,2024-04-14
TB101132,2024-02-07,CB1350,PB1109,SB109,5,10.0,CARD,2024-02-09,2024-02-19
TB101133,2023-10-10,CB1005,PB1099,SB110,5,20.0,Cash,2023-10-12,2023-11-04
TB101134,2024-12-10,CB1336,PB1002,SB116,10,15.0,Card,2024-12-11,2025-01-10
TB101135,2025-03-25,CB1243,PB1030,SB117,4,,net banking,2025-03-25,2025-04-01
TB101136,2025-08-02,CB1097,PB1055,SB114,6,0.0,CARD,2025-08-03,2025-08-28
TB101137,2025-06-17,CB1192,PB1018,SB105,1,20.0,Cash,2025-06-18,2025-07-15
TB101138,2023-01-20,CB1174,PB1029,SB114,6,,Net Banking,2023-01-21,2023-02-15
TB101139,2025-04-06,CB1301,PB1003,SB102,6,10.0,Card,2025-04-08,2025-04-25
TB101140,2023-11-11,CB1312,PB1074,SB113,10,,Net Banking,2023-11-12,2023-11-30
TB101141,2024-02-23,CB1097,PB1061,SB104,7,20.0,cash,2024-02-24,2024-02-26
TB101142,2026-03-12,CB1088,PB1014,SB118,2,10.0,Card,2026-03-13,2026-04-02
TB101143,2023-03-07,CB1096,PB1026,SB103,1,15.0,Net Banking,2023-03-09,2023-03-28
TB101144,2024-08-04,CB1036,PB1059,SB102,9,10.0,cash,2024-08-04,2024-08-11
TB101145,2025-11-27,CB1201,PB1021,SB104,7,10.0,Card,2025-11-27,2025-12-02
TB101146,2026-01-03,CB1200,PB1116,SB107,2,,Card,2026-01-04,2026-01-19
TB101147,2024-02-26,CB1082,PB1078,SB110,8,,CARD,2024-02-27,2024-03-11
TB101148,2025-10-26,CB1104,PB1001,SB105,5,15.0,net banking,2025-10-28,2025-11-18
TB101149,2023-05-12,CB1169,PB1117,SB116,9,5.0,net banking,2023-05-13,2023-06-01
TB101150,2025-08-05,CB1148,PB1083,SB115,2,,cash,2025-08-07,2025-08-08
TB101151,2024-09-01,CB1128,PB1023,SB114,7,5.0,net banking,2024-09-02,2024-09-21
TB101152,2025-02-26,CB1049,PB1051,SB102,10,,CARD,2025-02-28,2025-03-05
TB101153,2023-11-20,CB1150,PB1086,SB103,9,,CARD,2023-11-21,2023-12-19
TB101154,2025-10-07,CB1189,PB1010,SB104,2,20.0,cash,2025-10-08,2025-11-01
TB101155,2025-04-19,CB1260,PB1006,SB115,4,10.0,UPI,2025-04-20,2025-04-25
TB101156,2023-05-30,CB1196,PB1044,SB113,8,,CARD,2023-06-01,2023-06-23
TB101157,2025-03-23,CB1070,PB1042,SB115,2,10.0,net banking,2025-03-23,2025-03-23
TB101158,2025-08-02,CB1225,PB1018,SB116,4,20.0,Cash,2025-08-02,2025-08-04
TB101159,2023-11-27,CB1052,PB1023,SB110,10,0.0,upi,2023-11-27,2023-12-23
TB101160,2025-12-30,CB1344,PB1098,SB101,2,5.0,Cash,2026-01-01,2026-01-13
TB101161,2023-11-11,CB1018,PB1115,SB118,4,5.0,CARD,2023-11-12,2023-11-23
TB101162,2025-06-24,CB1329,PB1085,SB104,9,,Net Banking,2025-06-26,2025-06-27
TB101163,2024-09-23,CB1025,PB1099,SB113,1,20.0,CARD,2024-09-24,2024-09-25
TB101164,2024-05-26,CB1047,PB1003,SB114,4,5.0,UPI,2024-05-27,2024-06-25
TB101165,2023-01-30,CB1113,PB1113,SB104,2,5.0,Card,2023-01-31,2023-02-26
TB101166,2023-12-09,CB1168,PB1042,SB118,2,20.0,CARD,2023-12-09,2023-12-22
TB101167,2024-02-29,CB1119,PB1028,SB104,2,15.0,cash,2024-03-02,2024-03-14
TB101168,2024-10-24,CB1007,PB1050,SB107,6,15.0,net banking,2024-10-24,2024-10-24
TB101169,2024-03-26,CB1189,PB1006,SB103,10,10.0,CARD,2024-03-26,2024-04-16
TB101170,2025-04-21,CB1053,PB1092,SB118,8,20.0,Card,2025-04-22,2025-05-16
TB101171,2024-05-30,CB1348,PB1119,SB105,7,10.0,cash,2024-05-30,2024-06-18
TB101172,2023-12-26,CB1342,PB1062,SB103,6,,cash,2023-12-28,2024-01-21
TB101173,2023-02-06,CB1196,PB1066,SB108,8,20.0,UPI,2023-02-08,2023-03-09
TB101174,2024-04-21,CB1122,PB1095,SB114,5,0.0,CARD,2024-04-21,2024-05-10
TB101175,2023-06-12,CB1152,PB1026,SB105,8,10.0,Net Banking,2023-06-12,2023-06-16
TB101176,2024-02-23,CB1228,PB1095,SB111,10,5.0,Card,2024-02-25,2024-02-26
TB101177,2024-07-23,CB1213,PB1083,SB110,9,0.0,UPI,2024-07-24,2024-08-13
TB101178,2024-04-14,CB1106,PB1070,SB102,4,10.0,CARD,2024-04-16,2024-04-26
TB101179,2024-03-31,CB1165,PB1024,SB115,9,15.0,UPI,2024-04-02,2024-04-29
TB101180,2023-05-13,CB1325,PB1019,SB107,1,5.0,Card,2023-05-14,2023-05-16
TB101181,2023-07-07,CB1121,PB1065,SB103,4,20.0,Net Banking,2023-07-07,2023-07-25
TB101182,2025-08-14,CB1126,PB1055,SB106,4,,CARD,2025-08-15,2025-08-20
TB101183,2024-09-12,CB1140,PB1111,SB116,4,15.0,upi,2024-09-13,2024-10-01
TB101184,2025-01-06,CB1226,PB1055,SB117,8,5.0,Net Banking,2025-01-07,2025-01-19
TB101185,2023-11-16,CB1043,PB1098,SB110,7,15.0,Card,2023-11-17,2023-11-17
TB101186,2026-02-06,CB1238,PB1040,SB115,7,10.0,Cash,2026-02-08,2026-02-13
TB101187,2025-02-07,CB1171,PB1018,SB116,2,15.0,CARD,2025-02-09,2025-02-28
TB101188,2023-11-13,CB1192,PB1063,SB113,9,0.0,Net Banking,2023-11-13,2023-11-13
TB101189,2025-03-19,CB1158,PB1083,SB103,8,15.0,Net Banking,2025-03-21,2025-04-01
TB101190,2023-03-21,CB1100,PB1098,SB114,3,20.0,Cash,2023-03-21,2023-04-02
TB101191,2024-12-14,CB1030,PB1084,SB113,6,15.0,Net Banking,2024-12-16,2025-01-07
TB101192,2024-05-20,CB1324,PB1091,SB101,6,0.0,Card,2024-05-20,2024-06-04
TB101193,2024-06-19,CB1131,PB1032,SB106,3,,UPI,2024-06-21,2024-07-05
TB101194,2023-08-28,CB1204,PB1091,SB103,7,,CARD,2023-08-28,2023-09-17
TB101195,2025-05-16,CB1155,PB1065,SB118,5,15.0,Net Banking,2025-05-16,2025-06-11
TB101196,2024-09-22,CB1056,PB1082,SB112,2,,Card,2024-09-24,2024-10-07
TB101197,2024-07-04,CB1158,PB1001,SB106,7,,net banking,2024-07-06,2024-07-12
TB101198,2023-01-04,CB1269,PB1054,SB110,7,,Net Banking,2023-01-04,2023-01-06
TB101199,2023-12-16,CB1102,PB1063,SB106,3,5.0,upi,2023-12-16,2023-12-27
TB101200,2025-07-11,CB1103,PB1008,SB106,3,5.0,CARD,2025-07-13,2025-08-08
TB101201,2024-06-15,CB1056,PB1112,SB106,10,,upi,2024-06-16,2024-06-30
TB101202,2024-08-23,CB1033,PB1044,SB101,5,0.0,CARD,2024-08-23,2024-09-04
TB101203,2025-09-05,CB1032,PB1035,SB101,1,0.0,UPI,2025-09-06,2025-09-27
TB101204,2023-07-18,CB1309,PB1067,SB109,7,0.0,net banking,2023-07-18,2023-08-03
TB101205,2025-08-27,CB1190,PB1088,SB111,6,15.0,cash,2025-08-28,2025-09-16
TB101206,2024-05-05,CB1313,PB1008,SB112,7,15.0,cash,2024-05-06,2024-05-27
TB101207,2023-07-25,CB1072,PB1004,SB104,7,,Cash,2023-07-25,2023-08-08
TB101208,2024-05-24,CB1264,PB1053,SB107,8,20.0,UPI,2024-05-25,2024-06-08
TB101209,2024-10-21,CB1167,PB1087,SB115,1,10.0,CARD,2024-10-21,2024-11-10
TB101210,2025-09-19,CB1179,PB1055,SB116,2,20.0,upi,2025-09-20,2025-10-13
TB101211,2025-02-27,CB1267,PB1113,SB117,3,5.0,UPI,2025-02-28,2025-03-19
TB101212,2023-09-19,CB1345,PB1071,SB115,5,0.0,Card,2023-09-20,2023-10-15
TB101213,2025-07-02,CB1124,PB1032,SB107,9,,Card,2025-07-02,2025-07-17
TB101214,2023-07-03,CB1083,PB1119,SB111,1,,Net Banking,2023-07-03,2023-07-16
TB101215,2024-07-28,CB1344,PB1016,SB105,8,10.0,net banking,2024-07-28,2024-08-20
TB101216,2023-07-05,CB1308,PB1009,SB111,10,5.0,Net Banking,2023-07-07,2023-07-17
TB101217,2025-02-20,CB1120,PB1029,SB109,7,20.0,upi,2025-02-22,2025-03-14
TB101218,2024-08-18,CB1304,PB1120,SB107,6,0.0,upi,2024-08-18,2024-08-21
TB101219,2026-03-19,CB1296,PB1095,SB101,7,10.0,Cash,2026-03-20,2026-03-24
TB101220,2023-05-07,CB1217,PB1041,SB112,7,5.0,Card,2023-05-09,2023-05-26
TB101221,2025-11-30,CB1055,PB1051,SB101,4,20.0,net banking,2025-12-02,2025-12-21
TB101222,2024-10-09,CB1256,PB1088,SB115,4,10.0,Card,2024-10-09,2024-11-04
TB101223,2024-08-03,CB1307,PB1041,SB110,1,,upi,2024-08-03,2024-08-26
TB101224,2024-07-14,CB1254,PB1038,SB113,4,15.0,UPI,2024-07-16,2024-08-03
TB101225,2024-11-13,CB1116,PB1090,SB102,4,,Card,2024-11-13,2024-12-09
TB101226,2025-09-25,CB1012,PB1071,SB113,3,10.0,cash,2025-09-27,2025-10-09
TB101227,2025-05-15,CB1201,PB1010,SB117,7,10.0,Cash,2025-05-17,2025-06-01
TB101228,2024-08-01,CB1202,PB1013,SB105,9,5.0,cash,2024-08-03,2024-09-01
TB101229,2023-04-21,CB1296,PB1018,SB115,3,15.0,net banking,2023-04-23,2023-05-02
TB101230,2024-08-19,CB1334,PB1002,SB112,4,5.0,upi,2024-08-19,2024-08-25
TB101231,2023-10-30,CB1029,PB1013,SB112,3,15.0,net banking,2023-10-31,2023-11-30
TB101232,2024-01-03,CB1304,PB1056,SB105,6,20.0,Net Banking,2024-01-03,2024-01-06
TB101233,2024-05-16,CB1251,PB1039,SB106,7,5.0,Net Banking,2024-05-16,2024-05-19
TB101234,2023-07-03,CB1141,PB1081,SB115,7,,cash,2023-07-04,2023-07-31
TB101235,2023-01-24,CB1251,PB1083,SB117,2,0.0,CARD,2023-01-24,2023-01-27
TB101236,2023-02-17,CB1141,PB1089,SB104,8,20.0,Card,2023-02-19,2023-03-09
TB101237,2025-02-25,CB1153,PB1074,SB105,7,,upi,2025-02-26,2025-03-18
TB101238,2024-10-28,CB1208,PB1105,SB101,3,20.0,Net Banking,2024-10-28,2024-11-19
TB101239,2026-02-12,CB1033,PB1067,SB118,8,20.0,upi,2026-02-14,2026-03-11
TB101240,2024-02-29,CB1307,PB1089,SB106,3,0.0,UPI,2024-03-02,2024-03-30
TB101241,2026-02-10,CB1021,PB1017,SB107,2,10.0,Card,2026-02-11,2026-03-08
TB101242,2023-06-29,CB1064,PB1065,SB110,2,0.0,cash,2023-07-01,2023-07-09
TB101243,2026-01-19,CB1128,PB1039,SB102,1,,Cash,2026-01-19,2026-02-01
TB101244,2025-12-29,CB1161,PB1067,SB112,8,20.0,CARD,2025-12-30,2026-01-03
TB101245,2023-07-22,CB1019,PB1025,SB105,4,0.0,Cash,2023-07-24,2023-08-19
TB101246,2024-03-16,CB1303,PB1046,SB109,4,20.0,Card,2024-03-16,2024-04-04
TB101247,2025-05-14,CB1196,PB1084,SB106,5,10.0,Net Banking,2025-05-14,2025-05-31
TB101248,2025-07-23,CB1074,PB1069,SB107,7,10.0,upi,2025-07-23,2025-08-22
TB101249,2024-07-05,CB1191,PB1073,SB117,4,,Card,2024-07-07,2024-07-29
TB101250,2025-05-09,CB1014,PB1078,SB108,7,15.0,upi,2025-05-09,2025-05-19
TB101251,2024-07-07,CB1209,PB1009,SB111,9,0.0,upi,2024-07-07,2024-07-24
TB101252,2025-01-13,CB1116,PB1036,SB101,3,10.0,upi,2025-01-14,2025-02-07
TB101253,2025-02-11,CB1090,PB1068,SB110,2,0.0,net banking,2025-02-11,2025-02-23
TB101254,2023-07-15,CB1145,PB1071,SB109,10,,upi,2023-07-17,2023-07-28
TB101255,2023-04-09,CB1177,PB1104,SB118,3,15.0,Net Banking,2023-04-09,2023-04-19
TB101256,2025-09-03,CB1263,PB1092,SB105,1,10.0,Card,2025-09-05,2025-09-09
TB101257,2023-10-20,CB1028,PB1118,SB112,5,,CARD,2023-10-21,2023-11-08
TB101258,2025-05-06,CB1182,PB1103,SB115,8,5.0,Cash,2025-05-08,2025-05-22
TB101259,2024-07-18,CB1157,PB1082,SB103,4,,Cash,2024-07-19,2024-08-04
TB101260,2025-04-12,CB1040,PB1094,SB108,2,0.0,upi,2025-04-13,2025-05-10
TB101261,2023-12-05,CB1284,PB1119,SB116,5,0.0,UPI,2023-12-07,2023-12-08
TB101262,2025-05-18,CB1246,PB1064,SB117,3,,upi,2025-05-20,2025-06-05
TB101263,2025-04-10,CB1218,PB1090,SB118,1,5.0,cash,2025-04-10,2025-04-29
TB101264,2024-05-15,CB1022,PB1078,SB115,10,20.0,Card,2024-05-17,2024-06-07
TB101265,2025-12-08,CB1069,PB1066,SB112,6,0.0,UPI,2025-12-08,2025-12-13
TB101266,2025-05-15,CB1058,PB1044,SB108,6,5.0,upi,2025-05-16,2025-05-28
TB101267,2024-08-17,CB1110,PB1001,SB113,5,10.0,CARD,2024-08-18,2024-09-02
TB101268,2024-09-16,CB1317,PB1109,SB116,8,0.0,UPI,2024-09-18,2024-10-04
TB101269,2024-12-29,CB1153,PB1046,SB104,6,15.0,UPI,2024-12-29,2025-01-17
TB101270,2024-12-17,CB1005,PB1013,SB114,6,15.0,net banking,2024-12-19,2024-12-24
TB101271,2024-02-09,CB1211,PB1016,SB116,3,20.0,UPI,2024-02-09,2024-02-25
TB101272,2023-11-15,CB1203,PB1048,SB110,8,5.0,cash,2023-11-17,2023-11-25
TB101273,2025-05-27,CB1225,PB1085,SB115,2,10.0,Card,2025-05-27,2025-06-13
TB101274,2023-10-14,CB1184,PB1114,SB107,1,15.0,upi,2023-10-15,2023-11-07
TB101275,2024-01-24,CB1216,PB1096,SB111,7,5.0,UPI,2024-01-25,2024-01-26
TB101276,2023-11-25,CB1061,PB1054,SB116,5,15.0,net banking,2023-11-27,2023-12-03
TB101277,2023-09-18,CB1200,PB1017,SB104,9,15.0,upi,2023-09-19,2023-10-13
TB101278,2023-02-13,CB1007,PB1099,SB108,9,10.0,UPI,2023-02-13,2023-02-17
TB101279,2024-12-01,CB1223,PB1062,SB110,1,,Cash,2024-12-02,2024-12-21
TB101280,2025-09-22,CB1317,PB1020,SB117,4,15.0,Card,2025-09-22,2025-10-16
TB101281,2024-05-25,CB1127,PB1086,SB114,5,0.0,CARD,2024-05-26,2024-06-19
TB101282,2025-08-28,CB1313,PB1024,SB107,9,0.0,Card,2025-08-30,2025-09-24
TB101283,2024-04-14,CB1141,PB1025,SB105,1,15.0,Net Banking,2024-04-14,2024-04-18
TB101284,2023-02-06,CB1195,PB1053,SB117,1,0.0,Cash,2023-02-08,2023-02-14
TB101285,2024-04-18,CB1032,PB1066,SB114,8,15.0,UPI,2024-04-18,2024-04-28
TB101286,2024-09-15,CB1180,PB1092,SB114,5,10.0,CARD,2024-09-15,2024-09-23
TB101287,2024-10-17,CB1027,PB1085,SB111,1,0.0,CARD,2024-10-17,2024-10-22
TB101288,2024-08-07,CB1221,PB1024,SB109,2,20.0,net banking,2024-08-08,2024-08-16
TB101289,2025-01-14,CB1343,PB1002,SB118,2,0.0,Card,2025-01-15,2025-01-24
TB101290,2024-11-09,CB1271,PB1078,SB112,10,10.0,CARD,2024-11-10,2024-12-03
TB101291,2024-07-19,CB1055,PB1017,SB104,2,15.0,UPI,2024-07-19,2024-08-06
TB101292,2024-01-26,CB1039,PB1070,SB111,2,15.0,Cash,2024-01-26,2024-02-17
TB101293,2025-08-29,CB1023,PB1017,SB107,3,,Net Banking,2025-08-29,2025-09-15
TB101294,2026-02-01,CB1188,PB1058,SB104,6,20.0,Net Banking,2026-02-03,2026-02-11
TB101295,2023-05-19,CB1012,PB1022,SB109,9,20.0,Card,2023-05-20,2023-06-02
TB101296,2024-08-16,CB1098,PB1095,SB113,1,20.0,net banking,2024-08-16,2024-09-15
TB101297,2025-12-26,CB1261,PB1050,SB118,8,5.0,Net Banking,2025-12-28,2025-12-30
TB101298,2025-03-31,CB1002,PB1021,SB107,3,5.0,UPI,2025-04-02,2025-04-10
TB101299,2025-11-16,CB1133,PB1039,SB108,9,,Cash,2025-11-17,2025-12-03
TB101300,2024-07-03,CB1024,PB1069,SB108,4,5.0,Cash,2024-07-05,2024-07-08
TB101301,2023-03-22,CB1139,PB1112,SB102,3,10.0,CARD,2023-03-24,2023-03-28
TB101302,2024-03-06,CB1324,PB1078,SB112,6,0.0,cash,2024-03-08,2024-03-11
TB101303,2023-06-20,CB1069,PB1053,SB110,5,20.0,cash,2023-06-22,2023-07-20
TB101304,2023-04-28,CB1113,PB1094,SB109,6,0.0,Card,2023-04-30,2023-05-26
TB101305,2024-06-08,CB1055,PB1093,SB113,10,,Cash,2024-06-08,2024-06-25
TB101306,2026-02-02,CB1167,PB1035,SB107,4,15.0,Net Banking,2026-02-02,2026-02-28
TB101307,2023-11-15,CB1189,PB1019,SB116,7,,upi,2023-11-16,2023-11-23
TB101308,2025-10-12,CB1097,PB1073,SB116,3,5.0,Card,2025-10-12,2025-10-26
TB101309,2024-07-31,CB1202,PB1088,SB107,3,5.0,upi,2024-07-31,2024-08-09
TB101310,2023-10-21,CB1331,PB1052,SB104,8,5.0,Card,2023-10-21,2023-11-03
TB101311,2023-01-25,CB1011,PB1015,SB101,7,15.0,UPI,2023-01-27,2023-01-30
TB101312,2023-09-28,CB1074,PB1081,SB101,5,0.0,UPI,2023-09-28,2023-10-22
TB101313,2023-08-06,CB1104,PB1018,SB116,2,10.0,net banking,2023-08-08,2023-08-31
TB101314,2023-12-01,CB1125,PB1008,SB118,3,15.0,Cash,2023-12-02,2023-12-12
TB101315,2026-01-18,CB1279,PB1038,SB104,2,0.0,Net Banking,2026-01-18,2026-01-18
TB101316,2023-10-18,CB1117,PB1055,SB113,1,5.0,Card,2023-10-18,2023-11-16
TB101317,2024-12-24,CB1058,PB1063,SB106,7,5.0,upi,2024-12-26,2025-01-04
TB101318,2024-04-04,CB1040,PB1079,SB111,6,10.0,upi,2024-04-04,2024-05-04
TB101319,2025-01-08,CB1078,PB1023,SB114,10,0.0,cash,2025-01-08,2025-02-05
TB101320,2024-01-07,CB1320,PB1105,SB110,5,5.0,cash,2024-01-09,2024-01-22
TB101321,2023-08-01,CB1136,PB1104,SB103,6,15.0,UPI,2023-08-02,2023-08-31
TB101322,2023-11-01,CB1200,PB1058,SB116,3,10.0,upi,2023-11-03,2023-11-07
TB101323,2023-08-20,CB1075,PB1012,SB111,5,,Card,2023-08-22,2023-09-04
TB101324,2024-01-08,CB1218,PB1062,SB114,8,10.0,cash,2024-01-09,2024-01-20
TB101325,2023-10-11,CB1215,PB1071,SB116,7,5.0,net banking,2023-10-13,2023-11-11
TB101326,2025-12-26,CB1043,PB1075,SB114,7,5.0,CARD,2025-12-28,2026-01-23
TB101327,2023-06-28,CB1009,PB1047,SB118,4,0.0,net banking,2023-06-28,2023-07-09
TB101328,2023-10-01,CB1072,PB1038,SB115,6,10.0,Card,2023-10-01,2023-10-02
TB101329,2026-02-03,CB1029,PB1096,SB105,4,5.0,upi,2026-02-04,2026-02-11
TB101330,2023-10-21,CB1191,PB1007,SB104,7,0.0,upi,2023-10-22,2023-11-14
TB101331,2025-09-03,CB1076,PB1047,SB105,1,5.0,upi,2025-09-05,2025-10-02
TB101332,2024-05-16,CB1077,PB1098,SB106,7,20.0,net banking,2024-05-16,2024-05-16
TB101333,2023-10-14,CB1241,PB1053,SB111,5,,net banking,2023-10-16,2023-11-01
TB101334,2023-01-28,CB1329,PB1005,SB106,1,5.0,Card,2023-01-29,2023-02-01
TB101335,2023-01-23,CB1284,PB1092,SB109,8,15.0,Cash,2023-01-24,2023-02-19
TB101336,2024-04-10,CB1048,PB1067,SB113,5,5.0,Card,2024-04-11,2024-05-10
TB101337,2024-03-09,CB1201,PB1024,SB118,4,0.0,upi,2024-03-10,2024-03-29
TB101338,2025-08-17,CB1195,PB1022,SB102,7,,cash,2025-08-18,2025-08-28
TB101339,2025-05-18,CB1040,PB1047,SB111,2,0.0,UPI,2025-05-18,2025-05-26
TB101340,2024-05-05,CB1034,PB1028,SB101,2,20.0,Cash,2024-05-06,2024-05-11
TB101341,2024-01-20,CB1124,PB1035,SB103,1,,UPI,2024-01-22,2024-01-28
TB101342,2026-02-28,CB1048,PB1040,SB101,6,0.0,cash,2026-03-01,2026-03-02
TB101343,2024-08-01,CB1201,PB1093,SB112,6,5.0,Card,2024-08-02,2024-08-18
TB101344,2023-07-19,CB1052,PB1065,SB105,9,,UPI,2023-07-20,2023-08-02
TB101345,2025-02-21,CB1083,PB1020,SB115,5,0.0,upi,2025-02-22,2025-03-12
TB101346,2023-07-11,CB1083,PB1065,SB117,3,5.0,cash,2023-07-13,2023-07-20
TB101347,2025-07-05,CB1320,PB1110,SB114,6,10.0,UPI,2025-07-05,2025-07-15
TB101348,2025-03-04,CB1039,PB1020,SB116,10,20.0,upi,2025-03-04,2025-03-10
TB101349,2023-01-31,CB1045,PB1064,SB104,9,10.0,net banking,2023-01-31,2023-02-24
TB101350,2024-10-04,CB1035,PB1036,SB112,3,10.0,cash,2024-10-04,2024-11-02
TB101351,2023-07-02,CB1133,PB1061,SB109,8,,net banking,2023-07-02,2023-07-07
TB101352,2023-10-15,CB1187,PB1110,SB110,1,15.0,Net Banking,2023-10-15,2023-11-02
TB101353,2025-04-17,CB1226,PB1047,SB117,3,,cash,2025-04-19,2025-05-18
TB101354,2025-02-04,CB1231,PB1034,SB102,9,15.0,UPI,2025-02-04,2025-02-25
TB101355,2024-05-16,CB1080,PB1110,SB104,1,20.0,Cash,2024-05-18,2024-06-13
TB101356,2025-02-08,CB1115,PB1050,SB115,2,15.0,upi,2025-02-08,2025-02-26
TB101357,2024-12-15,CB1239,PB1014,SB103,9,,Card,2024-12-16,2024-12-30
TB101358,2023-08-10,CB1206,PB1043,SB103,4,15.0,cash,2023-08-11,2023-09-04
TB101359,2024-12-02,CB1059,PB1036,SB115,8,5.0,UPI,2024-12-04,2024-12-19
TB101360,2026-01-21,CB1328,PB1028,SB111,3,15.0,UPI,2026-01-21,2026-02-20
TB101361,2025-02-17,CB1243,PB1028,SB102,7,10.0,CARD,2025-02-17,2025-03-18
TB101362,2023-02-16,CB1326,PB1023,SB103,5,10.0,Card,2023-02-18,2023-03-03
TB101363,2023-05-22,CB1232,PB1112,SB114,5,0.0,CARD,2023-05-23,2023-06-04
TB101364,2024-06-15,CB1220,PB1044,SB110,2,0.0,Card,2024-06-15,2024-07-11
TB101365,2024-02-11,CB1244,PB1069,SB106,8,15.0,Net Banking,2024-02-12,2024-03-13
TB101366,2024-12-27,CB1288,PB1101,SB107,1,15.0,upi,2024-12-29,2025-01-16
TB101367,2026-03-30,CB1008,PB1020,SB115,6,10.0,Card,2026-04-01,2026-04-05
TB101368,2025-10-19,CB1135,PB1067,SB101,7,,net banking,2025-10-20,2025-10-23
TB101369,2023-09-15,CB1050,PB1005,SB107,10,,CARD,2023-09-17,2023-10-01
TB101370,2025-05-10,CB1194,PB1028,SB112,10,5.0,CARD,2025-05-12,2025-05-29
TB101371,2024-01-27,CB1187,PB1003,SB110,6,0.0,Cash,2024-01-29,2024-02-16
TB101372,2025-10-25,CB1212,PB1053,SB112,8,15.0,cash,2025-10-25,2025-11-16
TB101373,2026-01-15,CB1091,PB1059,SB114,2,10.0,cash,2026-01-16,2026-02-01
TB101374,2023-12-29,CB1224,PB1049,SB110,9,5.0,Net Banking,2023-12-31,2024-01-19
TB101375,2024-08-03,CB1054,PB1012,SB101,2,0.0,Net Banking,2024-08-05,2024-08-24
TB101376,2023-08-01,CB1052,PB1082,SB115,9,20.0,UPI,2023-08-02,2023-08-25
TB101377,2024-08-16,CB1283,PB1049,SB104,8,5.0,CARD,2024-08-17,2024-08-23
TB101378,2025-08-19,CB1331,PB1091,SB113,7,15.0,UPI,2025-08-19,2025-08-30
TB101379,2025-02-06,CB1338,PB1034,SB110,5,10.0,Net Banking,2025-02-06,2025-02-22
TB101380,2024-05-09,CB1008,PB1004,SB105,1,15.0,cash,2024-05-09,2024-06-06
TB101381,2025-11-28,CB1088,PB1074,SB114,6,10.0,CARD,2025-11-30,2025-12-19
TB101382,2026-02-12,CB1027,PB1103,SB114,7,20.0,Card,2026-02-13,2026-02-19
TB101383,2025-03-10,CB1265,PB1021,SB114,6,15.0,CARD,2025-03-12,2025-03-17
TB101384,2023-07-23,CB1061,PB1081,SB113,9,5.0,Cash,2023-07-25,2023-08-19
TB101385,2026-02-06,CB1048,PB1012,SB101,4,10.0,Net Banking,2026-02-06,2026-03-08
TB101386,2023-01-24,CB1015,PB1080,SB118,3,20.0,upi,2023-01-26,2023-02-19
TB101387,2026-03-17,CB1233,PB1082,SB112,3,,Card,2026-03-18,2026-03-18
TB101388,2024-05-05,CB1100,PB1069,SB108,5,5.0,Net Banking,2024-05-07,2024-06-04
TB101389,2024-06-17,CB1074,PB1081,SB101,2,10.0,upi,2024-06-19,2024-06-20
TB101390,2023-08-16,CB1055,PB1019,SB110,2,20.0,Cash,2023-08-17,2023-09-15
TB101391,2024-01-05,CB1107,PB1051,SB104,6,15.0,net banking,2024-01-05,2024-01-07
TB101392,2023-02-14,CB1108,PB1088,SB114,2,15.0,Net Banking,2023-02-15,2023-02-17
TB101393,2024-10-04,CB1093,PB1039,SB101,3,15.0,Card,2024-10-06,2024-11-04
TB101394,2026-03-07,CB1176,PB1045,SB116,2,0.0,UPI,2026-03-09,2026-03-28
TB101395,2023-11-21,CB1099,PB1078,SB101,2,10.0,UPI,2023-11-23,2023-12-16
TB101396,2025-11-26,CB1187,PB1015,SB107,4,5.0,UPI,2025-11-28,2025-12-22
TB101397,2024-11-01,CB1138,PB1036,SB116,3,0.0,CARD,2024-11-01,2024-11-08
TB101398,2023-07-08,CB1240,PB1096,SB116,5,20.0,Net Banking,2023-07-09,2023-07-31
TB101399,2025-11-15,CB1089,PB1026,SB109,5,5.0,Net Banking,2025-11-16,2025-12-15
TB101400,2023-07-30,CB1085,PB1102,SB107,5,20.0,net banking,2023-08-01,2023-08-26
TB101401,2025-06-06,CB1164,PB1080,SB104,5,20.0,Net Banking,2025-06-07,2025-06-20
TB101402,2025-05-29,CB1324,PB1105,SB103,6,10.0,net banking,2025-05-29,2025-06-16
TB101403,2023-12-09,CB1301,PB1053,SB110,5,20.0,cash,2023-12-09,2024-01-08
TB101404,2025-03-26,CB1220,PB1102,SB106,6,5.0,cash,2025-03-26,2025-03-29
TB101405,2024-05-17,CB1191,PB1019,SB111,6,,upi,2024-05-17,2024-05-23
TB101406,2023-01-20,CB1110,PB1060,SB111,6,0.0,CARD,2023-01-21,2023-02-12
TB101407,2026-02-24,CB1109,PB1068,SB107,10,10.0,upi,2026-02-24,2026-03-08
TB101408,2026-02-22,CB1294,PB1115,SB114,2,20.0,Net Banking,2026-02-23,2026-03-17
TB101409,2024-10-12,CB1253,PB1064,SB102,1,5.0,Cash,2024-10-13,2024-10-19
TB101410,2025-05-12,CB1308,PB1042,SB113,3,15.0,CARD,2025-05-12,2025-05-15
TB101411,2026-03-26,CB1003,PB1117,SB115,10,0.0,Cash,2026-03-26,2026-04-04
TB101412,2023-09-26,CB1021,PB1044,SB101,9,20.0,upi,2023-09-27,2023-09-28
TB101413,2025-08-20,CB1141,PB1041,SB112,5,15.0,Net Banking,2025-08-20,2025-09-15
TB101414,2023-06-13,CB1314,PB1007,SB113,8,10.0,Cash,2023-06-15,2023-07-09
TB101415,2025-07-19,CB1192,PB1080,SB104,2,,UPI,2025-07-20,2025-08-16
TB101416,2024-04-03,CB1054,PB1042,SB114,3,0.0,CARD,2024-04-03,2024-04-29
TB101417,2023-12-15,CB1276,PB1001,SB102,6,,Cash,2023-12-15,2023-12-21
TB101418,2023-03-30,CB1136,PB1043,SB113,2,10.0,Cash,2023-03-30,2023-03-31
TB101419,2023-12-15,CB1065,PB1041,SB105,2,15.0,Net Banking,2023-12-15,2024-01-02
TB101420,2025-07-04,CB1124,PB1074,SB116,9,20.0,net banking,2025-07-06,2025-07-09
TB101421,2024-07-28,CB1116,PB1012,SB109,8,,Cash,2024-07-29,2024-08-22
TB101422,2023-06-19,CB1040,PB1010,SB116,4,5.0,UPI,2023-06-20,2023-07-07
TB101423,2024-03-11,CB1198,PB1025,SB116,8,5.0,upi,2024-03-11,2024-04-01
TB101424,2024-11-28,CB1264,PB1110,SB111,9,20.0,Cash,2024-11-28,2024-12-24
TB101425,2025-07-18,CB1067,PB1029,SB112,2,20.0,Net Banking,2025-07-20,2025-07-24
TB101426,2025-07-15,CB1097,PB1009,SB109,7,5.0,Net Banking,2025-07-17,2025-08-02
TB101427,2023-12-03,CB1076,PB1060,SB104,2,20.0,upi,2023-12-05,2023-12-14
TB101428,2024-05-07,CB1137,PB1004,SB116,3,15.0,net banking,2024-05-07,2024-06-04
TB101429,2024-12-21,CB1182,PB1056,SB107,2,20.0,Card,2024-12-22,2024-12-25
TB101430,2025-03-23,CB1028,PB1057,SB109,6,20.0,cash,2025-03-25,2025-04-07
TB101431,2023-07-20,CB1100,PB1038,SB107,7,15.0,Net Banking,2023-07-20,2023-08-09
TB101432,2023-12-28,CB1253,PB1067,SB114,10,20.0,upi,2023-12-30,2024-01-07
TB101433,2023-04-13,CB1059,PB1007,SB102,4,0.0,Cash,2023-04-15,2023-04-22
TB101434,2024-05-03,CB1116,PB1113,SB113,5,0.0,Net Banking,2024-05-03,2024-05-20
TB101435,2025-03-15,CB1254,PB1027,SB106,5,,CARD,2025-03-15,2025-03-22
TB101436,2024-12-12,CB1148,PB1094,SB101,10,,upi,2024-12-14,2024-12-23
TB101437,2024-01-15,CB1245,PB1095,SB110,10,,CARD,2024-01-17,2024-02-15
TB101438,2023-12-15,CB1096,PB1043,SB115,3,0.0,Card,2023-12-16,2024-01-06
TB101439,2023-01-27,CB1011,PB1023,SB109,6,15.0,upi,2023-01-29,2023-02-13
TB101440,2023-12-16,CB1181,PB1061,SB101,10,0.0,net banking,2023-12-18,2024-01-11
TB101441,2024-05-21,CB1291,PB1088,SB110,1,0.0,CARD,2024-05-22,2024-05-25
TB101442,2025-12-11,CB1052,PB1039,SB111,2,5.0,net banking,2025-12-13,2025-12-18
TB101443,2025-10-01,CB1340,PB1063,SB109,5,20.0,cash,2025-10-03,2025-10-14
TB101444,2025-07-28,CB1171,PB1115,SB117,5,10.0,net banking,2025-07-28,2025-08-23
TB101445,2023-08-19,CB1076,PB1053,SB108,1,20.0,Card,2023-08-20,2023-09-10
TB101446,2025-01-01,CB1221,PB1047,SB107,10,5.0,upi,2025-01-02,2025-01-02
TB101447,2024-02-01,CB1321,PB1087,SB118,5,0.0,net banking,2024-02-02,2024-02-22
TB101448,2025-12-15,CB1170,PB1051,SB114,6,,Cash,2025-12-15,2025-12-23
TB101449,2024-09-25,CB1176,PB1107,SB104,9,20.0,Net Banking,2024-09-25,2024-09-26
TB101450,2025-07-20,CB1057,PB1002,SB116,5,10.0,Card,2025-07-22,2025-08-21
TB101451,2025-08-13,CB1320,PB1072,SB106,5,20.0,Cash,2025-08-15,2025-08-19
TB101452,2025-09-24,CB1233,PB1006,SB107,1,10.0,Cash,2025-09-25,2025-09-27
TB101453,2023-09-10,CB1221,PB1046,SB101,1,10.0,UPI,2023-09-10,2023-09-25
TB101454,2024-05-29,CB1341,PB1099,SB118,9,10.0,Card,2024-05-29,2024-06-09
TB101455,2023-06-26,CB1222,PB1075,SB103,4,5.0,Cash,2023-06-28,2023-07-06
TB101456,2024-03-24,CB1348,PB1082,SB113,4,10.0,Net Banking,2024-03-24,2024-04-08
TB101457,2025-03-28,CB1306,PB1040,SB106,5,10.0,Net Banking,2025-03-28,2025-04-25
TB101458,2024-10-22,CB1129,PB1018,SB114,4,,CARD,2024-10-24,2024-10-28
TB101459,2024-09-08,CB1322,PB1060,SB118,10,10.0,Card,2024-09-09,2024-09-11
TB101460,2025-02-08,CB1227,PB1089,SB111,9,5.0,cash,2025-02-09,2025-02-12
TB101461,2025-08-17,CB1211,PB1060,SB101,7,15.0,UPI,2025-08-18,2025-08-31
TB101462,2025-05-12,CB1155,PB1101,SB108,10,5.0,cash,2025-05-12,2025-06-05
TB101463,2023-09-18,CB1028,PB1097,SB113,5,20.0,Card,2023-09-20,2023-10-07
TB101464,2025-04-05,CB1236,PB1108,SB102,9,15.0,upi,2025-04-07,2025-04-07
TB101465,2023-04-23,CB1171,PB1077,SB104,2,,Cash,2023-04-24,2023-05-20
TB101466,2026-03-04,CB1063,PB1095,SB117,1,10.0,UPI,2026-03-05,2026-03-27
TB101467,2024-02-24,CB1070,PB1029,SB105,8,20.0,Cash,2024-02-26,2024-03-01
TB101468,2024-09-28,CB1320,PB1089,SB107,8,0.0,upi,2024-09-30,2024-10-29
TB101469,2023-05-18,CB1267,PB1013,SB108,2,20.0,CARD,2023-05-18,2023-05-22
TB101470,2023-08-01,CB1201,PB1008,SB104,8,20.0,Cash,2023-08-02,2023-08-02
TB101471,2025-04-08,CB1134,PB1106,SB115,9,5.0,upi,2025-04-09,2025-04-14
TB101472,2025-06-04,CB1073,PB1105,SB108,3,0.0,Card,2025-06-04,2025-06-24
TB101473,2025-11-13,CB1244,PB1062,SB110,4,20.0,Cash,2025-11-15,2025-12-07
TB101474,2023-07-24,CB1201,PB1050,SB104,5,10.0,net banking,2023-07-26,2023-08-10
TB101475,2025-05-03,CB1235,PB1016,SB113,5,0.0,UPI,2025-05-04,2025-05-08
TB101476,2024-09-12,CB1228,PB1006,SB112,10,,Card,2024-09-12,2024-10-02
TB101477,2025-08-16,CB1082,PB1046,SB117,1,10.0,CARD,2025-08-18,2025-09-01
TB101478,2024-12-15,CB1033,PB1023,SB105,9,15.0,cash,2024-12-17,2025-01-02
TB101479,2026-02-27,CB1143,PB1101,SB110,3,,Net Banking,2026-02-28,2026-03-14
TB101480,2023-05-20,CB1311,PB1085,SB106,8,15.0,Cash,2023-05-22,2023-06-06
TB101481,2023-09-23,CB1179,PB1075,SB113,10,20.0,upi,2023-09-25,2023-10-05
TB101482,2023-04-03,CB1119,PB1013,SB104,3,,net banking,2023-04-03,2023-04-30
TB101483,2025-09-02,CB1054,PB1116,SB106,4,5.0,Net Banking,2025-09-03,2025-09-27
TB101484,2025-05-10,CB1059,PB1005,SB103,5,20.0,net banking,2025-05-10,2025-05-11
TB101485,2025-02-05,CB1165,PB1014,SB115,3,0.0,Net Banking,2025-02-07,2025-02-27
TB101486,2023-09-30,CB1101,PB1033,SB116,4,20.0,net banking,2023-10-02,2023-10-20
TB101487,2024-08-08,CB1223,PB1105,SB117,3,,CARD,2024-08-08,2024-08-14
TB101488,2023-06-26,CB1105,PB1005,SB105,2,,UPI,2023-06-28,2023-06-28
TB101489,2025-01-06,CB1175,PB1024,SB117,2,20.0,net banking,2025-01-07,2025-01-25
TB101490,2024-01-25,CB1181,PB1046,SB118,9,15.0,Card,2024-01-25,2024-02-12
TB101491,2023-05-18,CB1037,PB1073,SB103,7,,Card,2023-05-19,2023-06-01
TB101492,2025-11-25,CB1119,PB1007,SB118,8,0.0,cash,2025-11-26,2025-11-29
TB101493,2023-02-16,CB1200,PB1091,SB112,5,10.0,upi,2023-02-16,2023-03-14
TB101494,2023-11-20,CB1124,PB1110,SB117,10,20.0,Cash,2023-11-21,2023-11-23
TB101495,2025-03-28,CB1299,PB1061,SB109,2,20.0,UPI,2025-03-30,2025-03-31
TB101496,2023-03-08,CB1172,PB1114,SB102,4,10.0,Card,2023-03-09,2023-03-22
TB101497,2024-02-23,CB1340,PB1117,SB102,6,,CARD,2024-02-25,2024-03-22
TB101498,2025-10-07,CB1019,PB1045,SB103,10,20.0,Net Banking,2025-10-07,2025-11-01
TB101499,2023-06-15,CB1022,PB1014,SB102,5,5.0,net banking,2023-06-17,2023-07-02
TB101500,2025-11-05,CB1245,PB1039,SB108,7,10.0,UPI,2025-11-05,2025-11-25
TB101501,2023-04-24,CB1312,PB1111,SB113,9,5.0,UPI,2023-04-24,2023-05-18
TB101502,2026-02-05,CB1065,PB1056,SB114,7,15.0,Card,2026-02-06,2026-02-07
TB101503,2023-08-25,CB1181,PB1025,SB111,6,20.0,Net Banking,2023-08-26,2023-08-29
TB101504,2023-04-29,CB1006,PB1030,SB114,10,0.0,UPI,2023-04-29,2023-05-06
TB101505,2023-01-31,CB1030,PB1017,SB115,2,0.0,Card,2023-02-02,2023-02-09
TB101506,2024-08-01,CB1336,PB1114,SB108,10,10.0,Cash,2024-08-01,2024-08-11
TB101507,2023-09-23,CB1337,PB1010,SB103,2,15.0,Cash,2023-09-25,2023-10-07
TB101508,2026-01-18,CB1113,PB1057,SB110,6,,cash,2026-01-18,2026-02-02
TB101509,2026-02-03,CB1270,PB1115,SB109,4,,cash,2026-02-04,2026-03-03
TB101510,2026-01-13,CB1211,PB1091,SB116,6,0.0,Cash,2026-01-15,2026-01-18
TB101511,2023-06-10,CB1119,PB1040,SB118,9,5.0,CARD,2023-06-10,2023-07-09
TB101512,2023-09-09,CB1121,PB1090,SB115,1,5.0,net banking,2023-09-10,2023-10-03
TB101513,2023-08-22,CB1143,PB1076,SB113,5,0.0,Cash,2023-08-22,2023-09-06
TB101514,2023-06-23,CB1254,PB1003,SB113,7,20.0,Net Banking,2023-06-23,2023-07-01
TB101515,2025-06-28,CB1095,PB1085,SB114,7,5.0,UPI,2025-06-28,2025-07-05
TB101516,2024-09-16,CB1312,PB1097,SB111,1,10.0,Cash,2024-09-16,2024-10-03
TB101517,2024-03-19,CB1223,PB1111,SB114,10,,UPI,2024-03-19,2024-03-29
TB101518,2023-08-12,CB1274,PB1060,SB114,5,,Cash,2023-08-14,2023-08-26
TB101519,2023-11-29,CB1068,PB1117,SB101,4,,Cash,2023-11-30,2023-12-14
TB101520,2024-07-15,CB1173,PB1074,SB113,5,20.0,UPI,2024-07-15,2024-07-22
TB101521,2024-07-15,CB1335,PB1104,SB101,5,,upi,2024-07-16,2024-07-24
TB101522,2024-09-20,CB1092,PB1057,SB115,5,10.0,UPI,2024-09-22,2024-10-13
TB101523,2025-06-19,CB1246,PB1082,SB118,6,0.0,CARD,2025-06-19,2025-07-03
TB101524,2025-04-16,CB1313,PB1071,SB111,5,0.0,upi,2025-04-16,2025-05-04
TB101525,2025-06-21,CB1254,PB1017,SB108,5,10.0,Card,2025-06-21,2025-06-29
TB101526,2023-10-28,CB1059,PB1084,SB102,4,0.0,Card,2023-10-30,2023-11-19
TB101527,2025-11-03,CB1284,PB1092,SB108,1,10.0,UPI,2025-11-04,2025-11-22
TB101528,2024-06-14,CB1277,PB1092,SB102,6,,CARD,2024-06-15,2024-06-15
TB101529,2024-12-17,CB1058,PB1066,SB103,8,20.0,CARD,2024-12-17,2024-12-19
TB101530,2024-02-22,CB1037,PB1083,SB114,7,10.0,Cash,2024-02-23,2024-03-12
TB101531,2023-10-21,CB1172,PB1053,SB112,6,20.0,net banking,2023-10-21,2023-10-31
TB101532,2024-08-25,CB1023,PB1038,SB105,6,5.0,UPI,2024-08-27,2024-08-27
TB101533,2023-08-06,CB1261,PB1101,SB112,9,10.0,CARD,2023-08-08,2023-08-14
TB101534,2025-02-14,CB1196,PB1098,SB103,3,,upi,2025-02-16,2025-02-17
TB101535,2024-04-04,CB1215,PB1069,SB104,9,20.0,UPI,2024-04-06,2024-04-22
TB101536,2025-08-25,CB1163,PB1035,SB107,8,20.0,Cash,2025-08-27,2025-09-12
TB101537,2024-05-14,CB1234,PB1041,SB104,4,10.0,CARD,2024-05-15,2024-05-22
TB101538,2025-06-30,CB1041,PB1046,SB118,6,15.0,upi,2025-07-02,2025-08-01
TB101539,2025-01-11,CB1230,PB1101,SB114,4,20.0,CARD,2025-01-13,2025-01-28
TB101540,2026-03-12,CB1209,PB1087,SB105,4,20.0,Cash,2026-03-12,2026-04-10
TB101541,2024-08-10,CB1210,PB1054,SB117,2,0.0,Card,2024-08-11,2024-08-21
TB101542,2026-03-25,CB1233,PB1002,SB106,3,5.0,upi,2026-03-26,2026-04-15
TB101543,2025-05-07,CB1052,PB1017,SB102,8,20.0,Net Banking,2025-05-08,2025-06-01
TB101544,2023-02-19,CB1264,PB1111,SB117,3,0.0,Net Banking,2023-02-21,2023-02-26
TB101545,2025-05-14,CB1124,PB1092,SB110,9,15.0,upi,2025-05-15,2025-05-19
TB101546,2024-11-20,CB1056,PB1093,SB102,10,20.0,upi,2024-11-21,2024-12-09
TB101547,2024-12-27,CB1224,PB1038,SB116,8,15.0,Card,2024-12-28,2025-01-26
TB101548,2024-01-11,CB1043,PB1020,SB101,9,20.0,cash,2024-01-13,2024-02-06
TB101549,2025-07-17,CB1261,PB1093,SB109,3,15.0,upi,2025-07-18,2025-07-28
TB101550,2024-04-20,CB1289,PB1067,SB117,1,10.0,Net Banking,2024-04-21,2024-05-06
TB101551,2024-08-07,CB1074,PB1006,SB107,3,10.0,Net Banking,2024-08-08,2024-08-20
TB101552,2025-11-29,CB1051,PB1045,SB110,6,20.0,Card,2025-11-30,2025-12-18
TB101553,2023-08-31,CB1115,PB1114,SB106,8,15.0,Cash,2023-09-01,2023-09-09
TB101554,2024-06-15,CB1342,PB1036,SB105,4,0.0,upi,2024-06-17,2024-07-11
TB101555,2024-02-28,CB1015,PB1077,SB102,3,20.0,CARD,2024-03-01,2024-03-27
TB101556,2023-01-14,CB1105,PB1037,SB114,6,0.0,net banking,2023-01-15,2023-02-10
TB101557,2025-12-02,CB1057,PB1092,SB104,5,15.0,net banking,2025-12-02,2025-12-28
TB101558,2025-06-04,CB1143,PB1094,SB104,3,0.0,cash,2025-06-05,2025-06-13
TB101559,2023-06-11,CB1168,PB1021,SB117,2,5.0,cash,2023-06-13,2023-07-08
TB101560,2024-07-19,CB1345,PB1100,SB103,9,,cash,2024-07-20,2024-08-09
TB101561,2023-03-20,CB1163,PB1025,SB118,9,,UPI,2023-03-21,2023-03-24
TB101562,2023-01-17,CB1113,PB1087,SB107,7,20.0,Cash,2023-01-17,2023-01-21
TB101563,2025-08-20,CB1145,PB1017,SB107,8,5.0,upi,2025-08-20,2025-09-04
TB101564,2025-11-23,CB1223,PB1009,SB116,1,5.0,CARD,2025-11-25,2025-12-18
TB101565,2023-12-31,CB1315,PB1049,SB108,5,,cash,2023-12-31,2024-01-13
TB101566,2025-09-18,CB1119,PB1113,SB110,5,5.0,net banking,2025-09-20,2025-10-11
TB101567,2025-09-30,CB1279,PB1062,SB110,6,20.0,upi,2025-10-02,2025-10-14
TB101568,2024-03-24,CB1229,PB1042,SB108,7,10.0,Net Banking,2024-03-24,2024-04-23
TB101569,2023-08-26,CB1178,PB1090,SB113,2,10.0,Card,2023-08-26,2023-09-09
TB101570,2025-09-17,CB1015,PB1038,SB109,4,15.0,CARD,2025-09-18,2025-10-07
TB101571,2025-04-17,CB1346,PB1041,SB114,5,10.0,Net Banking,2025-04-17,2025-05-04
TB101572,2025-06-24,CB1138,PB1063,SB108,1,10.0,cash,2025-06-25,2025-07-07
TB101573,2023-04-04,CB1294,PB1113,SB106,4,15.0,CARD,2023-04-05,2023-04-19
TB101574,2023-08-14,CB1310,PB1070,SB101,3,10.0,UPI,2023-08-16,2023-09-04
TB101575,2025-02-15,CB1181,PB1099,SB118,6,,upi,2025-02-15,2025-03-11
TB101576,2023-04-11,CB1102,PB1021,SB118,9,10.0,Net Banking,2023-04-13,2023-04-19
TB101577,2024-04-14,CB1170,PB1053,SB107,6,5.0,CARD,2024-04-15,2024-05-10
TB101578,2023-01-28,CB1053,PB1065,SB113,9,0.0,net banking,2023-01-28,2023-02-24
TB101579,2023-03-28,CB1118,PB1081,SB108,1,10.0,UPI,2023-03-28,2023-04-06
TB101580,2024-07-11,CB1068,PB1105,SB109,7,15.0,upi,2024-07-13,2024-07-16
TB101581,2023-06-06,CB1011,PB1002,SB118,7,,Card,2023-06-06,2023-06-22
TB101582,2023-07-15,CB1311,PB1110,SB110,4,15.0,cash,2023-07-17,2023-08-04
TB101583,2025-05-20,CB1141,PB1059,SB107,5,0.0,upi,2025-05-22,2025-06-14
TB101584,2024-06-25,CB1150,PB1055,SB103,7,15.0,CARD,2024-06-27,2024-07-15
TB101585,2025-04-12,CB1274,PB1065,SB108,5,15.0,Net Banking,2025-04-14,2025-04-22
TB101586,2023-02-05,CB1280,PB1092,SB104,6,15.0,net banking,2023-02-06,2023-03-01
TB101587,2024-04-03,CB1229,PB1048,SB116,4,15.0,upi,2024-04-05,2024-04-05
TB101588,2024-09-28,CB1049,PB1072,SB106,2,,CARD,2024-09-29,2024-10-03
TB101589,2025-09-30,CB1207,PB1079,SB116,3,0.0,CARD,2025-10-02,2025-10-09
TB101590,2023-05-01,CB1173,PB1107,SB105,5,15.0,UPI,2023-05-02,2023-05-10
TB101591,2024-10-20,CB1003,PB1035,SB107,7,20.0,net banking,2024-10-22,2024-11-09
TB101592,2026-01-22,CB1165,PB1060,SB116,4,,upi,2026-01-23,2026-02-02
TB101593,2023-08-04,CB1066,PB1097,SB101,7,0.0,Card,2023-08-05,2023-08-27
TB101594,2025-11-30,CB1225,PB1112,SB104,4,5.0,UPI,2025-12-02,2025-12-05
TB101595,2025-05-18,CB1250,PB1018,SB118,9,,Net Banking,2025-05-19,2025-05-24
TB101596,2025-03-28,CB1151,PB1093,SB109,7,0.0,cash,2025-03-28,2025-04-06
TB101597,2025-01-31,CB1149,PB1067,SB107,3,5.0,cash,2025-02-02,2025-02-22
TB101598,2025-11-29,CB1108,PB1120,SB111,8,15.0,Card,2025-12-01,2025-12-09
TB101599,2023-12-03,CB1163,PB1054,SB106,1,15.0,Card,2023-12-05,2023-12-27
TB101600,2025-08-21,CB1103,PB1089,SB104,4,10.0,net banking,2025-08-21,2025-08-21
TB101601,2024-11-08,CB1305,PB1021,SB103,8,20.0,cash,2024-11-08,2024-11-09
TB101602,2026-02-19,CB1099,PB1036,SB110,1,,Net Banking,2026-02-19,2026-03-02
TB101603,2024-09-18,CB1288,PB1070,SB107,5,15.0,upi,2024-09-19,2024-10-08
TB101604,2023-11-09,CB1092,PB1034,SB104,5,5.0,Card,2023-11-09,2023-12-02
TB101605,2025-12-05,CB1295,PB1099,SB109,6,15.0,net banking,2025-12-07,2025-12-27
TB101606,2024-03-04,CB1047,PB1119,SB105,4,5.0,Card,2024-03-04,2024-03-04
TB101607,2023-12-04,CB1040,PB1115,SB102,6,0.0,Card,2023-12-05,2024-01-01
TB101608,2025-11-13,CB1168,PB1039,SB117,8,,upi,2025-11-14,2025-11-27
TB101609,2024-05-08,CB1243,PB1046,SB110,7,15.0,cash,2024-05-10,2024-05-22
TB101610,2025-12-22,CB1086,PB1082,SB109,4,20.0,Card,2025-12-22,2026-01-19
TB101611,2025-06-14,CB1062,PB1072,SB114,5,15.0,cash,2025-06-16,2025-06-30
TB101612,2023-12-31,CB1344,PB1045,SB114,8,10.0,CARD,2023-12-31,2024-01-27
TB101613,2026-02-20,CB1006,PB1026,SB115,3,10.0,cash,2026-02-20,2026-03-04
TB101614,2025-12-13,CB1169,PB1013,SB112,5,20.0,Cash,2025-12-13,2025-12-13
TB101615,2025-10-26,CB1332,PB1036,SB116,1,10.0,Net Banking,2025-10-26,2025-11-14
TB101616,2023-03-31,CB1321,PB1008,SB101,5,10.0,net banking,2023-04-02,2023-04-24
TB101617,2025-07-19,CB1054,PB1005,SB112,9,15.0,UPI,2025-07-20,2025-07-25
TB101618,2023-11-10,CB1043,PB1054,SB104,3,5.0,UPI,2023-11-12,2023-12-05
TB101619,2025-06-27,CB1050,PB1110,SB118,6,0.0,Cash,2025-06-29,2025-07-21
TB101620,2024-02-02,CB1171,PB1108,SB111,1,,Card,2024-02-04,2024-02-23
TB101621,2025-01-20,CB1214,PB1108,SB102,7,,upi,2025-01-22,2025-01-22
TB101622,2024-01-31,CB1043,PB1023,SB115,5,,UPI,2024-02-02,2024-02-06
TB101623,2024-07-18,CB1210,PB1023,SB101,9,,Cash,2024-07-20,2024-07-26
TB101624,2024-07-14,CB1239,PB1073,SB103,6,0.0,net banking,2024-07-16,2024-07-27
TB101625,2023-06-30,CB1045,PB1024,SB111,3,0.0,UPI,2023-06-30,2023-07-29
TB101626,2023-12-13,CB1236,PB1011,SB108,6,,Cash,2023-12-13,2023-12-19
TB101627,2024-01-27,CB1159,PB1007,SB113,3,,Cash,2024-01-29,2024-02-22
TB101628,2023-12-31,CB1212,PB1029,SB107,6,20.0,Cash,2024-01-01,2024-01-05
TB101629,2024-02-13,CB1136,PB1012,SB116,8,10.0,cash,2024-02-13,2024-02-22
TB101630,2026-03-31,CB1231,PB1107,SB106,9,,UPI,2026-04-01,2026-04-12
TB101631,2025-02-28,CB1223,PB1045,SB110,4,20.0,CARD,2025-02-28,2025-03-17
TB101632,2024-12-01,CB1138,PB1012,SB117,9,20.0,CARD,2024-12-03,2025-01-02
TB101633,2024-06-12,CB1060,PB1067,SB106,1,10.0,net banking,2024-06-12,2024-06-26
TB101634,2023-10-14,CB1289,PB1049,SB102,6,10.0,cash,2023-10-15,2023-11-02
TB101635,2023-08-03,CB1216,PB1061,SB111,3,0.0,cash,2023-08-05,2023-08-16
TB101636,2023-07-25,CB1084,PB1060,SB118,5,10.0,Card,2023-07-25,2023-08-23
TB101637,2023-02-14,CB1304,PB1074,SB114,8,20.0,Net Banking,2023-02-15,2023-03-12
TB101638,2025-08-27,CB1308,PB1044,SB116,6,,Net Banking,2025-08-27,2025-09-04
TB101639,2024-09-06,CB1056,PB1054,SB114,9,5.0,Cash,2024-09-06,2024-10-05
TB101640,2026-03-28,CB1263,PB1022,SB110,3,0.0,CARD,2026-03-29,2026-04-16
TB101641,2026-03-09,CB1028,PB1012,SB110,6,,Card,2026-03-09,2026-03-13
TB101642,2024-12-09,CB1001,PB1085,SB105,8,5.0,CARD,2024-12-10,2024-12-22
TB101643,2023-12-19,CB1121,PB1110,SB107,3,0.0,Net Banking,2023-12-20,2023-12-29
TB101644,2023-07-04,CB1192,PB1001,SB116,9,5.0,Card,2023-07-06,2023-07-13
TB101645,2024-12-06,CB1109,PB1117,SB116,7,20.0,Net Banking,2024-12-06,2024-12-21
TB101646,2025-08-07,CB1066,PB1041,SB105,7,0.0,Net Banking,2025-08-09,2025-08-16
TB101647,2024-10-31,CB1306,PB1051,SB118,7,,upi,2024-11-01,2024-11-27
TB101648,2024-12-11,CB1014,PB1029,SB106,10,,CARD,2024-12-12,2025-01-02
TB101649,2025-01-25,CB1313,PB1077,SB113,1,20.0,upi,2025-01-26,2025-02-05
TB101650,2024-04-16,CB1109,PB1039,SB114,1,5.0,upi,2024-04-16,2024-05-01
TB101651,2024-11-26,CB1078,PB1037,SB110,7,5.0,Net Banking,2024-11-27,2024-12-17
TB101652,2025-09-11,CB1084,PB1051,SB117,3,15.0,upi,2025-09-11,2025-09-19
TB101653,2025-08-10,CB1336,PB1111,SB113,2,,UPI,2025-08-10,2025-08-21
TB101654,2023-11-26,CB1197,PB1088,SB115,9,20.0,UPI,2023-11-27,2023-12-01
TB101655,2025-09-22,CB1217,PB1099,SB102,7,,Cash,2025-09-24,2025-10-24
TB101656,2025-05-20,CB1310,PB1104,SB115,2,,cash,2025-05-21,2025-06-13
TB101657,2025-08-27,CB1058,PB1101,SB106,6,20.0,Net Banking,2025-08-29,2025-09-08
TB101658,2025-12-24,CB1077,PB1001,SB111,2,,Cash,2025-12-25,2026-01-21
TB101659,2024-02-09,CB1223,PB1007,SB115,8,20.0,Cash,2024-02-11,2024-03-08
TB101660,2023-03-23,CB1188,PB1007,SB112,8,15.0,Cash,2023-03-23,2023-04-19
TB101661,2025-05-21,CB1278,PB1035,SB106,1,10.0,Cash,2025-05-22,2025-06-12
TB101662,2024-12-31,CB1153,PB1082,SB102,6,15.0,upi,2025-01-01,2025-01-01
TB101663,2025-01-01,CB1128,PB1023,SB103,7,20.0,upi,2025-01-03,2025-01-04
TB101664,2023-09-16,CB1221,PB1115,SB109,8,,cash,2023-09-18,2023-09-22
TB101665,2025-07-27,CB1292,PB1059,SB102,9,5.0,upi,2025-07-29,2025-08-17
TB101666,2024-10-30,CB1327,PB1104,SB104,10,5.0,Net Banking,2024-10-31,2024-11-01
TB101667,2025-11-15,CB1217,PB1052,SB101,5,10.0,Card,2025-11-17,2025-11-19
TB101668,2024-06-10,CB1222,PB1015,SB107,2,,Cash,2024-06-12,2024-07-02
TB101669,2024-09-12,CB1026,PB1048,SB116,4,20.0,CARD,2024-09-14,2024-09-30
TB101670,2025-06-13,CB1142,PB1065,SB102,3,,Net Banking,2025-06-14,2025-07-07
TB101671,2024-01-07,CB1209,PB1027,SB101,1,10.0,Net Banking,2024-01-09,2024-01-18
TB101672,2023-09-23,CB1326,PB1041,SB104,10,15.0,CARD,2023-09-24,2023-10-02
TB101673,2024-04-05,CB1033,PB1079,SB110,4,10.0,net banking,2024-04-05,2024-04-27
TB101674,2025-05-11,CB1200,PB1061,SB118,9,10.0,UPI,2025-05-13,2025-06-01
TB101675,2024-12-03,CB1078,PB1060,SB116,8,10.0,CARD,2024-12-04,2024-12-14
TB101676,2025-12-26,CB1131,PB1052,SB102,7,,upi,2025-12-28,2026-01-02
TB101677,2025-09-23,CB1272,PB1048,SB110,4,0.0,Cash,2025-09-25,2025-10-06
TB101678,2024-10-07,CB1080,PB1080,SB106,1,15.0,cash,2024-10-08,2024-10-29
TB101679,2026-03-02,CB1285,PB1096,SB116,5,0.0,CARD,2026-03-03,2026-03-16
TB101680,2025-02-07,CB1064,PB1013,SB113,10,15.0,CARD,2025-02-09,2025-02-13
TB101681,2024-03-08,CB1082,PB1099,SB113,3,10.0,Net Banking,2024-03-08,2024-03-26
TB101682,2024-12-21,CB1164,PB1099,SB112,5,20.0,upi,2024-12-21,2025-01-03
TB101683,2024-10-12,CB1116,PB1110,SB113,7,20.0,net banking,2024-10-14,2024-10-31
TB101684,2025-08-08,CB1091,PB1052,SB110,3,15.0,UPI,2025-08-09,2025-09-04
TB101685,2025-12-26,CB1350,PB1117,SB104,3,15.0,Net Banking,2025-12-27,2026-01-20
TB101686,2025-05-06,CB1317,PB1029,SB105,1,5.0,upi,2025-05-07,2025-05-20
TB101687,2026-03-14,CB1313,PB1032,SB106,6,0.0,net banking,2026-03-16,2026-03-29
TB101688,2023-07-06,CB1335,PB1050,SB118,10,,CARD,2023-07-07,2023-07-07
TB101689,2023-11-27,CB1090,PB1061,SB107,4,,cash,2023-11-28,2023-12-09
TB101690,2023-09-29,CB1296,PB1060,SB115,4,0.0,CARD,2023-09-30,2023-10-02
TB101691,2025-06-27,CB1257,PB1083,SB104,8,5.0,cash,2025-06-27,2025-07-22
TB101692,2023-11-23,CB1004,PB1096,SB102,2,,Net Banking,2023-11-23,2023-12-07
TB101693,2025-11-30,CB1214,PB1034,SB118,2,15.0,upi,2025-12-01,2025-12-28
TB101694,2025-12-29,CB1031,PB1038,SB113,8,15.0,UPI,2025-12-31,2025-12-31
TB101695,2025-01-14,CB1220,PB1101,SB104,8,20.0,upi,2025-01-15,2025-02-06
TB101696,2023-10-26,CB1087,PB1047,SB114,2,20.0,cash,2023-10-27,2023-11-20
TB101697,2023-10-18,CB1136,PB1013,SB111,4,15.0,upi,2023-10-18,2023-11-12
TB101698,2025-07-27,CB1176,PB1038,SB115,5,5.0,cash,2025-07-29,2025-08-13
TB101699,2025-07-11,CB1305,PB1005,SB105,5,20.0,Card,2025-07-13,2025-07-21
TB101700,2025-12-04,CB1289,PB1047,SB110,6,5.0,Cash,2025-12-05,2025-12-05
TB101701,2023-11-21,CB1226,PB1087,SB110,8,10.0,Card,2023-11-23,2023-12-13
TB101702,2023-09-21,CB1132,PB1082,SB108,7,10.0,UPI,2023-09-21,2023-10-10
TB101703,2024-03-09,CB1007,PB1034,SB112,10,5.0,Net Banking,2024-03-11,2024-03-20
TB101704,2025-09-03,CB1330,PB1020,SB117,6,5.0,cash,2025-09-05,2025-10-03
TB101705,2025-12-07,CB1269,PB1062,SB106,3,15.0,net banking,2025-12-08,2025-12-20
TB101706,2025-02-16,CB1116,PB1040,SB107,6,0.0,CARD,2025-02-16,2025-03-09
TB101707,2023-11-04,CB1333,PB1026,SB112,2,,net banking,2023-11-05,2023-11-24
TB101708,2025-07-29,CB1269,PB1115,SB108,1,,CARD,2025-07-31,2025-08-29
TB101709,2025-01-14,CB1169,PB1065,SB103,2,15.0,Cash,2025-01-16,2025-01-17
TB101710,2026-02-07,CB1041,PB1103,SB102,9,,net banking,2026-02-09,2026-03-08
TB101711,2026-03-06,CB1094,PB1089,SB108,5,5.0,CARD,2026-03-08,2026-03-15
TB101712,2025-07-23,CB1283,PB1036,SB103,5,20.0,CARD,2025-07-23,2025-07-24
TB101713,2023-05-11,CB1107,PB1030,SB108,1,10.0,net banking,2023-05-11,2023-05-27
TB101714,2025-08-08,CB1325,PB1010,SB107,6,0.0,net banking,2025-08-08,2025-08-25
TB101715,2023-08-27,CB1052,PB1070,SB107,4,15.0,net banking,2023-08-28,2023-08-30
TB101716,2024-09-06,CB1058,PB1093,SB115,7,20.0,CARD,2024-09-08,2024-09-08
TB101717,2025-07-23,CB1139,PB1064,SB106,10,15.0,cash,2025-07-23,2025-07-31
TB101718,2025-11-04,CB1136,PB1112,SB118,5,10.0,CARD,2025-11-05,2025-11-21
TB101719,2024-11-29,CB1159,PB1081,SB115,9,20.0,upi,2024-11-30,2024-12-21
TB101720,2024-01-09,CB1241,PB1064,SB106,9,10.0,Card,2024-01-10,2024-01-10
TB101721,2023-05-15,CB1227,PB1044,SB118,2,10.0,Card,2023-05-16,2023-06-06
TB101722,2024-02-01,CB1158,PB1065,SB110,4,5.0,cash,2024-02-01,2024-02-25
TB101723,2025-12-22,CB1313,PB1027,SB105,5,,cash,2025-12-23,2025-12-26
TB101724,2023-11-17,CB1081,PB1079,SB106,3,15.0,cash,2023-11-17,2023-12-11
TB101725,2025-11-23,CB1138,PB1030,SB109,7,20.0,net banking,2025-11-24,2025-12-14
TB101726,2024-09-13,CB1182,PB1107,SB111,6,10.0,net banking,2024-09-14,2024-09-18
TB101727,2024-09-22,CB1003,PB1098,SB113,7,15.0,UPI,2024-09-23,2024-10-11
TB101728,2025-04-17,CB1141,PB1003,SB107,8,5.0,CARD,2025-04-18,2025-05-08
TB101729,2024-06-08,CB1165,PB1055,SB113,1,10.0,cash,2024-06-09,2024-07-05
TB101730,2026-02-16,CB1317,PB1065,SB115,4,5.0,Cash,2026-02-18,2026-03-13
TB101731,2023-08-07,CB1246,PB1093,SB116,6,5.0,UPI,2023-08-07,2023-08-14
TB101732,2025-03-09,CB1128,PB1036,SB113,8,,UPI,2025-03-11,2025-04-10
TB101733,2023-07-27,CB1276,PB1048,SB115,5,10.0,Cash,2023-07-27,2023-08-16
TB101734,2023-08-16,CB1167,PB1100,SB114,2,,Card,2023-08-17,2023-08-21
TB101735,2023-11-05,CB1288,PB1012,SB115,4,20.0,CARD,2023-11-07,2023-11-16
TB101736,2024-11-02,CB1286,PB1068,SB110,5,,UPI,2024-11-04,2024-11-21
TB101737,2023-10-15,CB1185,PB1116,SB115,6,,CARD,2023-10-15,2023-11-11
TB101738,2024-01-13,CB1186,PB1043,SB107,8,5.0,Cash,2024-01-14,2024-01-28
TB101739,2024-06-06,CB1062,PB1083,SB114,3,0.0,Net Banking,2024-06-08,2024-07-01
TB101740,2025-03-22,CB1031,PB1117,SB117,9,0.0,cash,2025-03-23,2025-04-17
TB101741,2023-02-03,CB1168,PB1102,SB118,9,0.0,net banking,2023-02-05,2023-02-18
TB101742,2024-08-01,CB1039,PB1073,SB103,2,,upi,2024-08-03,2024-08-13
TB101743,2025-12-25,CB1294,PB1119,SB115,2,20.0,CARD,2025-12-25,2026-01-19
TB101744,2023-05-30,CB1232,PB1114,SB105,8,10.0,cash,2023-06-01,2023-06-14
TB101745,2023-05-30,CB1233,PB1068,SB114,6,20.0,UPI,2023-05-30,2023-06-19
TB101746,2025-04-02,CB1200,PB1003,SB101,10,0.0,CARD,2025-04-04,2025-04-13
TB101747,2024-10-22,CB1300,PB1087,SB111,4,10.0,net banking,2024-10-23,2024-10-27
TB101748,2024-02-15,CB1079,PB1025,SB105,10,10.0,CARD,2024-02-17,2024-03-17
TB101749,2024-09-23,CB1309,PB1109,SB102,9,0.0,Card,2024-09-23,2024-09-26
TB101750,2026-01-11,CB1162,PB1119,SB108,6,0.0,CARD,2026-01-12,2026-02-11
TB101751,2024-02-18,CB1120,PB1120,SB107,5,15.0,cash,2024-02-19,2024-02-24
TB101752,2023-02-25,CB1193,PB1004,SB115,2,15.0,CARD,2023-02-25,2023-03-25
TB101753,2025-02-18,CB1102,PB1027,SB113,7,15.0,upi,2025-02-18,2025-03-04
TB101754,2023-07-10,CB1063,PB1021,SB107,9,20.0,upi,2023-07-10,2023-07-26
TB101755,2025-09-28,CB1213,PB1025,SB107,6,10.0,upi,2025-09-30,2025-10-19
TB101756,2025-11-04,CB1058,PB1059,SB101,9,10.0,UPI,2025-11-05,2025-11-20
TB101757,2025-02-17,CB1185,PB1040,SB103,6,0.0,Net Banking,2025-02-18,2025-03-02
TB101758,2024-09-07,CB1242,PB1003,SB109,7,0.0,cash,2024-09-07,2024-09-29
TB101759,2023-04-03,CB1290,PB1002,SB105,3,5.0,Card,2023-04-03,2023-04-30
TB101760,2023-10-15,CB1306,PB1103,SB107,1,0.0,Cash,2023-10-17,2023-11-01
TB101761,2025-01-31,CB1089,PB1023,SB117,7,5.0,Card,2025-02-02,2025-02-15
TB101762,2024-01-07,CB1016,PB1064,SB107,3,0.0,Cash,2024-01-08,2024-02-05
TB101763,2025-04-06,CB1165,PB1004,SB101,10,10.0,cash,2025-04-08,2025-04-19
TB101764,2023-02-28,CB1209,PB1006,SB118,3,,Net Banking,2023-03-01,2023-03-02
TB101765,2025-12-11,CB1179,PB1115,SB108,1,0.0,upi,2025-12-11,2025-12-16
TB101766,2025-05-09,CB1213,PB1110,SB118,8,15.0,net banking,2025-05-09,2025-05-12
TB101767,2023-10-03,CB1160,PB1061,SB116,1,,Cash,2023-10-05,2023-10-30
TB101768,2023-09-20,CB1315,PB1086,SB104,6,20.0,net banking,2023-09-21,2023-10-12
TB101769,2025-10-06,CB1065,PB1029,SB117,4,20.0,Card,2025-10-08,2025-11-03
TB101770,2023-10-20,CB1207,PB1037,SB104,2,0.0,CARD,2023-10-20,2023-11-10
TB101771,2024-04-08,CB1169,PB1091,SB115,5,,Cash,2024-04-09,2024-04-14
TB101772,2023-09-27,CB1297,PB1095,SB102,3,10.0,Net Banking,2023-09-28,2023-10-11
TB101773,2023-04-09,CB1325,PB1005,SB108,3,0.0,Card,2023-04-09,2023-04-14
TB101774,2025-03-23,CB1248,PB1110,SB112,8,20.0,CARD,2025-03-24,2025-03-24
TB101775,2026-03-28,CB1319,PB1034,SB118,8,5.0,net banking,2026-03-29,2026-04-12
TB101776,2023-08-30,CB1173,PB1044,SB106,9,,Cash,2023-09-01,2023-09-09
TB101777,2024-11-29,CB1340,PB1013,SB111,8,20.0,Cash,2024-11-30,2024-12-24
TB101778,2023-05-10,CB1279,PB1017,SB104,1,,CARD,2023-05-11,2023-05-24
TB101779,2025-07-25,CB1065,PB1112,SB112,5,20.0,Cash,2025-07-25,2025-07-28
TB101780,2025-07-15,CB1094,PB1051,SB117,9,0.0,CARD,2025-07-16,2025-08-02
TB101781,2023-10-18,CB1182,PB1068,SB105,4,0.0,UPI,2023-10-20,2023-10-27
TB101782,2025-12-27,CB1086,PB1048,SB106,9,5.0,upi,2025-12-28,2026-01-14
TB101783,2023-12-06,CB1078,PB1070,SB114,4,20.0,CARD,2023-12-08,2023-12-28
TB101784,2024-07-24,CB1200,PB1116,SB117,5,15.0,Net Banking,2024-07-24,2024-08-23
TB101785,2025-09-02,CB1001,PB1010,SB109,5,5.0,Cash,2025-09-03,2025-09-13
TB101786,2024-03-03,CB1031,PB1097,SB114,2,20.0,Card,2024-03-05,2024-03-24
TB101787,2023-10-22,CB1201,PB1101,SB106,4,5.0,Net Banking,2023-10-23,2023-11-18
TB101788,2025-03-11,CB1037,PB1029,SB109,6,5.0,Card,2025-03-13,2025-03-19
TB101789,2025-04-02,CB1345,PB1020,SB107,10,,net banking,2025-04-02,2025-04-25
TB101790,2023-10-19,CB1327,PB1016,SB117,1,10.0,Cash,2023-10-21,2023-10-29
TB101791,2025-12-09,CB1242,PB1030,SB115,10,,Cash,2025-12-09,2026-01-02
TB101792,2023-09-13,CB1079,PB1010,SB111,8,20.0,Cash,2023-09-15,2023-10-08
TB101793,2023-03-25,CB1321,PB1060,SB114,2,10.0,Card,2023-03-26,2023-04-21
TB101794,2025-09-24,CB1046,PB1094,SB112,2,20.0,CARD,2025-09-25,2025-10-02
TB101795,2025-10-09,CB1030,PB1082,SB104,7,15.0,Cash,2025-10-11,2025-11-10
TB101796,2024-07-18,CB1215,PB1086,SB109,6,20.0,cash,2024-07-19,2024-08-08
TB101797,2023-06-20,CB1125,PB1075,SB116,8,,CARD,2023-06-20,2023-06-23
TB101798,2025-06-07,CB1288,PB1078,SB113,8,0.0,Net Banking,2025-06-09,2025-06-17
TB101799,2023-03-28,CB1295,PB1013,SB104,2,20.0,CARD,2023-03-30,2023-04-02
TB101800,2025-01-08,CB1216,PB1105,SB113,10,,UPI,2025-01-10,2025-01-31
TB101801,2024-12-12,CB1294,PB1111,SB117,8,15.0,UPI,2024-12-14,2025-01-08
TB101802,2025-03-27,CB1111,PB1073,SB106,1,15.0,UPI,2025-03-29,2025-04-21
TB101803,2024-11-04,CB1234,PB1109,SB109,1,15.0,cash,2024-11-04,2024-11-13
TB101804,2024-12-05,CB1229,PB1101,SB102,5,5.0,cash,2024-12-06,2025-01-05
TB101805,2025-07-27,CB1108,PB1072,SB118,3,10.0,cash,2025-07-29,2025-08-18
TB101806,2025-04-01,CB1046,PB1043,SB112,8,5.0,CARD,2025-04-02,2025-04-26
TB101807,2024-10-10,CB1328,PB1052,SB111,2,,net banking,2024-10-11,2024-10-14
TB101808,2024-01-17,CB1180,PB1044,SB115,8,10.0,cash,2024-01-18,2024-01-24
TB101809,2023-11-23,CB1098,PB1075,SB110,2,0.0,Cash,2023-11-23,2023-12-03
TB101810,2026-02-20,CB1039,PB1026,SB103,10,15.0,upi,2026-02-22,2026-02-27
TB101811,2025-04-08,CB1273,PB1046,SB113,6,,Card,2025-04-09,2025-04-13
TB101812,2025-02-27,CB1315,PB1073,SB103,5,,cash,2025-02-27,2025-03-26
TB101813,2024-04-05,CB1281,PB1020,SB109,4,0.0,UPI,2024-04-06,2024-05-02
TB101814,2025-10-09,CB1126,PB1113,SB108,4,,net banking,2025-10-09,2025-11-04
TB101815,2024-03-18,CB1011,PB1110,SB116,4,10.0,net banking,2024-03-18,2024-03-18
TB101816,2025-04-28,CB1212,PB1024,SB117,4,20.0,Net Banking,2025-04-30,2025-05-17
TB101817,2026-03-24,CB1135,PB1056,SB112,6,10.0,cash,2026-03-25,2026-04-17
TB101818,2024-04-25,CB1069,PB1042,SB108,2,10.0,Card,2024-04-26,2024-05-13
TB101819,2023-07-17,CB1161,PB1014,SB108,9,15.0,cash,2023-07-19,2023-08-10
TB101820,2026-02-08,CB1028,PB1059,SB115,10,10.0,net banking,2026-02-08,2026-02-22
TB101821,2025-06-12,CB1287,PB1058,SB118,1,5.0,UPI,2025-06-12,2025-07-12
TB101822,2024-12-12,CB1033,PB1088,SB112,3,,upi,2024-12-13,2025-01-09
TB101823,2024-07-19,CB1307,PB1063,SB114,1,,Card,2024-07-21,2024-07-29
TB101824,2025-03-22,CB1276,PB1090,SB110,5,15.0,cash,2025-03-22,2025-04-12
TB101825,2024-04-21,CB1074,PB1099,SB118,7,20.0,cash,2024-04-23,2024-05-18
TB101826,2023-01-14,CB1301,PB1016,SB103,6,,upi,2023-01-16,2023-01-17
TB101827,2025-12-20,CB1128,PB1077,SB106,4,5.0,Card,2025-12-21,2026-01-13
TB101828,2023-03-02,CB1170,PB1012,SB104,2,15.0,Net Banking,2023-03-04,2023-04-02
TB101829,2026-03-21,CB1209,PB1049,SB116,7,,Card,2026-03-23,2026-04-22
TB101830,2024-12-04,CB1091,PB1091,SB114,6,10.0,Cash,2024-12-04,2024-12-07
TB101831,2025-10-20,CB1103,PB1030,SB112,7,10.0,upi,2025-10-20,2025-10-25
TB101832,2024-11-26,CB1132,PB1003,SB102,9,0.0,UPI,2024-11-27,2024-12-21
TB101833,2025-02-03,CB1007,PB1001,SB111,9,0.0,Net Banking,2025-02-03,2025-02-08
TB101834,2024-09-19,CB1192,PB1110,SB103,10,20.0,Card,2024-09-19,2024-10-14
TB101835,2024-01-22,CB1275,PB1028,SB112,3,15.0,upi,2024-01-24,2024-02-12
TB101836,2023-11-13,CB1226,PB1091,SB106,3,20.0,Card,2023-11-15,2023-11-26
TB101837,2025-06-30,CB1062,PB1104,SB110,9,0.0,Cash,2025-06-30,2025-07-19
TB101838,2023-08-09,CB1266,PB1022,SB104,10,5.0,net banking,2023-08-10,2023-08-31
TB101839,2024-01-31,CB1233,PB1119,SB118,6,20.0,Net Banking,2024-02-02,2024-02-06
TB101840,2025-07-06,CB1174,PB1032,SB112,2,20.0,Card,2025-07-06,2025-07-27
TB101841,2024-05-05,CB1184,PB1008,SB116,1,15.0,upi,2024-05-06,2024-05-12
TB101842,2025-11-30,CB1270,PB1073,SB118,6,,Net Banking,2025-11-30,2025-12-21
TB101843,2026-01-23,CB1070,PB1058,SB107,6,10.0,Cash,2026-01-25,2026-01-31
TB101844,2025-05-23,CB1252,PB1004,SB116,2,15.0,upi,2025-05-24,2025-06-06
TB101845,2024-10-20,CB1157,PB1064,SB110,7,20.0,UPI,2024-10-22,2024-11-06
TB101846,2025-12-16,CB1301,PB1096,SB118,5,0.0,Card,2025-12-16,2025-12-22
TB101847,2024-10-04,CB1025,PB1039,SB113,1,20.0,CARD,2024-10-06,2024-10-07
TB101848,2024-12-21,CB1261,PB1068,SB106,7,,cash,2024-12-23,2024-12-24
TB101849,2023-04-02,CB1114,PB1092,SB111,3,15.0,upi,2023-04-02,2023-04-05
TB101850,2024-02-21,CB1008,PB1006,SB113,10,20.0,CARD,2024-02-22,2024-02-28
TB101851,2023-08-27,CB1091,PB1050,SB108,6,5.0,cash,2023-08-28,2023-08-28
TB101852,2025-04-03,CB1127,PB1080,SB109,10,5.0,Net Banking,2025-04-03,2025-04-07
TB101853,2026-03-14,CB1105,PB1113,SB109,5,,Net Banking,2026-03-16,2026-04-12
TB101854,2023-01-21,CB1143,PB1108,SB107,7,15.0,net banking,2023-01-22,2023-02-17
TB101855,2024-06-03,CB1022,PB1090,SB115,7,,Card,2024-06-05,2024-06-05
TB101856,2024-04-01,CB1082,PB1116,SB116,2,0.0,upi,2024-04-01,2024-04-21
TB101857,2024-01-11,CB1349,PB1092,SB113,5,5.0,Cash,2024-01-13,2024-01-23
TB101858,2026-01-03,CB1056,PB1098,SB104,5,20.0,Net Banking,2026-01-04,2026-01-13
TB101859,2024-02-18,CB1066,PB1067,SB102,4,15.0,net banking,2024-02-18,2024-03-06
TB101860,2025-09-07,CB1199,PB1024,SB103,1,5.0,upi,2025-09-07,2025-09-10
TB101861,2024-05-10,CB1074,PB1057,SB102,8,10.0,CARD,2024-05-11,2024-05-30
TB101862,2024-03-06,CB1008,PB1020,SB111,10,0.0,Cash,2024-03-08,2024-03-18
TB101863,2023-12-26,CB1201,PB1049,SB105,1,5.0,Cash,2023-12-27,2024-01-10
TB101864,2025-11-01,CB1172,PB1085,SB115,4,5.0,UPI,2025-11-01,2025-11-08
TB101865,2025-06-21,CB1271,PB1037,SB118,10,5.0,Card,2025-06-21,2025-07-17
TB101866,2023-10-21,CB1058,PB1088,SB103,1,10.0,Net Banking,2023-10-23,2023-11-22
TB101867,2025-11-26,CB1165,PB1048,SB102,3,20.0,Card,2025-11-28,2025-11-28
TB101868,2023-08-01,CB1002,PB1073,SB102,7,0.0,Net Banking,2023-08-03,2023-08-10
TB101869,2026-03-07,CB1289,PB1070,SB103,1,5.0,UPI,2026-03-07,2026-04-03
TB101870,2025-09-02,CB1316,PB1050,SB115,5,15.0,CARD,2025-09-04,2025-09-24
TB101871,2025-10-01,CB1246,PB1118,SB105,8,10.0,net banking,2025-10-03,2025-10-11
TB101872,2026-01-03,CB1327,PB1094,SB106,5,5.0,Net Banking,2026-01-04,2026-01-11
TB101873,2024-06-10,CB1222,PB1104,SB110,1,,Card,2024-06-10,2024-06-21
TB101874,2023-03-29,CB1117,PB1052,SB105,9,,cash,2023-03-30,2023-04-12
TB101875,2024-03-02,CB1232,PB1057,SB113,8,15.0,net banking,2024-03-03,2024-03-16
TB101876,2025-01-14,CB1069,PB1093,SB117,7,,CARD,2025-01-15,2025-01-25
TB101877,2024-05-18,CB1100,PB1112,SB112,10,5.0,net banking,2024-05-18,2024-06-09
TB101878,2026-01-27,CB1110,PB1051,SB105,5,,net banking,2026-01-28,2026-02-08
TB101879,2023-08-11,CB1320,PB1053,SB102,5,15.0,CARD,2023-08-13,2023-09-02
TB101880,2024-03-20,CB1265,PB1056,SB106,-1,5.0,net banking,2024-03-21,2024-04-07
TB101881,2023-02-18,CB1342,PB1023,SB109,10,15.0,Card,2023-02-20,2023-02-26
TB101882,2025-04-03,CB1211,PB1041,SB115,3,5.0,CARD,2025-04-05,2025-04-30
TB101883,2023-09-25,CB1272,PB1095,SB102,10,20.0,upi,2023-09-26,2023-10-06
TB101884,2023-05-14,CB1170,PB1110,SB103,1,0.0,cash,2023-05-14,2023-05-14
TB101885,2024-12-31,CB1158,PB1108,SB103,4,5.0,cash,2024-12-31,2025-01-23
TB101886,2024-10-08,CB1174,PB1091,SB106,8,15.0,Cash,2024-10-10,2024-11-07
TB101887,2024-09-13,CB1078,PB1021,SB114,3,20.0,upi,2024-09-13,2024-10-08
TB101888,2025-12-26,CB1283,PB1081,SB116,9,5.0,Cash,2025-12-28,2026-01-10
TB101889,2024-05-25,CB1050,PB1097,SB102,8,5.0,Card,2024-05-25,2024-06-15
TB101890,2025-02-19,CB1011,PB1076,SB112,3,15.0,net banking,2025-02-20,2025-03-04
TB101891,2026-03-17,CB1344,PB1073,SB112,8,0.0,cash,2026-03-17,2026-03-31
TB101892,2023-06-24,CB1320,PB1039,SB113,3,5.0,Card,2023-06-25,2023-06-27
TB101893,2023-08-16,CB1150,PB1092,SB103,6,,cash,2023-08-18,2023-08-24
TB101894,2025-10-10,CB1087,PB1047,SB109,7,20.0,CARD,2025-10-10,2025-10-29
TB101895,2025-11-17,CB1164,PB1116,SB106,8,0.0,UPI,2025-11-18,2025-12-04
TB101896,2024-05-04,CB1222,PB1044,SB102,8,10.0,Cash,2024-05-06,2024-05-15
TB101897,2025-07-27,CB1017,PB1017,SB101,9,10.0,UPI,2025-07-29,2025-07-31
TB101898,2024-09-11,CB1199,PB1005,SB109,7,15.0,Net Banking,2024-09-12,2024-09-18
TB101899,2024-11-18,CB1209,PB1091,SB111,7,20.0,Card,2024-11-19,2024-12-14
TB101900,2024-12-10,CB1251,PB1037,SB109,4,20.0,upi,2024-12-12,2024-12-20
TB101901,2025-07-10,CB1261,PB1115,SB104,6,,UPI,2025-07-12,2025-07-14
TB101902,2023-09-21,CB1192,PB1009,SB105,3,0.0,CARD,2023-09-21,2023-09-28
TB101903,2023-06-28,CB1175,PB1112,SB103,1,,Card,2023-06-28,2023-06-28
TB101904,2025-08-01,CB1314,PB1016,SB102,2,10.0,Card,2025-08-03,2025-08-30
TB101905,2024-02-13,CB1047,PB1092,SB103,3,0.0,UPI,2024-02-15,2024-03-15
TB101906,2025-06-05,CB1041,PB1050,SB111,1,5.0,CARD,2025-06-07,2025-06-14
TB101907,2025-09-01,CB1096,PB1061,SB110,10,15.0,UPI,2025-09-01,2025-09-23
TB101908,2025-06-25,CB1091,PB1026,SB109,2,0.0,Card,2025-06-25,2025-07-11
TB101909,2026-01-15,CB1039,PB1025,SB106,2,,cash,2026-01-17,2026-01-23
TB101910,2024-04-11,CB1152,PB1077,SB114,10,,Cash,2024-04-11,2024-04-23
TB101911,2024-03-22,CB1272,PB1001,SB109,4,10.0,Cash,2024-03-23,2024-03-31
TB101912,2023-11-27,CB1177,PB1116,SB102,8,0.0,Net Banking,2023-11-27,2023-11-28
TB101913,2023-06-13,CB1007,PB1096,SB103,8,,cash,2023-06-15,2023-07-09
TB101914,2025-01-10,CB1292,PB1034,SB111,2,20.0,net banking,2025-01-12,2025-02-02
TB101915,2025-01-03,CB1256,PB1039,SB116,6,15.0,cash,2025-01-05,2025-01-30
TB101916,2026-01-23,CB1088,PB1006,SB112,10,5.0,Net Banking,2026-01-25,2026-01-31
TB101917,2025-08-10,CB1238,PB1058,SB105,8,15.0,Card,2025-08-11,2025-08-21
TB101918,2025-02-28,CB1163,PB1049,SB105,3,0.0,Net Banking,2025-03-01,2025-03-31
TB101919,2025-01-18,CB1078,PB1076,SB106,3,,CARD,2025-01-18,2025-01-31
TB101920,2023-07-14,CB1139,PB1044,SB107,3,15.0,UPI,2023-07-14,2023-07-26
TB101921,2025-10-15,CB1143,PB1030,SB107,9,10.0,net banking,2025-10-16,2025-10-21
TB101922,2025-10-19,CB1341,PB1008,SB112,8,5.0,upi,2025-10-20,2025-11-02
TB101923,2023-05-18,CB1149,PB1019,SB108,10,15.0,net banking,2023-05-19,2023-06-10
TB101924,2024-03-19,CB1324,PB1021,SB111,5,0.0,Cash,2024-03-20,2024-04-04
TB101925,2025-05-28,CB1272,PB1037,SB111,3,20.0,cash,2025-05-30,2025-06-02
TB101926,2023-09-20,CB1010,PB1058,SB112,2,15.0,Net Banking,2023-09-21,2023-10-09
TB101927,2024-05-19,CB1161,PB1082,SB116,4,10.0,Cash,2024-05-19,2024-06-18
TB101928,2026-02-10,CB1066,PB1042,SB108,4,10.0,CARD,2026-02-11,2026-03-01
TB101929,2024-05-25,CB1161,PB1066,SB104,1,15.0,Net Banking,2024-05-26,2024-06-13
TB101930,2023-10-31,CB1252,PB1060,SB109,9,0.0,upi,2023-11-02,2023-11-12
TB101931,2025-07-09,CB1074,PB1047,SB102,5,5.0,net banking,2025-07-10,2025-08-03
TB101932,2024-05-20,CB1183,PB1106,SB116,6,0.0,Card,2024-05-20,2024-06-09
TB101933,2024-07-12,CB1275,PB1026,SB107,10,10.0,upi,2024-07-13,2024-07-28
TB101934,2024-08-28,CB1269,PB1103,SB117,4,,Cash,2024-08-30,2024-08-31
TB101935,2024-05-23,CB1153,PB1034,SB107,1,,Card,2024-05-24,2024-06-06
TB101936,2024-08-29,CB1041,PB1048,SB115,7,,Card,2024-08-29,2024-08-29
TB101937,2025-07-03,CB1305,PB1057,SB111,3,20.0,upi,2025-07-05,2025-07-17
TB101938,2024-07-14,CB1233,PB1037,SB106,10,5.0,Card,2024-07-15,2024-07-23
TB101939,2024-10-23,CB1283,PB1062,SB112,6,0.0,Card,2024-10-23,2024-10-26
TB101940,2024-10-07,CB1322,PB1056,SB111,1,20.0,Net Banking,2024-10-09,2024-10-21
TB101941,2023-12-31,CB1166,PB1073,SB102,5,0.0,UPI,2024-01-01,2024-01-20
TB101942,2023-09-28,CB1078,PB1014,SB117,3,0.0,Card,2023-09-29,2023-10-01
TB101943,2024-04-26,CB1174,PB1011,SB114,6,10.0,cash,2024-04-26,2024-05-20
TB101944,2023-05-23,CB1269,PB1054,SB113,1,20.0,Card,2023-05-24,2023-06-05
TB101945,2026-01-27,CB1082,PB1015,SB109,8,5.0,CARD,2026-01-27,2026-02-22
TB101946,2024-05-05,CB1013,PB1007,SB108,9,,net banking,2024-05-05,2024-05-25
TB101947,2023-03-28,CB1071,PB1065,SB111,3,5.0,cash,2023-03-28,2023-04-04
TB101948,2025-03-04,CB1262,PB1098,SB110,1,15.0,net banking,2025-03-06,2025-03-27
TB101949,2023-02-18,CB1282,PB1009,SB102,7,,CARD,2023-02-20,2023-03-14
TB101950,2023-03-15,CB1004,PB1045,SB103,8,20.0,cash,2023-03-15,2023-03-22
TB101951,2025-11-08,CB1275,PB1001,SB110,3,5.0,Cash,2025-11-08,2025-11-20
TB101952,2026-02-13,CB1104,PB1097,SB109,3,15.0,cash,2026-02-14,2026-03-02
TB101953,2024-02-05,CB1062,PB1084,SB110,7,10.0,net banking,2024-02-06,2024-03-05
TB101954,2023-03-01,CB1208,PB1027,SB106,9,,upi,2023-03-02,2023-03-21
TB101955,2023-03-27,CB1103,PB1098,SB110,4,0.0,CARD,2023-03-28,2023-04-22
TB101956,2024-09-13,CB1291,PB1114,SB109,4,0.0,CARD,2024-09-14,2024-09-28
TB101957,2025-11-12,CB1093,PB1111,SB111,4,0.0,CARD,2025-11-12,2025-11-21
TB101958,2025-10-20,CB1235,PB1051,SB106,6,,net banking,2025-10-22,2025-11-03
TB101959,2025-09-10,CB1040,PB1079,SB104,4,10.0,UPI,2025-09-12,2025-10-01
TB101960,2023-03-05,CB1001,PB1039,SB115,5,0.0,Net Banking,2023-03-07,2023-03-08
TB101961,2026-03-09,CB1111,PB1083,SB107,6,0.0,Net Banking,2026-03-09,2026-03-12
TB101962,2025-02-02,CB1153,PB1099,SB102,1,15.0,upi,2025-02-02,2025-02-10
TB101963,2024-09-10,CB1062,PB1118,SB101,4,15.0,net banking,2024-09-10,2024-09-18
TB101964,2023-12-24,CB1234,PB1112,SB118,4,0.0,Cash,2023-12-24,2023-12-27
TB101965,2024-07-07,CB1033,PB1094,SB105,8,20.0,CARD,2024-07-07,2024-07-29
TB101966,2023-05-14,CB1020,PB1064,SB114,1,15.0,net banking,2023-05-15,2023-06-05
TB101967,2025-04-24,CB1337,PB1009,SB109,1,20.0,Cash,2025-04-24,2025-04-24
TB101968,2025-09-08,CB1344,PB1035,SB107,1,10.0,CARD,2025-09-08,2025-10-03
TB101969,2025-07-06,CB1223,PB1072,SB116,10,0.0,CARD,2025-07-06,2025-07-26
TB101970,2023-04-07,CB1189,PB1059,SB116,10,0.0,Card,2023-04-08,2023-04-19
TB101971,2025-02-03,CB1277,PB1019,SB111,9,10.0,cash,2025-02-05,2025-03-05
TB101972,2025-04-13,CB1240,PB1045,SB110,6,15.0,Card,2025-04-13,2025-05-01
TB101973,2025-10-09,CB1222,PB1012,SB109,6,15.0,Card,2025-10-11,2025-10-28
TB101974,2024-11-12,CB1277,PB1111,SB106,8,15.0,UPI,2024-11-13,2024-12-03
TB101975,2024-12-04,CB1307,PB1044,SB118,3,,Card,2024-12-06,2025-01-04
TB101976,2026-03-20,CB1042,PB1106,SB114,7,5.0,upi,2026-03-20,2026-04-15
TB101977,2025-10-23,CB1295,PB1001,SB109,2,20.0,Card,2025-10-25,2025-10-26
TB101978,2024-04-09,CB1060,PB1042,SB112,8,10.0,Net Banking,2024-04-11,2024-05-03
TB101979,2025-12-07,CB1296,PB1045,SB114,4,15.0,upi,2025-12-09,2026-01-04
TB101980,2024-04-07,CB1097,PB1092,SB101,3,15.0,upi,2024-04-09,2024-04-29
TB101981,2025-10-11,CB1124,PB1097,SB113,5,0.0,Cash,2025-10-11,2025-11-09
TB101982,2024-03-04,CB1013,PB1003,SB101,4,0.0,Cash,2024-03-06,2024-03-26
TB101983,2023-09-05,CB1035,PB1033,SB115,2,,upi,2023-09-05,2023-09-10
TB101984,2025-05-14,CB1306,PB1039,SB111,1,15.0,Net Banking,2025-05-15,2025-06-05
TB101985,2025-02-06,CB1302,PB1118,SB116,10,15.0,UPI,2025-02-06,2025-02-15
TB101986,2025-10-03,CB1016,PB1033,SB116,6,10.0,Net Banking,2025-10-03,2025-10-18
TB101987,2026-01-08,CB1318,PB1113,SB112,10,,net banking,2026-01-08,2026-01-21
TB101988,2023-02-25,CB1244,PB1033,SB118,2,15.0,upi,2023-02-26,2023-02-27
TB101989,2023-06-19,CB1233,PB1049,SB111,2,,CARD,2023-06-19,2023-07-12
TB101990,2025-08-19,CB1232,PB1028,SB114,9,10.0,upi,2025-08-19,2025-08-29
TB101991,2023-01-22,CB1260,PB1057,SB103,1,20.0,Card,2023-01-24,2023-01-28
TB101992,2025-08-06,CB1275,PB1084,SB102,7,20.0,Cash,2025-08-07,2025-08-29
TB101993,2023-08-29,CB1232,PB1038,SB106,3,15.0,UPI,2023-08-31,2023-09-16
TB101994,2024-08-17,CB1080,PB1108,SB103,2,15.0,CARD,2024-08-19,2024-08-29
TB101995,2025-09-14,CB1335,PB1116,SB106,7,0.0,Net Banking,2025-09-15,2025-09-22
TB101996,2023-03-31,CB1350,PB1075,SB116,6,5.0,CARD,2023-04-01,2023-04-06
TB101997,2025-06-29,CB1085,PB1018,SB105,2,0.0,UPI,2025-07-01,2025-07-31
TB101998,2025-06-16,CB1011,PB1091,SB117,7,,cash,2025-06-17,2025-06-28
TB101999,2026-01-18,CB1143,PB1056,SB118,1,15.0,Net Banking,2026-01-18,2026-01-31
TB102000,2023-05-18,CB1244,PB1052,SB117,6,10.0,CARD,2023-05-18,2023-05-20
TB102001,2023-10-09,CB1293,PB1024,SB107,2,5.0,net banking,2023-10-09,2023-10-09
TB102002,2026-01-23,CB1035,PB1102,SB106,8,10.0,Net Banking,2026-01-24,2026-02-10
TB102003,2023-08-26,CB1076,PB1039,SB105,4,5.0,Net Banking,2023-08-28,2023-08-29
TB102004,2023-01-23,CB1058,PB1068,SB109,1,20.0,UPI,2023-01-24,2023-01-25
TB102005,2024-09-13,CB1110,PB1025,SB116,8,5.0,net banking,2024-09-13,2024-09-23
TB102006,2025-09-07,CB1284,PB1082,SB118,7,5.0,upi,2025-09-07,2025-09-10
TB102007,2023-10-27,CB1035,PB1062,SB117,3,20.0,upi,2023-10-29,2023-11-02
TB102008,2026-03-05,CB1321,PB1047,SB108,7,,Cash,2026-03-05,2026-03-12
TB102009,2025-04-12,CB1165,PB1100,SB113,1,15.0,UPI,2025-04-12,2025-05-06
TB102010,2024-01-30,CB1231,PB1078,SB108,7,10.0,Card,2024-02-01,2024-02-24
TB102011,2025-09-08,CB1331,PB1112,SB106,7,20.0,CARD,2025-09-10,2025-10-10
TB102012,2025-12-03,CB1308,PB1004,SB114,7,0.0,upi,2025-12-04,2025-12-19
TB102013,2026-02-24,CB1190,PB1036,SB113,1,5.0,Cash,2026-02-24,2026-03-18
TB102014,2025-08-09,CB1275,PB1078,SB111,5,10.0,Cash,2025-08-11,2025-09-05
TB102015,2025-08-20,CB1287,PB1119,SB105,10,15.0,net banking,2025-08-22,2025-09-06
TB102016,2024-11-21,CB1273,PB1067,SB103,6,15.0,Cash,2024-11-21,2024-12-13
TB102017,2024-07-03,CB1263,PB1030,SB111,10,10.0,cash,2024-07-04,2024-07-31
TB102018,2024-05-05,CB1099,PB1106,SB111,5,10.0,Net Banking,2024-05-07,2024-05-13
TB102019,2024-07-24,CB1314,PB1114,SB105,4,15.0,Cash,2024-07-25,2024-08-13
TB102020,2024-01-25,CB1284,PB1042,SB107,9,10.0,net banking,2024-01-27,2024-02-17
TB102021,2025-12-01,CB1327,PB1032,SB107,5,,cash,2025-12-01,2025-12-04
TB102022,2024-01-10,CB1126,PB1051,SB116,6,15.0,Cash,2024-01-12,2024-02-06
TB102023,2026-03-09,CB1131,PB1078,SB103,3,10.0,Cash,2026-03-10,2026-03-27
TB102024,2023-09-12,CB1002,PB1009,SB107,7,20.0,Cash,2023-09-13,2023-10-09
TB102025,2025-10-10,CB1142,PB1066,SB114,10,20.0,CARD,2025-10-11,2025-11-09
TB102026,2024-06-28,CB1305,PB1014,SB116,8,,Net Banking,2024-06-28,2024-07-11
TB102027,2025-03-03,CB1063,PB1047,SB102,3,5.0,UPI,2025-03-04,2025-03-07
TB102028,2023-05-24,CB1138,PB1017,SB104,9,20.0,Net Banking,2023-05-25,2023-05-28
TB102029,2024-02-24,CB1031,PB1002,SB104,10,,cash,2024-02-24,2024-03-23
TB102030,2024-07-21,CB1113,PB1080,SB109,4,5.0,cash,2024-07-22,2024-08-04
TB102031,2024-04-29,CB1163,PB1098,SB108,10,20.0,Card,2024-04-29,2024-04-29
TB102032,2025-02-23,CB1083,PB1012,SB109,1,20.0,net banking,2025-02-23,2025-03-12
TB102033,2023-09-13,CB1124,PB1059,SB106,4,15.0,Card,2023-09-13,2023-09-20
TB102034,2024-03-27,CB1344,PB1040,SB114,4,0.0,Net Banking,2024-03-28,2024-03-31
TB102035,2025-07-02,CB1210,PB1092,SB115,2,0.0,net banking,2025-07-02,2025-07-09
TB102036,2023-11-04,CB1195,PB1003,SB118,10,15.0,Cash,2023-11-06,2023-12-04
TB102037,2024-02-25,CB1176,PB1042,SB101,9,15.0,net banking,2024-02-27,2024-03-13
TB102038,2025-11-05,CB1106,PB1048,SB105,10,15.0,upi,2025-11-07,2025-11-19
TB102039,2025-02-12,CB1112,PB1041,SB112,4,15.0,Net Banking,2025-02-12,2025-03-09
TB102040,2024-07-15,CB1195,PB1077,SB116,4,10.0,UPI,2024-07-15,2024-08-06
TB102041,2026-02-27,CB1232,PB1092,SB101,2,,Net Banking,2026-02-27,2026-03-19
TB102042,2026-03-16,CB1252,PB1056,SB115,1,15.0,Net Banking,2026-03-17,2026-03-28
TB102043,2023-07-03,CB1138,PB1047,SB109,4,10.0,net banking,2023-07-04,2023-07-12
TB102044,2023-11-20,CB1307,PB1068,SB107,9,20.0,UPI,2023-11-20,2023-11-27
TB102045,2025-02-20,CB1082,PB1012,SB118,2,5.0,UPI,2025-02-21,2025-02-22
TB102046,2024-05-27,CB1077,PB1038,SB105,8,10.0,Net Banking,2024-05-27,2024-06-12
TB102047,2024-07-24,CB1086,PB1067,SB103,5,15.0,CARD,2024-07-24,2024-07-31
TB102048,2023-07-08,CB1148,PB1071,SB116,3,20.0,Net Banking,2023-07-10,2023-07-11
TB102049,2023-12-10,CB1040,PB1009,SB104,10,5.0,Cash,2023-12-10,2023-12-10
TB102050,2024-01-02,CB1189,PB1093,SB106,9,15.0,Card,2024-01-04,2024-01-07
TB102051,2025-12-28,CB1088,PB1099,SB109,6,0.0,UPI,2025-12-28,2026-01-04
TB102052,2025-10-22,CB1070,PB1022,SB102,7,0.0,net banking,2025-10-24,2025-11-21
TB102053,2023-11-16,CB1294,PB1101,SB109,6,20.0,net banking,2023-11-16,2023-11-23
TB102054,2024-05-18,CB1128,PB1021,SB102,2,,upi,2024-05-19,2024-05-24
TB102055,2025-02-11,CB1271,PB1103,SB116,8,10.0,Net Banking,2025-02-11,2025-02-11
TB102056,2026-02-01,CB1239,PB1083,SB117,9,15.0,cash,2026-02-03,2026-02-26
TB102057,2026-03-28,CB1129,PB1068,SB114,7,,Card,2026-03-30,2026-04-25
TB102058,2025-10-27,CB1038,PB1077,SB112,4,0.0,Cash,2025-10-28,2025-11-01
TB102059,2023-08-25,CB1193,PB1039,SB112,7,15.0,UPI,2023-08-27,2023-09-24
TB102060,2024-10-06,CB1223,PB1100,SB105,4,0.0,net banking,2024-10-07,2024-10-13
TB102061,2023-10-14,CB1126,PB1019,SB101,7,10.0,CARD,2023-10-16,2023-11-10
TB102062,2025-06-18,CB1239,PB1048,SB107,8,15.0,net banking,2025-06-19,2025-07-04
TB102063,2023-09-25,CB1075,PB1115,SB104,4,0.0,Cash,2023-09-26,2023-10-26
TB102064,2025-02-05,CB1335,PB1112,SB114,7,15.0,upi,2025-02-05,2025-02-16
TB102065,2024-08-25,CB1245,PB1006,SB116,9,20.0,upi,2024-08-26,2024-09-21
TB102066,2024-12-22,CB1085,PB1002,SB104,9,10.0,Card,2024-12-23,2024-12-29
TB102067,2026-02-24,CB1112,PB1081,SB117,9,0.0,cash,2026-02-25,2026-02-26
TB102068,2023-02-19,CB1236,PB1045,SB111,10,10.0,Cash,2023-02-20,2023-03-04
TB102069,2025-01-23,CB1064,PB1114,SB115,10,20.0,net banking,2025-01-23,2025-02-17
TB102070,2025-06-06,CB1290,PB1065,SB103,9,,Card,2025-06-08,2025-06-09
TB102071,2025-02-12,CB1326,PB1035,SB105,8,,Card,2025-02-13,2025-03-06
TB102072,2024-02-07,CB1202,PB1029,SB102,5,15.0,UPI,2024-02-07,2024-02-26
TB102073,2024-09-12,CB1215,PB1073,SB107,4,5.0,Net Banking,2024-09-12,2024-10-12
TB102074,2023-11-07,CB1108,PB1001,SB103,5,20.0,Card,2023-11-08,2023-11-25
TB102075,2023-03-18,CB1113,PB1060,SB106,2,15.0,net banking,2023-03-19,2023-04-11
TB102076,2023-08-22,CB1316,PB1094,SB112,6,15.0,net banking,2023-08-22,2023-09-12
TB102077,2024-06-12,CB1324,PB1086,SB111,6,20.0,Card,2024-06-14,2024-07-01
TB102078,2025-12-01,CB1116,PB1105,SB101,4,20.0,Net Banking,2025-12-03,2025-12-11
TB102079,2025-09-16,CB1256,PB1093,SB113,5,20.0,UPI,2025-09-17,2025-09-27
TB102080,2024-09-07,CB1115,PB1109,SB108,9,5.0,CARD,2024-09-08,2024-09-11
TB102081,2025-08-08,CB1259,PB1047,SB114,9,0.0,Net Banking,2025-08-08,2025-09-06
TB102082,2025-05-08,CB1125,PB1021,SB116,2,10.0,upi,2025-05-10,2025-05-20
TB102083,2024-10-04,CB1079,PB1054,SB116,7,15.0,UPI,2024-10-04,2024-10-17
TB102084,2024-11-14,CB1250,PB1113,SB116,4,10.0,Net Banking,2024-11-15,2024-11-18
TB102085,2024-03-14,CB1125,PB1079,SB106,5,5.0,cash,2024-03-15,2024-03-28
TB102086,2023-11-23,CB1043,PB1013,SB103,7,20.0,upi,2023-11-25,2023-12-05
TB102087,2023-01-18,CB1048,PB1120,SB105,8,15.0,UPI,2023-01-18,2023-02-04
TB102088,2023-01-05,CB1150,PB1108,SB112,3,0.0,cash,2023-01-06,2023-01-11
TB102089,2026-03-17,CB1170,PB1013,SB102,5,5.0,upi,2026-03-17,2026-03-18
TB102090,2023-03-22,CB1201,PB1106,SB116,3,5.0,upi,2023-03-24,2023-03-24
TB102091,2024-07-01,CB1037,PB1107,SB110,9,20.0,Card,2024-07-03,2024-07-12
TB102092,2023-05-14,CB1330,PB1100,SB117,3,10.0,upi,2023-05-15,2023-06-03
TB102093,2025-10-13,CB1017,PB1051,SB111,5,,Card,2025-10-15,2025-10-22
TB102094,2025-08-26,CB1151,PB1084,SB113,5,20.0,Net Banking,2025-08-27,2025-09-07
TB102095,2024-04-26,CB1124,PB1060,SB105,4,10.0,Card,2024-04-27,2024-05-18
TB102096,2023-03-17,CB1076,PB1014,SB115,2,20.0,Card,2023-03-17,2023-03-18
TB102097,2023-11-02,CB1164,PB1075,SB108,6,10.0,net banking,2023-11-04,2023-11-06
TB102098,2025-06-10,CB1301,PB1039,SB107,9,,net banking,2025-06-11,2025-06-14
TB102099,2023-03-11,CB1177,PB1009,SB102,4,15.0,UPI,2023-03-12,2023-03-17
TB102100,2024-05-31,CB1338,PB1051,SB111,8,15.0,net banking,2024-06-01,2024-06-06
TB102101,2023-09-30,CB1338,PB1041,SB106,7,,UPI,2023-10-01,2023-10-24
TB102102,2023-12-03,CB1172,PB1019,SB102,8,0.0,Card,2023-12-04,2023-12-17
TB102103,2024-05-06,CB1104,PB1093,SB106,5,15.0,Net Banking,2024-05-08,2024-05-27
TB102104,2023-03-20,CB1315,PB1048,SB111,6,10.0,UPI,2023-03-20,2023-04-09
TB102105,2023-08-03,CB1109,PB1019,SB111,4,20.0,Cash,2023-08-04,2023-08-28
TB102106,2025-12-23,CB1314,PB1119,SB107,10,20.0,Net Banking,2025-12-24,2026-01-21
TB102107,2023-03-22,CB1281,PB1038,SB118,10,,net banking,2023-03-23,2023-04-22
TB102108,2023-04-02,CB1302,PB1081,SB103,7,0.0,net banking,2023-04-03,2023-04-13
TB102109,2025-05-04,CB1119,PB1119,SB111,10,20.0,CARD,2025-05-05,2025-06-03
TB102110,2025-07-09,CB1118,PB1086,SB109,1,,Net Banking,2025-07-10,2025-07-19
TB102111,2024-06-27,CB1114,PB1106,SB115,1,5.0,CARD,2024-06-27,2024-07-13
TB102112,2025-03-24,CB1141,PB1069,SB118,2,0.0,Net Banking,2025-03-24,2025-04-06
TB102113,2023-02-03,CB1308,PB1085,SB102,5,,net banking,2023-02-05,2023-03-04
TB102114,2024-03-13,CB1060,PB1110,SB108,5,20.0,Net Banking,2024-03-15,2024-04-05
TB102115,2026-02-22,CB1336,PB1026,SB101,9,5.0,Net Banking,2026-02-24,2026-03-06
TB102116,2023-06-13,CB1011,PB1013,SB105,8,5.0,Cash,2023-06-14,2023-07-04
TB102117,2023-12-13,CB1213,PB1021,SB114,5,,CARD,2023-12-15,2023-12-24
TB102118,2023-12-02,CB1278,PB1089,SB118,5,10.0,upi,2023-12-03,2023-12-06
TB102119,2023-06-06,CB1123,PB1009,SB109,1,0.0,Card,2023-06-06,2023-07-03
TB102120,2023-08-21,CB1274,PB1060,SB117,9,0.0,upi,2023-08-22,2023-09-01
TB102121,2025-09-12,CB1183,PB1101,SB103,2,10.0,cash,2025-09-14,2025-10-03
TB102122,2023-12-28,CB1129,PB1093,SB101,9,5.0,upi,2023-12-29,2024-01-23
TB102123,2023-05-10,CB1268,PB1105,SB118,3,10.0,CARD,2023-05-10,2023-05-14
TB102124,2025-09-07,CB1200,PB1102,SB114,6,0.0,upi,2025-09-09,2025-09-20
TB102125,2025-11-15,CB1318,PB1082,SB116,4,5.0,upi,2025-11-16,2025-11-22
TB102126,2024-04-09,CB1235,PB1050,SB111,9,15.0,cash,2024-04-11,2024-05-10
TB102127,2024-02-12,CB1002,PB1074,SB112,4,15.0,UPI,2024-02-12,2024-02-13
TB102128,2025-02-01,CB1162,PB1111,SB115,1,15.0,upi,2025-02-03,2025-02-13
TB102129,2023-10-02,CB1060,PB1076,SB105,9,20.0,net banking,2023-10-02,2023-10-21
TB102130,2025-10-09,CB1062,PB1080,SB102,6,,cash,2025-10-11,2025-10-28
TB102131,2024-05-18,CB1020,PB1110,SB104,5,15.0,UPI,2024-05-19,2024-06-05
TB102132,2024-09-06,CB1195,PB1020,SB109,5,5.0,cash,2024-09-08,2024-10-08
TB102133,2025-04-23,CB1256,PB1040,SB110,2,10.0,Net Banking,2025-04-23,2025-05-09
TB102134,2023-02-16,CB1048,PB1112,SB105,3,10.0,upi,2023-02-16,2023-02-25
TB102135,2025-01-12,CB1163,PB1114,SB104,6,10.0,Card,2025-01-12,2025-01-15
TB102136,2026-03-26,CB1026,PB1036,SB110,4,0.0,upi,2026-03-26,2026-04-13
TB102137,2026-01-29,CB1153,PB1117,SB118,9,,Cash,2026-01-31,2026-02-27
TB102138,2023-07-25,CB1216,PB1012,SB111,5,0.0,Cash,2023-07-26,2023-08-19
TB102139,2023-04-17,CB1003,PB1014,SB116,10,0.0,UPI,2023-04-17,2023-04-19
TB102140,2025-08-18,CB1136,PB1021,SB118,2,20.0,CARD,2025-08-19,2025-08-31
TB102141,2023-06-17,CB1054,PB1081,SB101,10,5.0,net banking,2023-06-18,2023-06-23
TB102142,2024-03-23,CB1350,PB1066,SB108,3,5.0,Net Banking,2024-03-25,2024-04-16
TB102143,2023-01-11,CB1097,PB1064,SB118,10,10.0,CARD,2023-01-13,2023-01-29
TB102144,2023-05-02,CB1099,PB1106,SB117,7,20.0,Cash,2023-05-03,2023-05-09
TB102145,2024-12-06,CB1297,PB1037,SB109,7,20.0,CARD,2024-12-06,2024-12-18
TB102146,2023-09-13,CB1255,PB1001,SB104,10,10.0,Net Banking,2023-09-15,2023-09-28
TB102147,2024-01-27,CB1296,PB1024,SB104,3,,CARD,2024-01-29,2024-02-06
TB102148,2023-09-29,CB1024,PB1094,SB103,4,5.0,Net Banking,2023-10-01,2023-10-02
TB102149,2023-09-30,CB1002,PB1084,SB107,10,0.0,upi,2023-09-30,2023-10-08
TB102150,2023-01-29,CB1229,PB1019,SB105,4,10.0,upi,2023-01-30,2023-02-02
TB102151,2025-01-25,CB1349,PB1036,SB115,9,15.0,CARD,2025-01-26,2025-02-08
TB102152,2023-10-26,CB1341,PB1110,SB108,4,10.0,net banking,2023-10-26,2023-11-07
TB102153,2025-09-28,CB1002,PB1056,SB115,5,0.0,Card,2025-09-29,2025-10-12
TB102154,2023-05-06,CB1149,PB1027,SB114,9,15.0,upi,2023-05-06,2023-05-29
TB102155,2024-08-11,CB1219,PB1099,SB101,3,10.0,net banking,2024-08-11,2024-08-20
TB102156,2025-12-20,CB1156,PB1083,SB108,6,15.0,net banking,2025-12-20,2026-01-07
TB102157,2024-02-16,CB1200,PB1035,SB106,8,10.0,net banking,2024-02-18,2024-03-16
TB102158,2024-03-27,CB1121,PB1083,SB116,1,5.0,Net Banking,2024-03-28,2024-04-25
TB102159,2024-03-24,CB1057,PB1035,SB112,3,,Cash,2024-03-26,2024-04-11
TB102160,2023-07-22,CB1159,PB1096,SB113,9,,UPI,2023-07-23,2023-08-19
TB102161,2023-05-09,CB1145,PB1033,SB108,4,0.0,Card,2023-05-11,2023-06-10
TB102162,2025-10-14,CB1168,PB1099,SB118,1,5.0,Net Banking,2025-10-16,2025-10-16
TB102163,2026-03-09,CB1096,PB1014,SB110,4,15.0,Net Banking,2026-03-10,2026-03-10
TB102164,2024-05-29,CB1103,PB1081,SB113,10,10.0,cash,2024-05-31,2024-06-25
TB102165,2023-07-16,CB1126,PB1042,SB102,4,20.0,cash,2023-07-17,2023-08-01
TB102166,2024-12-31,CB1171,PB1064,SB108,9,5.0,Net Banking,2025-01-01,2025-01-25
TB102167,2026-02-25,CB1290,PB1115,SB105,2,0.0,CARD,2026-02-25,2026-03-19
TB102168,2025-04-21,CB1274,PB1095,SB103,7,15.0,upi,2025-04-21,2025-04-27
TB102169,2026-01-28,CB1110,PB1028,SB112,4,5.0,upi,2026-01-29,2026-02-20
TB102170,2023-03-16,CB1062,PB1036,SB115,7,20.0,CARD,2023-03-17,2023-03-17
TB102171,2023-07-11,CB1061,PB1012,SB109,10,5.0,CARD,2023-07-12,2023-08-10
TB102172,2023-04-01,CB1086,PB1085,SB101,9,10.0,net banking,2023-04-02,2023-04-24
TB102173,2024-03-19,CB1046,PB1065,SB108,2,10.0,Cash,2024-03-20,2024-04-17
TB102174,2023-01-01,CB1232,PB1072,SB106,6,10.0,UPI,2023-01-02,2023-01-24
TB102175,2023-07-19,CB1099,PB1023,SB106,5,0.0,CARD,2023-07-21,2023-08-08
TB102176,2023-04-03,CB1102,PB1017,SB110,4,5.0,net banking,2023-04-05,2023-04-10
TB102177,2023-05-06,CB1069,PB1005,SB104,10,5.0,CARD,2023-05-08,2023-05-22
TB102178,2025-01-20,CB1079,PB1089,SB103,7,10.0,Card,2025-01-22,2025-02-15
TB102179,2025-08-28,CB1018,PB1069,SB106,6,5.0,Net Banking,2025-08-29,2025-08-29
TB102180,2023-08-11,CB1038,PB1020,SB114,4,5.0,upi,2023-08-11,2023-09-04
TB102181,2025-06-09,CB1267,PB1092,SB118,5,5.0,cash,2025-06-09,2025-07-01
TB102182,2025-07-16,CB1339,PB1073,SB107,9,20.0,net banking,2025-07-16,2025-08-11
TB102183,2025-05-20,CB1162,PB1034,SB107,5,15.0,UPI,2025-05-20,2025-06-08
TB102184,2024-02-06,CB1239,PB1119,SB103,9,15.0,upi,2024-02-07,2024-02-16
TB102185,2023-09-17,CB1058,PB1072,SB116,9,,Net Banking,2023-09-17,2023-09-24
TB102186,2023-10-04,CB1119,PB1103,SB105,9,5.0,CARD,2023-10-04,2023-10-20
TB102187,2023-04-14,CB1038,PB1031,SB118,9,20.0,upi,2023-04-16,2023-05-13
TB102188,2024-11-25,CB1134,PB1043,SB118,5,0.0,Card,2024-11-27,2024-12-14
TB102189,2024-01-01,CB1072,PB1103,SB108,4,15.0,upi,2024-01-01,2024-01-14
TB102190,2025-11-26,CB1217,PB1093,SB118,2,15.0,upi,2025-11-26,2025-12-15
TB102191,2024-10-21,CB1173,PB1004,SB102,5,,UPI,2024-10-22,2024-10-27
TB102192,2023-02-25,CB1043,PB1042,SB106,1,0.0,upi,2023-02-27,2023-03-21
TB102193,2023-06-19,CB1225,PB1101,SB118,2,15.0,cash,2023-06-21,2023-06-27
TB102194,2023-04-28,CB1077,PB1046,SB111,1,20.0,Net Banking,2023-04-30,2023-05-23
TB102195,2023-08-24,CB1134,PB1021,SB103,5,10.0,Card,2023-08-26,2023-09-15
TB102196,2026-03-26,CB1268,PB1117,SB103,8,10.0,Card,2026-03-28,2026-04-12
TB102197,2023-12-26,CB1161,PB1049,SB116,1,20.0,UPI,2023-12-27,2024-01-12
TB102198,2025-11-04,CB1307,PB1007,SB101,1,0.0,Cash,2025-11-05,2025-11-19
TB102199,2024-05-18,CB1046,PB1047,SB117,6,,Cash,2024-05-19,2024-05-30
TB102200,2025-12-21,CB1063,PB1031,SB114,10,15.0,Card,2025-12-21,2026-01-02
TB102201,2024-07-05,CB1339,PB1007,SB112,6,10.0,Cash,2024-07-07,2024-07-14
TB102202,2023-12-15,CB1283,PB1092,SB102,1,,net banking,2023-12-17,2023-12-29
TB102203,2023-04-19,CB1309,PB1110,SB118,7,5.0,net banking,2023-04-20,2023-04-26
TB102204,2024-12-28,CB1095,PB1017,SB103,9,20.0,UPI,2024-12-28,2025-01-21
TB102205,2024-07-02,CB1130,PB1107,SB117,7,0.0,upi,2024-07-02,2024-07-31
TB102206,2026-02-12,CB1321,PB1094,SB109,5,0.0,Card,2026-02-14,2026-03-09
TB102207,2026-01-26,CB1100,PB1049,SB107,9,5.0,upi,2026-01-27,2026-02-11
TB102208,2025-03-29,CB1073,PB1090,SB113,2,5.0,Cash,2025-03-30,2025-04-06
TB102209,2023-12-16,CB1209,PB1039,SB106,5,,UPI,2023-12-18,2024-01-05
TB102210,2024-05-12,CB1189,PB1093,SB117,3,,Net Banking,2024-05-13,2024-06-06
TB102211,2024-03-14,CB1237,PB1112,SB102,2,10.0,Net Banking,2024-03-14,2024-03-23
TB102212,2024-08-20,CB1192,PB1097,SB110,6,5.0,UPI,2024-08-22,2024-09-03
TB102213,2024-01-18,CB1175,PB1070,SB106,6,5.0,Cash,2024-01-19,2024-02-13
TB102214,2024-01-28,CB1241,PB1049,SB110,2,,Net Banking,2024-01-30,2024-01-30
TB102215,2024-07-27,CB1259,PB1118,SB101,9,20.0,CARD,2024-07-28,2024-08-13
TB102216,2023-08-12,CB1266,PB1023,SB109,9,20.0,cash,2023-08-13,2023-08-20
TB102217,2023-10-02,CB1345,PB1089,SB111,1,,UPI,2023-10-03,2023-10-22
TB102218,2024-08-16,CB1123,PB1027,SB107,5,0.0,CARD,2024-08-18,2024-09-07
TB102219,2024-12-28,CB1301,PB1041,SB104,5,20.0,Net Banking,2024-12-28,2025-01-23
TB102220,2024-03-30,CB1049,PB1092,SB115,2,0.0,net banking,2024-03-30,2024-04-24
TB102221,2023-09-11,CB1124,PB1076,SB103,4,20.0,CARD,2023-09-13,2023-09-14
TB102222,2025-10-05,CB1116,PB1006,SB114,6,15.0,UPI,2025-10-05,2025-10-09
TB102223,2023-06-07,CB1255,PB1098,SB111,9,20.0,Net Banking,2023-06-07,2023-07-06
TB102224,2023-07-15,CB1283,PB1093,SB117,7,20.0,UPI,2023-07-16,2023-08-15
TB102225,2023-01-22,CB1301,PB1014,SB111,1,0.0,Net Banking,2023-01-22,2023-01-28
TB102226,2023-08-18,CB1007,PB1032,SB113,9,20.0,cash,2023-08-20,2023-08-24
TB102227,2025-08-25,CB1146,PB1106,SB104,-1,15.0,Net Banking,2025-08-27,2025-09-18
TB102228,2023-01-07,CB1189,PB1079,SB112,7,5.0,Card,2023-01-09,2023-01-30
TB102229,2023-04-29,CB1064,PB1112,SB117,2,20.0,Cash,2023-04-29,2023-05-08
TB102230,2023-08-11,CB1204,PB1068,SB116,4,5.0,cash,2023-08-13,2023-08-22
TB102231,2023-02-24,CB1088,PB1105,SB106,4,15.0,CARD,2023-02-26,2023-03-02
TB102232,2025-11-01,CB1141,PB1043,SB111,8,5.0,Net Banking,2025-11-01,2025-11-03
TB102233,2023-06-07,CB1067,PB1067,SB118,5,0.0,Net Banking,2023-06-07,2023-06-15
TB102234,2023-03-29,CB1122,PB1064,SB113,6,0.0,Net Banking,2023-03-30,2023-04-19
TB102235,2025-06-10,CB1060,PB1096,SB105,2,20.0,Net Banking,2025-06-12,2025-06-13
TB102236,2023-02-06,CB1267,PB1114,SB107,1,5.0,cash,2023-02-06,2023-03-08
TB102237,2025-03-10,CB1014,PB1050,SB105,2,20.0,net banking,2025-03-11,2025-04-08
TB102238,2023-05-29,CB1052,PB1023,SB107,4,,Cash,2023-05-30,2023-06-29
TB102239,2024-11-28,CB1282,PB1024,SB114,9,15.0,upi,2024-11-29,2024-11-30
TB102240,2025-09-21,CB1288,PB1083,SB105,7,15.0,CARD,2025-09-23,2025-10-20
TB102241,2025-12-10,CB1060,PB1031,SB110,1,,UPI,2025-12-11,2025-12-20
TB102242,2025-12-16,CB1153,PB1031,SB116,6,5.0,Card,2025-12-17,2026-01-10
TB102243,2025-04-14,CB1315,PB1093,SB104,6,5.0,UPI,2025-04-14,2025-04-20
TB102244,2023-07-29,CB1311,PB1106,SB102,1,15.0,cash,2023-07-31,2023-08-11
TB102245,2026-03-02,CB1147,PB1074,SB106,5,0.0,UPI,2026-03-04,2026-03-26
TB102246,2025-07-16,CB1307,PB1091,SB114,7,5.0,Net Banking,2025-07-17,2025-08-04
TB102247,2024-08-30,CB1347,PB1087,SB115,10,20.0,upi,2024-09-01,2024-09-21
TB102248,2025-12-05,CB1297,PB1050,SB108,6,20.0,Card,2025-12-06,2025-12-10
TB102249,2024-11-07,CB1257,PB1114,SB110,1,10.0,CARD,2024-11-09,2024-11-12
TB102250,2023-12-25,CB1151,PB1100,SB105,4,5.0,Net Banking,2023-12-25,2023-12-28
TB102251,2025-04-07,CB1319,PB1090,SB101,7,0.0,net banking,2025-04-09,2025-04-26
TB102252,2023-11-14,CB1214,PB1115,SB101,8,0.0,net banking,2023-11-15,2023-12-05
TB102253,2023-12-23,CB1117,PB1067,SB108,9,10.0,cash,2023-12-25,2023-12-31
TB102254,2025-01-10,CB1337,PB1115,SB118,3,20.0,UPI,2025-01-12,2025-01-19
TB102255,2024-08-06,CB1340,PB1016,SB105,7,10.0,Net Banking,2024-08-06,2024-09-03
TB102256,2024-11-30,CB1303,PB1098,SB112,7,5.0,Card,2024-11-30,2024-12-17
TB102257,2025-06-08,CB1196,PB1074,SB113,9,0.0,cash,2025-06-10,2025-06-18
TB102258,2025-04-13,CB1288,PB1062,SB114,1,5.0,upi,2025-04-15,2025-04-17
TB102259,2023-10-26,CB1293,PB1044,SB104,6,20.0,Cash,2023-10-26,2023-11-20
TB102260,2024-01-29,CB1124,PB1076,SB110,3,20.0,Cash,2024-01-30,2024-02-11
TB102261,2023-03-25,CB1115,PB1001,SB101,8,5.0,Net Banking,2023-03-25,2023-04-20
TB102262,2025-03-11,CB1199,PB1065,SB107,2,0.0,upi,2025-03-12,2025-03-14
TB102263,2023-06-16,CB1014,PB1007,SB103,6,20.0,Net Banking,2023-06-18,2023-06-24
TB102264,2025-12-16,CB1042,PB1038,SB103,5,,cash,2025-12-16,2026-01-04
TB102265,2023-04-22,CB1101,PB1112,SB115,9,5.0,Net Banking,2023-04-23,2023-05-06
TB102266,2023-10-22,CB1327,PB1036,SB109,4,10.0,UPI,2023-10-22,2023-11-14
TB102267,2025-10-11,CB1201,PB1021,SB102,5,20.0,net banking,2025-10-12,2025-10-26
TB102268,2023-10-14,CB1306,PB1018,SB112,3,15.0,UPI,2023-10-16,2023-10-28
TB102269,2026-02-11,CB1197,PB1119,SB102,8,15.0,Card,2026-02-11,2026-03-06
TB102270,2026-03-03,CB1135,PB1003,SB113,2,20.0,Cash,2026-03-05,2026-04-03
TB102271,2023-05-18,CB1119,PB1012,SB105,8,5.0,cash,2023-05-18,2023-05-24
TB102272,2025-01-02,CB1177,PB1118,SB113,4,5.0,upi,2025-01-04,2025-02-02
TB102273,2025-08-14,CB1006,PB1027,SB106,8,0.0,upi,2025-08-16,2025-09-14
TB102274,2023-06-10,CB1058,PB1029,SB114,7,0.0,CARD,2023-06-12,2023-06-17
TB102275,2025-11-17,CB1254,PB1070,SB112,8,5.0,Net Banking,2025-11-19,2025-11-29
TB102276,2023-09-06,CB1342,PB1070,SB110,2,15.0,Cash,2023-09-06,2023-09-12
TB102277,2024-06-25,CB1297,PB1042,SB102,3,,Card,2024-06-27,2024-06-28
TB102278,2025-03-21,CB1221,PB1036,SB110,2,0.0,UPI,2025-03-22,2025-04-07
TB102279,2024-04-29,CB1053,PB1051,SB116,5,,upi,2024-04-30,2024-05-06
TB102280,2023-10-18,CB1088,PB1118,SB106,9,15.0,upi,2023-10-19,2023-11-11
TB102281,2023-01-29,CB1302,PB1069,SB106,8,0.0,upi,2023-01-29,2023-02-18
TB102282,2024-02-01,CB1294,PB1070,SB111,3,15.0,net banking,2024-02-02,2024-02-18
TB102283,2025-06-15,CB1277,PB1032,SB104,4,15.0,Card,2025-06-15,2025-07-09
TB102284,2026-01-18,CB1174,PB1030,SB115,1,15.0,UPI,2026-01-20,2026-01-30
TB102285,2025-10-06,CB1207,PB1088,SB104,7,20.0,net banking,2025-10-08,2025-10-26
TB102286,2025-09-06,CB1121,PB1116,SB113,8,15.0,Card,2025-09-08,2025-09-09
TB102287,2023-02-01,CB1277,PB1019,SB103,7,0.0,Card,2023-02-02,2023-02-26
TB102288,2024-01-05,CB1346,PB1021,SB103,6,10.0,Net Banking,2024-01-05,2024-01-25
TB102289,2025-01-19,CB1230,PB1120,SB104,9,10.0,Cash,2025-01-19,2025-02-12
TB102290,2025-04-09,CB1268,PB1084,SB106,2,,upi,2025-04-11,2025-04-15
TB102291,2026-03-14,CB1234,PB1097,SB102,7,20.0,Cash,2026-03-14,2026-03-24
TB102292,2024-04-26,CB1148,PB1101,SB118,9,20.0,UPI,2024-04-27,2024-05-16
TB102293,2023-11-21,CB1018,PB1078,SB108,6,0.0,Net Banking,2023-11-21,2023-12-19
TB102294,2024-05-28,CB1153,PB1113,SB111,3,,upi,2024-05-30,2024-06-08
TB102295,2023-06-22,CB1260,PB1059,SB102,9,15.0,net banking,2023-06-23,2023-07-04
TB102296,2023-07-07,CB1279,PB1052,SB115,4,5.0,Net Banking,2023-07-08,2023-08-06
TB102297,2025-09-05,CB1014,PB1120,SB115,3,,Cash,2025-09-05,2025-09-22
TB102298,2025-02-18,CB1322,PB1085,SB115,2,20.0,net banking,2025-02-18,2025-03-20
TB102299,2025-12-25,CB1320,PB1074,SB114,3,20.0,net banking,2025-12-26,2026-01-07
TB102300,2023-11-12,CB1101,PB1064,SB102,10,20.0,cash,2023-11-12,2023-11-22
TB102301,2025-12-09,CB1350,PB1081,SB108,3,,cash,2025-12-09,2025-12-21
TB102302,2023-04-17,CB1200,PB1049,SB111,6,0.0,net banking,2023-04-19,2023-04-27
TB102303,2026-03-11,CB1086,PB1036,SB118,2,,Card,2026-03-11,2026-03-11
TB102304,2024-12-02,CB1269,PB1051,SB115,3,10.0,Net Banking,2024-12-03,2024-12-11
TB102305,2024-02-06,CB1096,PB1082,SB108,5,20.0,Card,2024-02-06,2024-02-17
TB102306,2025-12-26,CB1114,PB1111,SB107,7,10.0,upi,2025-12-28,2026-01-15
TB102307,2024-11-27,CB1349,PB1118,SB111,2,10.0,Card,2024-11-28,2024-12-03
TB102308,2025-12-27,CB1176,PB1050,SB106,3,15.0,Card,2025-12-28,2026-01-20
TB102309,2025-04-06,CB1176,PB1068,SB112,4,,upi,2025-04-08,2025-04-15
TB102310,2024-04-02,CB1190,PB1047,SB101,7,20.0,net banking,2024-04-04,2024-04-07
TB102311,2025-11-28,CB1167,PB1003,SB111,9,15.0,net banking,2025-11-29,2025-12-29
TB102312,2024-08-11,CB1157,PB1081,SB104,4,0.0,upi,2024-08-12,2024-08-19
TB102313,2023-08-20,CB1025,PB1026,SB117,3,15.0,cash,2023-08-21,2023-09-09
TB102314,2024-04-28,CB1187,PB1027,SB113,2,0.0,Cash,2024-04-29,2024-05-24
TB102315,2023-06-30,CB1168,PB1106,SB111,2,15.0,CARD,2023-07-01,2023-07-10
TB102316,2023-08-08,CB1318,PB1114,SB107,6,5.0,Net Banking,2023-08-08,2023-08-31
TB102317,2025-09-01,CB1122,PB1103,SB114,2,20.0,net banking,2025-09-03,2025-09-30
TB102318,2024-10-11,CB1077,PB1090,SB104,5,20.0,Cash,2024-10-11,2024-10-11
TB102319,2023-06-28,CB1234,PB1050,SB117,3,10.0,upi,2023-06-28,2023-07-22
TB102320,2025-12-08,CB1068,PB1097,SB116,10,0.0,UPI,2025-12-09,2025-12-26
TB102321,2024-07-10,CB1270,PB1072,SB112,9,5.0,Net Banking,2024-07-11,2024-07-15
TB102322,2023-11-30,CB1220,PB1054,SB102,9,10.0,cash,2023-11-30,2023-12-29
TB102323,2025-11-03,CB1227,PB1036,SB110,9,15.0,Card,2025-11-04,2025-11-29
TB102324,2023-10-11,CB1173,PB1095,SB109,9,10.0,cash,2023-10-12,2023-11-03
TB102325,2025-05-14,CB1148,PB1023,SB117,10,10.0,Card,2025-05-15,2025-06-09
TB102326,2024-09-15,CB1220,PB1043,SB101,2,0.0,Card,2024-09-17,2024-10-16
TB102327,2023-01-13,CB1191,PB1082,SB108,5,5.0,CARD,2023-01-13,2023-01-14
TB102328,2023-05-29,CB1167,PB1112,SB111,2,,upi,2023-05-29,2023-06-02
TB102329,2024-03-02,CB1018,PB1067,SB107,8,10.0,Net Banking,2024-03-02,2024-03-12
TB102330,2026-02-11,CB1146,PB1039,SB110,2,,Net Banking,2026-02-13,2026-02-18
TB102331,2025-03-01,CB1074,PB1064,SB108,8,,Net Banking,2025-03-03,2025-03-22
TB102332,2025-07-08,CB1330,PB1053,SB105,5,15.0,UPI,2025-07-10,2025-08-04
TB102333,2023-09-23,CB1189,PB1037,SB107,3,20.0,upi,2023-09-24,2023-10-21
TB102334,2025-12-12,CB1055,PB1095,SB105,9,5.0,CARD,2025-12-12,2026-01-06
TB102335,2023-05-09,CB1331,PB1001,SB110,3,20.0,upi,2023-05-09,2023-05-15
TB102336,2023-05-01,CB1267,PB1032,SB114,2,0.0,Cash,2023-05-02,2023-05-25
TB102337,2025-09-29,CB1238,PB1045,SB101,9,,Card,2025-09-29,2025-10-05
TB102338,2025-08-23,CB1341,PB1059,SB106,2,,Card,2025-08-24,2025-09-09
TB102339,2024-12-17,CB1186,PB1072,SB109,5,10.0,net banking,2024-12-18,2025-01-01
TB102340,2023-10-05,CB1167,PB1019,SB103,1,20.0,net banking,2023-10-06,2023-10-10
TB102341,2025-02-22,CB1201,PB1007,SB118,2,5.0,Card,2025-02-24,2025-03-13
TB102342,2025-06-19,CB1033,PB1059,SB107,3,15.0,CARD,2025-06-19,2025-07-09
TB102343,2025-06-26,CB1336,PB1075,SB106,10,5.0,UPI,2025-06-28,2025-07-21
TB102344,2024-10-29,CB1291,PB1117,SB107,10,5.0,Net Banking,2024-10-29,2024-11-03
TB102345,2023-12-17,CB1337,PB1110,SB103,6,15.0,Cash,2023-12-17,2024-01-09
TB102346,2024-04-28,CB1086,PB1042,SB112,4,5.0,CARD,2024-04-30,2024-05-17
TB102347,2026-03-28,CB1158,PB1035,SB114,9,10.0,upi,2026-03-30,2026-04-05
TB102348,2025-09-28,CB1113,PB1021,SB113,8,15.0,Cash,2025-09-30,2025-10-20
TB102349,2024-05-21,CB1130,PB1074,SB116,5,10.0,upi,2024-05-21,2024-06-08
TB102350,2024-01-05,CB1002,PB1024,SB106,8,20.0,net banking,2024-01-06,2024-01-25
TB102351,2023-05-24,CB1342,PB1116,SB115,4,10.0,net banking,2023-05-24,2023-05-25
TB102352,2023-08-19,CB1071,PB1075,SB118,6,,CARD,2023-08-19,2023-09-03
TB102353,2023-09-25,CB1069,PB1102,SB112,2,,Net Banking,2023-09-25,2023-09-25
TB102354,2023-04-22,CB1023,PB1034,SB118,1,5.0,net banking,2023-04-24,2023-04-30
TB102355,2025-08-11,CB1225,PB1045,SB107,10,20.0,cash,2025-08-13,2025-08-29
TB102356,2025-11-19,CB1202,PB1119,SB102,9,5.0,UPI,2025-11-20,2025-11-25
TB102357,2024-02-18,CB1199,PB1083,SB103,4,10.0,cash,2024-02-18,2024-02-26
TB102358,2023-08-13,CB1108,PB1112,SB103,3,10.0,UPI,2023-08-14,2023-08-16
TB102359,2023-11-02,CB1179,PB1085,SB101,10,5.0,upi,2023-11-04,2023-11-22
TB102360,2024-09-12,CB1099,PB1008,SB107,9,10.0,UPI,2024-09-12,2024-09-27
TB102361,2026-03-26,CB1304,PB1064,SB103,4,0.0,upi,2026-03-27,2026-04-11
TB102362,2023-10-25,CB1078,PB1015,SB107,3,,Card,2023-10-26,2023-10-27
TB102363,2023-08-30,CB1210,PB1060,SB105,8,,UPI,2023-09-01,2023-09-30
TB102364,2023-08-24,CB1060,PB1015,SB113,2,,Net Banking,2023-08-26,2023-09-19
TB102365,2023-08-03,CB1062,PB1080,SB102,1,5.0,net banking,2023-08-03,2023-09-01
TB102366,2023-10-06,CB1225,PB1120,SB108,9,,CARD,2023-10-08,2023-10-18
TB102367,2024-03-14,CB1221,PB1049,SB111,4,20.0,CARD,2024-03-14,2024-03-23
TB102368,2026-01-03,CB1334,PB1113,SB110,8,5.0,upi,2026-01-03,2026-01-24
TB102369,2023-11-03,CB1146,PB1003,SB118,2,0.0,Net Banking,2023-11-04,2023-11-09
TB102370,2025-12-10,CB1296,PB1086,SB111,1,10.0,Card,2025-12-10,2026-01-08
TB102371,2023-11-04,CB1009,PB1108,SB107,3,15.0,cash,2023-11-06,2023-11-15
TB102372,2024-12-17,CB1110,PB1092,SB112,1,0.0,Card,2024-12-19,2024-12-31
TB102373,2025-10-13,CB1233,PB1016,SB105,4,0.0,Cash,2025-10-13,2025-11-06
TB102374,2024-01-26,CB1168,PB1070,SB112,9,10.0,Net Banking,2024-01-27,2024-02-25
TB102375,2024-09-20,CB1039,PB1114,SB105,5,0.0,UPI,2024-09-20,2024-09-26
TB102376,2023-10-16,CB1064,PB1047,SB106,7,0.0,net banking,2023-10-17,2023-11-15
TB102377,2024-04-17,CB1086,PB1077,SB102,1,10.0,net banking,2024-04-19,2024-05-04
TB102378,2023-06-24,CB1212,PB1030,SB105,1,20.0,Card,2023-06-25,2023-07-08
TB102379,2024-07-30,CB1164,PB1034,SB106,6,0.0,UPI,2024-08-01,2024-08-21
TB102380,2024-03-30,CB1128,PB1008,SB104,1,10.0,UPI,2024-04-01,2024-04-23
TB102381,2025-01-13,CB1328,PB1058,SB112,10,15.0,Net Banking,2025-01-14,2025-02-13
TB102382,2024-09-23,CB1303,PB1087,SB112,8,10.0,cash,2024-09-25,2024-09-27
TB102383,2024-08-06,CB1129,PB1062,SB104,4,5.0,Card,2024-08-07,2024-09-02
TB102384,2024-05-29,CB1023,PB1072,SB102,2,0.0,upi,2024-05-30,2024-06-12
TB102385,2025-11-19,CB1212,PB1071,SB108,1,5.0,upi,2025-11-19,2025-11-20
TB102386,2025-07-09,CB1083,PB1055,SB117,8,0.0,UPI,2025-07-10,2025-07-18
TB102387,2026-01-19,CB1230,PB1014,SB105,6,0.0,UPI,2026-01-19,2026-02-04
TB102388,2023-08-10,CB1044,PB1026,SB117,8,0.0,UPI,2023-08-11,2023-09-02
TB102389,2025-04-16,CB1237,PB1092,SB108,1,5.0,cash,2025-04-17,2025-04-20
TB102390,2023-06-13,CB1272,PB1036,SB116,6,10.0,Cash,2023-06-13,2023-07-09
TB102391,2024-02-13,CB1013,PB1003,SB114,4,0.0,Card,2024-02-14,2024-02-19
TB102392,2024-12-15,CB1229,PB1055,SB114,6,20.0,Cash,2024-12-17,2025-01-13
TB102393,2025-10-13,CB1003,PB1043,SB107,9,0.0,CARD,2025-10-13,2025-10-19
TB102394,2025-04-04,CB1224,PB1114,SB113,5,15.0,Net Banking,2025-04-04,2025-04-30
TB102395,2023-11-01,CB1269,PB1031,SB105,2,20.0,net banking,2023-11-01,2023-11-12
TB102396,2023-02-08,CB1213,PB1055,SB104,7,10.0,Cash,2023-02-08,2023-02-09
TB102397,2024-11-07,CB1060,PB1007,SB115,2,0.0,net banking,2024-11-09,2024-11-27
TB102398,2025-08-15,CB1011,PB1096,SB109,1,10.0,CARD,2025-08-15,2025-09-13
TB102399,2026-01-18,CB1324,PB1090,SB109,10,,UPI,2026-01-20,2026-01-22
TB102400,2024-10-07,CB1163,PB1101,SB106,2,,UPI,2024-10-07,2024-10-28
TB102401,2024-06-07,CB1302,PB1039,SB116,1,20.0,Net Banking,2024-06-09,2024-06-28
TB102402,2025-12-19,CB1102,PB1060,SB115,2,5.0,upi,2025-12-20,2026-01-09
TB102403,2025-04-29,CB1053,PB1053,SB113,5,20.0,upi,2025-04-30,2025-05-19
TB102404,2023-11-01,CB1249,PB1062,SB109,1,10.0,CARD,2023-11-01,2023-11-16
TB102405,2024-04-22,CB1094,PB1027,SB117,7,10.0,Cash,2024-04-22,2024-05-16
TB102406,2026-03-10,CB1035,PB1092,SB109,1,15.0,Card,2026-03-10,2026-03-29
TB102407,2025-06-01,CB1240,PB1007,SB117,4,0.0,net banking,2025-06-03,2025-06-07
TB102408,2026-01-12,CB1029,PB1108,SB106,7,0.0,UPI,2026-01-12,2026-01-15
TB102409,2024-06-15,CB1121,PB1048,SB117,2,20.0,net banking,2024-06-15,2024-07-12
TB102410,2023-10-28,CB1276,PB1065,SB110,1,15.0,UPI,2023-10-28,2023-10-30
TB102411,2023-05-25,CB1156,PB1069,SB105,5,15.0,Card,2023-05-27,2023-06-25
TB102412,2023-09-04,CB1263,PB1095,SB108,9,10.0,net banking,2023-09-05,2023-10-05
TB102413,2025-11-04,CB1089,PB1008,SB101,9,0.0,Cash,2025-11-05,2025-11-19
TB102414,2026-01-11,CB1243,PB1086,SB103,6,15.0,Card,2026-01-11,2026-01-24
TB102415,2024-01-22,CB1305,PB1052,SB103,5,0.0,upi,2024-01-23,2024-02-10
TB102416,2023-11-20,CB1139,PB1102,SB106,10,15.0,Net Banking,2023-11-22,2023-12-20
TB102417,2026-02-20,CB1297,PB1086,SB116,7,15.0,UPI,2026-02-22,2026-02-26
TB102418,2024-07-01,CB1061,PB1034,SB103,4,10.0,Net Banking,2024-07-01,2024-07-19
TB102419,2023-08-19,CB1283,PB1083,SB108,8,0.0,Card,2023-08-20,2023-09-02
TB102420,2025-09-25,CB1286,PB1029,SB111,9,,Net Banking,2025-09-26,2025-10-17
TB102421,2024-12-26,CB1338,PB1086,SB113,10,15.0,Card,2024-12-26,2025-01-19
TB102422,2024-08-22,CB1328,PB1037,SB113,7,20.0,Net Banking,2024-08-24,2024-08-25
TB102423,2026-01-24,CB1220,PB1004,SB109,10,10.0,net banking,2026-01-24,2026-02-16
TB102424,2025-11-13,CB1006,PB1020,SB118,8,0.0,cash,2025-11-14,2025-11-18
TB102425,2023-07-29,CB1297,PB1098,SB108,6,5.0,Net Banking,2023-07-30,2023-08-03
TB102426,2024-07-17,CB1258,PB1074,SB108,1,5.0,Cash,2024-07-19,2024-08-05
TB102427,2025-12-30,CB1117,PB1079,SB102,9,,Net Banking,2025-12-31,2026-01-17
TB102428,2023-10-09,CB1270,PB1057,SB103,3,15.0,Net Banking,2023-10-10,2023-10-22
TB102429,2023-02-15,CB1154,PB1010,SB107,2,0.0,upi,2023-02-17,2023-03-15
TB102430,2024-05-23,CB1105,PB1092,SB114,3,20.0,upi,2024-05-24,2024-06-14
TB102431,2024-04-21,CB1001,PB1044,SB106,7,,CARD,2024-04-21,2024-05-06
TB102432,2023-03-31,CB1049,PB1052,SB111,9,20.0,UPI,2023-04-01,2023-04-11
TB102433,2023-12-06,CB1254,PB1019,SB109,5,10.0,upi,2023-12-07,2024-01-05
TB102434,2023-07-19,CB1099,PB1090,SB110,1,,Cash,2023-07-20,2023-07-30
TB102435,2023-02-27,CB1241,PB1097,SB116,2,15.0,upi,2023-03-01,2023-03-14
TB102436,2025-11-22,CB1276,PB1074,SB118,10,10.0,UPI,2025-11-22,2025-12-14
TB102437,2026-01-24,CB1206,PB1060,SB118,1,,Card,2026-01-26,2026-02-25
TB102438,2023-07-18,CB1212,PB1067,SB104,5,15.0,CARD,2023-07-19,2023-07-21
TB102439,2024-10-30,CB1136,PB1070,SB114,7,15.0,CARD,2024-11-01,2024-11-06
TB102440,2025-03-21,CB1160,PB1120,SB117,8,20.0,Net Banking,2025-03-23,2025-04-11
TB102441,2026-03-07,CB1175,PB1076,SB109,6,0.0,cash,2026-03-08,2026-03-30
TB102442,2023-04-11,CB1307,PB1087,SB106,3,20.0,UPI,2023-04-11,2023-04-14
TB102443,2025-09-05,CB1023,PB1045,SB104,7,,upi,2025-09-06,2025-09-13
TB102444,2025-08-29,CB1117,PB1107,SB118,1,,Net Banking,2025-08-29,2025-09-11
TB102445,2024-02-29,CB1332,PB1017,SB104,7,5.0,Cash,2024-03-01,2024-03-11
TB102446,2024-11-02,CB1249,PB1001,SB102,7,0.0,UPI,2024-11-03,2024-11-22
TB102447,2026-03-18,CB1272,PB1075,SB109,5,5.0,Card,2026-03-19,2026-04-13
TB102448,2023-04-07,CB1350,PB1111,SB109,7,15.0,Net Banking,2023-04-08,2023-05-07
TB102449,2025-06-02,CB1224,PB1034,SB106,6,0.0,UPI,2025-06-03,2025-06-16
TB102450,2024-09-28,CB1227,PB1044,SB118,8,10.0,UPI,2024-09-29,2024-10-12
TB102451,2026-03-15,CB1114,PB1025,SB117,6,10.0,UPI,2026-03-16,2026-04-10
TB102452,2025-05-20,CB1208,PB1113,SB113,5,10.0,Card,2025-05-20,2025-05-27
TB102453,2024-01-13,CB1028,PB1014,SB113,5,,cash,2024-01-14,2024-01-24
TB102454,2024-12-11,CB1346,PB1055,SB106,1,0.0,Card,2024-12-11,2025-01-09
TB102455,2023-08-31,CB1232,PB1055,SB116,3,10.0,net banking,2023-08-31,2023-09-04
TB102456,2024-09-28,CB1035,PB1050,SB101,10,10.0,upi,2024-09-29,2024-10-03
TB102457,2023-06-11,CB1048,PB1048,SB117,2,,Cash,2023-06-11,2023-06-19
TB102458,2025-12-28,CB1004,PB1098,SB118,1,15.0,UPI,2025-12-30,2026-01-19
TB102459,2023-08-10,CB1247,PB1092,SB116,7,20.0,Card,2023-08-11,2023-08-29
TB102460,2024-02-06,CB1184,PB1057,SB101,10,20.0,Cash,2024-02-06,2024-02-11
TB102461,2025-07-02,CB1085,PB1082,SB114,5,15.0,upi,2025-07-02,2025-07-24
TB102462,2023-10-29,CB1105,PB1068,SB109,1,5.0,CARD,2023-10-31,2023-11-03
TB102463,2025-09-07,CB1302,PB1094,SB113,6,15.0,UPI,2025-09-08,2025-09-15
TB102464,2025-08-02,CB1189,PB1034,SB117,3,,Card,2025-08-04,2025-08-15
TB102465,2024-09-26,CB1120,PB1065,SB111,9,,Cash,2024-09-26,2024-09-29
TB102466,2025-01-11,CB1131,PB1040,SB112,7,0.0,Cash,2025-01-12,2025-01-13
TB102467,2025-08-14,CB1040,PB1015,SB105,4,5.0,CARD,2025-08-15,2025-09-07
TB102468,2023-11-12,CB1315,PB1098,SB116,9,10.0,upi,2023-11-14,2023-11-28
TB102469,2025-07-12,CB1125,PB1086,SB110,4,15.0,Card,2025-07-13,2025-08-10
TB102470,2025-09-29,CB1276,PB1049,SB106,9,5.0,upi,2025-09-29,2025-09-29
TB102471,2025-08-30,CB1032,PB1103,SB103,9,0.0,Net Banking,2025-08-31,2025-09-22
TB102472,2024-05-20,CB1017,PB1050,SB108,4,10.0,cash,2024-05-20,2024-05-28
TB102473,2026-01-21,CB1320,PB1115,SB108,5,5.0,cash,2026-01-23,2026-02-18
TB102474,2024-04-15,CB1264,PB1009,SB113,2,0.0,net banking,2024-04-16,2024-04-16
TB102475,2025-08-29,CB1218,PB1045,SB106,2,20.0,Cash,2025-08-31,2025-09-09
TB102476,2024-06-04,CB1134,PB1034,SB114,6,,UPI,2024-06-05,2024-07-04
TB102477,2025-12-24,CB1034,PB1061,SB107,6,20.0,net banking,2025-12-24,2026-01-19
TB102478,2026-02-05,CB1124,PB1083,SB104,6,,Card,2026-02-05,2026-02-05
TB102479,2026-01-04,CB1339,PB1033,SB118,9,20.0,Net Banking,2026-01-05,2026-02-04
TB102480,2026-03-09,CB1264,PB1100,SB105,9,20.0,UPI,2026-03-11,2026-03-24
TB102481,2024-09-18,CB1246,PB1014,SB109,3,20.0,net banking,2024-09-19,2024-10-04
TB102482,2023-10-09,CB1046,PB1111,SB118,1,5.0,Net Banking,2023-10-10,2023-10-22
TB102483,2024-06-01,CB1286,PB1084,SB108,4,5.0,net banking,2024-06-01,2024-06-09
TB102484,2023-11-30,CB1053,PB1020,SB104,10,5.0,net banking,2023-12-02,2023-12-09
TB102485,2023-03-03,CB1108,PB1023,SB117,10,5.0,UPI,2023-03-04,2023-04-02
TB102486,2026-03-29,CB1075,PB1016,SB102,3,5.0,upi,2026-03-31,2026-04-29
TB102487,2023-01-31,CB1009,PB1009,SB117,1,5.0,Net Banking,2023-01-31,2023-02-07
TB102488,2025-08-02,CB1016,PB1066,SB118,1,0.0,net banking,2025-08-03,2025-08-15
TB102489,2025-03-02,CB1152,PB1025,SB112,2,20.0,Net Banking,2025-03-02,2025-03-02
TB102490,2023-07-10,CB1284,PB1038,SB111,4,,CARD,2023-07-11,2023-07-12
TB102491,2023-06-24,CB1142,PB1054,SB118,8,0.0,Card,2023-06-26,2023-07-12
TB102492,2024-02-04,CB1162,PB1107,SB104,10,15.0,UPI,2024-02-05,2024-02-14
TB102493,2023-01-08,CB1207,PB1118,SB106,8,0.0,UPI,2023-01-08,2023-01-31
TB102494,2025-01-27,CB1195,PB1057,SB103,10,10.0,cash,2025-01-28,2025-02-27
TB102495,2023-02-10,CB1343,PB1050,SB114,7,15.0,Cash,2023-02-12,2023-02-13
TB102496,2023-07-08,CB1190,PB1039,SB103,7,,upi,2023-07-08,2023-07-08
TB102497,2024-04-05,CB1166,PB1013,SB113,9,15.0,Cash,2024-04-06,2024-04-06
TB102498,2025-08-19,CB1189,PB1099,SB118,1,20.0,CARD,2025-08-19,2025-09-04
TB102499,2025-05-30,CB1284,PB1019,SB113,5,5.0,Net Banking,2025-05-31,2025-06-17
TB102500,2023-11-23,CB1271,PB1030,SB118,1,15.0,Net Banking,2023-11-24,2023-12-13
TB102501,2026-02-16,CB1061,PB1061,SB117,10,,net banking,2026-02-18,2026-03-06
TB102502,2023-05-29,CB1220,PB1024,SB112,10,10.0,net banking,2023-05-30,2023-05-30
TB102503,2023-06-08,CB1305,PB1031,SB105,1,15.0,UPI,2023-06-10,2023-06-24
TB102504,2023-06-28,CB1233,PB1109,SB117,6,,Card,2023-06-28,2023-07-11
TB102505,2025-02-17,CB1003,PB1098,SB112,9,0.0,Card,2025-02-17,2025-02-26
TB102506,2023-05-30,CB1161,PB1016,SB115,9,10.0,net banking,2023-05-31,2023-06-11
TB102507,2025-07-24,CB1250,PB1038,SB113,3,0.0,Card,2025-07-25,2025-08-16
TB102508,2023-06-02,CB1075,PB1036,SB103,9,,Net Banking,2023-06-02,2023-06-19
TB102509,2023-10-10,CB1073,PB1078,SB116,3,5.0,cash,2023-10-11,2023-10-19
TB102510,2025-11-15,CB1136,PB1093,SB112,1,15.0,Cash,2025-11-17,2025-11-19
TB102511,2023-09-28,CB1349,PB1038,SB112,6,20.0,net banking,2023-09-28,2023-10-24
TB102512,2023-04-03,CB1002,PB1109,SB105,3,20.0,Card,2023-04-04,2023-04-17
TB102513,2025-01-21,CB1010,PB1094,SB102,10,0.0,upi,2025-01-22,2025-02-17
TB102514,2025-03-28,CB1210,PB1036,SB102,6,,net banking,2025-03-28,2025-04-26
TB102515,2023-12-18,CB1241,PB1023,SB117,5,5.0,Card,2023-12-18,2024-01-13
TB102516,2026-02-20,CB1003,PB1008,SB103,5,,net banking,2026-02-22,2026-03-04
TB102517,2025-12-01,CB1083,PB1089,SB109,3,20.0,net banking,2025-12-03,2026-01-02
TB102518,2024-05-07,CB1200,PB1120,SB118,2,15.0,cash,2024-05-07,2024-05-11
TB102519,2023-01-13,CB1288,PB1083,SB102,6,0.0,upi,2023-01-14,2023-01-16
TB102520,2023-08-26,CB1092,PB1109,SB115,10,0.0,upi,2023-08-28,2023-09-08
TB102521,2023-06-26,CB1023,PB1096,SB112,2,15.0,CARD,2023-06-27,2023-07-02
TB102522,2025-06-21,CB1103,PB1006,SB102,3,20.0,net banking,2025-06-21,2025-07-17
TB102523,2023-05-26,CB1003,PB1062,SB109,1,10.0,upi,2023-05-27,2023-06-14
TB102524,2025-10-29,CB1168,PB1090,SB110,9,10.0,CARD,2025-10-31,2025-11-25
TB102525,2023-10-16,CB1304,PB1072,SB107,7,15.0,Net Banking,2023-10-18,2023-11-03
TB102526,2024-12-06,CB1242,PB1099,SB104,5,10.0,Net Banking,2024-12-06,2024-12-25
TB102527,2023-06-30,CB1073,PB1061,SB107,9,,Cash,2023-07-02,2023-07-27
TB102528,2026-01-07,CB1019,PB1034,SB111,2,,UPI,2026-01-07,2026-01-13
TB102529,2023-11-11,CB1207,PB1029,SB106,10,20.0,upi,2023-11-12,2023-12-06
TB102530,2025-08-17,CB1225,PB1033,SB117,6,,CARD,2025-08-18,2025-08-24
TB102531,2024-11-21,CB1208,PB1111,SB109,1,20.0,Net Banking,2024-11-21,2024-12-04
TB102532,2023-03-21,CB1302,PB1071,SB108,4,15.0,Cash,2023-03-23,2023-04-05
TB102533,2024-09-05,CB1156,PB1023,SB111,9,5.0,CARD,2024-09-07,2024-09-23
TB102534,2025-02-22,CB1071,PB1070,SB102,7,10.0,cash,2025-02-24,2025-03-23
TB102535,2024-11-15,CB1026,PB1051,SB112,5,15.0,net banking,2024-11-15,2024-11-29
TB102536,2024-11-18,CB1082,PB1027,SB106,7,10.0,UPI,2024-11-19,2024-11-21
TB102537,2023-03-11,CB1055,PB1006,SB116,6,10.0,Cash,2023-03-13,2023-04-11
TB102538,2023-02-26,CB1052,PB1011,SB104,4,0.0,net banking,2023-02-28,2023-03-19
TB102539,2025-11-05,CB1073,PB1043,SB110,1,20.0,net banking,2025-11-06,2025-11-09
TB102540,2025-03-07,CB1087,PB1082,SB101,3,,Net Banking,2025-03-07,2025-03-28
TB102541,2025-01-29,CB1350,PB1023,SB101,2,10.0,upi,2025-01-29,2025-02-08
TB102542,2023-10-04,CB1183,PB1112,SB102,10,10.0,UPI,2023-10-04,2023-10-18
TB102543,2023-11-20,CB1041,PB1041,SB104,1,,cash,2023-11-21,2023-12-15
TB102544,2024-03-15,CB1336,PB1088,SB109,6,5.0,net banking,2024-03-17,2024-04-15
TB102545,2024-11-26,CB1253,PB1013,SB115,1,10.0,CARD,2024-11-26,2024-12-10
TB102546,2023-09-22,CB1182,PB1091,SB112,1,20.0,UPI,2023-09-23,2023-10-12
TB102547,2024-04-17,CB1005,PB1051,SB110,1,0.0,CARD,2024-04-19,2024-05-13
TB102548,2024-09-14,CB1061,PB1001,SB109,10,5.0,cash,2024-09-16,2024-09-16
TB102549,2023-09-16,CB1024,PB1065,SB110,7,5.0,upi,2023-09-16,2023-10-14
TB102550,2023-05-28,CB1049,PB1029,SB111,10,,Card,2023-05-30,2023-06-08
TB102551,2026-01-22,CB1291,PB1044,SB105,6,5.0,UPI,2026-01-23,2026-02-03
TB102552,2025-01-10,CB1209,PB1063,SB101,1,0.0,UPI,2025-01-11,2025-01-13
TB102553,2025-03-25,CB1038,PB1070,SB113,1,20.0,net banking,2025-03-27,2025-04-09
TB102554,2025-09-04,CB1246,PB1065,SB109,4,,Card,2025-09-05,2025-09-06
TB102555,2024-03-22,CB1158,PB1075,SB112,5,20.0,CARD,2024-03-24,2024-03-30
TB102556,2023-02-12,CB1194,PB1098,SB106,8,15.0,cash,2023-02-12,2023-02-24
TB102557,2024-11-02,CB1006,PB1010,SB116,6,5.0,CARD,2024-11-02,2024-11-08
TB102558,2025-02-16,CB1095,PB1037,SB104,7,5.0,net banking,2025-02-17,2025-02-25
TB102559,2026-01-05,CB1322,PB1024,SB105,1,20.0,CARD,2026-01-06,2026-01-11
TB102560,2024-03-29,CB1008,PB1095,SB102,2,0.0,UPI,2024-03-30,2024-04-09
TB102561,2025-05-13,CB1003,PB1082,SB118,4,10.0,Net Banking,2025-05-15,2025-05-16
TB102562,2025-11-11,CB1060,PB1012,SB113,3,0.0,Net Banking,2025-11-12,2025-11-19
TB102563,2025-06-28,CB1004,PB1037,SB111,10,5.0,net banking,2025-06-28,2025-07-23
TB102564,2024-11-15,CB1166,PB1110,SB106,8,20.0,upi,2024-11-17,2024-12-04
TB102565,2023-12-17,CB1160,PB1022,SB113,7,20.0,UPI,2023-12-19,2024-01-11
TB102566,2024-04-17,CB1005,PB1114,SB105,3,,net banking,2024-04-17,2024-04-30
TB102567,2025-01-27,CB1131,PB1060,SB115,2,5.0,UPI,2025-01-28,2025-02-13
TB102568,2023-09-16,CB1047,PB1103,SB112,2,15.0,Card,2023-09-16,2023-10-15
TB102569,2024-04-07,CB1093,PB1025,SB114,1,20.0,Card,2024-04-09,2024-05-03
TB102570,2023-07-22,CB1035,PB1046,SB117,3,20.0,upi,2023-07-24,2023-08-18
TB102571,2025-12-05,CB1188,PB1073,SB104,1,15.0,Net Banking,2025-12-07,2026-01-05
TB102572,2023-08-06,CB1275,PB1048,SB111,4,15.0,upi,2023-08-06,2023-08-22
TB102573,2024-10-02,CB1086,PB1091,SB104,8,15.0,Net Banking,2024-10-04,2024-10-27
TB102574,2026-02-12,CB1174,PB1118,SB108,1,,net banking,2026-02-14,2026-02-15
TB102575,2025-12-31,CB1281,PB1049,SB105,2,5.0,net banking,2026-01-02,2026-01-21
TB102576,2023-12-20,CB1028,PB1085,SB104,5,10.0,Card,2023-12-22,2023-12-30
TB102577,2023-12-11,CB1001,PB1007,SB106,3,15.0,CARD,2023-12-13,2024-01-06
TB102578,2024-08-26,CB1070,PB1085,SB105,4,,UPI,2024-08-28,2024-09-01
TB102579,2024-05-31,CB1143,PB1084,SB107,8,10.0,Card,2024-05-31,2024-06-08
TB102580,2025-12-10,CB1185,PB1074,SB107,7,0.0,UPI,2025-12-12,2025-12-15
TB102581,2023-09-17,CB1066,PB1005,SB107,1,,UPI,2023-09-19,2023-10-09
TB102582,2024-07-21,CB1068,PB1017,SB115,4,5.0,net banking,2024-07-23,2024-08-14
TB102583,2025-01-05,CB1191,PB1092,SB107,4,0.0,UPI,2025-01-05,2025-01-27
TB102584,2023-09-25,CB1025,PB1053,SB109,6,15.0,Net Banking,2023-09-27,2023-09-29
TB102585,2024-02-08,CB1305,PB1030,SB115,6,0.0,net banking,2024-02-08,2024-02-29
TB102586,2025-07-30,CB1313,PB1069,SB108,2,20.0,Card,2025-07-31,2025-08-12
TB102587,2023-05-26,CB1307,PB1012,SB114,3,,upi,2023-05-28,2023-05-28
TB102588,2025-08-19,CB1082,PB1075,SB117,1,20.0,CARD,2025-08-20,2025-09-01
TB102589,2023-09-02,CB1142,PB1009,SB113,9,5.0,Net Banking,2023-09-02,2023-09-10
TB102590,2023-11-29,CB1061,PB1054,SB116,4,0.0,UPI,2023-11-29,2023-12-17
TB102591,2025-10-23,CB1189,PB1108,SB114,9,15.0,Net Banking,2025-10-23,2025-11-03
TB102592,2025-08-01,CB1079,PB1011,SB117,7,5.0,Net Banking,2025-08-01,2025-08-13
TB102593,2025-01-11,CB1147,PB1100,SB109,10,10.0,Cash,2025-01-12,2025-01-13
TB102594,2023-03-16,CB1101,PB1088,SB110,7,15.0,CARD,2023-03-17,2023-04-16
TB102595,2024-04-05,CB1155,PB1083,SB113,1,10.0,Card,2024-04-07,2024-04-20
TB102596,2025-07-18,CB1069,PB1056,SB104,7,5.0,upi,2025-07-18,2025-07-22
TB102597,2024-08-28,CB1341,PB1018,SB111,7,5.0,cash,2024-08-28,2024-09-05
TB102598,2024-06-29,CB1263,PB1082,SB102,9,0.0,net banking,2024-07-01,2024-07-05
TB102599,2023-07-20,CB1328,PB1031,SB110,3,15.0,upi,2023-07-22,2023-08-10
TB102600,2026-03-15,CB1103,PB1072,SB111,4,10.0,CARD,2026-03-17,2026-03-29
TB102601,2023-10-02,CB1096,PB1114,SB112,8,10.0,UPI,2023-10-04,2023-11-03
TB102602,2025-01-16,CB1134,PB1026,SB102,4,5.0,CARD,2025-01-18,2025-01-25
TB102603,2023-06-08,CB1256,PB1052,SB101,9,10.0,cash,2023-06-08,2023-06-30
TB102604,2024-06-30,CB1289,PB1087,SB109,7,15.0,net banking,2024-07-01,2024-07-28
TB102605,2024-11-08,CB1326,PB1043,SB107,5,20.0,cash,2024-11-09,2024-11-21
TB102606,2024-05-06,CB1139,PB1051,SB113,8,20.0,Net Banking,2024-05-07,2024-05-18
TB102607,2023-05-11,CB1041,PB1023,SB111,3,10.0,Cash,2023-05-12,2023-05-18
TB102608,2025-01-27,CB1294,PB1043,SB110,1,,upi,2025-01-27,2025-02-13
TB102609,2024-11-30,CB1074,PB1042,SB112,10,15.0,Net Banking,2024-11-30,2024-12-24
TB102610,2025-03-24,CB1058,PB1110,SB108,3,15.0,UPI,2025-03-25,2025-04-21
TB102611,2025-07-17,CB1302,PB1016,SB109,6,5.0,Card,2025-07-18,2025-07-22
TB102612,2025-02-27,CB1342,PB1034,SB118,1,10.0,CARD,2025-02-27,2025-03-28
TB102613,2024-05-22,CB1155,PB1100,SB111,2,15.0,Cash,2024-05-22,2024-06-21
TB102614,2024-03-13,CB1291,PB1053,SB108,8,0.0,net banking,2024-03-15,2024-04-09
TB102615,2024-04-07,CB1016,PB1069,SB104,1,,net banking,2024-04-07,2024-05-07
TB102616,2025-12-23,CB1062,PB1011,SB112,3,5.0,net banking,2025-12-24,2026-01-22
TB102617,2023-07-09,CB1108,PB1047,SB109,3,10.0,Card,2023-07-11,2023-07-19
TB102618,2025-06-05,CB1137,PB1109,SB116,5,15.0,UPI,2025-06-07,2025-07-02
TB102619,2023-08-19,CB1332,PB1120,SB101,3,,Net Banking,2023-08-20,2023-08-26
TB102620,2024-11-30,CB1228,PB1060,SB115,4,5.0,Card,2024-12-02,2024-12-28
TB102621,2026-03-28,CB1209,PB1025,SB107,6,,net banking,2026-03-29,2026-04-10
TB102622,2023-01-07,CB1323,PB1090,SB112,1,0.0,Card,2023-01-07,2023-01-15
TB102623,2025-06-18,CB1167,PB1084,SB117,6,0.0,UPI,2025-06-20,2025-06-22
TB102624,2023-03-16,CB1350,PB1023,SB105,8,5.0,upi,2023-03-16,2023-04-14
TB102625,2024-09-25,CB1062,PB1055,SB101,4,15.0,Cash,2024-09-25,2024-10-05
TB102626,2024-04-09,CB1204,PB1068,SB103,4,0.0,net banking,2024-04-11,2024-05-03
TB102627,2023-12-03,CB1194,PB1080,SB112,4,0.0,cash,2023-12-03,2023-12-09
TB102628,2023-11-12,CB1014,PB1077,SB106,3,15.0,net banking,2023-11-14,2023-12-08
TB102629,2024-05-19,CB1316,PB1046,SB107,6,,CARD,2024-05-20,2024-05-24
TB102630,2023-10-31,CB1117,PB1090,SB107,8,,Card,2023-10-31,2023-11-04
TB102631,2023-01-03,CB1182,PB1029,SB105,4,15.0,CARD,2023-01-04,2023-01-15
TB102632,2025-05-16,CB1018,PB1061,SB113,6,20.0,upi,2025-05-17,2025-05-19
TB102633,2023-04-11,CB1096,PB1050,SB116,9,0.0,upi,2023-04-13,2023-04-27
TB102634,2025-11-01,CB1020,PB1013,SB101,7,5.0,net banking,2025-11-01,2025-11-27
TB102635,2023-09-13,CB1331,PB1109,SB118,6,0.0,CARD,2023-09-13,2023-09-25
TB102636,2026-02-17,CB1046,PB1110,SB116,3,,Net Banking,2026-02-19,2026-03-08
TB102637,2024-06-20,CB1245,PB1026,SB111,7,10.0,net banking,2024-06-22,2024-07-19
TB102638,2024-06-21,CB1079,PB1019,SB106,4,5.0,UPI,2024-06-21,2024-06-25
TB102639,2023-08-06,CB1178,PB1072,SB105,3,10.0,Card,2023-08-08,2023-08-17
TB102640,2024-01-01,CB1030,PB1049,SB106,7,10.0,cash,2024-01-03,2024-02-02
TB102641,2024-03-08,CB1125,PB1107,SB116,7,0.0,CARD,2024-03-09,2024-03-29
TB102642,2023-05-17,CB1140,PB1051,SB116,1,20.0,Cash,2023-05-19,2023-05-22
TB102643,2023-08-03,CB1118,PB1110,SB118,6,15.0,Cash,2023-08-03,2023-08-03
TB102644,2023-09-07,CB1007,PB1114,SB103,3,10.0,CARD,2023-09-09,2023-09-26
TB102645,2025-02-28,CB1261,PB1101,SB110,1,,Net Banking,2025-02-28,2025-03-12
TB102646,2024-04-14,CB1337,PB1047,SB113,8,,upi,2024-04-16,2024-05-12
TB102647,2024-10-04,CB1186,PB1041,SB109,1,15.0,upi,2024-10-06,2024-10-14
TB102648,2023-12-23,CB1045,PB1055,SB109,6,0.0,upi,2023-12-25,2024-01-15
TB102649,2023-06-08,CB1169,PB1055,SB109,6,,UPI,2023-06-10,2023-07-04
TB102650,2026-03-12,CB1304,PB1028,SB111,7,20.0,net banking,2026-03-14,2026-03-16
TB102651,2026-01-25,CB1245,PB1103,SB101,1,5.0,Card,2026-01-26,2026-02-06
TB102652,2023-02-07,CB1342,PB1002,SB103,3,15.0,net banking,2023-02-08,2023-02-13
TB102653,2023-07-16,CB1077,PB1040,SB103,2,,CARD,2023-07-16,2023-08-08
TB102654,2026-03-16,CB1318,PB1052,SB115,7,,net banking,2026-03-16,2026-04-09
TB102655,2025-04-11,CB1111,PB1010,SB106,8,20.0,Net Banking,2025-04-11,2025-04-29
TB102656,2025-10-01,CB1095,PB1017,SB115,10,0.0,Net Banking,2025-10-02,2025-10-09
TB102657,2023-02-27,CB1272,PB1069,SB116,10,10.0,Net Banking,2023-02-28,2023-03-30
TB102658,2024-12-22,CB1324,PB1088,SB110,4,,CARD,2024-12-22,2025-01-17
TB102659,2023-08-25,CB1169,PB1040,SB107,7,,UPI,2023-08-27,2023-08-29
TB102660,2025-11-15,CB1094,PB1030,SB104,6,20.0,Card,2025-11-17,2025-12-10
TB102661,2023-04-04,CB1181,PB1108,SB101,2,20.0,cash,2023-04-04,2023-04-07
TB102662,2025-09-22,CB1328,PB1059,SB110,10,10.0,net banking,2025-09-23,2025-10-01
TB102663,2023-01-15,CB1216,PB1072,SB115,3,0.0,Net Banking,2023-01-17,2023-01-18
TB102664,2024-09-19,CB1255,PB1052,SB110,7,,net banking,2024-09-20,2024-10-07
TB102665,2025-07-10,CB1104,PB1050,SB112,7,0.0,Net Banking,2025-07-11,2025-08-08
TB102666,2023-03-11,CB1012,PB1053,SB108,1,10.0,cash,2023-03-12,2023-04-08
TB102667,2024-10-06,CB1020,PB1076,SB113,4,15.0,Cash,2024-10-08,2024-10-15
TB102668,2026-03-03,CB1226,PB1011,SB104,8,5.0,cash,2026-03-04,2026-03-23
TB102669,2023-10-09,CB1165,PB1027,SB102,4,15.0,cash,2023-10-11,2023-11-02
TB102670,2025-08-12,CB1180,PB1015,SB106,6,5.0,Card,2025-08-14,2025-08-14
TB102671,2025-08-05,CB1154,PB1031,SB103,7,5.0,cash,2025-08-06,2025-08-27
TB102672,2024-08-16,CB1172,PB1079,SB113,10,20.0,cash,2024-08-18,2024-09-06
TB102673,2024-07-30,CB1153,PB1043,SB109,4,15.0,Cash,2024-07-31,2024-08-21
TB102674,2024-03-29,CB1157,PB1079,SB104,2,10.0,Net Banking,2024-03-30,2024-04-21
TB102675,2026-03-12,CB1125,PB1107,SB109,10,5.0,Cash,2026-03-14,2026-04-01
TB102676,2026-03-30,CB1139,PB1113,SB114,10,5.0,Cash,2026-03-31,2026-04-09
TB102677,2023-02-05,CB1088,PB1019,SB108,9,,UPI,2023-02-07,2023-03-03
TB102678,2024-11-03,CB1245,PB1093,SB107,10,5.0,Cash,2024-11-05,2024-11-18
TB102679,2023-07-24,CB1293,PB1058,SB105,1,0.0,UPI,2023-07-24,2023-07-29
TB102680,2023-12-21,CB1246,PB1042,SB110,1,15.0,cash,2023-12-21,2024-01-17
TB102681,2024-01-30,CB1190,PB1044,SB116,7,,Card,2024-01-31,2024-02-20
TB102682,2023-09-15,CB1155,PB1036,SB114,1,0.0,Cash,2023-09-15,2023-09-22
TB102683,2025-02-20,CB1115,PB1073,SB102,10,,UPI,2025-02-20,2025-02-24
TB102684,2023-10-17,CB1070,PB1100,SB104,2,10.0,CARD,2023-10-19,2023-11-15
TB102685,2025-08-03,CB1271,PB1091,SB113,6,15.0,CARD,2025-08-04,2025-08-31
TB102686,2024-11-08,CB1002,PB1072,SB114,8,,upi,2024-11-10,2024-11-20
TB102687,2026-03-20,CB1185,PB1071,SB110,5,0.0,CARD,2026-03-22,2026-03-28
TB102688,2024-06-15,CB1114,PB1011,SB103,7,15.0,CARD,2024-06-17,2024-06-27
TB102689,2026-01-15,CB1152,PB1114,SB106,4,0.0,CARD,2026-01-17,2026-01-28
TB102690,2025-04-14,CB1018,PB1110,SB108,3,,CARD,2025-04-14,2025-05-13
TB102691,2024-09-26,CB1209,PB1027,SB104,5,5.0,UPI,2024-09-27,2024-10-06
TB102692,2024-09-08,CB1213,PB1065,SB113,10,15.0,UPI,2024-09-08,2024-09-29
TB102693,2023-03-08,CB1073,PB1073,SB109,6,,Net Banking,2023-03-10,2023-04-04
TB102694,2023-04-13,CB1332,PB1085,SB116,2,,net banking,2023-04-13,2023-05-11
TB102695,2024-08-08,CB1020,PB1039,SB107,4,10.0,cash,2024-08-08,2024-08-22
TB102696,2023-04-30,CB1025,PB1021,SB106,6,20.0,Cash,2023-04-30,2023-05-07
TB102697,2025-05-14,CB1173,PB1094,SB106,8,5.0,CARD,2025-05-15,2025-05-25
TB102698,2024-02-16,CB1120,PB1002,SB105,10,5.0,UPI,2024-02-16,2024-03-03
TB102699,2023-10-03,CB1111,PB1027,SB101,2,20.0,CARD,2023-10-04,2023-10-16
TB102700,2023-02-14,CB1240,PB1057,SB103,7,10.0,upi,2023-02-14,2023-02-20
TB102701,2025-05-26,CB1219,PB1019,SB116,8,0.0,cash,2025-05-27,2025-06-07
TB102702,2024-10-07,CB1089,PB1036,SB112,1,,CARD,2024-10-07,2024-11-04
TB102703,2023-04-25,CB1298,PB1072,SB109,4,5.0,net banking,2023-04-25,2023-05-25
TB102704,2023-12-16,CB1068,PB1006,SB105,5,5.0,Cash,2023-12-16,2023-12-16
TB102705,2025-07-27,CB1047,PB1059,SB106,1,20.0,Card,2025-07-27,2025-08-26
TB102706,2023-09-29,CB1225,PB1105,SB114,1,10.0,Cash,2023-09-30,2023-10-01
TB102707,2026-01-24,CB1329,PB1082,SB116,8,0.0,cash,2026-01-25,2026-02-17
TB102708,2024-06-17,CB1094,PB1119,SB109,10,20.0,UPI,2024-06-18,2024-06-21
TB102709,2025-03-02,CB1275,PB1112,SB115,4,20.0,Card,2025-03-03,2025-03-23
TB102710,2025-08-18,CB1033,PB1024,SB105,9,10.0,cash,2025-08-20,2025-08-24
TB102711,2023-03-24,CB1198,PB1051,SB118,6,,Cash,2023-03-26,2023-04-20
TB102712,2024-06-05,CB1127,PB1063,SB108,3,,CARD,2024-06-07,2024-06-30
TB102713,2025-07-13,CB1052,PB1017,SB103,3,0.0,upi,2025-07-15,2025-08-08
TB102714,2023-04-07,CB1022,PB1031,SB112,9,15.0,Net Banking,2023-04-07,2023-04-23
TB102715,2023-04-13,CB1026,PB1111,SB116,8,0.0,Cash,2023-04-15,2023-05-14
TB102716,2023-03-15,CB1078,PB1046,SB104,10,5.0,Cash,2023-03-17,2023-04-15
TB102717,2024-12-27,CB1253,PB1014,SB106,2,10.0,Card,2024-12-27,2025-01-15
TB102718,2023-10-19,CB1128,PB1029,SB118,5,15.0,net banking,2023-10-20,2023-11-19
TB102719,2024-01-08,CB1077,PB1019,SB104,5,10.0,Net Banking,2024-01-08,2024-01-08
TB102720,2023-12-27,CB1303,PB1113,SB113,5,10.0,CARD,2023-12-28,2024-01-18
TB102721,2024-02-04,CB1101,PB1026,SB110,9,0.0,Cash,2024-02-06,2024-02-29
TB102722,2024-09-10,CB1258,PB1108,SB117,5,0.0,net banking,2024-09-11,2024-10-09
TB102723,2025-11-07,CB1139,PB1060,SB101,1,10.0,Card,2025-11-09,2025-11-27
TB102724,2023-01-22,CB1260,PB1088,SB112,7,,upi,2023-01-23,2023-02-11
TB102725,2024-10-03,CB1255,PB1033,SB106,8,,Net Banking,2024-10-03,2024-10-28
TB102726,2025-05-24,CB1307,PB1095,SB111,3,5.0,Net Banking,2025-05-26,2025-06-16
TB102727,2024-04-22,CB1243,PB1041,SB106,8,15.0,Card,2024-04-23,2024-04-28
TB102728,2025-01-04,CB1042,PB1114,SB113,7,0.0,cash,2025-01-06,2025-01-10
TB102729,2026-01-16,CB1015,PB1084,SB112,3,20.0,Card,2026-01-16,2026-01-20
TB102730,2023-11-06,CB1166,PB1119,SB114,2,0.0,CARD,2023-11-08,2023-11-17
TB102731,2023-03-28,CB1341,PB1090,SB113,6,10.0,CARD,2023-03-28,2023-04-15
TB102732,2025-06-11,CB1331,PB1053,SB106,3,,Cash,2025-06-11,2025-06-25
TB102733,2024-01-04,CB1172,PB1085,SB109,2,15.0,UPI,2024-01-04,2024-01-17
TB102734,2026-02-02,CB1055,PB1029,SB118,4,5.0,UPI,2026-02-03,2026-02-06
TB102735,2023-03-31,CB1081,PB1009,SB103,4,20.0,Card,2023-04-01,2023-04-19
TB102736,2023-11-07,CB1191,PB1096,SB110,2,5.0,upi,2023-11-07,2023-12-07
TB102737,2025-02-01,CB1214,PB1069,SB116,9,15.0,Net Banking,2025-02-03,2025-02-07
TB102738,2024-09-02,CB1272,PB1042,SB109,2,20.0,UPI,2024-09-02,2024-09-05
TB102739,2025-03-08,CB1022,PB1102,SB113,1,5.0,Card,2025-03-09,2025-03-18
TB102740,2026-03-13,CB1327,PB1068,SB116,8,15.0,CARD,2026-03-15,2026-04-13
TB102741,2024-10-04,CB1327,PB1052,SB110,7,,Net Banking,2024-10-06,2024-10-16
TB102742,2024-09-28,CB1067,PB1028,SB110,7,20.0,Card,2024-09-30,2024-10-03
TB102743,2023-08-17,CB1075,PB1023,SB103,7,,CARD,2023-08-19,2023-08-23
TB102744,2024-01-10,CB1024,PB1037,SB106,2,,Cash,2024-01-10,2024-01-19
TB102745,2025-12-25,CB1249,PB1066,SB104,5,0.0,upi,2025-12-25,2026-01-19
TB102746,2025-08-22,CB1302,PB1079,SB109,7,5.0,upi,2025-08-24,2025-09-07
TB102747,2023-11-26,CB1282,PB1003,SB102,2,5.0,CARD,2023-11-28,2023-12-20
TB102748,2025-06-03,CB1002,PB1008,SB101,3,0.0,cash,2025-06-04,2025-06-17
TB102749,2024-02-07,CB1100,PB1070,SB113,6,20.0,CARD,2024-02-09,2024-02-14
TB102750,2023-07-17,CB1168,PB1104,SB106,1,,Cash,2023-07-17,2023-07-27
TB102751,2024-05-15,CB1001,PB1120,SB112,9,5.0,Card,2024-05-17,2024-06-14
TB102752,2025-05-05,CB1314,PB1008,SB102,10,,net banking,2025-05-07,2025-05-12
TB102753,2025-03-26,CB1235,PB1097,SB114,3,15.0,CARD,2025-03-28,2025-04-19
TB102754,2024-04-10,CB1257,PB1079,SB113,4,20.0,CARD,2024-04-10,2024-05-07
TB102755,2024-03-15,CB1259,PB1044,SB104,2,,Net Banking,2024-03-16,2024-03-29
TB102756,2023-12-29,CB1223,PB1071,SB110,4,0.0,upi,2023-12-30,2024-01-13
TB102757,2023-01-02,CB1081,PB1026,SB108,9,5.0,Card,2023-01-02,2023-01-08
TB102758,2023-07-23,CB1179,PB1115,SB106,4,20.0,net banking,2023-07-25,2023-08-11
TB102759,2023-05-10,CB1208,PB1115,SB116,1,10.0,net banking,2023-05-12,2023-05-27
TB102760,2025-02-28,CB1323,PB1093,SB112,7,0.0,Card,2025-02-28,2025-03-20
TB102761,2023-01-13,CB1052,PB1110,SB109,9,20.0,CARD,2023-01-15,2023-02-12
TB102762,2023-06-03,CB1228,PB1053,SB104,10,15.0,net banking,2023-06-05,2023-06-09
TB102763,2025-10-27,CB1215,PB1075,SB118,10,10.0,CARD,2025-10-29,2025-11-01
TB102764,2026-01-13,CB1092,PB1095,SB101,8,10.0,Card,2026-01-15,2026-01-24
TB102765,2025-03-11,CB1274,PB1050,SB106,7,,cash,2025-03-12,2025-03-23
TB102766,2026-03-23,CB1105,PB1040,SB117,8,10.0,Card,2026-03-23,2026-03-27
TB102767,2024-12-04,CB1344,PB1056,SB101,5,20.0,net banking,2024-12-05,2024-12-12
TB102768,2024-09-02,CB1228,PB1035,SB116,1,20.0,Card,2024-09-02,2024-09-20
TB102769,2025-04-23,CB1225,PB1074,SB113,2,10.0,net banking,2025-04-24,2025-05-12
TB102770,2023-02-14,CB1235,PB1040,SB116,10,20.0,Cash,2023-02-16,2023-02-16
TB102771,2026-02-19,CB1146,PB1052,SB109,10,20.0,upi,2026-02-20,2026-03-13
TB102772,2025-11-08,CB1155,PB1015,SB114,9,20.0,net banking,2025-11-08,2025-12-03
TB102773,2024-05-11,CB1323,PB1044,SB107,9,15.0,Net Banking,2024-05-12,2024-06-07
TB102774,2026-01-03,CB1300,PB1069,SB101,5,15.0,Cash,2026-01-05,2026-01-08
TB102775,2024-08-16,CB1340,PB1082,SB117,3,20.0,Net Banking,2024-08-17,2024-08-17
TB102776,2023-01-21,CB1017,PB1021,SB113,2,5.0,Card,2023-01-22,2023-02-21
TB102777,2025-07-28,CB1284,PB1078,SB102,5,15.0,UPI,2025-07-28,2025-08-09
TB102778,2026-01-19,CB1184,PB1067,SB104,5,20.0,CARD,2026-01-19,2026-01-27
TB102779,2023-01-02,CB1285,PB1025,SB102,10,20.0,cash,2023-01-04,2023-02-01
TB102780,2025-09-15,CB1122,PB1080,SB116,9,20.0,Cash,2025-09-16,2025-10-07
TB102781,2023-08-06,CB1008,PB1020,SB115,4,15.0,cash,2023-08-08,2023-08-19
TB102782,2023-01-27,CB1348,PB1045,SB113,1,5.0,Net Banking,2023-01-27,2023-01-27
TB102783,2023-07-28,CB1331,PB1027,SB101,6,20.0,cash,2023-07-30,2023-08-27
TB102784,2025-03-04,CB1290,PB1025,SB115,5,20.0,Cash,2025-03-05,2025-03-08
TB102785,2025-06-03,CB1246,PB1117,SB101,9,0.0,upi,2025-06-04,2025-06-22
TB102786,2025-12-23,CB1016,PB1015,SB107,1,15.0,Net Banking,2025-12-24,2025-12-29
TB102787,2025-02-01,CB1139,PB1118,SB110,4,0.0,Cash,2025-02-03,2025-02-06
TB102788,2024-05-31,CB1202,PB1062,SB109,1,20.0,cash,2024-05-31,2024-06-19
TB102789,2025-05-14,CB1085,PB1039,SB102,6,15.0,Net Banking,2025-05-16,2025-06-13
TB102790,2023-10-18,CB1313,PB1077,SB114,6,10.0,net banking,2023-10-18,2023-10-21
TB102791,2023-10-08,CB1095,PB1110,SB106,3,15.0,upi,2023-10-09,2023-11-07
TB102792,2023-01-17,CB1226,PB1102,SB101,5,5.0,Cash,2023-01-18,2023-01-25
TB102793,2025-10-18,CB1278,PB1037,SB111,5,15.0,cash,2025-10-19,2025-11-03
TB102794,2024-04-01,CB1050,PB1109,SB108,3,10.0,CARD,2024-04-03,2024-04-16
TB102795,2024-10-02,CB1148,PB1043,SB112,3,0.0,CARD,2024-10-02,2024-10-17
TB102796,2023-07-28,CB1002,PB1095,SB108,1,20.0,Net Banking,2023-07-28,2023-08-19
TB102797,2023-09-19,CB1242,PB1031,SB105,2,0.0,net banking,2023-09-21,2023-09-26
TB102798,2025-10-10,CB1329,PB1070,SB108,9,10.0,cash,2025-10-10,2025-10-23
TB102799,2026-02-12,CB1284,PB1042,SB106,6,,Card,2026-02-13,2026-03-07
TB102800,2024-09-17,CB1161,PB1013,SB113,3,10.0,upi,2024-09-17,2024-10-08
TB102801,2025-10-25,CB1044,PB1058,SB103,10,10.0,UPI,2025-10-26,2025-11-10
TB102802,2024-11-19,CB1186,PB1040,SB103,1,,Cash,2024-11-19,2024-12-05
TB102803,2025-07-06,CB1118,PB1098,SB112,8,10.0,CARD,2025-07-07,2025-07-16
TB102804,2024-12-31,CB1152,PB1015,SB115,9,15.0,upi,2024-12-31,2025-01-09
TB102805,2024-12-30,CB1236,PB1026,SB109,10,,Cash,2025-01-01,2025-01-10
TB102806,2024-02-21,CB1262,PB1069,SB101,8,5.0,CARD,2024-02-21,2024-03-02
TB102807,2024-02-04,CB1043,PB1112,SB103,7,5.0,CARD,2024-02-04,2024-02-20
TB102808,2024-05-05,CB1219,PB1120,SB102,3,20.0,net banking,2024-05-07,2024-05-23
TB102809,2025-11-02,CB1035,PB1046,SB106,9,5.0,net banking,2025-11-04,2025-12-02
TB102810,2026-01-17,CB1285,PB1056,SB106,5,0.0,cash,2026-01-18,2026-01-24
TB102811,2023-05-09,CB1157,PB1053,SB111,8,0.0,CARD,2023-05-10,2023-05-15
TB102812,2024-11-01,CB1026,PB1013,SB117,9,15.0,upi,2024-11-03,2024-11-10
TB102813,2024-12-30,CB1150,PB1036,SB113,4,15.0,net banking,2024-12-31,2025-01-21
TB102814,2023-06-29,CB1084,PB1076,SB113,7,15.0,upi,2023-07-01,2023-07-16
TB102815,2024-09-27,CB1301,PB1078,SB109,3,15.0,Net Banking,2024-09-27,2024-10-03
TB102816,2025-05-30,CB1313,PB1076,SB101,1,10.0,UPI,2025-05-31,2025-06-28
TB102817,2023-08-18,CB1175,PB1062,SB108,9,20.0,UPI,2023-08-18,2023-09-04
TB102818,2025-12-24,CB1084,PB1013,SB103,6,,Net Banking,2025-12-24,2026-01-19
TB102819,2025-12-05,CB1334,PB1038,SB113,3,10.0,Cash,2025-12-06,2026-01-03
TB102820,2025-11-19,CB1235,PB1075,SB112,10,20.0,net banking,2025-11-21,2025-11-30
TB102821,2023-12-16,CB1169,PB1082,SB112,8,10.0,Card,2023-12-18,2024-01-16
TB102822,2025-11-27,CB1092,PB1019,SB103,1,20.0,net banking,2025-11-29,2025-12-02
TB102823,2025-08-05,CB1071,PB1039,SB117,2,20.0,CARD,2025-08-07,2025-08-24
TB102824,2025-07-14,CB1298,PB1068,SB110,6,0.0,Cash,2025-07-14,2025-07-28
TB102825,2024-11-04,CB1218,PB1064,SB106,4,10.0,Net Banking,2024-11-04,2024-11-29
TB102826,2025-12-07,CB1327,PB1004,SB107,4,5.0,cash,2025-12-07,2025-12-09
TB102827,2025-06-08,CB1126,PB1079,SB116,10,0.0,upi,2025-06-10,2025-06-13
TB102828,2024-07-17,CB1317,PB1085,SB106,1,0.0,upi,2024-07-18,2024-08-05
TB102829,2025-06-30,CB1162,PB1019,SB118,6,0.0,Net Banking,2025-07-01,2025-07-19
TB102830,2025-05-16,CB1046,PB1081,SB111,6,5.0,UPI,2025-05-18,2025-05-24
TB102831,2025-08-09,CB1100,PB1017,SB113,6,,UPI,2025-08-11,2025-08-11
TB102832,2023-09-06,CB1041,PB1002,SB108,10,5.0,Card,2023-09-06,2023-09-24
TB102833,2026-03-20,CB1179,PB1016,SB108,6,5.0,Net Banking,2026-03-21,2026-03-30
TB102834,2023-03-28,CB1168,PB1106,SB118,9,,upi,2023-03-30,2023-03-31
TB102835,2025-10-25,CB1168,PB1008,SB105,5,0.0,Cash,2025-10-27,2025-10-30
TB102836,2024-03-10,CB1036,PB1116,SB111,7,5.0,net banking,2024-03-12,2024-03-26
TB102837,2024-02-26,CB1226,PB1011,SB107,3,15.0,cash,2024-02-27,2024-03-22
TB102838,2025-11-09,CB1126,PB1027,SB112,10,15.0,CARD,2025-11-11,2025-11-30
TB102839,2023-05-04,CB1279,PB1042,SB114,6,,upi,2023-05-06,2023-05-06
TB102840,2025-01-21,CB1341,PB1032,SB103,8,10.0,cash,2025-01-23,2025-02-22
TB102841,2025-03-01,CB1291,PB1024,SB112,8,20.0,cash,2025-03-02,2025-03-09
TB102842,2023-08-25,CB1202,PB1087,SB102,4,10.0,Card,2023-08-25,2023-09-06
TB102843,2025-11-06,CB1234,PB1004,SB106,3,15.0,Net Banking,2025-11-06,2025-11-21
TB102844,2025-02-13,CB1152,PB1023,SB117,4,10.0,upi,2025-02-14,2025-02-14
TB102845,2025-02-12,CB1040,PB1005,SB104,7,0.0,net banking,2025-02-13,2025-02-21
TB102846,2024-10-24,CB1275,PB1112,SB110,6,5.0,Net Banking,2024-10-26,2024-11-23
TB102847,2024-06-27,CB1097,PB1086,SB118,1,0.0,UPI,2024-06-27,2024-07-08
TB102848,2023-10-05,CB1074,PB1063,SB114,5,0.0,CARD,2023-10-06,2023-10-12
TB102849,2025-05-14,CB1135,PB1082,SB109,2,20.0,Cash,2025-05-14,2025-06-12
TB102850,2025-07-17,CB1304,PB1041,SB107,4,20.0,UPI,2025-07-17,2025-08-02
TB102851,2026-03-24,CB1254,PB1052,SB109,7,0.0,UPI,2026-03-25,2026-04-12
TB102852,2026-03-12,CB1143,PB1079,SB117,9,20.0,net banking,2026-03-12,2026-03-17
TB102853,2024-07-06,CB1122,PB1107,SB111,2,10.0,net banking,2024-07-07,2024-07-31
TB102854,2023-10-06,CB1101,PB1003,SB114,5,15.0,upi,2023-10-07,2023-10-10
TB102855,2023-08-05,CB1104,PB1040,SB107,1,10.0,upi,2023-08-06,2023-09-01
TB102856,2025-11-04,CB1227,PB1084,SB112,8,20.0,CARD,2025-11-05,2025-11-11
TB102857,2024-04-24,CB1231,PB1002,SB109,8,10.0,upi,2024-04-24,2024-05-06
TB102858,2024-04-21,CB1319,PB1117,SB104,1,20.0,cash,2024-04-23,2024-04-23
TB102859,2024-01-31,CB1012,PB1024,SB118,7,,Card,2024-02-02,2024-02-28
TB102860,2025-03-21,CB1021,PB1119,SB109,3,10.0,upi,2025-03-21,2025-04-01
TB102861,2023-12-15,CB1018,PB1093,SB112,10,0.0,net banking,2023-12-15,2024-01-12
TB102862,2025-08-03,CB1034,PB1003,SB102,5,10.0,net banking,2025-08-03,2025-08-03
TB102863,2024-07-11,CB1139,PB1048,SB108,3,5.0,upi,2024-07-11,2024-07-29
TB102864,2023-05-02,CB1159,PB1013,SB105,10,,Card,2023-05-04,2023-05-19
TB102865,2024-07-21,CB1301,PB1094,SB118,1,15.0,net banking,2024-07-23,2024-08-22
TB102866,2023-11-06,CB1209,PB1027,SB106,10,10.0,Card,2023-11-08,2023-11-20
TB102867,2025-02-03,CB1095,PB1038,SB101,3,10.0,Cash,2025-02-03,2025-02-18
TB102868,2024-03-14,CB1274,PB1107,SB102,2,0.0,UPI,2024-03-14,2024-03-27
TB102869,2024-01-30,CB1051,PB1089,SB113,7,20.0,CARD,2024-01-31,2024-02-12
TB102870,2023-04-13,CB1205,PB1058,SB106,9,5.0,UPI,2023-04-14,2023-04-14
TB102871,2023-11-07,CB1122,PB1051,SB114,6,20.0,Card,2023-11-07,2023-11-08
TB102872,2023-05-24,CB1279,PB1075,SB101,7,5.0,UPI,2023-05-26,2023-06-06
TB102873,2024-11-25,CB1016,PB1008,SB104,6,20.0,net banking,2024-11-26,2024-12-11
TB102874,2024-05-13,CB1014,PB1103,SB115,1,20.0,CARD,2024-05-13,2024-05-23
TB102875,2025-08-03,CB1088,PB1021,SB103,8,0.0,upi,2025-08-03,2025-08-09
TB102876,2024-02-23,CB1022,PB1096,SB117,10,15.0,net banking,2024-02-25,2024-03-22
TB102877,2023-06-04,CB1096,PB1016,SB101,3,15.0,Cash,2023-06-06,2023-06-18
TB102878,2024-10-09,CB1058,PB1064,SB104,7,10.0,Card,2024-10-11,2024-11-04
TB102879,2026-01-25,CB1132,PB1040,SB108,8,0.0,Net Banking,2026-01-25,2026-02-09
TB102880,2023-04-21,CB1151,PB1110,SB105,5,5.0,Card,2023-04-21,2023-05-17
TB102881,2025-01-08,CB1008,PB1019,SB111,7,,Card,2025-01-08,2025-01-10
TB102882,2024-03-15,CB1341,PB1094,SB101,3,0.0,Cash,2024-03-17,2024-03-25
TB102883,2024-09-16,CB1093,PB1049,SB101,8,15.0,CARD,2024-09-18,2024-10-14
TB102884,2024-01-10,CB1162,PB1013,SB108,6,,Card,2024-01-11,2024-01-31
TB102885,2025-08-21,CB1309,PB1105,SB110,8,,UPI,2025-08-22,2025-08-24
TB102886,2023-10-02,CB1300,PB1070,SB112,6,10.0,upi,2023-10-03,2023-11-02
TB102887,2025-02-21,CB1295,PB1086,SB104,2,0.0,cash,2025-02-21,2025-02-25
TB102888,2026-01-04,CB1221,PB1070,SB113,3,0.0,Cash,2026-01-06,2026-02-04
TB102889,2026-01-02,CB1220,PB1102,SB117,9,15.0,Net Banking,2026-01-03,2026-01-11
TB102890,2023-09-17,CB1005,PB1065,SB117,1,15.0,Cash,2023-09-17,2023-10-01
TB102891,2024-09-30,CB1119,PB1057,SB118,9,0.0,upi,2024-10-01,2024-10-09
TB102892,2026-03-02,CB1150,PB1080,SB105,8,0.0,upi,2026-03-02,2026-03-20
TB102893,2025-06-14,CB1293,PB1095,SB117,7,0.0,CARD,2025-06-15,2025-06-16
TB102894,2025-03-15,CB1102,PB1101,SB111,3,,CARD,2025-03-17,2025-04-16
TB102895,2024-07-24,CB1139,PB1058,SB102,7,20.0,Card,2024-07-26,2024-08-03
TB102896,2023-08-29,CB1164,PB1036,SB114,7,20.0,Card,2023-08-29,2023-09-16
TB102897,2023-10-31,CB1034,PB1022,SB107,3,0.0,net banking,2023-11-02,2023-11-29
TB102898,2023-10-31,CB1107,PB1098,SB107,1,10.0,UPI,2023-10-31,2023-11-11
TB102899,2023-05-05,CB1193,PB1032,SB110,9,20.0,Net Banking,2023-05-05,2023-05-05
TB102900,2025-07-17,CB1003,PB1001,SB117,10,0.0,upi,2025-07-17,2025-08-04
TB102901,2023-09-06,CB1012,PB1075,SB103,1,15.0,Net Banking,2023-09-07,2023-09-10
TB102902,2026-03-08,CB1072,PB1088,SB116,4,5.0,CARD,2026-03-10,2026-03-30
TB102903,2025-07-24,CB1296,PB1094,SB115,9,20.0,UPI,2025-07-26,2025-08-21
TB102904,2025-03-06,CB1154,PB1070,SB103,6,,Net Banking,2025-03-06,2025-03-23
TB102905,2025-09-10,CB1026,PB1003,SB117,1,5.0,Cash,2025-09-11,2025-09-23
TB102906,2024-03-24,CB1126,PB1058,SB103,2,0.0,upi,2024-03-24,2024-04-06
TB102907,2025-12-07,CB1285,PB1083,SB112,10,0.0,Cash,2025-12-07,2025-12-17
TB102908,2024-11-06,CB1077,PB1003,SB107,5,20.0,Cash,2024-11-08,2024-11-12
TB102909,2023-01-25,CB1123,PB1036,SB114,6,5.0,Net Banking,2023-01-25,2023-02-05
TB102910,2023-03-03,CB1311,PB1077,SB109,10,15.0,Cash,2023-03-04,2023-03-14
TB102911,2024-07-13,CB1028,PB1013,SB102,3,15.0,Card,2024-07-14,2024-07-27
TB102912,2024-06-30,CB1277,PB1117,SB103,3,0.0,Card,2024-07-02,2024-07-25
TB102913,2023-10-10,CB1306,PB1119,SB110,8,20.0,UPI,2023-10-12,2023-10-19
TB102914,2023-11-02,CB1178,PB1065,SB103,9,0.0,net banking,2023-11-03,2023-11-07
TB102915,2024-06-20,CB1117,PB1102,SB112,8,5.0,CARD,2024-06-22,2024-07-02
TB102916,2025-04-22,CB1233,PB1003,SB101,6,5.0,Cash,2025-04-23,2025-04-28
TB102917,2023-06-28,CB1072,PB1071,SB111,9,0.0,upi,2023-06-28,2023-07-17
TB102918,2026-01-29,CB1322,PB1023,SB111,2,15.0,cash,2026-01-29,2026-02-19
TB102919,2026-03-02,CB1059,PB1114,SB102,7,,UPI,2026-03-02,2026-03-11
TB102920,2025-08-09,CB1136,PB1055,SB114,1,5.0,UPI,2025-08-11,2025-08-16
TB102921,2023-04-21,CB1268,PB1019,SB115,4,20.0,upi,2023-04-21,2023-04-25
TB102922,2023-03-02,CB1103,PB1116,SB105,3,,Net Banking,2023-03-02,2023-03-25
TB102923,2023-05-21,CB1336,PB1116,SB109,1,5.0,cash,2023-05-22,2023-05-24
TB102924,2023-01-24,CB1167,PB1029,SB109,7,15.0,Cash,2023-01-25,2023-02-17
TB102925,2025-02-20,CB1074,PB1057,SB114,3,10.0,CARD,2025-02-22,2025-02-23
TB102926,2024-09-06,CB1319,PB1012,SB111,2,0.0,CARD,2024-09-07,2024-10-03
TB102927,2023-01-15,CB1159,PB1063,SB105,4,,Cash,2023-01-16,2023-01-31
TB102928,2024-04-26,CB1252,PB1053,SB118,2,15.0,Card,2024-04-27,2024-05-14
TB102929,2023-12-01,CB1235,PB1086,SB106,3,0.0,Net Banking,2023-12-02,2023-12-26
TB102930,2025-07-16,CB1199,PB1120,SB112,7,15.0,Net Banking,2025-07-16,2025-08-01
TB102931,2023-11-09,CB1227,PB1114,SB114,10,0.0,net banking,2023-11-09,2023-11-17
TB102932,2025-11-11,CB1243,PB1060,SB103,5,20.0,Card,2025-11-12,2025-12-07
TB102933,2026-03-30,CB1008,PB1005,SB114,6,5.0,upi,2026-03-30,2026-04-19
TB102934,2025-11-11,CB1155,PB1019,SB105,8,20.0,CARD,2025-11-12,2025-11-28
TB102935,2024-10-03,CB1028,PB1040,SB114,5,5.0,Net Banking,2024-10-04,2024-10-29
TB102936,2026-01-26,CB1045,PB1044,SB114,3,0.0,Cash,2026-01-26,2026-02-25
TB102937,2024-12-30,CB1089,PB1003,SB113,10,10.0,Cash,2024-12-30,2025-01-10
TB102938,2024-08-02,CB1052,PB1086,SB116,2,0.0,CARD,2024-08-04,2024-08-30
TB102939,2026-01-24,CB1238,PB1032,SB101,3,20.0,Net Banking,2026-01-26,2026-01-28
TB102940,2024-04-23,CB1148,PB1065,SB117,10,10.0,Card,2024-04-24,2024-05-01
TB102941,2023-05-13,CB1215,PB1069,SB101,10,10.0,Net Banking,2023-05-15,2023-05-31
TB102942,2025-04-09,CB1051,PB1105,SB104,6,0.0,UPI,2025-04-10,2025-05-07
TB102943,2024-01-08,CB1101,PB1085,SB109,5,10.0,upi,2024-01-08,2024-01-13
TB102944,2024-01-17,CB1206,PB1007,SB110,2,0.0,Net Banking,2024-01-17,2024-02-13
TB102945,2023-01-09,CB1329,PB1112,SB117,2,5.0,Net Banking,2023-01-09,2023-01-24
TB102946,2023-04-19,CB1104,PB1014,SB115,1,5.0,UPI,2023-04-19,2023-04-25
TB102947,2023-06-14,CB1007,PB1027,SB110,1,10.0,net banking,2023-06-14,2023-07-09
TB102948,2023-08-28,CB1051,PB1076,SB115,8,,Net Banking,2023-08-28,2023-08-31
TB102949,2023-04-04,CB1080,PB1098,SB112,7,,UPI,2023-04-06,2023-04-09
TB102950,2025-11-05,CB1326,PB1060,SB117,5,20.0,cash,2025-11-06,2025-11-09
TB102951,2025-01-16,CB1106,PB1057,SB111,2,0.0,CARD,2025-01-16,2025-02-05
TB102952,2024-11-22,CB1012,PB1061,SB106,2,,net banking,2024-11-24,2024-11-29
TB102953,2025-12-06,CB1240,PB1077,SB102,3,15.0,CARD,2025-12-08,2025-12-08
TB102954,2025-08-16,CB1219,PB1004,SB118,2,15.0,upi,2025-08-16,2025-09-15
TB102955,2025-08-20,CB1302,PB1082,SB113,10,5.0,Cash,2025-08-20,2025-08-24
TB102956,2025-09-12,CB1102,PB1063,SB111,9,0.0,CARD,2025-09-13,2025-10-07
TB102957,2023-03-24,CB1055,PB1116,SB101,9,15.0,Card,2023-03-25,2023-04-22
TB102958,2024-08-10,CB1188,PB1101,SB112,9,,net banking,2024-08-12,2024-08-12
TB102959,2025-10-22,CB1343,PB1112,SB110,5,5.0,CARD,2025-10-22,2025-10-22
TB102960,2023-10-04,CB1084,PB1106,SB104,3,15.0,Net Banking,2023-10-04,2023-11-01
TB102961,2023-03-19,CB1283,PB1046,SB115,7,,Cash,2023-03-20,2023-04-08
TB102962,2025-03-26,CB1227,PB1088,SB112,7,0.0,upi,2025-03-28,2025-04-12
TB102963,2025-06-13,CB1296,PB1109,SB112,4,0.0,Card,2025-06-15,2025-07-07
TB102964,2023-07-03,CB1209,PB1115,SB110,2,,Card,2023-07-04,2023-07-05
TB102965,2025-03-06,CB1112,PB1026,SB112,1,15.0,UPI,2025-03-06,2025-03-06
TB102966,2025-12-06,CB1109,PB1090,SB104,5,5.0,CARD,2025-12-07,2026-01-04
TB102967,2026-03-29,CB1258,PB1009,SB108,5,20.0,UPI,2026-03-29,2026-04-07
TB102968,2023-01-21,CB1308,PB1104,SB103,7,0.0,UPI,2023-01-22,2023-02-20
TB102969,2024-10-09,CB1189,PB1117,SB103,2,5.0,Net Banking,2024-10-09,2024-10-10
TB102970,2025-09-02,CB1199,PB1090,SB110,9,,Net Banking,2025-09-04,2025-09-15
TB102971,2024-05-16,CB1120,PB1040,SB118,6,20.0,upi,2024-05-16,2024-06-06
TB102972,2023-07-11,CB1142,PB1117,SB116,2,0.0,Net Banking,2023-07-11,2023-07-21
TB102973,2024-06-15,CB1218,PB1110,SB104,10,20.0,cash,2024-06-15,2024-06-30
TB102974,2025-08-25,CB1057,PB1018,SB118,6,10.0,upi,2025-08-25,2025-09-11
TB102975,2025-07-08,CB1120,PB1076,SB112,3,0.0,net banking,2025-07-09,2025-07-19
TB102976,2025-11-03,CB1080,PB1049,SB102,5,10.0,net banking,2025-11-03,2025-11-13
TB102977,2023-11-26,CB1079,PB1038,SB110,1,15.0,Net Banking,2023-11-26,2023-12-19
TB102978,2025-01-27,CB1073,PB1005,SB112,8,15.0,upi,2025-01-28,2025-02-10
TB102979,2025-06-23,CB1032,PB1106,SB117,4,15.0,net banking,2025-06-23,2025-06-23
TB102980,2023-09-08,CB1273,PB1083,SB108,8,10.0,net banking,2023-09-09,2023-09-21
TB102981,2023-05-06,CB1158,PB1030,SB117,6,15.0,UPI,2023-05-06,2023-05-09
TB102982,2024-01-16,CB1258,PB1109,SB111,5,0.0,net banking,2024-01-17,2024-01-26
TB102983,2024-01-06,CB1089,PB1043,SB109,10,5.0,Net Banking,2024-01-07,2024-01-08
TB102984,2025-12-17,CB1285,PB1067,SB110,3,15.0,UPI,2025-12-18,2025-12-22
TB102985,2025-07-07,CB1006,PB1058,SB113,3,10.0,CARD,2025-07-08,2025-07-21
TB102986,2023-10-22,CB1174,PB1027,SB118,4,0.0,Net Banking,2023-10-23,2023-11-22
TB102987,2025-09-01,CB1310,PB1017,SB107,6,5.0,Net Banking,2025-09-02,2025-09-24
TB102988,2025-10-29,CB1344,PB1089,SB101,7,0.0,Cash,2025-10-30,2025-11-18
TB102989,2025-11-24,CB1091,PB1008,SB111,4,20.0,cash,2025-11-26,2025-12-08
TB102990,2024-04-26,CB1269,PB1107,SB105,1,10.0,net banking,2024-04-27,2024-04-27
TB102991,2024-02-14,CB1168,PB1077,SB115,2,,Net Banking,2024-02-16,2024-02-29
TB102992,2024-06-11,CB1211,PB1058,SB102,6,5.0,net banking,2024-06-11,2024-06-21
TB102993,2025-10-21,CB1174,PB1045,SB109,8,15.0,Card,2025-10-23,2025-11-20
TB102994,2025-06-12,CB1124,PB1107,SB117,1,,Cash,2025-06-12,2025-06-30
TB102995,2023-10-29,CB1067,PB1059,SB107,7,5.0,Card,2023-10-29,2023-11-13
TB102996,2023-05-03,CB1247,PB1014,SB104,3,5.0,upi,2023-05-05,2023-05-10
TB102997,2025-08-09,CB1311,PB1016,SB116,7,15.0,upi,2025-08-10,2025-08-30
TB102998,2025-05-16,CB1316,PB1114,SB118,3,10.0,cash,2025-05-16,2025-05-17
TB102999,2023-08-22,CB1296,PB1071,SB108,7,20.0,UPI,2023-08-23,2023-08-31
TB103000,2025-02-06,CB1297,PB1002,SB107,7,0.0,Card,2025-02-06,2025-03-08
TB103001,2024-01-19,CB1292,PB1102,SB118,7,5.0,UPI,2024-01-19,2024-02-16
TB103002,2023-07-15,CB1138,PB1064,SB103,7,,UPI,2023-07-16,2023-07-21
TB103003,2025-05-14,CB1238,PB1114,SB101,8,0.0,CARD,2025-05-16,2025-05-16
TB103004,2023-06-14,CB1021,PB1114,SB111,8,5.0,UPI,2023-06-15,2023-07-14
TB103005,2023-03-09,CB1095,PB1053,SB115,4,5.0,Card,2023-03-10,2023-03-28
TB103006,2024-06-03,CB1058,PB1111,SB115,4,20.0,Card,2024-06-04,2024-06-16
TB103007,2026-02-27,CB1124,PB1118,SB118,7,15.0,UPI,2026-02-28,2026-03-25
TB103008,2026-01-10,CB1204,PB1097,SB111,1,20.0,Cash,2026-01-10,2026-02-09
TB103009,2023-05-05,CB1314,PB1105,SB118,10,10.0,cash,2023-05-05,2023-06-02
TB103010,2023-08-11,CB1116,PB1017,SB115,10,5.0,Card,2023-08-13,2023-09-01
TB103011,2025-10-07,CB1294,PB1016,SB113,3,0.0,CARD,2025-10-07,2025-10-24
TB103012,2024-12-13,CB1220,PB1008,SB105,10,10.0,Net Banking,2024-12-15,2024-12-16
TB103013,2025-05-09,CB1088,PB1059,SB106,6,,Cash,2025-05-10,2025-05-22
TB103014,2024-12-29,CB1320,PB1096,SB112,5,15.0,UPI,2024-12-29,2025-01-16
TB103015,2025-07-16,CB1223,PB1039,SB101,9,20.0,Net Banking,2025-07-18,2025-07-18
TB103016,2025-10-11,CB1087,PB1006,SB118,1,15.0,UPI,2025-10-12,2025-11-05
TB103017,2023-07-31,CB1024,PB1022,SB106,10,5.0,upi,2023-08-02,2023-09-01
TB103018,2025-01-30,CB1017,PB1036,SB109,10,5.0,UPI,2025-01-31,2025-02-28
TB103019,2024-04-06,CB1099,PB1032,SB107,6,5.0,Card,2024-04-06,2024-05-04
TB103020,2023-01-14,CB1021,PB1020,SB112,2,10.0,cash,2023-01-14,2023-01-21
TB103021,2024-12-05,CB1173,PB1037,SB111,4,20.0,UPI,2024-12-05,2024-12-08
TB103022,2024-04-07,CB1287,PB1037,SB107,9,20.0,CARD,2024-04-08,2024-04-26
TB103023,2024-05-17,CB1127,PB1051,SB106,5,5.0,Net Banking,2024-05-17,2024-06-14
TB103024,2023-09-28,CB1178,PB1073,SB118,1,20.0,CARD,2023-09-28,2023-10-23
TB103025,2023-09-08,CB1047,PB1021,SB102,5,10.0,net banking,2023-09-08,2023-10-04
TB103026,2024-11-13,CB1308,PB1079,SB105,10,10.0,UPI,2024-11-15,2024-11-27
TB103027,2023-08-30,CB1102,PB1010,SB116,7,15.0,net banking,2023-08-30,2023-09-06
TB103028,2024-09-24,CB1034,PB1117,SB101,3,10.0,Net Banking,2024-09-26,2024-10-07
TB103029,2024-01-09,CB1290,PB1027,SB115,2,10.0,cash,2024-01-11,2024-02-04
TB103030,2023-07-20,CB1229,PB1010,SB108,7,5.0,upi,2023-07-22,2023-07-26
TB103031,2025-09-13,CB1066,PB1055,SB109,7,,net banking,2025-09-14,2025-09-21
TB103032,2024-10-14,CB1129,PB1050,SB104,7,20.0,Card,2024-10-14,2024-11-04
TB103033,2023-02-22,CB1118,PB1004,SB101,8,0.0,Card,2023-02-24,2023-03-09
TB103034,2025-12-27,CB1032,PB1025,SB106,5,5.0,upi,2025-12-28,2026-01-07
TB103035,2023-05-09,CB1182,PB1002,SB111,6,5.0,upi,2023-05-10,2023-06-01
TB103036,2024-07-08,CB1298,PB1082,SB104,2,5.0,Cash,2024-07-08,2024-07-31
TB103037,2024-05-01,CB1227,PB1063,SB115,9,0.0,Card,2024-05-03,2024-05-29
TB103038,2024-06-18,CB1129,PB1111,SB105,6,5.0,Card,2024-06-19,2024-07-08
TB103039,2023-07-11,CB1322,PB1103,SB111,5,5.0,upi,2023-07-13,2023-07-30
TB103040,2024-01-05,CB1278,PB1062,SB116,5,0.0,UPI,2024-01-07,2024-02-05
TB103041,2025-06-02,CB1102,PB1027,SB108,10,15.0,Card,2025-06-03,2025-06-23
TB103042,2026-02-17,CB1317,PB1008,SB106,6,0.0,cash,2026-02-18,2026-03-01
TB103043,2025-08-14,CB1222,PB1036,SB102,5,,cash,2025-08-16,2025-09-02
TB103044,2025-10-28,CB1099,PB1107,SB118,9,20.0,Card,2025-10-29,2025-11-21
TB103045,2024-10-18,CB1070,PB1052,SB106,8,,UPI,2024-10-20,2024-11-02
TB103046,2025-11-06,CB1338,PB1075,SB106,3,15.0,cash,2025-11-07,2025-11-19
TB103047,2024-09-16,CB1192,PB1011,SB113,6,,Card,2024-09-16,2024-10-13
TB103048,2026-02-11,CB1005,PB1097,SB104,6,5.0,Card,2026-02-11,2026-02-16
TB103049,2024-12-23,CB1087,PB1097,SB110,7,,net banking,2024-12-25,2025-01-19
TB103050,2023-12-19,CB1129,PB1113,SB106,10,5.0,UPI,2023-12-21,2024-01-03
TB103051,2023-07-05,CB1141,PB1012,SB110,4,5.0,Card,2023-07-05,2023-07-30
TB103052,2023-01-24,CB1202,PB1022,SB115,7,,UPI,2023-01-24,2023-02-12
TB103053,2023-10-03,CB1176,PB1106,SB102,5,0.0,cash,2023-10-04,2023-10-16
TB103054,2025-05-31,CB1146,PB1083,SB102,8,0.0,UPI,2025-05-31,2025-06-05
TB103055,2024-04-19,CB1295,PB1029,SB108,2,0.0,cash,2024-04-21,2024-04-23
TB103056,2024-02-16,CB1083,PB1039,SB115,3,5.0,upi,2024-02-18,2024-03-08
TB103057,2023-06-27,CB1024,PB1054,SB101,1,15.0,Card,2023-06-29,2023-07-06
TB103058,2025-08-02,CB1205,PB1036,SB113,6,0.0,upi,2025-08-03,2025-08-24
TB103059,2025-05-06,CB1201,PB1037,SB107,3,15.0,cash,2025-05-06,2025-05-21
TB103060,2023-01-22,CB1238,PB1023,SB107,4,10.0,Cash,2023-01-22,2023-02-09
TB103061,2025-05-17,CB1115,PB1087,SB104,3,15.0,CARD,2025-05-17,2025-05-31
TB103062,2024-02-10,CB1133,PB1037,SB103,10,0.0,Net Banking,2024-02-11,2024-02-14
TB103063,2024-09-05,CB1200,PB1045,SB109,2,5.0,Cash,2024-09-05,2024-10-05
TB103064,2023-08-27,CB1238,PB1061,SB113,3,15.0,cash,2023-08-29,2023-09-04
TB103065,2025-09-03,CB1107,PB1102,SB109,7,0.0,Cash,2025-09-04,2025-10-02
TB103066,2024-01-04,CB1036,PB1061,SB111,7,10.0,cash,2024-01-06,2024-01-07
TB103067,2023-07-24,CB1045,PB1107,SB116,1,15.0,CARD,2023-07-26,2023-08-12
TB103068,2023-12-20,CB1087,PB1037,SB118,1,5.0,CARD,2023-12-21,2024-01-12
TB103069,2025-06-30,CB1255,PB1022,SB108,2,10.0,Cash,2025-07-01,2025-07-09
TB103070,2024-12-08,CB1257,PB1106,SB113,4,10.0,Cash,2024-12-09,2025-01-02
TB103071,2025-07-07,CB1184,PB1112,SB110,3,0.0,cash,2025-07-09,2025-08-02
TB103072,2024-04-06,CB1287,PB1073,SB102,7,5.0,Cash,2024-04-07,2024-05-03
TB103073,2025-08-15,CB1137,PB1009,SB101,7,20.0,UPI,2025-08-15,2025-08-21
TB103074,2024-11-25,CB1247,PB1095,SB109,6,10.0,Card,2024-11-25,2024-12-11
TB103075,2023-07-07,CB1165,PB1100,SB101,4,10.0,UPI,2023-07-08,2023-07-31
TB103076,2024-03-27,CB1345,PB1055,SB102,-1,0.0,Cash,2024-03-28,2024-04-14
TB103077,2025-09-27,CB1151,PB1029,SB115,2,15.0,Cash,2025-09-29,2025-10-19
TB103078,2024-07-18,CB1193,PB1011,SB118,7,0.0,net banking,2024-07-18,2024-08-01
TB103079,2024-12-20,CB1068,PB1087,SB113,8,15.0,CARD,2024-12-21,2024-12-29
TB103080,2025-04-07,CB1338,PB1039,SB103,6,0.0,cash,2025-04-09,2025-05-08
TB103081,2025-11-25,CB1031,PB1020,SB115,1,20.0,net banking,2025-11-27,2025-12-16
TB103082,2023-12-08,CB1265,PB1040,SB111,1,0.0,UPI,2023-12-10,2024-01-05
TB103083,2025-07-19,CB1011,PB1038,SB108,7,20.0,cash,2025-07-21,2025-08-16
TB103084,2025-04-23,CB1117,PB1091,SB108,1,10.0,net banking,2025-04-24,2025-04-25
TB103085,2024-06-30,CB1109,PB1004,SB113,4,20.0,net banking,2024-07-01,2024-07-19
TB103086,2025-06-20,CB1242,PB1090,SB104,7,0.0,Card,2025-06-22,2025-06-28
TB103087,2024-01-10,CB1244,PB1117,SB109,7,15.0,upi,2024-01-12,2024-01-17
TB103088,2023-02-03,CB1221,PB1043,SB107,9,20.0,cash,2023-02-05,2023-02-19
TB103089,2023-04-06,CB1213,PB1027,SB110,10,5.0,Card,2023-04-07,2023-04-22
TB103090,2025-11-20,CB1205,PB1004,SB111,8,20.0,cash,2025-11-22,2025-12-11
TB103091,2023-02-14,CB1071,PB1018,SB104,10,10.0,net banking,2023-02-16,2023-03-08
TB103092,2023-05-01,CB1040,PB1070,SB113,7,20.0,net banking,2023-05-02,2023-05-22
TB103093,2023-03-02,CB1032,PB1098,SB103,3,5.0,Net Banking,2023-03-03,2023-03-15
TB103094,2023-11-30,CB1243,PB1025,SB106,1,,upi,2023-12-02,2023-12-31
TB103095,2026-03-06,CB1062,PB1072,SB105,8,5.0,Net Banking,2026-03-08,2026-04-06
TB103096,2024-10-23,CB1047,PB1059,SB101,8,5.0,Net Banking,2024-10-23,2024-11-16
TB103097,2024-09-22,CB1301,PB1038,SB106,7,5.0,UPI,2024-09-24,2024-10-02
TB103098,2024-02-27,CB1341,PB1031,SB103,9,20.0,CARD,2024-02-29,2024-03-22
TB103099,2024-10-31,CB1010,PB1015,SB110,10,,cash,2024-11-01,2024-11-22
TB103100,2026-03-04,CB1195,PB1077,SB106,1,15.0,upi,2026-03-06,2026-03-19
TB103101,2024-11-27,CB1189,PB1034,SB117,1,5.0,Card,2024-11-29,2024-12-13
TB103102,2024-07-10,CB1338,PB1101,SB108,5,20.0,UPI,2024-07-10,2024-07-27
TB103103,2023-10-28,CB1239,PB1093,SB118,2,,upi,2023-10-30,2023-11-20
TB103104,2025-04-28,CB1325,PB1049,SB109,7,0.0,CARD,2025-04-29,2025-05-15
TB103105,2023-08-22,CB1297,PB1111,SB102,9,,upi,2023-08-23,2023-09-20
TB103106,2025-02-16,CB1337,PB1019,SB117,10,10.0,upi,2025-02-18,2025-03-17
TB103107,2024-11-03,CB1059,PB1061,SB102,1,15.0,Card,2024-11-03,2024-11-09
TB103108,2025-04-24,CB1025,PB1027,SB101,8,0.0,UPI,2025-04-26,2025-05-05
TB103109,2025-11-26,CB1082,PB1052,SB105,8,0.0,Card,2025-11-28,2025-12-26
TB103110,2025-04-29,CB1154,PB1108,SB117,5,,cash,2025-05-01,2025-05-06
TB103111,2023-03-03,CB1076,PB1067,SB117,8,0.0,cash,2023-03-05,2023-04-01
TB103112,2026-03-03,CB1324,PB1036,SB103,8,,upi,2026-03-03,2026-03-23
TB103113,2025-05-08,CB1058,PB1093,SB113,10,15.0,upi,2025-05-10,2025-05-10
TB103114,2023-12-18,CB1008,PB1072,SB102,3,15.0,Card,2023-12-19,2023-12-31
TB103115,2023-02-04,CB1030,PB1082,SB106,8,0.0,Net Banking,2023-02-04,2023-02-23
TB103116,2024-02-03,CB1138,PB1028,SB111,5,10.0,Net Banking,2024-02-05,2024-03-04
TB103117,2024-01-12,CB1349,PB1106,SB116,9,10.0,UPI,2024-01-14,2024-01-22
TB103118,2023-06-16,CB1339,PB1120,SB105,5,,Cash,2023-06-16,2023-06-16
TB103119,2023-11-29,CB1209,PB1077,SB101,4,10.0,upi,2023-12-01,2023-12-29
TB103120,2023-11-16,CB1005,PB1024,SB118,4,10.0,Cash,2023-11-16,2023-11-30
TB103121,2026-03-13,CB1128,PB1079,SB113,1,,net banking,2026-03-14,2026-03-26
TB103122,2023-01-02,CB1193,PB1041,SB105,4,10.0,Cash,2023-01-02,2023-01-31
TB103123,2023-03-28,CB1131,PB1065,SB103,7,5.0,net banking,2023-03-29,2023-04-09
TB103124,2025-01-22,CB1205,PB1106,SB109,4,0.0,Card,2025-01-23,2025-02-13
TB103125,2023-09-01,CB1232,PB1064,SB108,10,,cash,2023-09-02,2023-09-29
TB103126,2024-07-20,CB1102,PB1017,SB108,3,15.0,Net Banking,2024-07-22,2024-08-03
TB103127,2023-03-20,CB1320,PB1068,SB114,10,15.0,Cash,2023-03-21,2023-04-02
TB103128,2023-05-31,CB1291,PB1105,SB116,5,20.0,Card,2023-05-31,2023-06-11
TB103129,2023-10-04,CB1310,PB1068,SB113,3,10.0,Card,2023-10-06,2023-10-07
TB103130,2023-12-06,CB1006,PB1050,SB114,3,20.0,Net Banking,2023-12-07,2023-12-25
TB103131,2023-05-29,CB1209,PB1023,SB107,10,20.0,cash,2023-05-30,2023-06-29
TB103132,2025-02-11,CB1302,PB1118,SB118,3,20.0,CARD,2025-02-13,2025-03-03
TB103133,2024-03-17,CB1205,PB1072,SB117,8,20.0,net banking,2024-03-18,2024-04-11
TB103134,2025-10-11,CB1223,PB1002,SB110,6,5.0,upi,2025-10-12,2025-10-31
TB103135,2024-05-20,CB1268,PB1111,SB109,1,5.0,CARD,2024-05-21,2024-06-06
TB103136,2023-07-15,CB1098,PB1098,SB103,9,20.0,Card,2023-07-16,2023-07-22
TB103137,2023-09-16,CB1035,PB1038,SB110,1,0.0,UPI,2023-09-17,2023-09-17
TB103138,2025-08-13,CB1157,PB1095,SB108,2,20.0,UPI,2025-08-14,2025-08-18
TB103139,2024-08-05,CB1112,PB1039,SB104,2,20.0,UPI,2024-08-07,2024-09-05
TB103140,2024-02-23,CB1165,PB1020,SB118,8,20.0,net banking,2024-02-25,2024-03-21
TB103141,2023-09-29,CB1223,PB1083,SB111,9,20.0,Net Banking,2023-09-29,2023-10-17
TB103142,2024-08-31,CB1152,PB1117,SB101,3,,cash,2024-08-31,2024-09-23
TB103143,2023-11-06,CB1173,PB1107,SB108,4,5.0,UPI,2023-11-06,2023-11-22
TB103144,2026-03-13,CB1053,PB1080,SB109,10,15.0,Net Banking,2026-03-14,2026-03-27
TB103145,2023-09-14,CB1333,PB1110,SB112,1,20.0,Net Banking,2023-09-16,2023-10-16
TB103146,2025-12-29,CB1243,PB1085,SB112,2,0.0,CARD,2025-12-29,2026-01-26
TB103147,2023-01-06,CB1052,PB1120,SB117,7,15.0,Net Banking,2023-01-07,2023-01-26
TB103148,2026-03-17,CB1004,PB1040,SB108,5,5.0,Cash,2026-03-18,2026-04-02
TB103149,2025-10-02,CB1163,PB1029,SB103,3,,CARD,2025-10-03,2025-10-06
TB103150,2025-09-14,CB1050,PB1002,SB102,7,10.0,net banking,2025-09-16,2025-10-05
TB103151,2025-09-30,CB1038,PB1064,SB112,3,,UPI,2025-10-01,2025-10-07
TB103152,2024-04-07,CB1024,PB1019,SB111,3,20.0,upi,2024-04-08,2024-04-10
TB103153,2024-02-11,CB1236,PB1006,SB107,4,5.0,Cash,2024-02-13,2024-02-28
TB103154,2024-01-12,CB1230,PB1037,SB118,5,10.0,UPI,2024-01-13,2024-02-09
TB103155,2024-07-08,CB1274,PB1054,SB105,8,0.0,CARD,2024-07-09,2024-07-22
TB103156,2024-10-07,CB1212,PB1042,SB103,8,0.0,upi,2024-10-07,2024-11-05
TB103157,2025-08-23,CB1183,PB1012,SB116,9,,CARD,2025-08-25,2025-08-26
TB103158,2023-12-07,CB1138,PB1046,SB113,2,10.0,CARD,2023-12-09,2023-12-27
TB103159,2024-06-07,CB1182,PB1066,SB101,9,0.0,cash,2024-06-07,2024-06-26
TB103160,2024-12-10,CB1165,PB1115,SB115,2,0.0,Cash,2024-12-12,2025-01-04
TB103161,2024-07-09,CB1343,PB1047,SB108,7,20.0,upi,2024-07-11,2024-08-05
TB103162,2025-03-26,CB1002,PB1007,SB110,8,15.0,UPI,2025-03-26,2025-04-15
TB103163,2024-05-18,CB1160,PB1016,SB118,6,10.0,Cash,2024-05-18,2024-06-09
TB103164,2023-02-07,CB1077,PB1023,SB103,9,,UPI,2023-02-07,2023-02-26
TB103165,2024-03-04,CB1021,PB1031,SB117,3,15.0,cash,2024-03-06,2024-03-18
TB103166,2026-01-19,CB1322,PB1089,SB101,5,,net banking,2026-01-21,2026-02-02
TB103167,2025-12-29,CB1165,PB1021,SB111,7,5.0,upi,2025-12-31,2025-12-31
TB103168,2025-02-21,CB1106,PB1111,SB107,10,15.0,CARD,2025-02-22,2025-03-16
TB103169,2024-12-02,CB1029,PB1120,SB107,4,5.0,net banking,2024-12-04,2024-12-17
TB103170,2024-09-06,CB1260,PB1116,SB102,9,0.0,Net Banking,2024-09-07,2024-10-04
TB103171,2025-09-25,CB1286,PB1062,SB102,10,,Card,2025-09-25,2025-10-11
TB103172,2023-03-26,CB1315,PB1012,SB118,10,0.0,Cash,2023-03-28,2023-04-19
TB103173,2024-03-31,CB1200,PB1049,SB104,3,5.0,upi,2024-03-31,2024-04-02
TB103174,2024-11-17,CB1288,PB1007,SB111,6,20.0,Card,2024-11-19,2024-11-27
TB103175,2025-03-28,CB1058,PB1077,SB113,2,,UPI,2025-03-28,2025-04-02
TB103176,2024-08-27,CB1076,PB1003,SB111,3,,CARD,2024-08-28,2024-09-22
TB103177,2025-08-21,CB1140,PB1047,SB109,8,15.0,Cash,2025-08-23,2025-08-23
TB103178,2025-09-10,CB1348,PB1115,SB105,9,0.0,CARD,2025-09-12,2025-10-04
TB103179,2023-06-13,CB1200,PB1096,SB103,5,0.0,cash,2023-06-14,2023-07-08
TB103180,2024-05-14,CB1199,PB1053,SB105,8,15.0,Net Banking,2024-05-16,2024-05-24
TB103181,2024-01-04,CB1193,PB1119,SB101,10,,cash,2024-01-04,2024-01-14
TB103182,2024-04-20,CB1038,PB1095,SB118,7,,Cash,2024-04-20,2024-04-24
TB103183,2023-02-03,CB1230,PB1001,SB107,9,15.0,Net Banking,2023-02-03,2023-02-14
TB103184,2025-11-24,CB1202,PB1031,SB102,1,10.0,Net Banking,2025-11-25,2025-11-26
TB103185,2025-03-21,CB1023,PB1017,SB117,6,0.0,upi,2025-03-21,2025-04-03
TB103186,2025-05-28,CB1280,PB1076,SB104,10,0.0,UPI,2025-05-29,2025-06-24
TB103187,2024-03-19,CB1085,PB1008,SB108,2,20.0,UPI,2024-03-21,2024-03-22
TB103188,2023-10-21,CB1135,PB1044,SB106,10,0.0,CARD,2023-10-22,2023-10-26
TB103189,2025-07-31,CB1188,PB1030,SB104,10,15.0,Card,2025-08-01,2025-08-19
TB103190,2025-03-14,CB1221,PB1006,SB105,9,20.0,net banking,2025-03-14,2025-03-15
TB103191,2024-12-15,CB1132,PB1104,SB109,6,10.0,Card,2024-12-16,2025-01-14
TB103192,2023-03-31,CB1310,PB1037,SB110,9,,cash,2023-04-01,2023-04-10
TB103193,2024-04-06,CB1009,PB1081,SB118,9,0.0,upi,2024-04-08,2024-04-10
TB103194,2026-01-27,CB1272,PB1028,SB110,6,10.0,Cash,2026-01-29,2026-02-10
TB103195,2024-11-07,CB1306,PB1102,SB112,3,5.0,Card,2024-11-08,2024-11-20
TB103196,2023-09-10,CB1162,PB1090,SB114,1,15.0,Net Banking,2023-09-11,2023-09-30
TB103197,2023-01-25,CB1216,PB1108,SB105,2,15.0,Cash,2023-01-25,2023-02-19
TB103198,2026-01-14,CB1152,PB1058,SB105,1,15.0,Net Banking,2026-01-15,2026-01-15
TB103199,2025-04-11,CB1033,PB1047,SB117,6,5.0,cash,2025-04-11,2025-04-15
TB103200,2023-02-25,CB1035,PB1057,SB108,1,5.0,upi,2023-02-25,2023-03-08
TB103201,2025-05-16,CB1217,PB1007,SB112,6,0.0,net banking,2025-05-17,2025-06-11
TB103202,2026-03-17,CB1131,PB1039,SB103,3,5.0,CARD,2026-03-17,2026-03-28
TB103203,2024-05-17,CB1291,PB1034,SB102,8,10.0,Net Banking,2024-05-19,2024-05-29
TB103204,2024-06-25,CB1050,PB1088,SB111,4,10.0,net banking,2024-06-27,2024-07-20
TB103205,2023-04-22,CB1294,PB1120,SB103,2,15.0,Net Banking,2023-04-23,2023-05-16
TB103206,2025-06-09,CB1298,PB1028,SB114,7,10.0,cash,2025-06-11,2025-07-10
TB103207,2025-03-06,CB1166,PB1092,SB116,4,5.0,Cash,2025-03-06,2025-03-23
TB103208,2026-02-19,CB1192,PB1088,SB115,1,20.0,UPI,2026-02-20,2026-03-04
TB103209,2024-01-16,CB1243,PB1103,SB103,8,,Cash,2024-01-16,2024-02-08
TB103210,2024-05-15,CB1289,PB1024,SB106,2,,UPI,2024-05-15,2024-06-09
TB103211,2025-01-07,CB1098,PB1109,SB105,4,5.0,net banking,2025-01-08,2025-01-23
TB103212,2024-03-11,CB1208,PB1038,SB109,10,5.0,UPI,2024-03-13,2024-03-17
TB103213,2024-01-17,CB1123,PB1098,SB106,6,5.0,Net Banking,2024-01-19,2024-02-17
TB103214,2025-07-31,CB1133,PB1022,SB115,3,20.0,net banking,2025-08-01,2025-08-20
TB103215,2024-04-29,CB1115,PB1093,SB118,3,,cash,2024-05-01,2024-05-30
TB103216,2023-10-16,CB1012,PB1074,SB104,3,5.0,Cash,2023-10-16,2023-10-20
TB103217,2023-01-01,CB1117,PB1098,SB106,4,20.0,Cash,2023-01-01,2023-01-14
TB103218,2024-08-23,CB1338,PB1010,SB117,8,10.0,Card,2024-08-23,2024-08-29
TB103219,2023-01-19,CB1044,PB1043,SB109,6,10.0,cash,2023-01-21,2023-02-05
TB103220,2023-09-17,CB1224,PB1073,SB103,6,15.0,CARD,2023-09-18,2023-09-19
TB103221,2026-02-02,CB1202,PB1101,SB110,1,0.0,CARD,2026-02-02,2026-02-05
TB103222,2024-03-13,CB1321,PB1093,SB105,7,5.0,Card,2024-03-15,2024-03-19
TB103223,2025-10-06,CB1105,PB1010,SB114,4,15.0,UPI,2025-10-07,2025-10-21
TB103224,2025-03-26,CB1015,PB1119,SB115,8,10.0,UPI,2025-03-27,2025-04-25
TB103225,2024-02-29,CB1194,PB1103,SB102,4,0.0,cash,2024-03-02,2024-03-13
TB103226,2024-10-03,CB1070,PB1081,SB110,5,20.0,upi,2024-10-03,2024-10-22
TB103227,2023-03-18,CB1028,PB1017,SB116,5,,Cash,2023-03-20,2023-04-04
TB103228,2023-02-07,CB1188,PB1065,SB106,8,15.0,Net Banking,2023-02-09,2023-03-01
TB103229,2025-07-17,CB1002,PB1108,SB114,10,10.0,Card,2025-07-18,2025-07-22
TB103230,2023-01-29,CB1098,PB1104,SB117,7,,cash,2023-01-29,2023-02-05
TB103231,2025-04-06,CB1145,PB1074,SB115,2,15.0,Cash,2025-04-07,2025-05-07
TB103232,2024-10-07,CB1107,PB1014,SB117,10,,CARD,2024-10-09,2024-10-24
TB103233,2026-03-14,CB1278,PB1091,SB109,10,,upi,2026-03-16,2026-03-31
TB103234,2024-06-11,CB1219,PB1005,SB111,9,,cash,2024-06-13,2024-07-12
TB103235,2023-01-30,CB1074,PB1106,SB114,4,,Net Banking,2023-01-31,2023-02-19
TB103236,2024-08-30,CB1303,PB1033,SB113,4,5.0,upi,2024-08-30,2024-09-03
TB103237,2023-09-25,CB1300,PB1091,SB118,9,,upi,2023-09-25,2023-09-30
TB103238,2023-08-02,CB1174,PB1030,SB109,9,10.0,UPI,2023-08-03,2023-08-22
TB103239,2023-01-09,CB1224,PB1095,SB106,8,5.0,Card,2023-01-11,2023-01-13
TB103240,2024-01-31,CB1255,PB1039,SB106,5,,Card,2024-02-02,2024-02-18
TB103241,2024-11-29,CB1252,PB1009,SB117,9,15.0,Card,2024-11-30,2024-12-22
TB103242,2023-09-21,CB1333,PB1062,SB102,9,20.0,cash,2023-09-21,2023-10-05
TB103243,2026-01-24,CB1026,PB1050,SB103,9,15.0,CARD,2026-01-25,2026-01-27
TB103244,2024-06-07,CB1157,PB1060,SB118,7,10.0,Cash,2024-06-09,2024-06-29
TB103245,2025-03-12,CB1264,PB1055,SB115,6,,Cash,2025-03-12,2025-04-05
TB103246,2026-03-07,CB1124,PB1001,SB115,9,,Card,2026-03-08,2026-03-14
TB103247,2024-02-17,CB1279,PB1008,SB105,1,0.0,Net Banking,2024-02-18,2024-03-14
TB103248,2023-06-21,CB1051,PB1054,SB111,1,5.0,cash,2023-06-22,2023-07-04
TB103249,2024-10-14,CB1209,PB1036,SB111,9,,net banking,2024-10-16,2024-10-30
TB103250,2025-12-06,CB1253,PB1046,SB104,6,10.0,Card,2025-12-07,2025-12-17
TB103251,2024-06-05,CB1004,PB1007,SB113,1,10.0,net banking,2024-06-06,2024-06-19
TB103252,2024-11-22,CB1068,PB1038,SB102,9,15.0,cash,2024-11-24,2024-12-19
TB103253,2023-05-27,CB1167,PB1014,SB105,5,10.0,Card,2023-05-28,2023-06-09
TB103254,2024-06-09,CB1302,PB1079,SB116,9,0.0,Cash,2024-06-10,2024-06-18
TB103255,2023-01-11,CB1271,PB1053,SB118,4,5.0,Net Banking,2023-01-11,2023-02-05
TB103256,2023-02-04,CB1241,PB1112,SB102,6,5.0,upi,2023-02-06,2023-03-02
TB103257,2025-07-15,CB1100,PB1006,SB110,7,5.0,Cash,2025-07-15,2025-08-14
TB103258,2023-11-12,CB1032,PB1023,SB102,7,,cash,2023-11-12,2023-11-28
TB103259,2023-04-10,CB1115,PB1004,SB109,9,,upi,2023-04-12,2023-05-01
TB103260,2024-03-11,CB1299,PB1099,SB114,1,20.0,upi,2024-03-12,2024-04-02
TB103261,2025-09-01,CB1070,PB1108,SB109,8,20.0,cash,2025-09-03,2025-09-18
TB103262,2023-11-10,CB1186,PB1050,SB109,-1,0.0,UPI,2023-11-12,2023-11-20
TB103263,2024-09-03,CB1105,PB1046,SB113,8,0.0,net banking,2024-09-04,2024-10-03
TB103264,2024-09-04,CB1256,PB1082,SB108,6,20.0,Cash,2024-09-06,2024-09-06
TB103265,2023-02-08,CB1024,PB1018,SB114,9,,UPI,2023-02-09,2023-02-27
TB103266,2023-12-12,CB1076,PB1084,SB102,5,10.0,CARD,2023-12-14,2024-01-02
TB103267,2023-07-04,CB1072,PB1043,SB117,10,20.0,Cash,2023-07-05,2023-08-03
TB103268,2023-02-05,CB1021,PB1030,SB104,3,10.0,net banking,2023-02-06,2023-02-12
TB103269,2025-07-30,CB1236,PB1047,SB112,7,20.0,upi,2025-07-31,2025-08-09
TB103270,2024-09-24,CB1268,PB1093,SB106,5,15.0,CARD,2024-09-24,2024-10-10
TB103271,2023-01-08,CB1311,PB1041,SB117,3,,Net Banking,2023-01-10,2023-01-26
TB103272,2025-11-19,CB1082,PB1032,SB108,7,20.0,Card,2025-11-20,2025-11-23
TB103273,2025-05-29,CB1281,PB1049,SB109,6,,Card,2025-05-29,2025-06-21
TB103274,2025-07-29,CB1265,PB1027,SB104,5,15.0,net banking,2025-07-30,2025-08-25
TB103275,2024-01-30,CB1094,PB1108,SB107,7,15.0,upi,2024-02-01,2024-02-01
TB103276,2025-01-30,CB1240,PB1070,SB117,2,20.0,Card,2025-01-30,2025-02-24
TB103277,2024-08-26,CB1175,PB1073,SB110,6,15.0,Net Banking,2024-08-26,2024-09-23
TB103278,2026-01-28,CB1079,PB1031,SB105,7,0.0,net banking,2026-01-30,2026-02-25
TB103279,2023-10-23,CB1231,PB1080,SB117,2,15.0,UPI,2023-10-23,2023-11-12
TB103280,2023-11-07,CB1029,PB1005,SB114,10,15.0,cash,2023-11-07,2023-11-14
TB103281,2024-07-12,CB1029,PB1086,SB118,8,,Cash,2024-07-14,2024-07-31
TB103282,2025-08-12,CB1037,PB1081,SB115,5,10.0,Net Banking,2025-08-13,2025-08-31
TB103283,2025-10-13,CB1269,PB1010,SB118,10,5.0,UPI,2025-10-14,2025-10-24
TB103284,2025-07-15,CB1034,PB1046,SB103,9,15.0,cash,2025-07-17,2025-07-23
TB103285,2025-10-08,CB1155,PB1048,SB117,10,20.0,Net Banking,2025-10-10,2025-10-11
TB103286,2023-12-10,CB1259,PB1034,SB118,4,20.0,net banking,2023-12-11,2024-01-06
TB103287,2025-04-21,CB1009,PB1088,SB116,3,0.0,Net Banking,2025-04-21,2025-05-07
TB103288,2023-06-12,CB1349,PB1014,SB106,7,20.0,upi,2023-06-12,2023-06-19
TB103289,2023-02-27,CB1281,PB1113,SB118,2,10.0,upi,2023-03-01,2023-03-28
TB103290,2023-11-13,CB1330,PB1050,SB104,9,20.0,Card,2023-11-15,2023-12-05
TB103291,2023-02-24,CB1206,PB1050,SB102,1,15.0,upi,2023-02-26,2023-03-24
TB103292,2023-04-07,CB1247,PB1100,SB105,4,5.0,Card,2023-04-08,2023-04-26
TB103293,2025-03-04,CB1141,PB1116,SB117,4,5.0,Net Banking,2025-03-06,2025-03-25
TB103294,2024-09-14,CB1125,PB1092,SB111,1,15.0,UPI,2024-09-16,2024-10-14
TB103295,2025-05-11,CB1315,PB1053,SB117,9,15.0,CARD,2025-05-12,2025-05-22
TB103296,2024-01-27,CB1007,PB1103,SB116,8,,net banking,2024-01-28,2024-02-08
TB103297,2024-04-28,CB1052,PB1042,SB111,4,5.0,cash,2024-04-30,2024-05-03
TB103298,2023-03-29,CB1347,PB1116,SB102,8,10.0,cash,2023-03-31,2023-04-27
TB103299,2023-09-18,CB1317,PB1078,SB108,8,20.0,Cash,2023-09-20,2023-09-22
TB103300,2024-07-27,CB1261,PB1069,SB107,6,10.0,upi,2024-07-28,2024-07-29
TB103301,2023-06-06,CB1027,PB1084,SB104,8,10.0,Card,2023-06-07,2023-06-09
TB103302,2024-04-09,CB1102,PB1052,SB118,1,10.0,net banking,2024-04-11,2024-05-06
TB103303,2023-08-22,CB1309,PB1010,SB102,9,15.0,net banking,2023-08-23,2023-09-12
TB103304,2025-07-11,CB1073,PB1030,SB110,1,20.0,Cash,2025-07-13,2025-07-27
TB103305,2025-01-01,CB1211,PB1061,SB110,5,10.0,UPI,2025-01-02,2025-01-18
TB103306,2024-04-19,CB1012,PB1009,SB114,5,15.0,CARD,2024-04-20,2024-05-13
TB103307,2023-10-03,CB1256,PB1065,SB107,4,15.0,upi,2023-10-05,2023-10-15
TB103308,2024-12-28,CB1232,PB1091,SB106,6,15.0,Card,2024-12-30,2025-01-29
TB103309,2025-06-18,CB1287,PB1100,SB107,7,20.0,UPI,2025-06-18,2025-06-21
TB103310,2023-10-07,CB1287,PB1048,SB110,6,0.0,Card,2023-10-09,2023-11-04
TB103311,2024-04-09,CB1193,PB1110,SB112,2,10.0,upi,2024-04-09,2024-04-14
TB103312,2026-01-31,CB1276,PB1032,SB114,5,,Net Banking,2026-02-01,2026-02-21
TB103313,2023-02-19,CB1150,PB1102,SB113,5,5.0,net banking,2023-02-20,2023-03-21
TB103314,2024-06-05,CB1177,PB1096,SB112,2,,Cash,2024-06-06,2024-06-11
TB103315,2023-06-18,CB1059,PB1055,SB103,10,10.0,net banking,2023-06-20,2023-07-05
TB103316,2023-01-07,CB1040,PB1066,SB104,3,5.0,Net Banking,2023-01-08,2023-01-08
TB103317,2026-03-02,CB1051,PB1030,SB110,5,,Cash,2026-03-04,2026-03-06
TB103318,2025-09-09,CB1131,PB1105,SB118,10,0.0,CARD,2025-09-10,2025-10-02
TB103319,2025-09-24,CB1303,PB1104,SB105,3,0.0,Net Banking,2025-09-25,2025-10-04
TB103320,2024-08-14,CB1015,PB1104,SB105,4,5.0,Net Banking,2024-08-16,2024-09-05
TB103321,2024-12-13,CB1197,PB1091,SB106,10,20.0,upi,2024-12-15,2024-12-15
TB103322,2026-02-16,CB1236,PB1016,SB113,8,15.0,Net Banking,2026-02-16,2026-03-01
TB103323,2025-04-27,CB1072,PB1041,SB113,1,0.0,CARD,2025-04-28,2025-05-28
TB103324,2024-07-23,CB1066,PB1018,SB108,3,0.0,Cash,2024-07-23,2024-08-17
TB103325,2026-01-19,CB1217,PB1071,SB108,8,5.0,Net Banking,2026-01-19,2026-01-21
TB103326,2025-09-26,CB1049,PB1061,SB115,1,,upi,2025-09-27,2025-10-16
TB103327,2024-11-01,CB1207,PB1016,SB109,5,10.0,Cash,2024-11-01,2024-11-21
TB103328,2023-02-25,CB1180,PB1009,SB115,4,5.0,Cash,2023-02-27,2023-03-04
TB103329,2025-03-20,CB1193,PB1105,SB102,3,10.0,upi,2025-03-21,2025-04-03
TB103330,2026-01-30,CB1195,PB1028,SB103,3,15.0,cash,2026-01-31,2026-02-07
TB103331,2025-02-20,CB1299,PB1098,SB106,6,10.0,Card,2025-02-22,2025-03-14
TB103332,2025-09-22,CB1048,PB1039,SB102,5,15.0,UPI,2025-09-24,2025-10-08
TB103333,2024-03-19,CB1172,PB1044,SB103,3,0.0,CARD,2024-03-21,2024-03-31
TB103334,2024-07-09,CB1282,PB1052,SB116,5,,Card,2024-07-10,2024-08-08
TB103335,2024-01-05,CB1294,PB1001,SB110,4,20.0,net banking,2024-01-07,2024-02-05
TB103336,2024-05-08,CB1142,PB1049,SB103,6,10.0,cash,2024-05-08,2024-05-10
TB103337,2025-09-14,CB1184,PB1012,SB104,3,5.0,Cash,2025-09-15,2025-10-03
TB103338,2025-07-26,CB1163,PB1028,SB103,10,15.0,Card,2025-07-28,2025-08-13
TB103339,2023-01-17,CB1147,PB1032,SB115,6,20.0,net banking,2023-01-18,2023-01-18
TB103340,2025-06-10,CB1027,PB1090,SB117,4,20.0,cash,2025-06-11,2025-06-14
TB103341,2025-10-25,CB1246,PB1032,SB103,9,0.0,Cash,2025-10-25,2025-10-26
TB103342,2024-02-27,CB1034,PB1033,SB108,2,10.0,Net Banking,2024-02-29,2024-03-02
TB103343,2025-09-12,CB1008,PB1063,SB118,2,5.0,upi,2025-09-14,2025-09-27
TB103344,2026-01-28,CB1344,PB1052,SB117,10,0.0,cash,2026-01-29,2026-02-01
TB103345,2025-05-16,CB1028,PB1053,SB118,8,10.0,UPI,2025-05-17,2025-05-21
TB103346,2023-10-20,CB1126,PB1119,SB103,4,20.0,cash,2023-10-21,2023-11-16
TB103347,2024-06-23,CB1007,PB1052,SB102,4,,UPI,2024-06-23,2024-07-15
TB103348,2024-01-14,CB1222,PB1112,SB111,9,5.0,cash,2024-01-14,2024-01-15
TB103349,2023-02-08,CB1148,PB1095,SB104,3,5.0,upi,2023-02-10,2023-02-20
TB103350,2024-08-15,CB1246,PB1005,SB104,7,15.0,cash,2024-08-15,2024-08-15
TB103351,2023-06-04,CB1290,PB1019,SB101,10,,upi,2023-06-05,2023-06-15
TB103352,2025-04-02,CB1266,PB1019,SB105,4,5.0,Card,2025-04-03,2025-05-01
TB103353,2023-10-07,CB1119,PB1112,SB105,6,0.0,Card,2023-10-08,2023-10-09
TB103354,2023-12-27,CB1336,PB1004,SB104,3,15.0,UPI,2023-12-27,2024-01-07
TB103355,2023-06-04,CB1274,PB1040,SB107,5,5.0,CARD,2023-06-04,2023-06-28
TB103356,2026-03-25,CB1187,PB1024,SB117,3,5.0,Net Banking,2026-03-25,2026-03-31
TB103357,2023-08-28,CB1131,PB1043,SB114,10,5.0,Cash,2023-08-28,2023-09-02
TB103358,2024-11-13,CB1257,PB1052,SB110,3,10.0,Cash,2024-11-13,2024-11-19
TB103359,2025-06-25,CB1136,PB1075,SB117,3,0.0,Net Banking,2025-06-26,2025-07-21
TB103360,2025-05-29,CB1299,PB1046,SB108,1,5.0,Net Banking,2025-05-29,2025-06-06
TB103361,2025-07-18,CB1142,PB1085,SB118,4,15.0,cash,2025-07-20,2025-08-10
TB103362,2023-12-30,CB1208,PB1107,SB103,6,5.0,cash,2024-01-01,2024-01-16
TB103363,2023-12-30,CB1171,PB1073,SB103,6,15.0,Cash,2023-12-31,2024-01-30
TB103364,2025-09-26,CB1127,PB1112,SB117,6,5.0,UPI,2025-09-27,2025-10-27
TB103365,2025-05-03,CB1243,PB1101,SB112,5,0.0,CARD,2025-05-04,2025-05-13
TB103366,2024-05-25,CB1082,PB1037,SB115,6,20.0,Cash,2024-05-26,2024-06-22
TB103367,2025-03-17,CB1174,PB1027,SB118,4,10.0,Net Banking,2025-03-18,2025-04-10
TB103368,2023-09-18,CB1174,PB1096,SB108,9,20.0,Card,2023-09-20,2023-10-18
TB103369,2024-08-16,CB1253,PB1119,SB105,7,,Cash,2024-08-16,2024-09-13
TB103370,2023-07-31,CB1329,PB1059,SB114,3,0.0,CARD,2023-08-01,2023-08-16
TB103371,2026-01-25,CB1338,PB1037,SB114,4,10.0,cash,2026-01-25,2026-02-04
TB103372,2025-10-21,CB1014,PB1053,SB104,10,5.0,Net Banking,2025-10-23,2025-11-05
TB103373,2026-01-07,CB1303,PB1082,SB108,8,20.0,upi,2026-01-07,2026-01-16
TB103374,2025-04-30,CB1043,PB1013,SB113,9,5.0,CARD,2025-04-30,2025-05-11
TB103375,2025-08-03,CB1255,PB1104,SB107,1,5.0,net banking,2025-08-03,2025-08-03
TB103376,2023-09-25,CB1003,PB1013,SB109,3,15.0,Net Banking,2023-09-26,2023-09-27
TB103377,2025-09-14,CB1285,PB1115,SB105,1,,Net Banking,2025-09-16,2025-10-14
TB103378,2024-07-17,CB1063,PB1037,SB113,3,0.0,CARD,2024-07-19,2024-07-25
TB103379,2024-09-01,CB1329,PB1036,SB105,6,5.0,Card,2024-09-02,2024-09-14
TB103380,2025-03-06,CB1106,PB1118,SB107,7,10.0,upi,2025-03-08,2025-03-17
TB103381,2025-07-31,CB1323,PB1116,SB110,10,20.0,UPI,2025-07-31,2025-08-23
TB103382,2024-03-16,CB1259,PB1109,SB103,5,20.0,upi,2024-03-17,2024-04-12
TB103383,2024-01-07,CB1150,PB1073,SB115,7,,upi,2024-01-09,2024-01-22
TB103384,2025-04-19,CB1350,PB1114,SB118,7,0.0,CARD,2025-04-20,2025-05-11
TB103385,2024-03-23,CB1017,PB1014,SB113,2,20.0,upi,2024-03-24,2024-03-31
TB103386,2023-12-14,CB1059,PB1052,SB108,1,20.0,Cash,2023-12-15,2024-01-09
TB103387,2023-03-11,CB1140,PB1035,SB107,4,5.0,net banking,2023-03-11,2023-03-17
TB103388,2025-05-08,CB1274,PB1102,SB104,5,5.0,Cash,2025-05-09,2025-05-30
TB103389,2023-04-04,CB1046,PB1094,SB102,5,,upi,2023-04-06,2023-04-23
TB103390,2025-06-08,CB1038,PB1033,SB118,1,5.0,upi,2025-06-09,2025-06-28
TB103391,2023-08-01,CB1336,PB1091,SB103,10,10.0,UPI,2023-08-02,2023-08-02
TB103392,2023-04-08,CB1078,PB1068,SB118,1,5.0,Net Banking,2023-04-09,2023-04-29
TB103393,2025-05-04,CB1038,PB1113,SB102,1,20.0,CARD,2025-05-04,2025-05-16
TB103394,2024-08-20,CB1257,PB1115,SB111,5,5.0,Cash,2024-08-20,2024-08-23
TB103395,2026-02-07,CB1108,PB1041,SB107,1,5.0,upi,2026-02-08,2026-03-08
TB103396,2025-05-21,CB1344,PB1013,SB116,10,15.0,upi,2025-05-21,2025-06-12
TB103397,2024-02-25,CB1166,PB1101,SB116,2,0.0,upi,2024-02-27,2024-03-10
TB103398,2023-06-26,CB1051,PB1075,SB110,3,5.0,UPI,2023-06-27,2023-06-30
TB103399,2023-10-05,CB1083,PB1120,SB117,1,15.0,upi,2023-10-06,2023-11-03
TB103400,2024-08-15,CB1236,PB1109,SB110,9,5.0,cash,2024-08-15,2024-08-18
TB103401,2023-10-07,CB1312,PB1028,SB114,2,,net banking,2023-10-08,2023-11-06
TB103402,2025-11-10,CB1220,PB1025,SB103,5,15.0,CARD,2025-11-11,2025-11-26
TB103403,2026-02-08,CB1155,PB1079,SB104,8,,Net Banking,2026-02-08,2026-02-09
TB103404,2023-09-08,CB1329,PB1020,SB104,4,5.0,cash,2023-09-10,2023-09-19
TB103405,2024-08-04,CB1043,PB1118,SB111,4,,CARD,2024-08-04,2024-08-06
TB103406,2024-11-09,CB1339,PB1024,SB113,7,20.0,upi,2024-11-09,2024-11-22
TB103407,2025-04-12,CB1086,PB1042,SB106,6,10.0,net banking,2025-04-14,2025-04-22
TB103408,2024-09-30,CB1145,PB1063,SB103,6,5.0,net banking,2024-09-30,2024-09-30
TB103409,2026-01-16,CB1267,PB1068,SB112,5,20.0,Net Banking,2026-01-18,2026-02-09
TB103410,2025-03-10,CB1307,PB1029,SB102,10,20.0,UPI,2025-03-12,2025-03-21
TB103411,2025-01-26,CB1222,PB1058,SB112,6,,Net Banking,2025-01-26,2025-02-13
TB103412,2024-03-02,CB1075,PB1110,SB106,5,20.0,net banking,2024-03-03,2024-03-14
TB103413,2023-06-26,CB1069,PB1098,SB112,7,15.0,Net Banking,2023-06-27,2023-07-01
TB103414,2025-01-21,CB1244,PB1003,SB102,1,15.0,upi,2025-01-21,2025-01-29
TB103415,2024-08-25,CB1114,PB1001,SB113,2,10.0,Net Banking,2024-08-27,2024-09-25
TB103416,2024-01-04,CB1228,PB1100,SB104,9,,UPI,2024-01-05,2024-01-06
TB103417,2023-01-08,CB1278,PB1077,SB102,7,15.0,Cash,2023-01-10,2023-02-05
TB103418,2023-07-25,CB1004,PB1061,SB114,3,20.0,Card,2023-07-26,2023-07-30
TB103419,2024-01-29,CB1180,PB1112,SB106,2,0.0,Card,2024-01-31,2024-02-23
TB103420,2024-04-14,CB1090,PB1072,SB105,3,5.0,Cash,2024-04-14,2024-05-01
TB103421,2023-01-27,CB1080,PB1068,SB107,6,15.0,cash,2023-01-29,2023-02-06
TB103422,2024-08-31,CB1020,PB1093,SB118,2,10.0,Cash,2024-08-31,2024-08-31
TB103423,2025-07-15,CB1191,PB1114,SB104,4,0.0,upi,2025-07-17,2025-08-11
TB103424,2024-05-19,CB1100,PB1041,SB115,6,0.0,Card,2024-05-20,2024-06-10
TB103425,2023-12-04,CB1004,PB1102,SB114,3,20.0,Cash,2023-12-06,2023-12-22
TB103426,2023-08-29,CB1251,PB1072,SB102,6,,net banking,2023-08-31,2023-09-22
TB103427,2025-12-09,CB1009,PB1109,SB103,9,5.0,UPI,2025-12-09,2025-12-09
TB103428,2024-09-06,CB1125,PB1039,SB103,6,10.0,cash,2024-09-06,2024-09-25
TB103429,2023-09-16,CB1148,PB1061,SB118,5,0.0,Net Banking,2023-09-18,2023-10-12
TB103430,2025-07-19,CB1282,PB1005,SB106,3,,upi,2025-07-20,2025-08-12
TB103431,2025-11-10,CB1012,PB1050,SB108,4,20.0,cash,2025-11-12,2025-11-29
TB103432,2025-10-16,CB1345,PB1030,SB115,1,,upi,2025-10-18,2025-11-07
TB103433,2023-10-26,CB1228,PB1033,SB108,10,,Net Banking,2023-10-26,2023-11-02
TB103434,2026-03-25,CB1166,PB1045,SB116,9,10.0,cash,2026-03-25,2026-04-04
TB103435,2026-03-17,CB1143,PB1024,SB101,9,0.0,Net Banking,2026-03-18,2026-04-09
TB103436,2025-05-30,CB1184,PB1115,SB105,5,0.0,Net Banking,2025-06-01,2025-06-21
TB103437,2023-01-31,CB1199,PB1043,SB114,1,,net banking,2023-02-01,2023-02-03
TB103438,2024-05-07,CB1228,PB1115,SB102,6,10.0,upi,2024-05-07,2024-05-21
TB103439,2025-03-28,CB1048,PB1119,SB108,7,15.0,Net Banking,2025-03-29,2025-04-02
TB103440,2026-02-21,CB1030,PB1018,SB112,9,20.0,CARD,2026-02-21,2026-03-02
TB103441,2023-02-11,CB1205,PB1079,SB106,8,5.0,Net Banking,2023-02-13,2023-02-21
TB103442,2024-08-28,CB1093,PB1042,SB101,8,15.0,Cash,2024-08-29,2024-09-07
TB103443,2024-01-13,CB1090,PB1028,SB110,5,5.0,UPI,2024-01-13,2024-02-05
TB103444,2023-03-07,CB1158,PB1015,SB111,3,15.0,cash,2023-03-08,2023-03-10
TB103445,2024-05-20,CB1274,PB1044,SB111,6,0.0,net banking,2024-05-21,2024-06-09
TB103446,2024-07-31,CB1090,PB1107,SB116,7,0.0,Net Banking,2024-08-02,2024-08-31
TB103447,2023-01-31,CB1232,PB1008,SB108,6,5.0,CARD,2023-01-31,2023-02-08
TB103448,2024-03-29,CB1346,PB1077,SB110,6,20.0,cash,2024-03-31,2024-04-04
TB103449,2024-01-07,CB1328,PB1069,SB105,6,0.0,Net Banking,2024-01-07,2024-02-03
TB103450,2024-04-08,CB1310,PB1056,SB113,3,0.0,Card,2024-04-08,2024-04-16
TB103451,2023-07-05,CB1152,PB1021,SB105,8,0.0,Card,2023-07-06,2023-07-11
TB103452,2023-02-24,CB1278,PB1119,SB106,8,15.0,upi,2023-02-25,2023-02-27
TB103453,2025-01-05,CB1208,PB1049,SB107,3,20.0,net banking,2025-01-07,2025-01-14
TB103454,2023-01-11,CB1017,PB1028,SB104,6,5.0,CARD,2023-01-12,2023-01-19
TB103455,2023-11-18,CB1184,PB1001,SB106,9,10.0,Card,2023-11-20,2023-11-21
TB103456,2023-04-03,CB1025,PB1014,SB108,10,,CARD,2023-04-04,2023-04-07
TB103457,2024-03-09,CB1310,PB1063,SB103,8,5.0,UPI,2024-03-10,2024-03-29
TB103458,2023-01-05,CB1298,PB1083,SB111,3,0.0,Net Banking,2023-01-05,2023-01-25
TB103459,2023-07-23,CB1193,PB1092,SB109,6,5.0,net banking,2023-07-24,2023-07-28
TB103460,2023-05-12,CB1308,PB1040,SB101,6,10.0,net banking,2023-05-14,2023-06-06
TB103461,2023-10-20,CB1112,PB1018,SB108,6,10.0,upi,2023-10-20,2023-10-20
TB103462,2025-02-27,CB1274,PB1099,SB103,8,15.0,Cash,2025-03-01,2025-03-21
TB103463,2024-11-09,CB1126,PB1057,SB101,5,15.0,upi,2024-11-10,2024-11-19
TB103464,2024-08-28,CB1054,PB1118,SB103,10,,net banking,2024-08-29,2024-09-04
TB103465,2025-10-18,CB1175,PB1008,SB112,7,,Card,2025-10-19,2025-11-01
TB103466,2025-08-22,CB1065,PB1004,SB106,2,15.0,upi,2025-08-24,2025-09-21
TB103467,2024-10-19,CB1340,PB1010,SB102,7,0.0,Card,2024-10-20,2024-11-06
TB103468,2023-09-28,CB1201,PB1062,SB118,2,,net banking,2023-09-28,2023-09-30
TB103469,2023-02-19,CB1105,PB1043,SB108,7,15.0,Card,2023-02-20,2023-03-12
TB103470,2023-11-06,CB1277,PB1046,SB105,2,15.0,upi,2023-11-06,2023-11-27
TB103471,2023-10-10,CB1146,PB1083,SB117,9,,cash,2023-10-11,2023-11-06
TB103472,2025-04-28,CB1043,PB1037,SB105,2,15.0,Cash,2025-04-28,2025-05-27
TB103473,2024-01-30,CB1233,PB1107,SB111,4,0.0,CARD,2024-01-30,2024-01-31
TB103474,2026-03-12,CB1125,PB1090,SB103,3,,CARD,2026-03-14,2026-04-01
TB103475,2023-10-21,CB1338,PB1081,SB117,10,10.0,Net Banking,2023-10-22,2023-11-04
TB103476,2025-02-17,CB1275,PB1092,SB109,8,5.0,upi,2025-02-19,2025-02-25
TB103477,2025-10-02,CB1212,PB1044,SB103,8,5.0,cash,2025-10-04,2025-10-21
TB103478,2024-03-06,CB1051,PB1100,SB109,2,0.0,UPI,2024-03-08,2024-03-12
TB103479,2025-03-05,CB1202,PB1038,SB106,7,,Net Banking,2025-03-06,2025-03-11
TB103480,2025-06-30,CB1074,PB1063,SB106,2,10.0,Cash,2025-06-30,2025-07-27
TB103481,2024-10-09,CB1188,PB1087,SB113,8,5.0,cash,2024-10-10,2024-10-17
TB103482,2025-03-01,CB1271,PB1057,SB117,5,15.0,Cash,2025-03-03,2025-03-18
TB103483,2025-05-22,CB1148,PB1091,SB112,10,10.0,upi,2025-05-22,2025-05-27
TB103484,2023-02-14,CB1162,PB1001,SB114,3,,Card,2023-02-15,2023-02-28
TB103485,2026-03-08,CB1171,PB1110,SB104,9,15.0,Card,2026-03-09,2026-03-19
TB103486,2023-04-22,CB1214,PB1092,SB116,8,5.0,Card,2023-04-23,2023-05-17
TB103487,2024-04-18,CB1315,PB1057,SB107,1,,Cash,2024-04-20,2024-04-30
TB103488,2024-07-05,CB1057,PB1039,SB114,10,5.0,cash,2024-07-05,2024-07-07
TB103489,2023-01-09,CB1253,PB1060,SB118,5,5.0,UPI,2023-01-09,2023-01-13
TB103490,2024-08-10,CB1238,PB1110,SB105,10,,cash,2024-08-11,2024-08-26
TB103491,2023-08-27,CB1235,PB1004,SB107,1,,CARD,2023-08-29,2023-09-07
TB103492,2025-12-20,CB1285,PB1088,SB105,8,10.0,CARD,2025-12-20,2025-12-22
TB103493,2024-01-31,CB1029,PB1119,SB109,3,,cash,2024-02-01,2024-02-21
TB103494,2023-05-12,CB1205,PB1099,SB115,8,15.0,UPI,2023-05-14,2023-06-12
TB103495,2025-03-20,CB1344,PB1018,SB117,4,,Net Banking,2025-03-20,2025-04-02
TB103496,2024-02-15,CB1078,PB1004,SB102,3,0.0,Cash,2024-02-15,2024-02-18
TB103497,2025-10-27,CB1279,PB1027,SB107,5,15.0,CARD,2025-10-28,2025-11-01
TB103498,2025-05-16,CB1012,PB1102,SB117,7,20.0,Card,2025-05-17,2025-06-07
TB103499,2026-01-11,CB1106,PB1049,SB101,2,15.0,cash,2026-01-13,2026-01-25
TB103500,2024-06-02,CB1307,PB1018,SB101,7,10.0,cash,2024-06-04,2024-07-03
TB103501,2025-05-08,CB1059,PB1111,SB107,1,,Card,2025-05-09,2025-05-27
TB103502,2024-06-19,CB1111,PB1048,SB102,10,0.0,UPI,2024-06-21,2024-07-02
TB103503,2023-06-08,CB1201,PB1015,SB116,5,10.0,cash,2023-06-08,2023-07-06
TB103504,2025-12-22,CB1277,PB1113,SB102,1,,CARD,2025-12-24,2026-01-15
TB103505,2025-12-08,CB1147,PB1033,SB103,1,20.0,UPI,2025-12-10,2025-12-26
TB103506,2024-07-31,CB1179,PB1052,SB113,2,5.0,cash,2024-07-31,2024-08-08
TB103507,2023-06-05,CB1268,PB1082,SB104,4,10.0,Cash,2023-06-07,2023-06-13
TB103508,2025-11-20,CB1235,PB1041,SB112,5,15.0,UPI,2025-11-22,2025-11-28
TB103509,2024-02-08,CB1053,PB1119,SB113,1,,cash,2024-02-08,2024-02-27
TB103510,2025-02-20,CB1231,PB1071,SB109,8,0.0,UPI,2025-02-21,2025-03-07
TB103511,2023-07-06,CB1337,PB1014,SB113,8,5.0,CARD,2023-07-08,2023-07-09
TB103512,2025-09-17,CB1055,PB1047,SB117,2,15.0,Net Banking,2025-09-19,2025-09-22
TB103513,2025-05-18,CB1292,PB1074,SB116,2,0.0,Net Banking,2025-05-20,2025-06-02
TB103514,2025-06-17,CB1104,PB1085,SB107,9,,Card,2025-06-18,2025-07-06
TB103515,2025-04-27,CB1015,PB1043,SB118,6,0.0,CARD,2025-04-27,2025-05-12
TB103516,2025-02-06,CB1035,PB1076,SB112,9,10.0,Net Banking,2025-02-06,2025-02-14
TB103517,2024-11-01,CB1190,PB1032,SB112,9,5.0,CARD,2024-11-02,2024-11-24
TB103518,2024-05-21,CB1084,PB1037,SB106,9,20.0,Net Banking,2024-05-23,2024-06-12
TB103519,2025-03-30,CB1247,PB1043,SB118,8,0.0,UPI,2025-04-01,2025-04-05
TB103520,2023-05-17,CB1218,PB1055,SB118,5,20.0,net banking,2023-05-19,2023-05-29
TB103521,2024-03-02,CB1078,PB1101,SB117,1,5.0,cash,2024-03-02,2024-03-28
TB103522,2024-02-23,CB1246,PB1097,SB113,3,15.0,Net Banking,2024-02-23,2024-03-22
TB103523,2026-02-21,CB1036,PB1082,SB112,6,10.0,UPI,2026-02-23,2026-03-02
TB103524,2023-12-04,CB1154,PB1055,SB104,6,20.0,CARD,2023-12-05,2023-12-09
TB103525,2023-01-10,CB1275,PB1118,SB116,1,5.0,Card,2023-01-12,2023-01-26
TB103526,2023-01-17,CB1086,PB1062,SB116,9,5.0,net banking,2023-01-19,2023-02-02
TB103527,2025-07-22,CB1257,PB1038,SB105,2,0.0,cash,2025-07-24,2025-08-23
TB103528,2023-09-20,CB1200,PB1026,SB101,9,15.0,UPI,2023-09-22,2023-10-15
TB103529,2023-01-18,CB1038,PB1007,SB105,3,0.0,Cash,2023-01-19,2023-02-17
TB103530,2023-10-16,CB1251,PB1028,SB102,5,,cash,2023-10-16,2023-10-25
TB103531,2025-09-17,CB1049,PB1097,SB114,8,15.0,upi,2025-09-19,2025-10-10
TB103532,2025-08-30,CB1223,PB1045,SB113,10,10.0,Net Banking,2025-08-30,2025-09-11
TB103533,2025-07-21,CB1313,PB1093,SB113,10,0.0,CARD,2025-07-22,2025-07-31
TB103534,2024-02-03,CB1009,PB1079,SB112,1,10.0,Card,2024-02-04,2024-02-28
TB103535,2023-11-27,CB1350,PB1092,SB112,7,5.0,CARD,2023-11-28,2023-12-28
TB103536,2025-07-28,CB1066,PB1108,SB103,3,,upi,2025-07-30,2025-08-05
TB103537,2024-06-13,CB1235,PB1003,SB112,1,,Cash,2024-06-13,2024-07-02
TB103538,2025-09-06,CB1059,PB1043,SB116,1,15.0,upi,2025-09-08,2025-09-15
TB103539,2023-06-19,CB1023,PB1009,SB113,2,,Card,2023-06-20,2023-06-21
TB103540,2025-05-08,CB1069,PB1052,SB112,1,20.0,CARD,2025-05-08,2025-05-08
TB103541,2024-06-19,CB1234,PB1111,SB118,10,10.0,CARD,2024-06-20,2024-07-19
TB103542,2024-03-27,CB1106,PB1046,SB116,9,20.0,upi,2024-03-28,2024-04-06
TB103543,2024-01-18,CB1242,PB1073,SB103,7,20.0,Cash,2024-01-18,2024-01-27
TB103544,2025-02-26,CB1212,PB1082,SB113,9,,Cash,2025-02-26,2025-03-26
TB103545,2024-05-06,CB1254,PB1089,SB105,2,5.0,Net Banking,2024-05-06,2024-05-06
TB103546,2025-05-16,CB1159,PB1051,SB118,3,20.0,cash,2025-05-17,2025-05-21
TB103547,2024-06-24,CB1343,PB1017,SB110,8,5.0,UPI,2024-06-26,2024-07-24
TB103548,2023-03-22,CB1011,PB1070,SB113,3,,UPI,2023-03-22,2023-04-13
TB103549,2023-06-26,CB1009,PB1041,SB103,7,,UPI,2023-06-27,2023-07-18
TB103550,2026-02-19,CB1254,PB1113,SB104,3,5.0,Net Banking,2026-02-20,2026-02-28
TB103551,2024-02-20,CB1121,PB1041,SB114,4,,CARD,2024-02-22,2024-02-23
TB103552,2025-02-20,CB1046,PB1117,SB102,1,5.0,UPI,2025-02-22,2025-03-16
TB103553,2023-03-19,CB1302,PB1031,SB103,10,20.0,net banking,2023-03-21,2023-03-22
TB103554,2025-12-03,CB1273,PB1006,SB106,5,0.0,CARD,2025-12-03,2025-12-26
TB103555,2024-11-18,CB1172,PB1070,SB106,2,10.0,UPI,2024-11-20,2024-12-20
TB103556,2024-04-16,CB1325,PB1057,SB114,4,10.0,Net Banking,2024-04-16,2024-05-15
TB103557,2023-07-01,CB1088,PB1069,SB101,7,15.0,upi,2023-07-01,2023-07-25
TB103558,2023-10-15,CB1267,PB1009,SB112,7,,Cash,2023-10-15,2023-11-05
TB103559,2025-07-28,CB1178,PB1117,SB108,1,15.0,upi,2025-07-30,2025-08-07
TB103560,2023-06-30,CB1109,PB1087,SB108,9,,UPI,2023-06-30,2023-07-11
TB103561,2025-06-05,CB1230,PB1080,SB117,10,5.0,Cash,2025-06-06,2025-07-05
TB103562,2023-10-13,CB1158,PB1018,SB114,2,20.0,CARD,2023-10-13,2023-10-30
TB103563,2025-08-29,CB1054,PB1052,SB116,1,10.0,Net Banking,2025-08-30,2025-09-22
TB103564,2025-09-07,CB1254,PB1062,SB113,9,0.0,Card,2025-09-09,2025-10-06
TB103565,2025-12-23,CB1121,PB1056,SB118,7,5.0,cash,2025-12-25,2026-01-19
TB103566,2023-02-20,CB1328,PB1021,SB115,7,,Net Banking,2023-02-20,2023-03-15
TB103567,2023-12-19,CB1222,PB1056,SB115,7,5.0,UPI,2023-12-21,2023-12-26
TB103568,2026-03-13,CB1330,PB1051,SB103,8,5.0,Net Banking,2026-03-15,2026-04-06
TB103569,2024-10-27,CB1347,PB1115,SB118,10,20.0,UPI,2024-10-27,2024-11-01
TB103570,2025-08-07,CB1163,PB1073,SB118,4,20.0,upi,2025-08-08,2025-08-26
TB103571,2023-10-05,CB1246,PB1060,SB105,8,20.0,Net Banking,2023-10-06,2023-10-16
TB103572,2024-10-22,CB1152,PB1004,SB118,7,15.0,CARD,2024-10-24,2024-11-19
TB103573,2026-02-14,CB1013,PB1041,SB101,9,,upi,2026-02-15,2026-03-17
TB103574,2024-08-18,CB1199,PB1043,SB116,2,15.0,CARD,2024-08-18,2024-09-11
TB103575,2026-03-16,CB1181,PB1112,SB113,10,5.0,cash,2026-03-16,2026-04-15
TB103576,2023-07-10,CB1332,PB1015,SB110,2,15.0,Net Banking,2023-07-12,2023-07-29
TB103577,2023-03-22,CB1023,PB1001,SB106,6,,Cash,2023-03-22,2023-04-18
TB103578,2024-07-06,CB1268,PB1058,SB118,3,,net banking,2024-07-08,2024-07-30
TB103579,2024-12-16,CB1329,PB1003,SB105,4,0.0,CARD,2024-12-18,2025-01-01
TB103580,2023-02-06,CB1175,PB1082,SB101,3,,upi,2023-02-06,2023-02-09
TB103581,2025-11-04,CB1253,PB1036,SB106,1,,UPI,2025-11-05,2025-12-01
TB103582,2025-04-02,CB1077,PB1024,SB106,6,20.0,CARD,2025-04-04,2025-04-24
TB103583,2024-01-23,CB1325,PB1072,SB101,2,5.0,Net Banking,2024-01-24,2024-02-12
TB103584,2023-12-11,CB1011,PB1018,SB109,4,15.0,Card,2023-12-11,2023-12-11
TB103585,2025-02-27,CB1133,PB1090,SB115,3,15.0,cash,2025-03-01,2025-03-23
TB103586,2024-05-04,CB1013,PB1090,SB111,5,,net banking,2024-05-05,2024-06-04
TB103587,2023-07-08,CB1201,PB1085,SB112,5,10.0,Net Banking,2023-07-10,2023-08-03
TB103588,2025-10-12,CB1278,PB1116,SB116,7,,CARD,2025-10-13,2025-10-14
TB103589,2025-01-11,CB1113,PB1033,SB111,6,10.0,upi,2025-01-13,2025-01-22
TB103590,2024-07-28,CB1275,PB1085,SB114,9,15.0,cash,2024-07-29,2024-08-18
TB103591,2025-11-18,CB1260,PB1026,SB110,5,,CARD,2025-11-18,2025-12-09
TB103592,2024-12-24,CB1214,PB1107,SB116,3,15.0,CARD,2024-12-26,2025-01-12
TB103593,2025-06-08,CB1161,PB1031,SB105,9,10.0,UPI,2025-06-09,2025-07-05
TB103594,2025-08-01,CB1003,PB1119,SB117,8,20.0,Cash,2025-08-02,2025-08-13
TB103595,2024-05-14,CB1313,PB1072,SB107,7,,Cash,2024-05-14,2024-06-07
TB103596,2024-09-07,CB1306,PB1089,SB111,7,,UPI,2024-09-07,2024-10-04
TB103597,2024-12-30,CB1164,PB1103,SB102,5,,cash,2024-12-30,2025-01-23
TB103598,2023-03-07,CB1206,PB1060,SB106,5,20.0,UPI,2023-03-09,2023-03-14
TB103599,2023-04-15,CB1309,PB1098,SB107,3,10.0,UPI,2023-04-16,2023-04-22
TB103600,2025-08-15,CB1073,PB1109,SB111,8,,Cash,2025-08-16,2025-08-23
TB103601,2024-12-08,CB1124,PB1072,SB101,1,,upi,2024-12-10,2024-12-30
TB103602,2025-05-13,CB1057,PB1046,SB102,6,20.0,Card,2025-05-13,2025-05-23
TB103603,2023-01-10,CB1288,PB1013,SB110,3,0.0,CARD,2023-01-11,2023-01-21
TB103604,2024-12-04,CB1238,PB1077,SB109,3,0.0,CARD,2024-12-04,2025-01-01
TB103605,2024-04-03,CB1041,PB1103,SB104,4,10.0,upi,2024-04-04,2024-04-23
TB103606,2023-10-19,CB1015,PB1036,SB106,10,10.0,Net Banking,2023-10-19,2023-11-09
TB103607,2025-01-03,CB1077,PB1071,SB114,5,15.0,Net Banking,2025-01-03,2025-01-31
TB103608,2024-01-11,CB1269,PB1047,SB116,1,0.0,CARD,2024-01-13,2024-01-24
TB103609,2025-12-18,CB1179,PB1038,SB111,6,,upi,2025-12-18,2026-01-04
TB103610,2024-06-15,CB1310,PB1106,SB103,1,15.0,CARD,2024-06-17,2024-07-11
TB103611,2024-10-25,CB1177,PB1107,SB112,5,15.0,cash,2024-10-25,2024-10-27
TB103612,2024-03-26,CB1214,PB1018,SB116,1,,Card,2024-03-28,2024-04-11
TB103613,2026-01-18,CB1127,PB1057,SB109,4,15.0,Net Banking,2026-01-18,2026-01-31
TB103614,2023-07-15,CB1244,PB1048,SB114,6,0.0,Card,2023-07-15,2023-08-11
TB103615,2025-05-21,CB1218,PB1004,SB117,3,0.0,Cash,2025-05-22,2025-06-19
TB103616,2025-12-12,CB1201,PB1021,SB101,8,,UPI,2025-12-12,2025-12-28
TB103617,2025-05-18,CB1221,PB1031,SB101,10,0.0,CARD,2025-05-20,2025-05-27
TB103618,2024-11-19,CB1031,PB1040,SB111,8,,UPI,2024-11-19,2024-12-02
TB103619,2024-11-06,CB1074,PB1118,SB105,9,20.0,Net Banking,2024-11-08,2024-11-27
TB103620,2025-06-21,CB1111,PB1036,SB108,3,0.0,UPI,2025-06-21,2025-07-12
TB103621,2024-09-23,CB1333,PB1020,SB102,5,0.0,Card,2024-09-25,2024-10-06
TB103622,2025-01-26,CB1153,PB1047,SB102,7,5.0,Card,2025-01-28,2025-02-23
TB103623,2026-02-06,CB1055,PB1032,SB109,4,,Card,2026-02-06,2026-03-03
TB103624,2025-08-23,CB1194,PB1060,SB106,8,10.0,upi,2025-08-24,2025-09-17
TB103625,2023-08-14,CB1013,PB1096,SB110,10,10.0,Cash,2023-08-16,2023-08-26
TB103626,2024-02-02,CB1332,PB1039,SB108,4,,Net Banking,2024-02-02,2024-02-18
TB103627,2025-02-01,CB1335,PB1110,SB106,1,0.0,net banking,2025-02-01,2025-03-02
TB103628,2025-09-17,CB1165,PB1003,SB114,2,,Card,2025-09-17,2025-10-08
TB103629,2023-08-23,CB1065,PB1050,SB111,10,15.0,upi,2023-08-25,2023-09-23
TB103630,2025-07-14,CB1058,PB1108,SB114,9,5.0,Card,2025-07-14,2025-08-10
TB103631,2023-06-20,CB1251,PB1030,SB105,9,,Card,2023-06-22,2023-06-23
TB103632,2023-07-20,CB1291,PB1116,SB103,7,5.0,cash,2023-07-22,2023-08-08
TB103633,2025-06-25,CB1248,PB1015,SB101,7,15.0,cash,2025-06-25,2025-07-16
TB103634,2023-10-08,CB1250,PB1001,SB115,8,,Cash,2023-10-10,2023-10-26
TB103635,2024-12-10,CB1192,PB1111,SB107,2,20.0,UPI,2024-12-12,2025-01-04
TB103636,2024-06-04,CB1091,PB1001,SB105,1,0.0,Net Banking,2024-06-05,2024-06-15
TB103637,2025-12-02,CB1314,PB1005,SB107,9,15.0,Cash,2025-12-02,2025-12-19
TB103638,2024-12-10,CB1258,PB1052,SB115,6,20.0,Net Banking,2024-12-10,2024-12-15
TB103639,2023-04-07,CB1005,PB1078,SB107,5,0.0,Cash,2023-04-07,2023-04-27
TB103640,2025-04-15,CB1153,PB1081,SB103,6,15.0,Card,2025-04-17,2025-05-09
TB103641,2024-05-06,CB1023,PB1010,SB108,2,20.0,Card,2024-05-07,2024-05-24
TB103642,2025-07-03,CB1052,PB1032,SB108,6,0.0,Cash,2025-07-03,2025-07-05
TB103643,2025-02-07,CB1082,PB1020,SB101,5,20.0,upi,2025-02-07,2025-02-10
TB103644,2024-04-26,CB1186,PB1102,SB108,3,20.0,Card,2024-04-28,2024-05-19
TB103645,2023-03-06,CB1345,PB1050,SB117,2,5.0,upi,2023-03-08,2023-03-31
TB103646,2025-04-21,CB1276,PB1073,SB103,4,0.0,net banking,2025-04-21,2025-05-04
TB103647,2024-05-17,CB1239,PB1096,SB117,1,20.0,Cash,2024-05-19,2024-05-31
TB103648,2025-09-22,CB1022,PB1003,SB112,1,5.0,Card,2025-09-23,2025-10-08
TB103649,2023-06-15,CB1026,PB1061,SB101,2,,net banking,2023-06-16,2023-07-08
TB103650,2023-08-22,CB1187,PB1112,SB101,9,10.0,cash,2023-08-23,2023-08-30
TB103651,2023-08-02,CB1271,PB1048,SB103,1,15.0,upi,2023-08-02,2023-08-08
TB103652,2023-06-14,CB1186,PB1034,SB112,5,,Net Banking,2023-06-16,2023-06-24
TB103653,2025-08-25,CB1174,PB1050,SB104,6,15.0,Card,2025-08-25,2025-09-13
TB103654,2025-07-17,CB1225,PB1058,SB104,4,0.0,Net Banking,2025-07-18,2025-08-02
TB103655,2023-10-17,CB1206,PB1014,SB105,6,20.0,Net Banking,2023-10-18,2023-10-25
TB103656,2025-02-20,CB1191,PB1047,SB116,1,5.0,CARD,2025-02-21,2025-03-10
TB103657,2025-07-28,CB1245,PB1096,SB110,9,20.0,UPI,2025-07-28,2025-08-03
TB103658,2023-12-06,CB1342,PB1049,SB103,5,5.0,Cash,2023-12-08,2023-12-12
TB103659,2024-08-31,CB1254,PB1055,SB107,3,15.0,CARD,2024-09-01,2024-09-29
TB103660,2023-01-02,CB1037,PB1104,SB115,2,,Net Banking,2023-01-03,2023-02-02
TB103661,2023-07-18,CB1192,PB1024,SB110,2,5.0,CARD,2023-07-20,2023-07-29
TB103662,2023-08-19,CB1107,PB1114,SB114,7,20.0,Cash,2023-08-21,2023-09-02
TB103663,2025-09-08,CB1161,PB1049,SB118,7,10.0,Net Banking,2025-09-08,2025-10-04
TB103664,2025-11-11,CB1194,PB1071,SB118,4,0.0,CARD,2025-11-12,2025-12-11
TB103665,2023-01-07,CB1250,PB1088,SB108,4,20.0,Net Banking,2023-01-07,2023-01-15
TB103666,2024-04-09,CB1296,PB1024,SB105,6,0.0,upi,2024-04-11,2024-05-07
TB103667,2023-12-10,CB1169,PB1077,SB108,7,0.0,Cash,2023-12-11,2024-01-09
TB103668,2023-05-12,CB1194,PB1096,SB105,1,10.0,upi,2023-05-12,2023-06-10
TB103669,2023-06-17,CB1263,PB1021,SB109,3,5.0,net banking,2023-06-19,2023-07-03
TB103670,2023-09-12,CB1275,PB1015,SB115,2,0.0,Net Banking,2023-09-14,2023-09-20
TB103671,2023-04-20,CB1270,PB1079,SB117,8,,Cash,2023-04-21,2023-05-01
TB103672,2026-03-26,CB1315,PB1058,SB102,10,10.0,cash,2026-03-27,2026-04-24
TB103673,2023-11-27,CB1057,PB1036,SB118,2,15.0,Net Banking,2023-11-27,2023-11-30
TB103674,2024-11-18,CB1284,PB1080,SB118,2,20.0,upi,2024-11-19,2024-11-30
TB103675,2023-01-20,CB1324,PB1103,SB111,4,15.0,Net Banking,2023-01-21,2023-01-23
TB103676,2024-05-13,CB1087,PB1077,SB115,2,5.0,cash,2024-05-13,2024-05-26
TB103677,2024-12-22,CB1053,PB1054,SB110,7,5.0,Net Banking,2024-12-23,2025-01-18
TB103678,2024-03-22,CB1037,PB1012,SB107,9,20.0,UPI,2024-03-23,2024-04-21
TB103679,2025-03-13,CB1059,PB1098,SB107,1,5.0,UPI,2025-03-15,2025-04-14
TB103680,2025-10-20,CB1097,PB1102,SB106,6,15.0,upi,2025-10-20,2025-11-02
TB103681,2025-03-07,CB1216,PB1118,SB104,4,,CARD,2025-03-07,2025-04-01
TB103682,2023-06-07,CB1138,PB1075,SB102,6,20.0,UPI,2023-06-08,2023-06-27
TB103683,2024-09-27,CB1244,PB1087,SB106,4,0.0,cash,2024-09-29,2024-10-18
TB103684,2024-08-28,CB1116,PB1044,SB114,9,10.0,CARD,2024-08-29,2024-09-14
TB103685,2026-01-27,CB1112,PB1078,SB105,5,15.0,Card,2026-01-27,2026-01-31
TB103686,2024-10-21,CB1036,PB1107,SB106,5,15.0,cash,2024-10-22,2024-10-25
TB103687,2026-02-16,CB1253,PB1112,SB114,5,,Card,2026-02-16,2026-03-08
TB103688,2023-08-06,CB1208,PB1104,SB102,4,,upi,2023-08-08,2023-08-13
TB103689,2026-01-15,CB1134,PB1046,SB109,10,20.0,upi,2026-01-16,2026-01-23
TB103690,2024-03-01,CB1163,PB1030,SB104,5,20.0,cash,2024-03-03,2024-03-27
TB103691,2025-03-08,CB1125,PB1002,SB116,10,0.0,Net Banking,2025-03-08,2025-04-01
TB103692,2025-12-03,CB1024,PB1084,SB114,10,10.0,Cash,2025-12-05,2025-12-28
TB103693,2025-01-12,CB1323,PB1036,SB102,3,15.0,Card,2025-01-14,2025-01-31
TB103694,2023-08-09,CB1169,PB1084,SB103,4,,Net Banking,2023-08-10,2023-08-25
TB103695,2025-03-31,CB1111,PB1080,SB116,4,0.0,CARD,2025-04-02,2025-04-04
TB103696,2025-05-28,CB1062,PB1062,SB108,3,15.0,Cash,2025-05-29,2025-05-29
TB103697,2023-01-23,CB1068,PB1084,SB106,5,5.0,Card,2023-01-25,2023-02-23
TB103698,2024-07-07,CB1118,PB1104,SB102,9,20.0,Net Banking,2024-07-07,2024-07-29
TB103699,2024-05-18,CB1161,PB1040,SB101,7,5.0,upi,2024-05-18,2024-06-10
TB103700,2026-01-19,CB1138,PB1022,SB110,5,10.0,Cash,2026-01-19,2026-02-08
TB103701,2023-11-15,CB1144,PB1032,SB112,3,0.0,UPI,2023-11-17,2023-12-08
TB103702,2024-09-22,CB1061,PB1086,SB117,2,10.0,Net Banking,2024-09-23,2024-10-06
TB103703,2023-05-14,CB1314,PB1103,SB110,1,10.0,upi,2023-05-15,2023-05-28
TB103704,2024-09-24,CB1277,PB1080,SB103,10,5.0,CARD,2024-09-25,2024-10-06
TB103705,2025-08-15,CB1154,PB1108,SB111,3,10.0,upi,2025-08-15,2025-08-25
TB103706,2023-04-25,CB1039,PB1086,SB103,7,5.0,UPI,2023-04-27,2023-05-26
TB103707,2024-02-13,CB1137,PB1024,SB106,10,10.0,UPI,2024-02-14,2024-02-26
TB103708,2023-12-24,CB1222,PB1075,SB114,7,15.0,Card,2023-12-24,2024-01-08
TB103709,2023-12-10,CB1276,PB1050,SB103,4,5.0,Cash,2023-12-12,2023-12-23
TB103710,2023-07-10,CB1312,PB1087,SB101,4,20.0,CARD,2023-07-10,2023-07-30
TB103711,2024-09-17,CB1151,PB1001,SB113,3,,Net Banking,2024-09-17,2024-09-25
TB103712,2023-12-30,CB1210,PB1025,SB107,5,5.0,Cash,2024-01-01,2024-01-24
TB103713,2025-11-25,CB1132,PB1027,SB116,4,5.0,cash,2025-11-27,2025-12-16
TB103714,2023-07-29,CB1314,PB1033,SB102,7,15.0,Net Banking,2023-07-31,2023-08-16
TB103715,2025-01-11,CB1288,PB1023,SB113,4,10.0,Card,2025-01-12,2025-01-17
TB103716,2026-02-09,CB1138,PB1027,SB111,8,0.0,UPI,2026-02-10,2026-02-20
TB103717,2026-03-28,CB1319,PB1048,SB109,9,20.0,net banking,2026-03-29,2026-04-03
TB103718,2023-01-17,CB1217,PB1037,SB111,10,15.0,CARD,2023-01-17,2023-02-04
TB103719,2024-10-22,CB1169,PB1006,SB109,7,15.0,net banking,2024-10-24,2024-10-27
TB103720,2023-09-13,CB1020,PB1098,SB111,1,5.0,Cash,2023-09-15,2023-10-01
TB103721,2023-10-07,CB1141,PB1037,SB113,4,15.0,Net Banking,2023-10-09,2023-10-25
TB103722,2025-11-23,CB1276,PB1079,SB109,10,15.0,net banking,2025-11-24,2025-12-07
TB103723,2023-02-03,CB1329,PB1003,SB114,8,0.0,UPI,2023-02-04,2023-02-26
TB103724,2023-06-24,CB1042,PB1004,SB107,2,15.0,Cash,2023-06-25,2023-07-14
TB103725,2025-07-06,CB1184,PB1054,SB114,8,15.0,cash,2025-07-06,2025-07-16
TB103726,2023-01-01,CB1259,PB1055,SB101,9,0.0,upi,2023-01-03,2023-01-13
TB103727,2025-02-26,CB1289,PB1114,SB106,5,10.0,CARD,2025-02-27,2025-03-20
TB103728,2024-08-04,CB1328,PB1056,SB117,10,10.0,cash,2024-08-06,2024-08-12
TB103729,2023-02-08,CB1210,PB1053,SB108,6,0.0,net banking,2023-02-09,2023-02-19
TB103730,2024-12-03,CB1092,PB1102,SB118,5,5.0,Net Banking,2024-12-04,2024-12-05
TB103731,2023-05-28,CB1301,PB1022,SB111,9,,net banking,2023-05-29,2023-06-24
TB103732,2023-09-12,CB1170,PB1008,SB108,3,0.0,cash,2023-09-13,2023-10-13
TB103733,2025-10-01,CB1155,PB1066,SB103,7,5.0,Net Banking,2025-10-02,2025-10-25
TB103734,2024-05-25,CB1126,PB1098,SB114,10,10.0,UPI,2024-05-27,2024-06-16
TB103735,2025-02-28,CB1114,PB1003,SB103,6,20.0,UPI,2025-02-28,2025-03-10
TB103736,2023-06-12,CB1194,PB1077,SB111,10,20.0,upi,2023-06-12,2023-06-26
TB103737,2024-03-02,CB1189,PB1019,SB116,9,10.0,net banking,2024-03-02,2024-03-26
TB103738,2024-12-18,CB1111,PB1050,SB111,1,15.0,Net Banking,2024-12-20,2025-01-01
TB103739,2023-10-28,CB1111,PB1033,SB110,7,5.0,Cash,2023-10-28,2023-11-27
TB103740,2024-03-08,CB1261,PB1100,SB113,7,10.0,CARD,2024-03-10,2024-03-29
TB103741,2024-04-21,CB1101,PB1029,SB112,3,0.0,net banking,2024-04-21,2024-05-08
TB103742,2025-05-13,CB1230,PB1113,SB108,1,,upi,2025-05-13,2025-05-28
TB103743,2025-07-03,CB1237,PB1114,SB114,8,10.0,Card,2025-07-04,2025-07-12
TB103744,2025-04-26,CB1228,PB1069,SB111,7,5.0,UPI,2025-04-26,2025-05-08
TB103745,2025-11-09,CB1251,PB1105,SB116,10,20.0,Cash,2025-11-11,2025-12-09
TB103746,2025-10-12,CB1333,PB1031,SB110,5,10.0,cash,2025-10-13,2025-11-01
TB103747,2023-10-11,CB1236,PB1101,SB109,8,5.0,UPI,2023-10-13,2023-10-24
TB103748,2024-05-06,CB1286,PB1061,SB110,7,15.0,UPI,2024-05-07,2024-05-19
TB103749,2024-06-27,CB1240,PB1046,SB103,7,15.0,Cash,2024-06-27,2024-06-27
TB103750,2025-06-30,CB1039,PB1041,SB116,2,10.0,CARD,2025-07-01,2025-07-07
TB103751,2024-03-01,CB1017,PB1083,SB102,1,20.0,Cash,2024-03-01,2024-03-20
TB103752,2023-03-10,CB1260,PB1020,SB108,6,15.0,Cash,2023-03-11,2023-03-22
TB103753,2024-06-23,CB1336,PB1085,SB114,6,20.0,cash,2024-06-24,2024-07-01
TB103754,2024-05-18,CB1347,PB1017,SB114,4,5.0,Net Banking,2024-05-19,2024-06-18
TB103755,2023-03-07,CB1019,PB1034,SB115,1,,UPI,2023-03-09,2023-03-30
TB103756,2026-03-14,CB1126,PB1105,SB110,1,0.0,cash,2026-03-16,2026-03-18
TB103757,2025-05-13,CB1257,PB1073,SB113,10,20.0,cash,2025-05-13,2025-05-15
TB103758,2023-06-14,CB1258,PB1028,SB115,6,0.0,Cash,2023-06-14,2023-07-01
TB103759,2025-04-02,CB1241,PB1058,SB114,5,10.0,upi,2025-04-03,2025-04-05
TB103760,2025-11-11,CB1262,PB1063,SB101,7,,Cash,2025-11-13,2025-12-07
TB103761,2025-08-03,CB1344,PB1084,SB113,7,15.0,Card,2025-08-05,2025-08-23
TB103762,2023-02-02,CB1189,PB1052,SB111,3,,cash,2023-02-04,2023-02-15
TB103763,2023-02-04,CB1142,PB1092,SB106,2,20.0,CARD,2023-02-06,2023-02-26
TB103764,2024-04-19,CB1096,PB1064,SB114,10,5.0,Cash,2024-04-19,2024-05-12
TB103765,2023-02-05,CB1320,PB1069,SB114,4,15.0,Card,2023-02-06,2023-02-14
TB103766,2023-11-15,CB1035,PB1028,SB103,6,0.0,Net Banking,2023-11-15,2023-11-23
TB103767,2025-02-09,CB1231,PB1112,SB108,5,15.0,CARD,2025-02-09,2025-02-18
TB103768,2026-02-04,CB1233,PB1094,SB117,5,0.0,cash,2026-02-06,2026-03-04
TB103769,2023-12-10,CB1066,PB1001,SB107,5,10.0,cash,2023-12-11,2023-12-25
TB103770,2024-06-21,CB1116,PB1101,SB117,3,0.0,net banking,2024-06-22,2024-06-25
TB103771,2024-04-07,CB1212,PB1040,SB116,7,20.0,net banking,2024-04-08,2024-04-10
TB103772,2024-09-11,CB1188,PB1010,SB117,4,0.0,CARD,2024-09-11,2024-09-17
TB103773,2023-01-18,CB1101,PB1035,SB114,6,20.0,cash,2023-01-18,2023-01-29
TB103774,2025-12-30,CB1270,PB1100,SB118,10,5.0,cash,2025-12-30,2026-01-10
TB103775,2023-12-10,CB1309,PB1042,SB111,9,15.0,UPI,2023-12-12,2023-12-15
TB103776,2026-03-28,CB1088,PB1071,SB113,2,,cash,2026-03-30,2026-04-08
TB103777,2025-01-09,CB1236,PB1045,SB106,7,0.0,CARD,2025-01-11,2025-02-06
TB103778,2026-01-06,CB1113,PB1040,SB118,10,0.0,upi,2026-01-06,2026-02-05
TB103779,2026-01-26,CB1101,PB1069,SB103,1,0.0,Cash,2026-01-28,2026-02-21
TB103780,2025-02-27,CB1089,PB1040,SB106,10,5.0,upi,2025-02-27,2025-03-07
TB103781,2025-01-27,CB1027,PB1108,SB104,4,,Card,2025-01-29,2025-02-12
TB103782,2023-05-10,CB1099,PB1038,SB103,8,5.0,upi,2023-05-12,2023-05-22
TB103783,2024-08-28,CB1128,PB1011,SB111,4,0.0,cash,2024-08-30,2024-09-11
TB103784,2025-01-12,CB1165,PB1029,SB102,2,0.0,CARD,2025-01-12,2025-02-08
TB103785,2023-05-01,CB1226,PB1069,SB103,8,0.0,upi,2023-05-02,2023-05-11
TB103786,2023-04-08,CB1185,PB1079,SB118,7,,Cash,2023-04-10,2023-05-08
TB103787,2024-10-02,CB1122,PB1096,SB110,7,15.0,cash,2024-10-03,2024-10-17
TB103788,2024-09-13,CB1306,PB1076,SB104,3,20.0,Card,2024-09-13,2024-10-08
TB103789,2025-04-12,CB1175,PB1020,SB102,5,20.0,Net Banking,2025-04-14,2025-05-11
TB103790,2024-09-20,CB1012,PB1054,SB104,2,20.0,Net Banking,2024-09-22,2024-09-24
TB103791,2025-02-18,CB1031,PB1115,SB117,1,0.0,Card,2025-02-20,2025-03-11
TB103792,2023-11-24,CB1208,PB1069,SB105,2,5.0,Net Banking,2023-11-26,2023-12-04
TB103793,2025-10-28,CB1325,PB1104,SB116,2,,cash,2025-10-28,2025-11-01
TB103794,2025-04-03,CB1292,PB1100,SB113,10,15.0,Card,2025-04-03,2025-04-23
TB103795,2023-03-04,CB1255,PB1074,SB103,5,,UPI,2023-03-06,2023-03-12
TB103796,2023-01-23,CB1339,PB1103,SB112,3,5.0,net banking,2023-01-24,2023-02-11
TB103797,2023-09-23,CB1026,PB1091,SB107,8,,Card,2023-09-23,2023-10-10
TB103798,2023-10-26,CB1137,PB1072,SB111,8,,net banking,2023-10-26,2023-10-27
TB103799,2023-09-21,CB1238,PB1016,SB105,9,5.0,cash,2023-09-22,2023-10-17
TB103800,2023-06-30,CB1170,PB1087,SB117,1,5.0,UPI,2023-07-01,2023-07-11
TB103801,2023-10-29,CB1009,PB1104,SB113,7,20.0,UPI,2023-10-31,2023-11-30
TB103802,2024-08-12,CB1135,PB1002,SB114,3,5.0,cash,2024-08-14,2024-08-14
TB103803,2024-09-07,CB1311,PB1044,SB102,7,15.0,UPI,2024-09-08,2024-09-16
TB103804,2024-06-10,CB1259,PB1043,SB114,10,20.0,Net Banking,2024-06-10,2024-06-30
TB103805,2024-06-15,CB1169,PB1081,SB112,7,0.0,Net Banking,2024-06-15,2024-06-16
TB103806,2023-10-03,CB1272,PB1066,SB117,8,20.0,net banking,2023-10-03,2023-10-19
TB103807,2025-02-19,CB1320,PB1107,SB108,10,,upi,2025-02-20,2025-03-05
TB103808,2024-02-26,CB1332,PB1017,SB105,7,0.0,UPI,2024-02-27,2024-03-19
TB103809,2023-06-30,CB1285,PB1049,SB101,4,,Cash,2023-06-30,2023-07-25
TB103810,2025-09-14,CB1041,PB1097,SB101,8,,CARD,2025-09-16,2025-09-24
TB103811,2025-11-08,CB1132,PB1110,SB117,2,10.0,cash,2025-11-08,2025-11-14
TB103812,2024-05-18,CB1149,PB1040,SB103,10,,upi,2024-05-20,2024-05-25
TB103813,2024-06-15,CB1186,PB1030,SB110,1,20.0,net banking,2024-06-16,2024-07-11
TB103814,2023-09-20,CB1048,PB1095,SB114,6,20.0,net banking,2023-09-22,2023-09-29
TB103815,2024-03-16,CB1114,PB1017,SB113,6,20.0,net banking,2024-03-18,2024-03-19
TB103816,2023-01-17,CB1207,PB1105,SB117,9,20.0,Net Banking,2023-01-19,2023-01-27
TB103817,2024-11-10,CB1304,PB1115,SB106,3,,cash,2024-11-11,2024-12-03
TB103818,2025-12-31,CB1085,PB1092,SB118,9,5.0,UPI,2026-01-02,2026-01-07
TB103819,2023-08-15,CB1192,PB1027,SB102,4,5.0,Net Banking,2023-08-17,2023-08-23
TB103820,2025-11-10,CB1153,PB1088,SB114,9,15.0,net banking,2025-11-12,2025-11-22
TB103821,2025-04-18,CB1313,PB1052,SB109,1,20.0,cash,2025-04-20,2025-05-05
TB103822,2026-02-03,CB1295,PB1042,SB116,5,10.0,cash,2026-02-03,2026-02-18
TB103823,2023-10-28,CB1042,PB1062,SB111,4,10.0,cash,2023-10-28,2023-11-04
TB103824,2024-11-06,CB1319,PB1063,SB109,9,5.0,net banking,2024-11-08,2024-11-28
TB103825,2024-07-20,CB1326,PB1038,SB117,2,,Net Banking,2024-07-20,2024-08-19
TB103826,2023-11-17,CB1334,PB1016,SB116,2,10.0,Net Banking,2023-11-18,2023-12-02
TB103827,2024-06-10,CB1209,PB1046,SB111,10,10.0,upi,2024-06-11,2024-06-18
TB103828,2025-01-03,CB1314,PB1052,SB115,2,10.0,Net Banking,2025-01-05,2025-01-18
TB103829,2024-05-01,CB1106,PB1045,SB117,10,0.0,Card,2024-05-03,2024-05-03
TB103830,2023-05-05,CB1044,PB1098,SB111,1,5.0,net banking,2023-05-05,2023-05-17
TB103831,2023-11-14,CB1065,PB1068,SB109,3,10.0,CARD,2023-11-14,2023-12-13
TB103832,2024-09-17,CB1196,PB1053,SB118,8,5.0,UPI,2024-09-19,2024-10-08
TB103833,2026-03-08,CB1336,PB1089,SB102,7,10.0,upi,2026-03-10,2026-03-26
TB103834,2025-11-02,CB1101,PB1117,SB110,4,0.0,UPI,2025-11-02,2025-11-10
TB103835,2023-05-28,CB1124,PB1048,SB117,8,5.0,Net Banking,2023-05-29,2023-06-25
TB103836,2025-03-30,CB1168,PB1034,SB109,6,0.0,Net Banking,2025-04-01,2025-04-16
TB103837,2023-02-02,CB1202,PB1006,SB114,3,20.0,net banking,2023-02-03,2023-02-10
TB103838,2024-07-01,CB1254,PB1018,SB102,3,15.0,cash,2024-07-03,2024-07-29
TB103839,2024-02-27,CB1320,PB1074,SB103,5,,upi,2024-02-28,2024-03-28
TB103840,2023-11-10,CB1228,PB1095,SB105,7,10.0,cash,2023-11-12,2023-11-28
TB103841,2023-03-29,CB1333,PB1108,SB107,6,10.0,CARD,2023-03-29,2023-03-31
TB103842,2023-02-10,CB1164,PB1071,SB105,6,15.0,upi,2023-02-12,2023-02-27
TB103843,2023-11-22,CB1112,PB1078,SB112,5,15.0,Net Banking,2023-11-23,2023-11-28
TB103844,2025-09-05,CB1203,PB1001,SB115,5,10.0,UPI,2025-09-07,2025-09-23
TB103845,2025-09-11,CB1292,PB1013,SB117,10,,upi,2025-09-12,2025-09-14
TB103846,2025-07-23,CB1079,PB1074,SB109,2,10.0,Cash,2025-07-24,2025-08-04
TB103847,2023-07-16,CB1106,PB1087,SB104,6,5.0,Net Banking,2023-07-17,2023-08-05
TB103848,2024-07-18,CB1345,PB1098,SB108,9,5.0,cash,2024-07-20,2024-08-06
TB103849,2026-03-14,CB1223,PB1045,SB113,8,15.0,cash,2026-03-15,2026-03-23
TB103850,2023-03-17,CB1156,PB1093,SB109,6,10.0,CARD,2023-03-18,2023-03-18
TB103851,2024-09-18,CB1242,PB1085,SB116,9,15.0,upi,2024-09-18,2024-10-12
TB103852,2024-11-19,CB1073,PB1093,SB101,3,20.0,Cash,2024-11-20,2024-12-15
TB103853,2023-04-21,CB1153,PB1111,SB104,4,,cash,2023-04-22,2023-05-04
TB103854,2024-03-07,CB1064,PB1007,SB102,8,15.0,upi,2024-03-08,2024-03-26
TB103855,2023-09-10,CB1233,PB1110,SB108,8,10.0,Cash,2023-09-11,2023-10-01
TB103856,2024-06-22,CB1275,PB1062,SB105,5,0.0,Card,2024-06-22,2024-07-13
TB103857,2024-12-22,CB1206,PB1033,SB104,6,20.0,CARD,2024-12-23,2025-01-06
TB103858,2024-12-02,CB1159,PB1013,SB113,8,,cash,2024-12-03,2024-12-23
TB103859,2025-02-05,CB1078,PB1031,SB105,6,20.0,cash,2025-02-06,2025-02-12
TB103860,2025-02-02,CB1177,PB1063,SB110,10,0.0,net banking,2025-02-03,2025-02-20
TB103861,2025-01-11,CB1207,PB1006,SB105,7,,Cash,2025-01-13,2025-01-16
TB103862,2023-08-29,CB1110,PB1095,SB110,4,5.0,net banking,2023-08-29,2023-09-11
TB103863,2023-01-04,CB1129,PB1052,SB115,2,15.0,upi,2023-01-05,2023-01-05
TB103864,2024-06-05,CB1251,PB1093,SB108,10,,Cash,2024-06-07,2024-06-22
TB103865,2023-09-12,CB1293,PB1044,SB102,6,,CARD,2023-09-14,2023-09-25
TB103866,2025-10-19,CB1019,PB1016,SB115,7,,UPI,2025-10-20,2025-10-31
TB103867,2024-01-27,CB1010,PB1010,SB115,2,15.0,cash,2024-01-29,2024-02-24
TB103868,2023-03-05,CB1225,PB1096,SB102,2,0.0,Net Banking,2023-03-07,2023-04-03
TB103869,2025-07-31,CB1295,PB1005,SB116,5,,Net Banking,2025-08-02,2025-08-27
TB103870,2023-12-31,CB1204,PB1116,SB105,2,10.0,upi,2024-01-02,2024-01-12
TB103871,2025-01-17,CB1300,PB1055,SB115,9,5.0,Net Banking,2025-01-19,2025-02-13
TB103872,2024-05-26,CB1123,PB1048,SB112,8,15.0,Net Banking,2024-05-27,2024-06-02
TB103873,2023-04-04,CB1069,PB1069,SB118,3,15.0,CARD,2023-04-05,2023-04-06
TB103874,2024-07-07,CB1177,PB1105,SB104,4,5.0,CARD,2024-07-07,2024-08-06
TB103875,2023-01-15,CB1310,PB1060,SB110,1,5.0,Card,2023-01-15,2023-01-23
TB103876,2025-10-05,CB1222,PB1052,SB108,4,20.0,cash,2025-10-07,2025-10-16
TB103877,2025-09-09,CB1212,PB1057,SB103,10,,Cash,2025-09-11,2025-10-05
TB103878,2025-12-01,CB1341,PB1007,SB115,1,,CARD,2025-12-01,2025-12-07
TB103879,2025-01-15,CB1079,PB1050,SB101,9,10.0,Card,2025-01-17,2025-01-30
TB103880,2024-12-02,CB1122,PB1115,SB116,7,,Cash,2024-12-02,2025-01-01
TB103881,2023-05-20,CB1200,PB1055,SB104,9,20.0,upi,2023-05-20,2023-06-17
TB103882,2023-09-16,CB1039,PB1034,SB106,3,5.0,cash,2023-09-18,2023-09-22
TB103883,2023-11-22,CB1251,PB1102,SB118,10,0.0,Card,2023-11-23,2023-11-25
TB103884,2024-11-13,CB1164,PB1058,SB109,7,10.0,Cash,2024-11-15,2024-12-12
TB103885,2025-02-12,CB1192,PB1088,SB111,3,5.0,Cash,2025-02-13,2025-03-07
TB103886,2024-08-09,CB1273,PB1086,SB111,2,20.0,upi,2024-08-09,2024-08-12
TB103887,2024-03-13,CB1262,PB1003,SB111,4,15.0,Card,2024-03-14,2024-04-12
TB103888,2023-04-29,CB1052,PB1089,SB107,9,,net banking,2023-04-29,2023-05-16
TB103889,2025-05-28,CB1144,PB1111,SB116,9,0.0,upi,2025-05-30,2025-06-08
TB103890,2024-06-16,CB1015,PB1010,SB109,3,5.0,CARD,2024-06-17,2024-07-08
TB103891,2024-02-11,CB1050,PB1015,SB106,1,10.0,net banking,2024-02-11,2024-02-21
TB103892,2023-12-13,CB1101,PB1001,SB117,1,15.0,net banking,2023-12-15,2023-12-21
TB103893,2025-03-19,CB1294,PB1002,SB114,1,15.0,net banking,2025-03-20,2025-04-03
TB103894,2025-06-10,CB1194,PB1019,SB112,8,5.0,UPI,2025-06-10,2025-06-27
TB103895,2025-09-16,CB1326,PB1054,SB106,2,15.0,upi,2025-09-17,2025-10-07
TB103896,2025-10-18,CB1269,PB1109,SB117,9,10.0,Net Banking,2025-10-18,2025-10-19
TB103897,2026-02-22,CB1257,PB1050,SB108,2,10.0,UPI,2026-02-22,2026-03-15
TB103898,2024-04-08,CB1336,PB1043,SB113,5,15.0,Cash,2024-04-10,2024-04-15
TB103899,2025-05-29,CB1314,PB1011,SB113,10,0.0,UPI,2025-05-30,2025-06-08
TB103900,2024-10-23,CB1312,PB1088,SB101,4,,Net Banking,2024-10-25,2024-11-22
TB103901,2024-05-27,CB1331,PB1002,SB108,8,20.0,Cash,2024-05-29,2024-05-30
TB103902,2023-09-25,CB1306,PB1058,SB102,2,,upi,2023-09-26,2023-10-22
TB103903,2026-02-05,CB1294,PB1013,SB107,9,10.0,Net Banking,2026-02-05,2026-02-28
TB103904,2026-01-20,CB1006,PB1060,SB109,8,15.0,Card,2026-01-20,2026-02-07
TB103905,2023-08-30,CB1307,PB1032,SB113,2,5.0,Card,2023-08-31,2023-09-29
TB103906,2024-11-29,CB1090,PB1015,SB114,3,0.0,UPI,2024-11-29,2024-12-11
TB103907,2026-02-01,CB1142,PB1066,SB101,6,15.0,Card,2026-02-03,2026-02-19
TB103908,2024-04-19,CB1119,PB1097,SB117,9,10.0,Cash,2024-04-19,2024-05-13
TB103909,2024-01-29,CB1003,PB1053,SB112,2,20.0,net banking,2024-01-31,2024-02-26
TB103910,2024-05-05,CB1160,PB1044,SB109,8,0.0,Net Banking,2024-05-06,2024-06-02
TB103911,2026-03-21,CB1063,PB1004,SB106,6,,upi,2026-03-21,2026-04-14
TB103912,2024-09-15,CB1279,PB1032,SB107,3,0.0,upi,2024-09-15,2024-10-14
TB103913,2026-03-16,CB1247,PB1073,SB101,10,20.0,CARD,2026-03-17,2026-03-28
TB103914,2024-11-25,CB1253,PB1011,SB116,8,0.0,UPI,2024-11-27,2024-12-11
TB103915,2024-01-29,CB1232,PB1117,SB102,9,15.0,Cash,2024-01-29,2024-02-09
TB103916,2023-05-31,CB1003,PB1043,SB103,7,,Net Banking,2023-05-31,2023-06-08
TB103917,2024-06-02,CB1303,PB1042,SB107,9,5.0,CARD,2024-06-04,2024-06-29
TB103918,2025-07-06,CB1286,PB1059,SB113,2,10.0,net banking,2025-07-07,2025-07-24
TB103919,2025-08-09,CB1199,PB1036,SB108,1,0.0,Cash,2025-08-11,2025-08-24
TB103920,2024-10-26,CB1233,PB1087,SB108,10,,upi,2024-10-28,2024-11-23
TB103921,2025-08-25,CB1091,PB1034,SB114,4,5.0,net banking,2025-08-25,2025-08-26
TB103922,2024-11-13,CB1060,PB1100,SB101,6,10.0,Cash,2024-11-14,2024-12-12
TB103923,2026-01-16,CB1301,PB1039,SB115,1,20.0,CARD,2026-01-17,2026-02-14
TB103924,2023-08-28,CB1011,PB1110,SB111,7,10.0,Cash,2023-08-30,2023-09-01
TB103925,2023-11-29,CB1299,PB1115,SB112,10,15.0,Cash,2023-11-30,2023-12-01
TB103926,2025-09-04,CB1056,PB1007,SB116,2,0.0,net banking,2025-09-05,2025-10-01
TB103927,2025-03-14,CB1149,PB1087,SB112,6,15.0,Net Banking,2025-03-15,2025-04-12
TB103928,2024-11-30,CB1234,PB1020,SB106,10,20.0,Net Banking,2024-12-01,2024-12-05
TB103929,2026-03-26,CB1138,PB1088,SB101,6,20.0,CARD,2026-03-26,2026-04-04
TB103930,2023-01-22,CB1271,PB1110,SB112,7,10.0,Net Banking,2023-01-24,2023-02-09
TB103931,2023-01-24,CB1306,PB1024,SB114,10,,upi,2023-01-25,2023-02-06
TB103932,2024-03-23,CB1244,PB1005,SB115,9,15.0,net banking,2024-03-25,2024-03-29
TB103933,2025-07-23,CB1021,PB1097,SB107,8,10.0,Net Banking,2025-07-24,2025-08-12
TB103934,2023-10-23,CB1302,PB1024,SB115,8,15.0,upi,2023-10-24,2023-10-31
TB103935,2023-06-24,CB1184,PB1016,SB105,4,15.0,Net Banking,2023-06-24,2023-07-24
TB103936,2023-12-20,CB1277,PB1116,SB106,7,0.0,Cash,2023-12-20,2024-01-10
TB103937,2024-02-18,CB1027,PB1101,SB105,4,5.0,CARD,2024-02-18,2024-02-25
TB103938,2024-04-15,CB1206,PB1105,SB101,1,15.0,Net Banking,2024-04-16,2024-04-24
TB103939,2026-03-05,CB1205,PB1079,SB112,1,5.0,Card,2026-03-06,2026-03-28
TB103940,2024-01-26,CB1166,PB1100,SB105,7,20.0,Cash,2024-01-27,2024-02-10
TB103941,2023-07-05,CB1247,PB1092,SB102,4,10.0,UPI,2023-07-05,2023-07-21
TB103942,2025-02-22,CB1173,PB1037,SB118,9,20.0,net banking,2025-02-23,2025-03-03
TB103943,2024-11-28,CB1324,PB1097,SB117,10,0.0,UPI,2024-11-28,2024-12-01
TB103944,2024-06-08,CB1074,PB1068,SB101,5,10.0,cash,2024-06-08,2024-06-19
TB103945,2024-05-22,CB1187,PB1043,SB101,3,10.0,net banking,2024-05-23,2024-06-05
TB103946,2026-02-15,CB1279,PB1051,SB101,8,20.0,Card,2026-02-16,2026-03-05
TB103947,2023-03-28,CB1087,PB1016,SB108,3,20.0,upi,2023-03-28,2023-04-20
TB103948,2025-09-11,CB1167,PB1072,SB113,10,0.0,Net Banking,2025-09-11,2025-10-09
TB103949,2024-03-03,CB1277,PB1104,SB116,3,20.0,net banking,2024-03-05,2024-03-29
TB103950,2023-11-23,CB1129,PB1103,SB106,2,5.0,Cash,2023-11-25,2023-12-10
TB103951,2026-03-08,CB1296,PB1105,SB104,-1,15.0,net banking,2026-03-09,2026-04-03
TB103952,2026-03-28,CB1219,PB1002,SB108,2,10.0,CARD,2026-03-29,2026-04-07
TB103953,2024-01-10,CB1242,PB1001,SB101,1,20.0,cash,2024-01-12,2024-01-29
TB103954,2023-06-10,CB1250,PB1040,SB111,9,5.0,upi,2023-06-12,2023-06-13
TB103955,2023-11-04,CB1336,PB1097,SB101,3,,upi,2023-11-04,2023-11-08
TB103956,2025-09-28,CB1035,PB1051,SB109,5,10.0,net banking,2025-09-29,2025-10-08
TB103957,2023-10-09,CB1029,PB1112,SB109,2,,Net Banking,2023-10-11,2023-11-07
TB103958,2025-04-30,CB1333,PB1095,SB101,6,15.0,upi,2025-04-30,2025-05-27
TB103959,2024-12-29,CB1230,PB1033,SB109,10,,Card,2024-12-29,2025-01-10
TB103960,2023-04-15,CB1029,PB1062,SB118,7,,cash,2023-04-15,2023-05-12
TB103961,2024-08-21,CB1007,PB1074,SB112,4,5.0,net banking,2024-08-23,2024-09-09
TB103962,2023-10-18,CB1204,PB1069,SB101,4,20.0,Net Banking,2023-10-18,2023-11-09
TB103963,2023-04-11,CB1229,PB1077,SB105,6,10.0,CARD,2023-04-11,2023-05-08
TB103964,2023-10-03,CB1340,PB1069,SB111,5,0.0,upi,2023-10-04,2023-10-19
TB103965,2025-07-31,CB1055,PB1073,SB114,1,10.0,net banking,2025-07-31,2025-08-03
TB103966,2025-09-16,CB1067,PB1045,SB103,10,0.0,Card,2025-09-18,2025-09-22
TB103967,2023-04-05,CB1282,PB1093,SB112,3,20.0,Card,2023-04-05,2023-05-02
TB103968,2024-05-02,CB1231,PB1108,SB101,10,5.0,Cash,2024-05-02,2024-05-24
TB103969,2026-03-24,CB1300,PB1044,SB117,8,5.0,Card,2026-03-26,2026-04-22
TB103970,2023-07-31,CB1166,PB1104,SB104,6,,upi,2023-08-01,2023-08-18
TB103971,2025-05-29,CB1043,PB1037,SB106,8,20.0,UPI,2025-05-29,2025-06-23
TB103972,2025-08-13,CB1057,PB1102,SB110,5,15.0,Card,2025-08-14,2025-09-09
TB103973,2024-09-04,CB1299,PB1053,SB106,4,15.0,Net Banking,2024-09-06,2024-10-01
TB103974,2023-09-24,CB1280,PB1031,SB103,9,0.0,Card,2023-09-25,2023-10-14
TB103975,2024-09-07,CB1121,PB1098,SB114,8,15.0,net banking,2024-09-09,2024-09-27
TB103976,2025-09-10,CB1098,PB1082,SB110,5,10.0,CARD,2025-09-10,2025-10-08
TB103977,2024-12-02,CB1254,PB1022,SB113,9,15.0,cash,2024-12-03,2024-12-22
TB103978,2025-09-02,CB1115,PB1115,SB117,5,15.0,UPI,2025-09-02,2025-09-12
TB103979,2023-11-17,CB1116,PB1035,SB118,1,20.0,UPI,2023-11-19,2023-12-18
TB103980,2024-08-30,CB1215,PB1007,SB101,10,15.0,UPI,2024-08-30,2024-09-08
TB103981,2026-03-08,CB1215,PB1090,SB112,2,20.0,net banking,2026-03-09,2026-03-09
TB103982,2024-04-12,CB1086,PB1052,SB113,5,5.0,Card,2024-04-13,2024-04-26
TB103983,2023-09-15,CB1017,PB1029,SB114,3,20.0,CARD,2023-09-16,2023-09-24
TB103984,2023-04-19,CB1323,PB1008,SB104,5,0.0,cash,2023-04-21,2023-05-15
TB103985,2023-10-31,CB1236,PB1024,SB106,2,0.0,Net Banking,2023-11-01,2023-11-08
TB103986,2024-09-28,CB1216,PB1074,SB101,6,15.0,UPI,2024-09-28,2024-10-06
TB103987,2023-05-15,CB1115,PB1028,SB111,10,5.0,Cash,2023-05-17,2023-05-25
TB103988,2025-07-07,CB1276,PB1082,SB108,10,5.0,cash,2025-07-08,2025-07-13
TB103989,2025-05-04,CB1245,PB1103,SB103,8,,cash,2025-05-06,2025-05-19
TB103990,2024-05-25,CB1221,PB1099,SB106,3,5.0,Cash,2024-05-27,2024-05-27
TB103991,2025-08-10,CB1167,PB1002,SB102,7,5.0,CARD,2025-08-12,2025-09-05
TB103992,2023-10-21,CB1020,PB1091,SB102,10,0.0,Net Banking,2023-10-23,2023-11-10
TB103993,2024-09-07,CB1155,PB1019,SB115,5,0.0,net banking,2024-09-08,2024-09-21
TB103994,2024-05-25,CB1134,PB1085,SB102,6,10.0,Cash,2024-05-27,2024-06-18
TB103995,2023-12-27,CB1318,PB1064,SB105,7,0.0,UPI,2023-12-29,2024-01-05
TB103996,2025-06-05,CB1293,PB1029,SB107,5,10.0,Cash,2025-06-06,2025-07-06
TB103997,2024-04-18,CB1010,PB1036,SB111,10,15.0,CARD,2024-04-20,2024-05-08
TB103998,2024-01-11,CB1241,PB1072,SB108,9,5.0,cash,2024-01-13,2024-01-24
TB103999,2025-07-24,CB1114,PB1032,SB101,2,20.0,net banking,2025-07-24,2025-07-31
TB104000,2024-04-21,CB1026,PB1024,SB108,4,5.0,Net Banking,2024-04-22,2024-05-02
TB104001,2024-09-27,CB1151,PB1098,SB116,3,5.0,Cash,2024-09-27,2024-10-24
TB104002,2023-02-14,CB1098,PB1092,SB115,6,20.0,Card,2023-02-16,2023-03-06
TB104003,2023-04-23,CB1166,PB1118,SB103,1,10.0,Net Banking,2023-04-23,2023-04-30
TB104004,2023-04-09,CB1050,PB1105,SB101,6,5.0,net banking,2023-04-09,2023-04-16
TB104005,2023-07-03,CB1274,PB1110,SB116,6,10.0,UPI,2023-07-04,2023-08-03
TB104006,2024-06-30,CB1078,PB1020,SB110,5,0.0,cash,2024-07-02,2024-07-24
TB104007,2025-03-16,CB1318,PB1021,SB112,10,0.0,cash,2025-03-17,2025-03-19
TB104008,2023-06-29,CB1019,PB1063,SB117,9,5.0,upi,2023-06-29,2023-07-09
TB104009,2023-07-06,CB1011,PB1045,SB108,6,,Cash,2023-07-06,2023-08-01
TB104010,2024-06-04,CB1057,PB1043,SB116,8,,cash,2024-06-04,2024-06-23
TB104011,2025-01-03,CB1222,PB1103,SB108,7,0.0,Card,2025-01-04,2025-02-03
TB104012,2025-11-20,CB1210,PB1032,SB101,5,5.0,Net Banking,2025-11-22,2025-12-12
TB104013,2023-09-04,CB1344,PB1086,SB118,2,5.0,cash,2023-09-06,2023-09-19
TB104014,2025-06-04,CB1001,PB1059,SB114,1,5.0,upi,2025-06-04,2025-06-14
TB104015,2024-10-02,CB1161,PB1078,SB118,1,5.0,Net Banking,2024-10-02,2024-10-11
TB104016,2025-10-22,CB1305,PB1058,SB115,7,,upi,2025-10-23,2025-11-13
TB104017,2024-09-18,CB1013,PB1117,SB117,7,5.0,UPI,2024-09-18,2024-10-09
TB104018,2023-03-19,CB1214,PB1094,SB104,5,0.0,UPI,2023-03-19,2023-03-20
TB104019,2024-03-19,CB1269,PB1065,SB118,9,15.0,upi,2024-03-21,2024-03-25
TB104020,2026-01-06,CB1201,PB1085,SB104,5,0.0,Net Banking,2026-01-08,2026-01-14
TB104021,2024-05-12,CB1261,PB1061,SB118,7,0.0,cash,2024-05-14,2024-05-30
TB104022,2023-07-01,CB1216,PB1120,SB102,6,,cash,2023-07-03,2023-07-29
TB104023,2023-03-14,CB1205,PB1098,SB118,6,15.0,Card,2023-03-16,2023-04-03
TB104024,2025-02-17,CB1007,PB1062,SB105,1,20.0,net banking,2025-02-18,2025-02-23
TB104025,2023-11-17,CB1058,PB1087,SB110,9,,net banking,2023-11-17,2023-12-10
TB104026,2023-11-13,CB1181,PB1054,SB110,4,15.0,UPI,2023-11-15,2023-11-21
TB104027,2025-08-12,CB1274,PB1029,SB102,1,,Net Banking,2025-08-14,2025-08-21
TB104028,2025-06-27,CB1322,PB1073,SB112,10,20.0,upi,2025-06-29,2025-07-23
TB104029,2024-06-06,CB1105,PB1053,SB115,9,20.0,upi,2024-06-07,2024-06-16
TB104030,2024-06-16,CB1019,PB1056,SB113,10,10.0,Net Banking,2024-06-17,2024-07-02
TB104031,2025-07-09,CB1252,PB1115,SB104,6,20.0,upi,2025-07-10,2025-07-12
TB104032,2025-05-20,CB1180,PB1086,SB112,1,15.0,Net Banking,2025-05-21,2025-06-01
TB104033,2024-02-29,CB1025,PB1118,SB115,9,0.0,CARD,2024-03-01,2024-03-08
TB104034,2023-10-28,CB1179,PB1068,SB112,3,0.0,Net Banking,2023-10-28,2023-11-20
TB104035,2024-11-09,CB1247,PB1102,SB108,8,15.0,UPI,2024-11-09,2024-11-16
TB104036,2024-02-14,CB1247,PB1014,SB106,9,15.0,Net Banking,2024-02-14,2024-02-26
TB104037,2023-08-09,CB1345,PB1020,SB101,8,20.0,upi,2023-08-10,2023-08-19
TB104038,2023-10-22,CB1192,PB1105,SB110,3,0.0,cash,2023-10-23,2023-11-13
TB104039,2024-10-19,CB1152,PB1076,SB102,6,0.0,UPI,2024-10-19,2024-11-09
TB104040,2026-02-28,CB1291,PB1109,SB116,4,20.0,Net Banking,2026-03-02,2026-03-31
TB104041,2025-07-27,CB1070,PB1040,SB113,8,20.0,upi,2025-07-27,2025-08-12
TB104042,2025-03-13,CB1128,PB1068,SB108,5,5.0,UPI,2025-03-13,2025-03-13
TB104043,2023-02-26,CB1115,PB1041,SB106,5,0.0,Cash,2023-02-26,2023-03-16
TB104044,2024-04-07,CB1055,PB1057,SB114,5,,cash,2024-04-07,2024-04-22
TB104045,2024-07-09,CB1263,PB1080,SB116,3,15.0,CARD,2024-07-10,2024-08-03
TB104046,2025-01-05,CB1081,PB1019,SB111,7,20.0,Card,2025-01-05,2025-01-21
TB104047,2025-07-15,CB1003,PB1022,SB105,1,15.0,CARD,2025-07-16,2025-08-05
TB104048,2023-03-18,CB1191,PB1049,SB115,1,10.0,net banking,2023-03-18,2023-03-25
TB104049,2023-07-29,CB1266,PB1073,SB102,6,0.0,Cash,2023-07-29,2023-08-09
TB104050,2023-07-29,CB1260,PB1113,SB101,3,,cash,2023-07-31,2023-08-27
TB104051,2023-05-23,CB1278,PB1103,SB104,1,15.0,Card,2023-05-24,2023-06-05
TB104052,2024-03-21,CB1284,PB1038,SB109,9,15.0,net banking,2024-03-23,2024-03-27
TB104053,2023-03-10,CB1214,PB1011,SB111,4,15.0,Card,2023-03-12,2023-03-29
TB104054,2025-08-28,CB1145,PB1039,SB110,9,10.0,Card,2025-08-29,2025-09-17
TB104055,2023-01-31,CB1077,PB1033,SB118,9,10.0,Net Banking,2023-01-31,2023-02-05
TB104056,2024-01-27,CB1121,PB1060,SB103,8,5.0,Cash,2024-01-29,2024-01-31
TB104057,2025-01-21,CB1273,PB1005,SB105,2,0.0,Net Banking,2025-01-21,2025-01-28
TB104058,2025-02-18,CB1063,PB1078,SB108,5,0.0,Net Banking,2025-02-20,2025-03-10
TB104059,2023-01-14,CB1233,PB1120,SB103,5,0.0,upi,2023-01-15,2023-01-17
TB104060,2023-07-28,CB1162,PB1109,SB113,3,20.0,Card,2023-07-30,2023-08-24
TB104061,2024-09-14,CB1283,PB1086,SB107,9,15.0,Cash,2024-09-16,2024-10-01
TB104062,2023-05-10,CB1144,PB1012,SB107,2,10.0,upi,2023-05-10,2023-05-17
TB104063,2025-11-22,CB1160,PB1002,SB111,2,20.0,upi,2025-11-22,2025-11-25
TB104064,2024-04-19,CB1228,PB1112,SB101,2,,Cash,2024-04-19,2024-04-29
TB104065,2024-09-30,CB1213,PB1001,SB109,6,20.0,UPI,2024-10-01,2024-10-02
TB104066,2025-03-02,CB1235,PB1068,SB107,9,10.0,upi,2025-03-03,2025-03-06
TB104067,2023-02-14,CB1200,PB1035,SB111,6,10.0,net banking,2023-02-14,2023-02-17
TB104068,2023-09-14,CB1308,PB1035,SB102,8,10.0,net banking,2023-09-14,2023-09-28
TB104069,2024-07-02,CB1136,PB1034,SB117,8,5.0,net banking,2024-07-02,2024-07-09
TB104070,2023-01-08,CB1312,PB1014,SB108,4,5.0,Net Banking,2023-01-10,2023-02-09
TB104071,2024-08-14,CB1154,PB1010,SB101,7,,Net Banking,2024-08-14,2024-08-19
TB104072,2023-02-04,CB1180,PB1030,SB103,8,15.0,UPI,2023-02-04,2023-02-09
TB104073,2024-12-13,CB1045,PB1088,SB102,4,15.0,upi,2024-12-14,2025-01-12
TB104074,2023-02-24,CB1152,PB1053,SB104,6,15.0,Card,2023-02-26,2023-03-17
TB104075,2024-10-21,CB1148,PB1003,SB102,7,0.0,Cash,2024-10-21,2024-11-02
TB104076,2025-06-21,CB1238,PB1077,SB110,7,20.0,Net Banking,2025-06-22,2025-07-22
TB104077,2025-11-28,CB1265,PB1009,SB115,5,20.0,UPI,2025-11-30,2025-12-08
TB104078,2024-05-19,CB1028,PB1118,SB115,1,0.0,net banking,2024-05-20,2024-06-14
TB104079,2023-01-09,CB1335,PB1062,SB111,4,15.0,Cash,2023-01-09,2023-01-23
TB104080,2024-02-09,CB1271,PB1014,SB104,8,0.0,upi,2024-02-09,2024-03-06
TB104081,2025-06-24,CB1027,PB1005,SB109,7,,UPI,2025-06-24,2025-07-12
TB104082,2023-12-15,CB1045,PB1104,SB112,5,10.0,cash,2023-12-15,2023-12-23
TB104083,2025-05-16,CB1120,PB1086,SB117,4,5.0,Cash,2025-05-17,2025-05-25
TB104084,2026-03-02,CB1192,PB1021,SB108,6,,upi,2026-03-04,2026-03-17
TB104085,2025-09-10,CB1185,PB1032,SB101,4,5.0,UPI,2025-09-12,2025-09-12
TB104086,2024-09-29,CB1093,PB1050,SB113,10,20.0,cash,2024-10-01,2024-10-23
TB104087,2024-03-15,CB1315,PB1062,SB115,2,,CARD,2024-03-17,2024-03-29
TB104088,2023-08-01,CB1219,PB1089,SB105,5,20.0,Cash,2023-08-02,2023-08-08
TB104089,2025-11-03,CB1101,PB1102,SB118,3,,cash,2025-11-04,2025-11-26
TB104090,2025-12-13,CB1319,PB1020,SB116,4,10.0,Net Banking,2025-12-14,2026-01-10
TB104091,2026-02-07,CB1041,PB1119,SB108,5,0.0,Cash,2026-02-08,2026-03-01
TB104092,2026-03-26,CB1312,PB1050,SB115,8,0.0,UPI,2026-03-26,2026-04-20
TB104093,2025-05-31,CB1329,PB1013,SB116,9,10.0,CARD,2025-05-31,2025-06-11
TB104094,2024-10-16,CB1063,PB1050,SB105,2,5.0,cash,2024-10-17,2024-11-05
TB104095,2023-02-20,CB1314,PB1025,SB112,9,20.0,Cash,2023-02-21,2023-03-15
TB104096,2025-03-16,CB1274,PB1089,SB115,10,5.0,UPI,2025-03-17,2025-03-29
TB104097,2023-07-28,CB1185,PB1063,SB101,6,,CARD,2023-07-29,2023-08-19
TB104098,2024-05-01,CB1051,PB1093,SB118,8,5.0,Net Banking,2024-05-02,2024-05-23
TB104099,2025-03-25,CB1165,PB1017,SB102,6,5.0,cash,2025-03-27,2025-04-14
TB104100,2023-02-18,CB1028,PB1001,SB102,7,5.0,upi,2023-02-20,2023-03-21
TB104101,2023-08-16,CB1043,PB1105,SB111,1,,Net Banking,2023-08-18,2023-09-11
TB104102,2023-06-01,CB1099,PB1072,SB109,8,20.0,Cash,2023-06-02,2023-06-04
TB104103,2025-11-19,CB1001,PB1007,SB118,4,0.0,Card,2025-11-19,2025-11-23
TB104104,2024-01-31,CB1294,PB1080,SB102,7,10.0,Net Banking,2024-02-02,2024-02-29
TB104105,2025-09-06,CB1038,PB1008,SB109,4,,Cash,2025-09-06,2025-09-12
TB104106,2025-12-19,CB1322,PB1032,SB114,8,,cash,2025-12-19,2026-01-03
TB104107,2024-10-11,CB1071,PB1017,SB103,10,0.0,Card,2024-10-13,2024-10-26
TB104108,2023-10-14,CB1270,PB1094,SB113,2,5.0,Cash,2023-10-14,2023-10-27
TB104109,2023-09-06,CB1015,PB1020,SB107,4,0.0,Net Banking,2023-09-07,2023-09-19
TB104110,2024-06-20,CB1312,PB1031,SB114,7,,CARD,2024-06-20,2024-07-12
TB104111,2024-10-10,CB1212,PB1109,SB115,2,20.0,Net Banking,2024-10-12,2024-10-31
TB104112,2024-07-14,CB1116,PB1101,SB103,3,5.0,CARD,2024-07-14,2024-08-09
TB104113,2024-01-03,CB1326,PB1104,SB113,3,20.0,net banking,2024-01-04,2024-01-08
TB104114,2023-07-28,CB1237,PB1075,SB109,4,20.0,cash,2023-07-28,2023-08-09
TB104115,2023-12-05,CB1213,PB1098,SB109,10,5.0,Cash,2023-12-05,2023-12-15
TB104116,2024-09-09,CB1323,PB1055,SB118,4,10.0,Net Banking,2024-09-11,2024-09-27
TB104117,2025-11-04,CB1159,PB1101,SB108,2,0.0,CARD,2025-11-04,2025-12-01
TB104118,2023-04-05,CB1267,PB1004,SB111,10,0.0,net banking,2023-04-06,2023-04-14
TB104119,2025-09-07,CB1179,PB1077,SB102,6,10.0,Net Banking,2025-09-07,2025-10-03
TB104120,2023-12-08,CB1027,PB1022,SB112,10,15.0,upi,2023-12-09,2023-12-25
TB104121,2023-11-08,CB1200,PB1031,SB115,5,,Card,2023-11-08,2023-11-30
TB104122,2023-08-27,CB1203,PB1093,SB101,7,,CARD,2023-08-28,2023-09-02
TB104123,2023-10-26,CB1038,PB1069,SB101,5,20.0,Card,2023-10-26,2023-11-05
TB104124,2024-10-16,CB1291,PB1063,SB115,10,20.0,CARD,2024-10-17,2024-11-07
TB104125,2025-07-21,CB1251,PB1110,SB111,6,20.0,cash,2025-07-23,2025-07-29
TB104126,2023-05-19,CB1131,PB1093,SB115,3,,Cash,2023-05-21,2023-06-20
TB104127,2023-06-24,CB1201,PB1119,SB115,4,15.0,UPI,2023-06-24,2023-06-26
TB104128,2024-03-23,CB1182,PB1051,SB115,3,15.0,Net Banking,2024-03-25,2024-04-10
TB104129,2023-08-02,CB1150,PB1094,SB106,9,10.0,CARD,2023-08-02,2023-08-07
TB104130,2024-03-01,CB1022,PB1047,SB113,9,0.0,CARD,2024-03-01,2024-03-26
TB104131,2023-03-07,CB1296,PB1022,SB109,3,20.0,Card,2023-03-09,2023-04-08
TB104132,2025-11-13,CB1021,PB1114,SB116,2,5.0,CARD,2025-11-14,2025-11-21
TB104133,2023-06-20,CB1219,PB1046,SB110,4,15.0,cash,2023-06-20,2023-07-10
TB104134,2023-11-02,CB1004,PB1009,SB115,3,15.0,UPI,2023-11-02,2023-11-02
TB104135,2026-02-01,CB1130,PB1107,SB103,8,20.0,Net Banking,2026-02-02,2026-02-06
TB104136,2023-11-25,CB1108,PB1081,SB113,7,,cash,2023-11-26,2023-12-15
TB104137,2023-05-16,CB1181,PB1043,SB103,6,,UPI,2023-05-16,2023-06-04
TB104138,2023-02-07,CB1263,PB1015,SB110,1,0.0,Cash,2023-02-08,2023-03-08
TB104139,2023-09-21,CB1025,PB1002,SB107,4,5.0,Net Banking,2023-09-21,2023-10-04
TB104140,2023-01-22,CB1165,PB1005,SB105,4,5.0,CARD,2023-01-23,2023-01-27
TB104141,2023-01-06,CB1350,PB1019,SB109,5,5.0,CARD,2023-01-08,2023-02-05
TB104142,2025-07-24,CB1059,PB1056,SB105,10,5.0,UPI,2025-07-25,2025-08-19
TB104143,2023-08-18,CB1064,PB1055,SB114,4,15.0,Net Banking,2023-08-19,2023-09-10
TB104144,2026-02-17,CB1005,PB1032,SB107,5,,UPI,2026-02-18,2026-03-13
TB104145,2024-06-04,CB1010,PB1050,SB104,2,10.0,Net Banking,2024-06-05,2024-06-13
TB104146,2025-03-11,CB1016,PB1088,SB118,1,15.0,Cash,2025-03-12,2025-03-30
TB104147,2024-08-17,CB1052,PB1043,SB104,1,20.0,net banking,2024-08-19,2024-08-29
TB104148,2025-04-13,CB1088,PB1067,SB101,7,20.0,Card,2025-04-14,2025-04-18
TB104149,2024-08-28,CB1163,PB1105,SB101,1,10.0,Net Banking,2024-08-28,2024-08-31
TB104150,2026-03-19,CB1063,PB1043,SB106,4,0.0,cash,2026-03-21,2026-04-03
TB104151,2025-02-01,CB1069,PB1085,SB118,3,5.0,UPI,2025-02-01,2025-02-23
TB104152,2024-10-26,CB1234,PB1083,SB115,4,20.0,Cash,2024-10-28,2024-11-23
TB104153,2024-04-26,CB1157,PB1064,SB113,1,10.0,Card,2024-04-27,2024-05-26
TB104154,2024-11-27,CB1306,PB1047,SB102,4,,upi,2024-11-29,2024-12-26
TB104155,2023-06-28,CB1167,PB1041,SB117,3,10.0,Net Banking,2023-06-28,2023-07-27
TB104156,2024-01-07,CB1283,PB1069,SB106,9,,Net Banking,2024-01-08,2024-01-22
TB104157,2023-03-24,CB1273,PB1076,SB101,5,15.0,CARD,2023-03-24,2023-03-26
TB104158,2023-02-10,CB1260,PB1001,SB116,9,10.0,upi,2023-02-11,2023-03-12
TB104159,2026-01-18,CB1092,PB1078,SB108,3,10.0,cash,2026-01-19,2026-01-21
TB104160,2024-11-03,CB1306,PB1113,SB106,6,10.0,UPI,2024-11-05,2024-11-29
TB104161,2024-10-29,CB1209,PB1057,SB111,10,10.0,net banking,2024-10-31,2024-11-25
TB104162,2025-10-12,CB1349,PB1025,SB115,2,0.0,CARD,2025-10-14,2025-11-02
TB104163,2023-02-07,CB1211,PB1019,SB115,8,10.0,Cash,2023-02-09,2023-02-18
TB104164,2024-10-27,CB1001,PB1071,SB112,7,0.0,net banking,2024-10-29,2024-11-01
TB104165,2023-03-21,CB1093,PB1015,SB107,3,10.0,CARD,2023-03-21,2023-04-18
TB104166,2025-02-15,CB1032,PB1001,SB117,7,20.0,CARD,2025-02-17,2025-03-05
TB104167,2024-07-11,CB1067,PB1086,SB117,2,,CARD,2024-07-12,2024-07-25
TB104168,2023-01-15,CB1200,PB1116,SB104,5,15.0,upi,2023-01-17,2023-02-15
TB104169,2024-05-19,CB1328,PB1062,SB105,10,20.0,net banking,2024-05-21,2024-06-16
TB104170,2023-08-04,CB1025,PB1117,SB108,7,10.0,CARD,2023-08-06,2023-09-04
TB104171,2025-12-02,CB1266,PB1087,SB112,9,,Card,2025-12-04,2025-12-19
TB104172,2025-11-17,CB1315,PB1066,SB113,9,,upi,2025-11-18,2025-12-11
TB104173,2026-01-23,CB1240,PB1051,SB108,10,5.0,UPI,2026-01-24,2026-02-17
TB104174,2026-03-10,CB1122,PB1064,SB110,8,0.0,Cash,2026-03-10,2026-03-30
TB104175,2024-07-20,CB1159,PB1036,SB104,5,,UPI,2024-07-21,2024-08-04
TB104176,2025-07-14,CB1070,PB1050,SB111,7,5.0,Cash,2025-07-15,2025-08-02
TB104177,2024-04-20,CB1291,PB1014,SB113,6,15.0,UPI,2024-04-21,2024-05-15
TB104178,2024-06-14,CB1108,PB1118,SB117,9,20.0,cash,2024-06-14,2024-06-24
TB104179,2026-03-08,CB1294,PB1055,SB112,10,15.0,cash,2026-03-10,2026-03-11
TB104180,2025-07-11,CB1169,PB1054,SB118,8,5.0,upi,2025-07-13,2025-08-06
TB104181,2025-02-13,CB1157,PB1087,SB102,4,10.0,net banking,2025-02-14,2025-03-02
TB104182,2024-03-07,CB1239,PB1060,SB113,2,,upi,2024-03-07,2024-03-21
TB104183,2024-01-31,CB1252,PB1066,SB118,1,0.0,CARD,2024-02-01,2024-02-22
TB104184,2025-03-05,CB1102,PB1092,SB117,4,5.0,cash,2025-03-07,2025-03-12
TB104185,2024-08-01,CB1298,PB1076,SB111,7,5.0,Card,2024-08-01,2024-08-08
TB104186,2026-02-09,CB1115,PB1012,SB105,3,0.0,Net Banking,2026-02-10,2026-03-03
TB104187,2024-10-07,CB1161,PB1089,SB111,4,15.0,upi,2024-10-07,2024-10-12
TB104188,2024-08-06,CB1305,PB1089,SB102,5,5.0,CARD,2024-08-08,2024-08-22
TB104189,2023-10-14,CB1250,PB1010,SB110,8,10.0,Net Banking,2023-10-14,2023-10-21
TB104190,2024-11-06,CB1161,PB1048,SB112,6,5.0,net banking,2024-11-06,2024-11-24
TB104191,2023-03-27,CB1059,PB1061,SB109,7,0.0,upi,2023-03-27,2023-03-28
TB104192,2024-02-03,CB1289,PB1036,SB116,6,10.0,Net Banking,2024-02-04,2024-02-13
TB104193,2023-08-16,CB1128,PB1119,SB103,10,20.0,Card,2023-08-16,2023-08-19
TB104194,2025-09-05,CB1167,PB1004,SB115,7,0.0,Net Banking,2025-09-07,2025-09-30
TB104195,2023-07-31,CB1333,PB1031,SB101,9,5.0,cash,2023-07-31,2023-08-05
TB104196,2025-03-01,CB1181,PB1032,SB101,9,15.0,Cash,2025-03-02,2025-03-11
TB104197,2025-01-29,CB1171,PB1007,SB105,10,10.0,Net Banking,2025-01-30,2025-02-09
TB104198,2024-03-10,CB1256,PB1064,SB116,1,15.0,Cash,2024-03-12,2024-03-22
TB104199,2024-03-19,CB1210,PB1110,SB107,8,5.0,UPI,2024-03-19,2024-04-08
TB104200,2024-06-22,CB1015,PB1067,SB106,1,15.0,CARD,2024-06-24,2024-07-20
TB104201,2025-03-30,CB1218,PB1114,SB101,3,,Card,2025-04-01,2025-04-13
TB104202,2024-01-12,CB1192,PB1044,SB101,8,20.0,Net Banking,2024-01-12,2024-01-13
TB104203,2023-08-02,CB1222,PB1083,SB115,1,20.0,UPI,2023-08-03,2023-08-27
TB104204,2023-05-18,CB1020,PB1008,SB107,3,0.0,CARD,2023-05-19,2023-06-09
TB104205,2024-06-01,CB1224,PB1077,SB116,8,0.0,Card,2024-06-02,2024-06-21
TB104206,2023-08-23,CB1283,PB1084,SB107,2,,CARD,2023-08-24,2023-08-29
TB104207,2024-04-18,CB1306,PB1021,SB113,2,,Card,2024-04-20,2024-05-13
TB104208,2023-08-19,CB1013,PB1062,SB103,4,10.0,Card,2023-08-19,2023-09-15
TB104209,2023-12-21,CB1065,PB1114,SB105,9,0.0,CARD,2023-12-22,2023-12-23
TB104210,2025-08-06,CB1233,PB1100,SB102,3,10.0,cash,2025-08-07,2025-08-30
TB104211,2024-08-08,CB1278,PB1069,SB115,8,10.0,Card,2024-08-10,2024-08-27
TB104212,2026-01-26,CB1078,PB1021,SB117,4,15.0,UPI,2026-01-26,2026-01-27
TB104213,2023-06-12,CB1028,PB1116,SB110,9,20.0,Cash,2023-06-12,2023-06-25
TB104214,2025-05-01,CB1297,PB1042,SB105,9,10.0,Cash,2025-05-03,2025-05-16
TB104215,2025-10-02,CB1010,PB1083,SB114,7,20.0,Cash,2025-10-03,2025-10-03
TB104216,2025-06-20,CB1176,PB1023,SB112,5,,net banking,2025-06-20,2025-07-12
TB104217,2024-03-21,CB1241,PB1064,SB118,5,15.0,Cash,2024-03-22,2024-04-08
TB104218,2023-01-29,CB1140,PB1054,SB111,10,,net banking,2023-01-30,2023-01-30
TB104219,2025-08-16,CB1045,PB1019,SB117,7,0.0,net banking,2025-08-17,2025-09-10
TB104220,2023-11-10,CB1268,PB1008,SB105,7,5.0,Card,2023-11-12,2023-11-21
TB104221,2025-04-01,CB1132,PB1016,SB115,7,0.0,UPI,2025-04-03,2025-04-26
TB104222,2023-01-03,CB1331,PB1067,SB114,2,15.0,UPI,2023-01-04,2023-01-10
TB104223,2024-11-16,CB1278,PB1066,SB101,7,,CARD,2024-11-17,2024-12-10
TB104224,2023-06-02,CB1194,PB1040,SB116,7,,cash,2023-06-04,2023-06-30
TB104225,2023-05-12,CB1098,PB1115,SB104,9,20.0,Card,2023-05-12,2023-05-26
TB104226,2024-06-21,CB1122,PB1048,SB109,6,,upi,2024-06-21,2024-07-08
TB104227,2025-03-27,CB1044,PB1079,SB118,10,20.0,Cash,2025-03-27,2025-03-29
TB104228,2026-02-13,CB1061,PB1061,SB101,1,15.0,Net Banking,2026-02-13,2026-03-01
TB104229,2025-09-22,CB1246,PB1060,SB104,1,5.0,UPI,2025-09-22,2025-10-03
TB104230,2025-08-23,CB1116,PB1055,SB118,4,10.0,cash,2025-08-24,2025-08-25
TB104231,2025-06-25,CB1332,PB1117,SB110,3,15.0,Net Banking,2025-06-27,2025-07-09
TB104232,2023-06-20,CB1047,PB1005,SB101,2,10.0,UPI,2023-06-22,2023-06-23
TB104233,2025-08-18,CB1285,PB1095,SB112,8,0.0,UPI,2025-08-18,2025-09-13
TB104234,2023-12-28,CB1179,PB1086,SB110,3,0.0,net banking,2023-12-28,2024-01-08
TB104235,2023-12-01,CB1350,PB1080,SB106,4,,UPI,2023-12-03,2023-12-27
TB104236,2023-06-17,CB1241,PB1047,SB116,10,5.0,Cash,2023-06-17,2023-07-08
TB104237,2025-08-01,CB1328,PB1030,SB114,6,,cash,2025-08-03,2025-08-25
TB104238,2025-07-13,CB1178,PB1020,SB113,3,10.0,Cash,2025-07-15,2025-07-24
TB104239,2023-12-06,CB1146,PB1015,SB112,7,0.0,CARD,2023-12-06,2023-12-15
TB104240,2025-06-21,CB1048,PB1116,SB107,6,,CARD,2025-06-22,2025-06-23
TB104241,2025-07-28,CB1217,PB1102,SB113,8,5.0,net banking,2025-07-30,2025-08-23
TB104242,2025-02-15,CB1003,PB1108,SB117,7,,cash,2025-02-17,2025-02-20
TB104243,2024-12-04,CB1155,PB1077,SB102,8,0.0,cash,2024-12-05,2024-12-29
TB104244,2025-12-02,CB1265,PB1066,SB103,7,,Cash,2025-12-03,2025-12-22
TB104245,2024-07-12,CB1030,PB1028,SB111,9,0.0,Net Banking,2024-07-14,2024-08-02
TB104246,2023-12-17,CB1228,PB1033,SB109,6,0.0,cash,2023-12-18,2024-01-10
TB104247,2023-02-24,CB1224,PB1027,SB106,9,20.0,Cash,2023-02-26,2023-03-17
TB104248,2025-02-04,CB1303,PB1014,SB104,8,5.0,upi,2025-02-04,2025-02-14
TB104249,2023-07-05,CB1191,PB1103,SB103,9,0.0,Cash,2023-07-07,2023-08-06
TB104250,2025-04-20,CB1284,PB1086,SB111,10,20.0,CARD,2025-04-22,2025-05-05
TB104251,2023-12-06,CB1211,PB1016,SB117,10,10.0,CARD,2023-12-06,2023-12-13
TB104252,2023-04-18,CB1334,PB1036,SB118,4,,UPI,2023-04-20,2023-05-04
TB104253,2023-03-23,CB1136,PB1020,SB112,7,,net banking,2023-03-23,2023-03-27
TB104254,2023-10-02,CB1280,PB1106,SB106,5,10.0,net banking,2023-10-02,2023-10-12
TB104255,2026-01-27,CB1033,PB1110,SB110,3,20.0,net banking,2026-01-27,2026-02-18
TB104256,2024-06-07,CB1229,PB1040,SB113,5,20.0,UPI,2024-06-09,2024-07-02
TB104257,2024-08-26,CB1054,PB1062,SB118,8,5.0,Cash,2024-08-26,2024-09-13
TB104258,2025-08-29,CB1041,PB1059,SB106,7,10.0,net banking,2025-08-29,2025-08-31
TB104259,2024-11-19,CB1074,PB1080,SB106,6,10.0,Net Banking,2024-11-21,2024-11-22
TB104260,2025-07-02,CB1333,PB1080,SB115,9,20.0,net banking,2025-07-03,2025-07-22
TB104261,2025-08-21,CB1263,PB1034,SB115,6,10.0,Cash,2025-08-22,2025-08-31
TB104262,2023-05-22,CB1313,PB1119,SB105,2,0.0,CARD,2023-05-22,2023-05-30
TB104263,2025-05-01,CB1223,PB1024,SB115,10,10.0,cash,2025-05-01,2025-05-23
TB104264,2023-05-12,CB1193,PB1115,SB108,5,5.0,UPI,2023-05-14,2023-06-01
TB104265,2023-08-16,CB1147,PB1101,SB110,9,10.0,net banking,2023-08-16,2023-09-11
TB104266,2024-05-11,CB1209,PB1016,SB103,6,,cash,2024-05-12,2024-06-04
TB104267,2025-04-18,CB1068,PB1090,SB108,3,15.0,UPI,2025-04-20,2025-05-15
TB104268,2025-08-11,CB1315,PB1033,SB117,6,15.0,UPI,2025-08-11,2025-09-01
TB104269,2024-10-09,CB1068,PB1091,SB105,1,15.0,net banking,2024-10-09,2024-10-12
TB104270,2024-09-05,CB1226,PB1087,SB106,4,0.0,net banking,2024-09-05,2024-09-12
TB104271,2023-05-19,CB1146,PB1039,SB115,3,,cash,2023-05-21,2023-06-03
TB104272,2025-05-06,CB1067,PB1081,SB103,2,0.0,CARD,2025-05-06,2025-06-02
TB104273,2026-01-18,CB1096,PB1072,SB116,9,15.0,UPI,2026-01-20,2026-01-20
TB104274,2025-03-20,CB1178,PB1080,SB117,5,10.0,cash,2025-03-21,2025-03-23
TB104275,2025-11-17,CB1222,PB1042,SB110,6,5.0,upi,2025-11-18,2025-11-30
TB104276,2025-12-06,CB1349,PB1067,SB106,9,,cash,2025-12-06,2025-12-11
TB104277,2023-10-13,CB1277,PB1049,SB114,9,5.0,UPI,2023-10-13,2023-11-12
TB104278,2024-10-09,CB1311,PB1068,SB110,10,15.0,Card,2024-10-11,2024-10-19
TB104279,2026-01-04,CB1147,PB1058,SB102,9,5.0,cash,2026-01-06,2026-02-03
TB104280,2023-11-12,CB1346,PB1022,SB118,4,0.0,net banking,2023-11-12,2023-11-19
TB104281,2023-07-06,CB1082,PB1118,SB101,4,5.0,CARD,2023-07-08,2023-08-01
TB104282,2025-06-04,CB1065,PB1101,SB115,5,15.0,net banking,2025-06-05,2025-06-21
TB104283,2026-01-21,CB1340,PB1100,SB111,9,15.0,Card,2026-01-22,2026-01-26
TB104284,2025-08-23,CB1015,PB1093,SB108,7,15.0,Card,2025-08-23,2025-09-08
TB104285,2023-01-13,CB1288,PB1029,SB109,8,15.0,net banking,2023-01-15,2023-02-13
TB104286,2023-06-13,CB1341,PB1069,SB108,3,15.0,CARD,2023-06-15,2023-06-15
TB104287,2024-06-28,CB1246,PB1032,SB111,6,10.0,Net Banking,2024-06-30,2024-07-20
TB104288,2023-12-22,CB1232,PB1064,SB102,3,,UPI,2023-12-22,2024-01-21
TB104289,2024-06-05,CB1183,PB1091,SB116,9,10.0,CARD,2024-06-06,2024-06-12
TB104290,2023-05-05,CB1326,PB1086,SB105,4,15.0,Card,2023-05-05,2023-05-29
TB104291,2026-02-01,CB1160,PB1091,SB106,1,15.0,Cash,2026-02-02,2026-02-28
TB104292,2023-03-27,CB1173,PB1038,SB114,6,10.0,CARD,2023-03-29,2023-04-02
TB104293,2026-03-31,CB1151,PB1014,SB104,1,15.0,Net Banking,2026-04-01,2026-04-29
TB104294,2025-09-03,CB1299,PB1054,SB110,6,0.0,Net Banking,2025-09-05,2025-09-22
TB104295,2025-07-31,CB1195,PB1078,SB101,6,15.0,Cash,2025-07-31,2025-08-16
TB104296,2024-07-24,CB1256,PB1096,SB108,7,10.0,CARD,2024-07-26,2024-08-16
TB104297,2024-01-19,CB1084,PB1037,SB118,2,20.0,cash,2024-01-21,2024-01-26
TB104298,2024-12-22,CB1015,PB1002,SB114,8,,Card,2024-12-24,2025-01-07
TB104299,2024-05-04,CB1299,PB1108,SB109,6,10.0,Card,2024-05-06,2024-05-25
TB104300,2025-05-13,CB1013,PB1082,SB118,7,15.0,cash,2025-05-14,2025-05-15
TB104301,2024-02-27,CB1116,PB1111,SB108,1,5.0,UPI,2024-02-27,2024-02-29
TB104302,2023-08-29,CB1047,PB1111,SB113,8,20.0,Card,2023-08-29,2023-09-21
TB104303,2026-01-19,CB1282,PB1080,SB102,7,10.0,cash,2026-01-19,2026-01-26
TB104304,2026-01-27,CB1060,PB1047,SB107,1,20.0,CARD,2026-01-27,2026-01-28
TB104305,2025-07-25,CB1207,PB1059,SB101,6,5.0,Card,2025-07-26,2025-08-21
TB104306,2025-07-10,CB1037,PB1041,SB113,8,20.0,cash,2025-07-11,2025-07-16
TB104307,2025-06-02,CB1298,PB1086,SB110,8,10.0,cash,2025-06-04,2025-06-23
TB104308,2025-10-10,CB1292,PB1048,SB112,10,10.0,UPI,2025-10-11,2025-10-29
TB104309,2024-12-02,CB1323,PB1050,SB105,4,,upi,2024-12-03,2024-12-31
TB104310,2025-06-26,CB1147,PB1115,SB103,6,20.0,CARD,2025-06-26,2025-07-05
TB104311,2024-12-07,CB1340,PB1115,SB112,3,10.0,Card,2024-12-07,2024-12-29
TB104312,2023-05-07,CB1331,PB1065,SB106,9,,upi,2023-05-08,2023-06-05
TB104313,2025-03-18,CB1313,PB1081,SB106,2,0.0,upi,2025-03-20,2025-03-30
TB104314,2024-09-05,CB1164,PB1020,SB102,5,10.0,CARD,2024-09-06,2024-09-21
TB104315,2023-03-24,CB1319,PB1113,SB109,7,15.0,net banking,2023-03-26,2023-03-30
TB104316,2024-02-19,CB1073,PB1039,SB102,9,,CARD,2024-02-19,2024-03-06
TB104317,2025-01-12,CB1047,PB1101,SB106,3,5.0,Cash,2025-01-14,2025-02-10
TB104318,2024-08-08,CB1299,PB1026,SB114,3,,CARD,2024-08-08,2024-08-31
TB104319,2024-08-16,CB1129,PB1012,SB106,10,0.0,upi,2024-08-18,2024-09-13
TB104320,2026-02-03,CB1182,PB1062,SB111,3,,UPI,2026-02-03,2026-02-14
TB104321,2023-02-25,CB1130,PB1012,SB105,10,15.0,CARD,2023-02-26,2023-03-27
TB104322,2023-11-12,CB1045,PB1071,SB103,1,15.0,upi,2023-11-13,2023-11-22
TB104323,2024-02-22,CB1135,PB1103,SB117,4,,cash,2024-02-23,2024-03-17
TB104324,2025-08-26,CB1320,PB1056,SB106,10,5.0,net banking,2025-08-26,2025-09-01
TB104325,2025-05-25,CB1253,PB1031,SB110,3,0.0,Card,2025-05-27,2025-06-09
TB104326,2023-08-26,CB1318,PB1012,SB107,3,0.0,upi,2023-08-26,2023-08-30
TB104327,2024-04-03,CB1157,PB1072,SB102,10,10.0,Card,2024-04-03,2024-04-05
TB104328,2025-12-12,CB1331,PB1068,SB103,9,20.0,Net Banking,2025-12-14,2025-12-15
TB104329,2025-04-24,CB1097,PB1015,SB104,3,10.0,UPI,2025-04-25,2025-05-20
TB104330,2025-11-16,CB1099,PB1042,SB113,4,,CARD,2025-11-16,2025-11-18
TB104331,2023-07-12,CB1221,PB1113,SB113,4,5.0,net banking,2023-07-13,2023-08-12
TB104332,2023-04-21,CB1248,PB1011,SB101,2,,CARD,2023-04-22,2023-05-21
TB104333,2026-01-27,CB1260,PB1102,SB116,2,20.0,Cash,2026-01-29,2026-01-31
TB104334,2023-03-15,CB1123,PB1093,SB107,2,0.0,Card,2023-03-16,2023-04-11
TB104335,2023-02-16,CB1189,PB1056,SB101,10,10.0,net banking,2023-02-16,2023-02-24
TB104336,2023-06-06,CB1201,PB1045,SB102,8,20.0,net banking,2023-06-07,2023-07-05
TB104337,2025-07-18,CB1184,PB1091,SB115,3,,Card,2025-07-19,2025-08-12
TB104338,2024-04-08,CB1061,PB1051,SB101,4,15.0,CARD,2024-04-08,2024-05-04
TB104339,2025-10-15,CB1048,PB1084,SB102,2,,cash,2025-10-17,2025-11-02
TB104340,2025-06-19,CB1314,PB1049,SB107,10,5.0,UPI,2025-06-19,2025-07-19
TB104341,2025-05-19,CB1007,PB1045,SB109,1,15.0,Net Banking,2025-05-20,2025-06-16
TB104342,2025-03-23,CB1071,PB1099,SB108,4,20.0,CARD,2025-03-24,2025-04-14
TB104343,2025-08-02,CB1349,PB1041,SB117,2,15.0,UPI,2025-08-02,2025-08-02
TB104344,2023-02-24,CB1336,PB1007,SB118,5,0.0,Net Banking,2023-02-26,2023-03-13
TB104345,2024-02-10,CB1111,PB1109,SB101,5,5.0,Net Banking,2024-02-10,2024-02-15
TB104346,2024-11-22,CB1147,PB1113,SB118,5,15.0,CARD,2024-11-24,2024-12-18
TB104347,2023-12-17,CB1003,PB1108,SB116,10,10.0,Card,2023-12-17,2023-12-31
TB104348,2023-10-19,CB1073,PB1088,SB112,9,10.0,cash,2023-10-21,2023-11-17
TB104349,2024-07-15,CB1318,PB1099,SB104,4,0.0,Net Banking,2024-07-16,2024-07-26
TB104350,2023-02-19,CB1085,PB1100,SB108,9,10.0,Net Banking,2023-02-19,2023-03-20
TB104351,2025-10-12,CB1251,PB1026,SB113,9,5.0,CARD,2025-10-14,2025-10-31
TB104352,2023-10-25,CB1133,PB1089,SB108,1,0.0,Net Banking,2023-10-25,2023-11-11
TB104353,2024-06-06,CB1212,PB1054,SB109,5,20.0,Net Banking,2024-06-07,2024-06-18
TB104354,2025-09-09,CB1119,PB1063,SB103,7,0.0,Card,2025-09-11,2025-09-19
TB104355,2023-03-21,CB1171,PB1045,SB106,8,0.0,net banking,2023-03-22,2023-03-29
TB104356,2025-09-11,CB1184,PB1066,SB110,5,0.0,UPI,2025-09-12,2025-09-13
TB104357,2025-11-16,CB1130,PB1103,SB103,5,,cash,2025-11-16,2025-11-19
TB104358,2025-06-18,CB1110,PB1090,SB113,5,0.0,upi,2025-06-18,2025-07-05
TB104359,2023-05-29,CB1053,PB1040,SB113,2,15.0,UPI,2023-05-30,2023-06-16
TB104360,2024-02-11,CB1312,PB1022,SB113,9,0.0,UPI,2024-02-12,2024-02-14
TB104361,2024-11-12,CB1195,PB1045,SB109,5,,Card,2024-11-13,2024-11-23
TB104362,2025-03-26,CB1131,PB1119,SB108,9,15.0,net banking,2025-03-28,2025-04-04
TB104363,2025-07-14,CB1149,PB1113,SB109,4,0.0,cash,2025-07-14,2025-07-22
TB104364,2024-07-29,CB1346,PB1053,SB114,6,20.0,UPI,2024-07-30,2024-08-26
TB104365,2023-01-19,CB1308,PB1053,SB105,2,0.0,Card,2023-01-19,2023-01-19
TB104366,2025-10-13,CB1193,PB1103,SB116,9,5.0,Cash,2025-10-13,2025-11-12
TB104367,2023-09-15,CB1107,PB1050,SB117,8,,CARD,2023-09-17,2023-09-20
TB104368,2025-12-31,CB1167,PB1108,SB115,10,0.0,UPI,2026-01-01,2026-01-22
TB104369,2024-02-01,CB1294,PB1011,SB114,10,,cash,2024-02-02,2024-02-02
TB104370,2023-03-09,CB1211,PB1103,SB109,4,0.0,UPI,2023-03-11,2023-03-14
TB104371,2024-05-07,CB1288,PB1035,SB107,5,20.0,net banking,2024-05-08,2024-06-03
TB104372,2025-08-07,CB1089,PB1104,SB116,7,,cash,2025-08-07,2025-08-07
TB104373,2026-03-26,CB1157,PB1104,SB106,2,,cash,2026-03-27,2026-04-24
TB104374,2024-06-06,CB1220,PB1074,SB111,7,,Cash,2024-06-07,2024-06-26
TB104375,2023-10-11,CB1182,PB1109,SB114,8,,Card,2023-10-11,2023-11-03
TB104376,2025-08-30,CB1007,PB1015,SB114,1,20.0,upi,2025-08-31,2025-09-05
TB104377,2025-07-04,CB1297,PB1085,SB110,8,10.0,cash,2025-07-04,2025-07-12
TB104378,2024-01-13,CB1210,PB1092,SB107,2,,CARD,2024-01-13,2024-01-23
TB104379,2023-11-29,CB1311,PB1063,SB103,9,,UPI,2023-11-30,2023-12-08
TB104380,2023-04-19,CB1285,PB1014,SB105,8,0.0,Cash,2023-04-19,2023-05-03
TB104381,2024-11-22,CB1021,PB1110,SB109,4,0.0,Cash,2024-11-23,2024-12-05
TB104382,2026-02-19,CB1089,PB1081,SB108,5,,cash,2026-02-20,2026-02-22
TB104383,2024-12-19,CB1328,PB1028,SB116,4,20.0,Card,2024-12-19,2025-01-13
TB104384,2025-12-31,CB1338,PB1063,SB118,7,10.0,upi,2026-01-01,2026-01-23
TB104385,2024-03-02,CB1167,PB1049,SB109,7,5.0,net banking,2024-03-02,2024-03-31
TB104386,2025-08-25,CB1266,PB1072,SB105,6,0.0,upi,2025-08-25,2025-09-20
TB104387,2025-12-10,CB1305,PB1036,SB103,9,0.0,UPI,2025-12-11,2026-01-10
TB104388,2025-09-25,CB1214,PB1016,SB103,2,0.0,Cash,2025-09-27,2025-10-15
TB104389,2025-04-01,CB1053,PB1075,SB117,2,15.0,CARD,2025-04-02,2025-04-10
TB104390,2023-05-04,CB1089,PB1094,SB110,5,10.0,net banking,2023-05-06,2023-05-20
TB104391,2024-03-11,CB1280,PB1110,SB111,9,,Card,2024-03-13,2024-04-08
TB104392,2024-05-08,CB1150,PB1072,SB116,8,,net banking,2024-05-09,2024-06-01
TB104393,2023-01-10,CB1062,PB1081,SB105,9,20.0,cash,2023-01-10,2023-01-25
TB104394,2024-05-11,CB1045,PB1097,SB118,3,0.0,UPI,2024-05-11,2024-05-21
TB104395,2026-02-01,CB1248,PB1074,SB102,7,5.0,Net Banking,2026-02-01,2026-02-25
TB104396,2025-04-11,CB1278,PB1056,SB112,3,0.0,CARD,2025-04-12,2025-05-05
TB104397,2026-01-29,CB1236,PB1009,SB114,6,20.0,Cash,2026-01-29,2026-02-24
TB104398,2025-04-04,CB1001,PB1107,SB101,2,5.0,CARD,2025-04-06,2025-04-22
TB104399,2025-08-25,CB1011,PB1058,SB102,10,,CARD,2025-08-25,2025-09-20
TB104400,2025-09-25,CB1324,PB1066,SB114,9,0.0,Net Banking,2025-09-27,2025-10-21
TB104401,2024-04-05,CB1293,PB1114,SB117,1,15.0,CARD,2024-04-05,2024-04-06
TB104402,2024-07-13,CB1345,PB1089,SB114,3,20.0,net banking,2024-07-15,2024-07-23
TB104403,2024-09-15,CB1316,PB1053,SB112,3,15.0,UPI,2024-09-17,2024-10-01
TB104404,2025-08-30,CB1203,PB1041,SB115,6,10.0,Card,2025-08-31,2025-09-21
TB104405,2025-05-24,CB1046,PB1099,SB117,5,10.0,Card,2025-05-25,2025-06-06
TB104406,2025-10-25,CB1256,PB1062,SB112,5,20.0,UPI,2025-10-25,2025-11-08
TB104407,2023-03-24,CB1077,PB1008,SB106,3,10.0,Net Banking,2023-03-24,2023-04-02
TB104408,2024-01-03,CB1111,PB1017,SB113,1,5.0,Cash,2024-01-04,2024-01-23
TB104409,2024-12-08,CB1115,PB1031,SB101,8,10.0,UPI,2024-12-08,2025-01-07
TB104410,2025-08-03,CB1117,PB1043,SB103,7,0.0,Net Banking,2025-08-04,2025-08-28
TB104411,2025-11-20,CB1140,PB1060,SB113,3,,net banking,2025-11-21,2025-11-25
TB104412,2025-01-23,CB1103,PB1062,SB101,9,10.0,UPI,2025-01-23,2025-01-27
TB104413,2025-01-03,CB1308,PB1120,SB107,7,,CARD,2025-01-03,2025-01-15
TB104414,2023-10-06,CB1133,PB1017,SB105,4,5.0,cash,2023-10-07,2023-10-20
TB104415,2025-03-30,CB1239,PB1018,SB108,4,20.0,net banking,2025-03-30,2025-04-23
TB104416,2023-12-28,CB1053,PB1005,SB108,4,20.0,CARD,2023-12-28,2024-01-07
TB104417,2025-08-23,CB1004,PB1070,SB110,1,,Card,2025-08-25,2025-09-16
TB104418,2024-03-01,CB1229,PB1002,SB109,4,0.0,CARD,2024-03-02,2024-03-31
TB104419,2024-01-27,CB1324,PB1081,SB118,2,5.0,CARD,2024-01-27,2024-02-24
TB104420,2025-12-28,CB1066,PB1047,SB116,2,15.0,UPI,2025-12-29,2026-01-09
TB104421,2024-07-05,CB1304,PB1068,SB112,2,15.0,upi,2024-07-06,2024-07-13
TB104422,2025-09-04,CB1277,PB1003,SB113,7,,Cash,2025-09-05,2025-09-23
TB104423,2025-01-26,CB1074,PB1013,SB112,5,10.0,net banking,2025-01-28,2025-02-08
TB104424,2026-01-09,CB1223,PB1038,SB101,3,20.0,cash,2026-01-09,2026-01-23
TB104425,2024-02-27,CB1102,PB1083,SB114,8,,cash,2024-02-29,2024-03-04
TB104426,2024-02-23,CB1285,PB1028,SB102,9,5.0,CARD,2024-02-24,2024-03-18
TB104427,2025-07-24,CB1347,PB1087,SB117,8,20.0,CARD,2025-07-26,2025-08-24
TB104428,2024-03-08,CB1122,PB1022,SB104,1,10.0,cash,2024-03-08,2024-03-30
TB104429,2025-05-11,CB1349,PB1088,SB101,2,10.0,Card,2025-05-12,2025-06-06
TB104430,2024-11-10,CB1333,PB1068,SB113,7,15.0,UPI,2024-11-10,2024-11-22
TB104431,2025-04-05,CB1254,PB1054,SB116,5,5.0,upi,2025-04-07,2025-04-21
TB104432,2024-09-01,CB1220,PB1032,SB105,9,,cash,2024-09-03,2024-09-21
TB104433,2023-07-02,CB1172,PB1024,SB110,9,5.0,Card,2023-07-04,2023-07-04
TB104434,2025-08-19,CB1167,PB1046,SB113,2,5.0,CARD,2025-08-20,2025-08-25
TB104435,2025-06-23,CB1117,PB1077,SB109,7,20.0,cash,2025-06-24,2025-06-30
TB104436,2024-08-14,CB1179,PB1042,SB110,10,20.0,Net Banking,2024-08-14,2024-08-20
TB104437,2025-01-11,CB1102,PB1010,SB116,6,,UPI,2025-01-12,2025-02-05
TB104438,2025-11-17,CB1077,PB1095,SB103,1,0.0,UPI,2025-11-18,2025-11-24
TB104439,2023-10-27,CB1195,PB1086,SB113,4,15.0,CARD,2023-10-29,2023-11-23
TB104440,2023-12-10,CB1105,PB1093,SB106,8,15.0,Card,2023-12-11,2024-01-03
TB104441,2024-02-23,CB1138,PB1073,SB107,8,20.0,upi,2024-02-24,2024-03-24
TB104442,2025-05-22,CB1298,PB1016,SB102,2,0.0,UPI,2025-05-24,2025-06-05
TB104443,2024-09-11,CB1012,PB1096,SB115,7,15.0,CARD,2024-09-13,2024-09-29
TB104444,2023-11-12,CB1286,PB1114,SB107,8,10.0,net banking,2023-11-13,2023-11-22
TB104445,2025-11-18,CB1047,PB1062,SB114,5,10.0,UPI,2025-11-19,2025-12-08
TB104446,2023-02-17,CB1213,PB1038,SB112,2,15.0,upi,2023-02-19,2023-02-25
TB104447,2023-01-30,CB1140,PB1054,SB114,4,15.0,Cash,2023-01-31,2023-02-11
TB104448,2024-06-06,CB1277,PB1057,SB118,4,5.0,UPI,2024-06-07,2024-07-02
TB104449,2024-10-28,CB1338,PB1043,SB113,1,20.0,Net Banking,2024-10-28,2024-11-13
TB104450,2024-12-07,CB1278,PB1103,SB110,8,5.0,net banking,2024-12-07,2024-12-24
TB104451,2025-06-25,CB1258,PB1031,SB115,9,20.0,Cash,2025-06-25,2025-07-13
TB104452,2024-05-17,CB1207,PB1066,SB111,10,0.0,CARD,2024-05-18,2024-05-29
TB104453,2025-10-27,CB1030,PB1020,SB108,6,5.0,UPI,2025-10-27,2025-11-08
TB104454,2025-11-13,CB1144,PB1051,SB106,7,20.0,Cash,2025-11-15,2025-12-05
TB104455,2024-03-31,CB1129,PB1068,SB113,6,5.0,cash,2024-04-01,2024-04-25
TB104456,2023-12-29,CB1200,PB1005,SB108,6,0.0,net banking,2023-12-29,2024-01-03
TB104457,2023-05-11,CB1108,PB1043,SB110,1,20.0,Net Banking,2023-05-11,2023-05-27
TB104458,2024-08-18,CB1301,PB1103,SB102,5,0.0,CARD,2024-08-19,2024-09-01
TB104459,2025-09-03,CB1236,PB1056,SB104,5,15.0,upi,2025-09-04,2025-09-12
TB104460,2025-05-22,CB1174,PB1006,SB108,2,5.0,Net Banking,2025-05-22,2025-05-27
TB104461,2024-10-03,CB1036,PB1082,SB102,9,15.0,UPI,2024-10-04,2024-10-21
TB104462,2024-09-11,CB1114,PB1028,SB107,10,20.0,cash,2024-09-11,2024-09-21
TB104463,2023-09-26,CB1001,PB1013,SB108,7,,cash,2023-09-28,2023-10-11
TB104464,2024-10-08,CB1301,PB1044,SB116,3,0.0,CARD,2024-10-10,2024-10-10
TB104465,2025-11-28,CB1095,PB1110,SB110,2,0.0,cash,2025-11-28,2025-12-01
TB104466,2025-08-11,CB1192,PB1072,SB102,2,20.0,Net Banking,2025-08-11,2025-09-10
TB104467,2023-07-05,CB1297,PB1015,SB107,10,20.0,Net Banking,2023-07-07,2023-07-16
TB104468,2025-02-04,CB1062,PB1074,SB104,6,10.0,CARD,2025-02-04,2025-03-04
TB104469,2026-03-26,CB1257,PB1056,SB116,2,15.0,upi,2026-03-27,2026-04-13
TB104470,2025-09-16,CB1313,PB1019,SB107,5,0.0,Card,2025-09-16,2025-10-03
TB104471,2026-02-17,CB1252,PB1118,SB104,1,10.0,Net Banking,2026-02-19,2026-03-21
TB104472,2023-06-21,CB1107,PB1105,SB105,4,20.0,upi,2023-06-21,2023-07-21
TB104473,2024-02-03,CB1070,PB1006,SB109,3,10.0,UPI,2024-02-04,2024-02-22
TB104474,2023-04-17,CB1242,PB1064,SB112,2,,cash,2023-04-17,2023-05-02
TB104475,2025-02-28,CB1277,PB1001,SB113,5,15.0,Net Banking,2025-02-28,2025-03-22
TB104476,2023-08-06,CB1068,PB1093,SB102,7,5.0,CARD,2023-08-06,2023-08-28
TB104477,2023-05-02,CB1220,PB1041,SB116,2,10.0,upi,2023-05-03,2023-05-21
TB104478,2023-12-11,CB1025,PB1107,SB103,7,20.0,upi,2023-12-11,2023-12-14
TB104479,2023-09-06,CB1348,PB1079,SB108,4,5.0,CARD,2023-09-08,2023-10-01
TB104480,2023-05-02,CB1261,PB1099,SB116,10,10.0,Card,2023-05-02,2023-05-12
TB104481,2023-05-02,CB1059,PB1102,SB110,4,5.0,cash,2023-05-03,2023-05-28
TB104482,2025-05-31,CB1310,PB1109,SB104,9,,UPI,2025-06-02,2025-06-23
TB104483,2025-03-03,CB1281,PB1007,SB110,7,20.0,cash,2025-03-05,2025-03-08
TB104484,2023-03-05,CB1073,PB1097,SB102,2,0.0,CARD,2023-03-06,2023-03-11
TB104485,2025-05-14,CB1141,PB1100,SB104,7,0.0,UPI,2025-05-14,2025-05-30
TB104486,2024-06-02,CB1278,PB1090,SB103,1,15.0,net banking,2024-06-03,2024-06-26
TB104487,2023-07-29,CB1140,PB1055,SB111,4,20.0,Cash,2023-07-30,2023-07-31
TB104488,2024-07-28,CB1207,PB1002,SB111,1,10.0,UPI,2024-07-30,2024-08-27
TB104489,2025-04-27,CB1175,PB1051,SB114,5,15.0,CARD,2025-04-27,2025-05-19
TB104490,2026-01-23,CB1250,PB1034,SB105,1,,Cash,2026-01-24,2026-02-11
TB104491,2023-06-10,CB1337,PB1003,SB110,10,,cash,2023-06-11,2023-06-15
TB104492,2025-07-19,CB1162,PB1109,SB107,3,15.0,Cash,2025-07-21,2025-08-04
TB104493,2025-07-19,CB1044,PB1113,SB112,10,15.0,CARD,2025-07-20,2025-08-13
TB104494,2023-04-02,CB1072,PB1068,SB113,8,10.0,upi,2023-04-02,2023-04-14
TB104495,2025-08-19,CB1266,PB1041,SB101,7,,Card,2025-08-20,2025-09-10
TB104496,2025-03-04,CB1044,PB1016,SB113,7,15.0,Net Banking,2025-03-04,2025-03-23
TB104497,2023-10-08,CB1005,PB1099,SB107,7,15.0,Cash,2023-10-10,2023-10-27
TB104498,2025-12-05,CB1305,PB1118,SB114,9,15.0,net banking,2025-12-05,2025-12-13
TB104499,2023-04-05,CB1081,PB1108,SB116,7,10.0,net banking,2023-04-05,2023-04-17
TB104500,2024-08-27,CB1255,PB1017,SB107,6,0.0,upi,2024-08-27,2024-09-01
TB104501,2023-10-30,CB1104,PB1044,SB105,3,10.0,cash,2023-10-31,2023-11-04
TB104502,2025-03-10,CB1268,PB1108,SB110,6,20.0,Net Banking,2025-03-10,2025-03-10
TB104503,2023-05-09,CB1029,PB1044,SB105,6,0.0,UPI,2023-05-10,2023-05-15
TB104504,2025-01-07,CB1102,PB1099,SB103,6,5.0,CARD,2025-01-09,2025-02-06
TB104505,2023-09-01,CB1009,PB1043,SB108,7,10.0,Cash,2023-09-03,2023-09-11
TB104506,2023-11-02,CB1004,PB1078,SB103,2,5.0,Card,2023-11-02,2023-11-06
TB104507,2026-03-31,CB1056,PB1102,SB109,4,10.0,upi,2026-04-01,2026-04-30
TB104508,2024-07-29,CB1263,PB1029,SB109,8,20.0,CARD,2024-07-29,2024-08-23
TB104509,2025-08-11,CB1156,PB1006,SB105,3,20.0,upi,2025-08-12,2025-08-30
TB104510,2023-08-24,CB1117,PB1012,SB107,3,20.0,net banking,2023-08-25,2023-09-23
TB104511,2026-03-04,CB1042,PB1065,SB104,9,,UPI,2026-03-06,2026-04-03
TB104512,2023-03-29,CB1160,PB1021,SB114,3,15.0,cash,2023-03-31,2023-04-18
TB104513,2025-08-06,CB1112,PB1087,SB111,7,20.0,cash,2025-08-08,2025-09-01
TB104514,2025-10-29,CB1066,PB1054,SB107,6,10.0,Cash,2025-10-30,2025-11-13
TB104515,2025-10-25,CB1101,PB1096,SB116,3,20.0,Card,2025-10-27,2025-11-26
TB104516,2024-10-06,CB1066,PB1082,SB111,3,,CARD,2024-10-07,2024-10-16
TB104517,2024-10-31,CB1348,PB1072,SB106,9,15.0,UPI,2024-10-31,2024-11-02
TB104518,2024-11-09,CB1188,PB1030,SB118,6,10.0,Card,2024-11-09,2024-11-16
TB104519,2025-11-12,CB1226,PB1051,SB116,5,0.0,Net Banking,2025-11-13,2025-11-18
TB104520,2025-02-16,CB1066,PB1070,SB118,9,0.0,net banking,2025-02-17,2025-03-11
TB104521,2024-09-04,CB1229,PB1011,SB105,9,,UPI,2024-09-05,2024-09-27
TB104522,2025-08-25,CB1200,PB1072,SB112,4,0.0,CARD,2025-08-26,2025-09-01
TB104523,2023-07-30,CB1203,PB1017,SB104,3,,UPI,2023-07-31,2023-08-24
TB104524,2025-09-11,CB1135,PB1029,SB101,5,0.0,upi,2025-09-12,2025-10-04
TB104525,2023-02-01,CB1183,PB1019,SB113,5,10.0,Cash,2023-02-02,2023-02-04
TB104526,2024-12-22,CB1105,PB1028,SB103,5,10.0,net banking,2024-12-24,2025-01-07
TB104527,2023-07-18,CB1117,PB1105,SB108,4,10.0,Cash,2023-07-18,2023-08-08
TB104528,2025-07-12,CB1240,PB1004,SB103,10,15.0,UPI,2025-07-12,2025-07-31
TB104529,2023-04-04,CB1116,PB1038,SB110,5,,net banking,2023-04-06,2023-04-12
TB104530,2025-01-16,CB1283,PB1092,SB114,6,20.0,upi,2025-01-18,2025-02-09
TB104531,2025-12-22,CB1263,PB1052,SB102,8,0.0,Card,2025-12-24,2026-01-09
TB104532,2023-08-25,CB1256,PB1078,SB109,3,20.0,CARD,2023-08-26,2023-09-13
TB104533,2025-07-23,CB1066,PB1063,SB110,9,5.0,UPI,2025-07-24,2025-08-22
TB104534,2024-03-07,CB1096,PB1030,SB111,3,5.0,Cash,2024-03-07,2024-03-10
TB104535,2026-02-14,CB1149,PB1058,SB107,1,15.0,upi,2026-02-14,2026-03-15
TB104536,2024-10-01,CB1112,PB1103,SB113,9,,net banking,2024-10-03,2024-11-02
TB104537,2024-09-26,CB1131,PB1001,SB115,8,,UPI,2024-09-27,2024-10-12
TB104538,2024-03-28,CB1206,PB1002,SB101,6,15.0,net banking,2024-03-29,2024-04-10
TB104539,2025-02-12,CB1080,PB1016,SB106,9,5.0,Card,2025-02-14,2025-02-18
TB104540,2023-09-05,CB1213,PB1111,SB118,9,5.0,Card,2023-09-07,2023-10-03
TB104541,2025-09-11,CB1069,PB1055,SB109,8,10.0,CARD,2025-09-13,2025-10-08
TB104542,2024-02-26,CB1185,PB1083,SB114,5,0.0,Card,2024-02-26,2024-03-24
TB104543,2023-03-17,CB1017,PB1114,SB109,7,,cash,2023-03-18,2023-03-30
TB104544,2024-04-19,CB1335,PB1118,SB109,5,5.0,CARD,2024-04-19,2024-04-24
TB104545,2024-11-27,CB1297,PB1113,SB118,5,,upi,2024-11-29,2024-12-24
TB104546,2023-08-19,CB1180,PB1013,SB105,7,10.0,Cash,2023-08-21,2023-09-11
TB104547,2024-01-07,CB1240,PB1072,SB103,4,15.0,net banking,2024-01-07,2024-01-07
TB104548,2023-02-08,CB1193,PB1033,SB117,4,,upi,2023-02-09,2023-02-26
TB104549,2023-06-20,CB1297,PB1045,SB112,6,,cash,2023-06-22,2023-07-05
TB104550,2026-03-18,CB1127,PB1064,SB107,10,0.0,upi,2026-03-19,2026-03-24
TB104551,2024-03-03,CB1173,PB1074,SB116,7,,Card,2024-03-04,2024-03-10
TB104552,2025-09-28,CB1253,PB1061,SB116,9,15.0,cash,2025-09-29,2025-10-13
TB104553,2026-03-09,CB1037,PB1027,SB110,7,20.0,upi,2026-03-09,2026-03-20
TB104554,2025-09-21,CB1178,PB1029,SB118,10,0.0,UPI,2025-09-22,2025-10-11
TB104555,2026-01-26,CB1222,PB1101,SB116,3,10.0,Card,2026-01-28,2026-02-14
TB104556,2024-01-29,CB1348,PB1104,SB116,1,20.0,Net Banking,2024-01-29,2024-02-17
TB104557,2023-08-24,CB1049,PB1010,SB103,1,0.0,CARD,2023-08-25,2023-09-21
TB104558,2023-08-06,CB1158,PB1037,SB106,1,20.0,CARD,2023-08-07,2023-08-16
TB104559,2025-04-25,CB1039,PB1034,SB101,3,20.0,upi,2025-04-26,2025-05-11
TB104560,2023-01-06,CB1197,PB1100,SB109,2,15.0,net banking,2023-01-08,2023-01-24
TB104561,2023-02-07,CB1293,PB1012,SB111,10,,net banking,2023-02-08,2023-03-06
TB104562,2024-04-04,CB1233,PB1079,SB113,7,0.0,net banking,2024-04-06,2024-04-27
TB104563,2024-04-18,CB1300,PB1087,SB113,1,5.0,upi,2024-04-19,2024-05-03
TB104564,2023-04-03,CB1093,PB1056,SB110,8,5.0,CARD,2023-04-03,2023-04-27
TB104565,2023-12-22,CB1291,PB1073,SB115,7,20.0,Card,2023-12-22,2024-01-02
TB104566,2024-06-30,CB1341,PB1109,SB112,2,15.0,cash,2024-07-01,2024-07-20
TB104567,2025-06-28,CB1240,PB1001,SB104,8,5.0,upi,2025-06-30,2025-07-06
TB104568,2024-11-18,CB1239,PB1087,SB116,2,20.0,CARD,2024-11-19,2024-12-10
TB104569,2024-01-10,CB1301,PB1055,SB117,1,15.0,cash,2024-01-12,2024-02-07
TB104570,2025-04-12,CB1329,PB1088,SB118,9,,Net Banking,2025-04-14,2025-05-01
TB104571,2023-05-09,CB1345,PB1078,SB116,6,20.0,CARD,2023-05-09,2023-06-07
TB104572,2024-12-11,CB1151,PB1107,SB107,10,15.0,CARD,2024-12-13,2024-12-25
TB104573,2025-04-21,CB1087,PB1049,SB107,1,15.0,Card,2025-04-22,2025-04-30
TB104574,2025-09-30,CB1180,PB1077,SB113,7,15.0,Cash,2025-10-01,2025-10-27
TB104575,2024-11-16,CB1198,PB1080,SB109,7,,Cash,2024-11-18,2024-12-02
TB104576,2025-06-25,CB1322,PB1104,SB108,6,10.0,Cash,2025-06-27,2025-06-29
TB104577,2025-06-26,CB1327,PB1017,SB109,1,10.0,UPI,2025-06-27,2025-07-24
TB104578,2025-01-16,CB1308,PB1083,SB101,3,15.0,Cash,2025-01-16,2025-01-30
TB104579,2025-12-09,CB1329,PB1080,SB109,4,10.0,cash,2025-12-11,2025-12-23
TB104580,2023-02-25,CB1284,PB1111,SB102,5,10.0,net banking,2023-02-25,2023-03-11
TB104581,2025-12-11,CB1111,PB1026,SB118,9,5.0,cash,2025-12-11,2025-12-22
TB104582,2025-04-05,CB1062,PB1032,SB114,10,5.0,Net Banking,2025-04-07,2025-04-13
TB104583,2024-09-12,CB1015,PB1061,SB108,5,0.0,net banking,2024-09-14,2024-09-30
TB104584,2024-03-04,CB1181,PB1001,SB113,2,10.0,CARD,2024-03-04,2024-04-03
TB104585,2023-12-28,CB1053,PB1006,SB105,6,0.0,Net Banking,2023-12-30,2024-01-07
TB104586,2025-01-09,CB1324,PB1075,SB114,8,20.0,CARD,2025-01-11,2025-01-18
TB104587,2024-02-18,CB1144,PB1083,SB114,8,15.0,Cash,2024-02-19,2024-03-19
TB104588,2025-03-18,CB1112,PB1109,SB105,4,0.0,net banking,2025-03-19,2025-04-11
TB104589,2024-02-07,CB1058,PB1043,SB105,5,15.0,UPI,2024-02-09,2024-02-28
TB104590,2026-03-24,CB1046,PB1003,SB106,1,0.0,net banking,2026-03-25,2026-04-20
TB104591,2025-06-12,CB1350,PB1112,SB111,2,20.0,upi,2025-06-12,2025-06-27
TB104592,2025-03-13,CB1237,PB1061,SB116,10,10.0,CARD,2025-03-14,2025-03-30
TB104593,2025-11-27,CB1045,PB1034,SB109,7,0.0,CARD,2025-11-27,2025-12-04
TB104594,2024-10-20,CB1139,PB1091,SB116,6,,CARD,2024-10-21,2024-11-17
TB104595,2024-11-30,CB1210,PB1005,SB106,3,10.0,net banking,2024-11-30,2024-12-30
TB104596,2023-03-01,CB1172,PB1056,SB116,8,20.0,UPI,2023-03-03,2023-03-15
TB104597,2025-09-11,CB1349,PB1016,SB106,9,,Card,2025-09-11,2025-10-01
TB104598,2024-05-04,CB1292,PB1015,SB105,4,0.0,CARD,2024-05-06,2024-05-18
TB104599,2025-10-04,CB1331,PB1076,SB117,10,10.0,Cash,2025-10-05,2025-10-13
TB104600,2023-07-29,CB1256,PB1053,SB117,4,5.0,net banking,2023-07-31,2023-08-23
TB104601,2023-01-19,CB1006,PB1063,SB103,9,,UPI,2023-01-20,2023-02-18
TB104602,2025-04-08,CB1219,PB1035,SB102,1,0.0,net banking,2025-04-10,2025-04-21
TB104603,2023-03-15,CB1349,PB1083,SB110,9,5.0,net banking,2023-03-16,2023-04-01
TB104604,2025-12-23,CB1006,PB1030,SB109,4,20.0,cash,2025-12-25,2026-01-02
TB104605,2025-08-05,CB1348,PB1001,SB110,5,10.0,Cash,2025-08-05,2025-08-18
TB104606,2023-09-22,CB1315,PB1002,SB107,1,20.0,upi,2023-09-23,2023-09-28
TB104607,2025-07-14,CB1340,PB1101,SB113,4,20.0,Cash,2025-07-16,2025-08-12
TB104608,2024-05-18,CB1253,PB1096,SB117,7,0.0,cash,2024-05-20,2024-06-19
TB104609,2025-10-26,CB1022,PB1071,SB118,5,10.0,cash,2025-10-27,2025-11-26
TB104610,2024-03-17,CB1237,PB1081,SB112,1,5.0,Net Banking,2024-03-17,2024-03-23
TB104611,2023-01-11,CB1217,PB1080,SB102,3,10.0,upi,2023-01-13,2023-02-08
TB104612,2025-01-10,CB1067,PB1078,SB113,1,,Net Banking,2025-01-10,2025-01-16
TB104613,2024-02-06,CB1126,PB1046,SB113,3,20.0,cash,2024-02-06,2024-02-06
TB104614,2024-06-26,CB1306,PB1083,SB104,8,0.0,cash,2024-06-26,2024-07-03
TB104615,2024-07-17,CB1107,PB1119,SB106,8,5.0,UPI,2024-07-17,2024-08-11
TB104616,2023-08-29,CB1183,PB1028,SB103,10,,cash,2023-08-29,2023-09-25
TB104617,2023-01-09,CB1041,PB1086,SB118,4,5.0,Card,2023-01-09,2023-01-18
TB104618,2023-03-21,CB1065,PB1104,SB102,9,15.0,Cash,2023-03-23,2023-04-19
TB104619,2025-12-18,CB1291,PB1031,SB102,1,,cash,2025-12-18,2026-01-12
TB104620,2024-08-31,CB1112,PB1118,SB117,8,,cash,2024-09-02,2024-09-11
TB104621,2025-06-27,CB1301,PB1104,SB117,4,15.0,Card,2025-06-28,2025-07-17
TB104622,2024-07-08,CB1122,PB1068,SB104,6,,cash,2024-07-10,2024-07-20
TB104623,2023-06-23,CB1348,PB1025,SB117,3,15.0,Card,2023-06-25,2023-06-30
TB104624,2025-06-13,CB1182,PB1112,SB104,10,5.0,cash,2025-06-14,2025-07-11
TB104625,2024-01-14,CB1215,PB1100,SB117,8,,upi,2024-01-15,2024-01-26
TB104626,2024-11-20,CB1028,PB1120,SB117,4,0.0,upi,2024-11-21,2024-12-09
TB104627,2026-03-23,CB1169,PB1109,SB110,10,,Cash,2026-03-24,2026-04-16
TB104628,2025-10-24,CB1008,PB1106,SB110,6,0.0,Cash,2025-10-25,2025-11-06
TB104629,2023-08-24,CB1262,PB1074,SB105,1,10.0,Cash,2023-08-26,2023-09-22
TB104630,2024-08-13,CB1122,PB1118,SB111,1,10.0,UPI,2024-08-14,2024-09-05
TB104631,2025-06-27,CB1181,PB1077,SB107,6,10.0,cash,2025-06-28,2025-07-17
TB104632,2024-11-12,CB1260,PB1097,SB105,1,0.0,Card,2024-11-14,2024-11-30
TB104633,2025-07-03,CB1229,PB1099,SB115,5,10.0,net banking,2025-07-04,2025-07-28
TB104634,2025-10-06,CB1190,PB1037,SB104,3,20.0,Card,2025-10-07,2025-10-18
TB104635,2024-03-20,CB1301,PB1104,SB108,5,5.0,net banking,2024-03-22,2024-04-05
TB104636,2025-08-20,CB1032,PB1091,SB110,8,0.0,cash,2025-08-22,2025-08-23
TB104637,2025-01-15,CB1292,PB1089,SB114,5,20.0,net banking,2025-01-17,2025-01-26
TB104638,2024-06-27,CB1219,PB1017,SB107,7,0.0,cash,2024-06-29,2024-07-26
TB104639,2025-05-13,CB1079,PB1043,SB112,2,15.0,CARD,2025-05-15,2025-06-11
TB104640,2024-12-04,CB1221,PB1058,SB109,8,5.0,UPI,2024-12-04,2025-01-02
TB104641,2025-02-08,CB1252,PB1019,SB116,3,5.0,Net Banking,2025-02-09,2025-02-12
TB104642,2025-01-08,CB1189,PB1015,SB107,5,0.0,Cash,2025-01-08,2025-02-02
TB104643,2023-07-31,CB1029,PB1044,SB110,1,,cash,2023-08-01,2023-08-30
TB104644,2024-11-19,CB1183,PB1080,SB111,6,10.0,cash,2024-11-21,2024-11-28
TB104645,2025-06-10,CB1286,PB1085,SB107,7,0.0,CARD,2025-06-10,2025-07-10
TB104646,2025-02-02,CB1213,PB1066,SB102,7,,cash,2025-02-04,2025-02-19
TB104647,2023-01-16,CB1047,PB1004,SB117,10,,Net Banking,2023-01-17,2023-02-11
TB104648,2023-04-15,CB1046,PB1048,SB111,8,0.0,net banking,2023-04-16,2023-04-22
TB104649,2026-02-19,CB1321,PB1092,SB115,2,5.0,CARD,2026-02-20,2026-03-16
TB104650,2024-04-01,CB1316,PB1088,SB108,1,15.0,upi,2024-04-02,2024-04-19
TB104651,2025-05-10,CB1260,PB1070,SB112,9,20.0,UPI,2025-05-10,2025-05-26
TB104652,2023-06-30,CB1101,PB1077,SB103,9,10.0,upi,2023-06-30,2023-07-11
TB104653,2023-08-10,CB1023,PB1021,SB113,3,5.0,Cash,2023-08-11,2023-09-06
TB104654,2023-04-10,CB1348,PB1094,SB108,4,,CARD,2023-04-10,2023-04-29
TB104655,2026-03-14,CB1022,PB1024,SB101,10,15.0,CARD,2026-03-15,2026-03-22
TB104656,2026-01-17,CB1087,PB1084,SB103,9,15.0,CARD,2026-01-19,2026-02-08
TB104657,2025-12-17,CB1051,PB1097,SB114,9,15.0,net banking,2025-12-18,2025-12-27
TB104658,2025-06-04,CB1070,PB1095,SB101,5,,CARD,2025-06-05,2025-06-12
TB104659,2024-09-04,CB1151,PB1024,SB113,3,0.0,Net Banking,2024-09-06,2024-09-28
TB104660,2024-08-21,CB1158,PB1036,SB101,7,5.0,Cash,2024-08-22,2024-08-30
TB104661,2025-08-06,CB1254,PB1077,SB114,3,5.0,Net Banking,2025-08-08,2025-08-25
TB104662,2024-05-05,CB1266,PB1012,SB118,6,,net banking,2024-05-06,2024-05-25
TB104663,2025-06-27,CB1087,PB1040,SB113,10,20.0,net banking,2025-06-28,2025-07-06
TB104664,2023-06-30,CB1313,PB1028,SB111,7,10.0,CARD,2023-07-01,2023-07-30
TB104665,2023-07-08,CB1160,PB1084,SB105,7,15.0,CARD,2023-07-09,2023-07-19
TB104666,2024-07-25,CB1299,PB1098,SB101,7,5.0,Net Banking,2024-07-25,2024-08-24
TB104667,2024-07-03,CB1342,PB1104,SB117,7,15.0,upi,2024-07-05,2024-07-17
TB104668,2023-09-07,CB1296,PB1101,SB105,3,5.0,CARD,2023-09-09,2023-09-26
TB104669,2023-10-07,CB1071,PB1024,SB102,8,20.0,CARD,2023-10-08,2023-10-20
TB104670,2025-08-15,CB1139,PB1007,SB113,9,15.0,upi,2025-08-15,2025-08-22
TB104671,2024-02-22,CB1267,PB1042,SB116,5,15.0,CARD,2024-02-24,2024-03-08
TB104672,2023-04-16,CB1300,PB1050,SB111,6,10.0,net banking,2023-04-17,2023-05-12
TB104673,2025-03-28,CB1236,PB1065,SB113,6,,UPI,2025-03-30,2025-04-25
TB104674,2023-04-21,CB1203,PB1082,SB116,3,0.0,Net Banking,2023-04-22,2023-05-02
TB104675,2024-06-18,CB1110,PB1054,SB108,5,20.0,Card,2024-06-20,2024-06-28
TB104676,2025-08-14,CB1131,PB1056,SB112,2,15.0,CARD,2025-08-14,2025-08-25
TB104677,2024-05-29,CB1150,PB1020,SB103,1,0.0,Net Banking,2024-05-30,2024-06-04
TB104678,2025-06-26,CB1189,PB1018,SB102,2,,CARD,2025-06-27,2025-07-11
TB104679,2024-10-29,CB1293,PB1068,SB112,2,20.0,UPI,2024-10-29,2024-11-18
TB104680,2024-11-27,CB1121,PB1029,SB111,2,,cash,2024-11-28,2024-12-09
TB104681,2023-04-12,CB1097,PB1117,SB106,5,,Card,2023-04-14,2023-04-16
TB104682,2026-02-26,CB1211,PB1091,SB107,7,15.0,Card,2026-02-28,2026-03-27
TB104683,2025-09-30,CB1143,PB1017,SB107,1,,CARD,2025-10-02,2025-10-20
TB104684,2026-01-27,CB1259,PB1079,SB103,1,15.0,net banking,2026-01-27,2026-01-27
TB104685,2023-03-30,CB1309,PB1011,SB117,3,5.0,Cash,2023-03-30,2023-04-10
TB104686,2024-12-16,CB1298,PB1107,SB114,5,,cash,2024-12-17,2025-01-14
TB104687,2023-02-12,CB1010,PB1091,SB106,8,5.0,cash,2023-02-13,2023-03-12
TB104688,2025-05-29,CB1111,PB1041,SB117,5,0.0,CARD,2025-05-29,2025-06-28
TB104689,2023-04-02,CB1246,PB1094,SB112,8,0.0,upi,2023-04-03,2023-05-03
TB104690,2024-03-28,CB1305,PB1097,SB105,1,0.0,Card,2024-03-28,2024-04-10
TB104691,2023-08-11,CB1148,PB1044,SB107,8,20.0,net banking,2023-08-12,2023-08-29
TB104692,2023-08-14,CB1023,PB1037,SB108,3,5.0,upi,2023-08-15,2023-08-29
TB104693,2023-09-16,CB1092,PB1053,SB114,2,5.0,Net Banking,2023-09-17,2023-09-26
TB104694,2024-12-20,CB1114,PB1026,SB113,3,0.0,upi,2024-12-21,2025-01-17
TB104695,2025-04-27,CB1215,PB1098,SB105,1,20.0,Cash,2025-04-28,2025-05-08
TB104696,2025-07-18,CB1216,PB1059,SB105,3,10.0,UPI,2025-07-19,2025-07-29
TB104697,2024-05-10,CB1074,PB1059,SB111,1,15.0,upi,2024-05-11,2024-05-31
TB104698,2023-01-16,CB1282,PB1063,SB102,7,10.0,Net Banking,2023-01-16,2023-02-13
TB104699,2026-03-31,CB1037,PB1023,SB103,2,15.0,upi,2026-03-31,2026-04-10
TB104700,2025-02-23,CB1104,PB1104,SB106,10,,CARD,2025-02-24,2025-03-23
TB104701,2025-01-17,CB1009,PB1081,SB112,4,5.0,Cash,2025-01-17,2025-02-04
TB104702,2025-12-20,CB1042,PB1112,SB114,6,20.0,cash,2025-12-21,2026-01-13
TB104703,2025-08-26,CB1152,PB1025,SB105,10,15.0,upi,2025-08-26,2025-09-23
TB104704,2025-12-17,CB1091,PB1051,SB109,5,5.0,Net Banking,2025-12-17,2025-12-18
TB104705,2025-12-18,CB1057,PB1074,SB101,6,,Card,2025-12-19,2026-01-08
TB104706,2023-03-12,CB1166,PB1091,SB110,2,,UPI,2023-03-13,2023-03-15
TB104707,2024-10-09,CB1098,PB1037,SB113,4,20.0,cash,2024-10-09,2024-10-10
TB104708,2024-05-22,CB1004,PB1041,SB116,4,5.0,cash,2024-05-22,2024-06-04
TB104709,2024-09-11,CB1002,PB1074,SB118,1,,Cash,2024-09-11,2024-09-25
TB104710,2023-09-02,CB1231,PB1119,SB115,4,10.0,UPI,2023-09-03,2023-09-27
TB104711,2023-10-28,CB1139,PB1057,SB102,1,15.0,upi,2023-10-28,2023-11-22
TB104712,2024-01-12,CB1087,PB1071,SB108,10,,CARD,2024-01-13,2024-02-04
TB104713,2026-03-03,CB1329,PB1108,SB118,8,0.0,cash,2026-03-05,2026-03-20
TB104714,2025-02-18,CB1310,PB1057,SB112,7,15.0,UPI,2025-02-20,2025-02-23
TB104715,2024-12-27,CB1289,PB1031,SB101,4,15.0,upi,2024-12-29,2025-01-01
TB104716,2023-04-28,CB1302,PB1011,SB113,6,,CARD,2023-04-30,2023-05-11
TB104717,2024-05-21,CB1302,PB1028,SB113,8,0.0,Cash,2024-05-23,2024-06-12
TB104718,2025-10-20,CB1154,PB1006,SB113,5,20.0,cash,2025-10-20,2025-11-05
TB104719,2024-08-29,CB1293,PB1026,SB112,6,5.0,net banking,2024-08-30,2024-09-25
TB104720,2023-02-13,CB1004,PB1074,SB109,6,15.0,Net Banking,2023-02-15,2023-03-02
TB104721,2024-01-04,CB1218,PB1019,SB106,6,20.0,net banking,2024-01-04,2024-01-19
TB104722,2023-08-15,CB1014,PB1098,SB105,7,5.0,Net Banking,2023-08-17,2023-09-07
TB104723,2023-05-13,CB1011,PB1095,SB104,9,15.0,UPI,2023-05-13,2023-05-30
TB104724,2024-03-27,CB1333,PB1009,SB109,10,0.0,UPI,2024-03-28,2024-04-23
TB104725,2026-02-12,CB1026,PB1112,SB107,1,15.0,Card,2026-02-12,2026-03-04
TB104726,2025-10-20,CB1271,PB1004,SB112,3,,net banking,2025-10-22,2025-11-03
TB104727,2025-08-10,CB1044,PB1036,SB115,1,15.0,Card,2025-08-11,2025-09-07
TB104728,2025-02-28,CB1289,PB1043,SB114,2,0.0,Net Banking,2025-03-02,2025-03-06
TB104729,2024-09-18,CB1104,PB1082,SB111,8,15.0,cash,2024-09-19,2024-09-19
TB104730,2025-03-10,CB1304,PB1105,SB106,2,20.0,Card,2025-03-12,2025-04-06
TB104731,2023-03-17,CB1189,PB1052,SB108,4,0.0,net banking,2023-03-18,2023-04-14
TB104732,2024-08-01,CB1090,PB1046,SB102,10,,UPI,2024-08-03,2024-08-19
TB104733,2025-10-12,CB1137,PB1113,SB117,8,15.0,Net Banking,2025-10-13,2025-10-16
TB104734,2025-08-26,CB1283,PB1017,SB104,2,20.0,net banking,2025-08-26,2025-09-06
TB104735,2025-10-14,CB1256,PB1058,SB108,5,15.0,cash,2025-10-15,2025-10-31
TB104736,2024-11-13,CB1275,PB1031,SB112,4,10.0,Net Banking,2024-11-15,2024-12-02
TB104737,2026-03-31,CB1180,PB1019,SB102,3,0.0,upi,2026-04-02,2026-04-17
TB104738,2024-02-14,CB1219,PB1082,SB104,5,15.0,Card,2024-02-14,2024-03-07
TB104739,2025-02-20,CB1292,PB1054,SB107,2,20.0,CARD,2025-02-21,2025-02-24
TB104740,2025-01-26,CB1322,PB1010,SB108,4,0.0,net banking,2025-01-26,2025-02-16
TB104741,2026-02-14,CB1272,PB1017,SB117,7,10.0,net banking,2026-02-14,2026-02-15
TB104742,2025-02-04,CB1092,PB1055,SB106,6,10.0,UPI,2025-02-04,2025-02-11
TB104743,2023-10-06,CB1252,PB1033,SB116,9,10.0,upi,2023-10-08,2023-10-29
TB104744,2023-08-21,CB1303,PB1110,SB107,7,5.0,Cash,2023-08-21,2023-09-07
TB104745,2025-01-24,CB1085,PB1103,SB105,10,5.0,Card,2025-01-24,2025-02-07
TB104746,2026-03-31,CB1262,PB1056,SB111,8,15.0,UPI,2026-03-31,2026-04-02
TB104747,2024-05-15,CB1192,PB1108,SB102,8,10.0,cash,2024-05-17,2024-06-06
TB104748,2024-10-28,CB1248,PB1100,SB103,8,,net banking,2024-10-29,2024-11-20
TB104749,2024-09-07,CB1109,PB1039,SB111,5,5.0,CARD,2024-09-07,2024-09-09
TB104750,2024-12-17,CB1036,PB1089,SB111,2,,net banking,2024-12-17,2025-01-02
TB104751,2024-12-21,CB1236,PB1021,SB102,3,20.0,Cash,2024-12-21,2025-01-17
TB104752,2025-11-21,CB1303,PB1090,SB112,7,5.0,net banking,2025-11-21,2025-12-14
TB104753,2024-12-22,CB1101,PB1026,SB104,5,20.0,Net Banking,2024-12-23,2024-12-28
TB104754,2026-01-02,CB1267,PB1069,SB111,1,15.0,cash,2026-01-03,2026-01-31
TB104755,2023-02-03,CB1297,PB1083,SB109,4,10.0,Cash,2023-02-04,2023-02-22
TB104756,2023-08-06,CB1009,PB1039,SB105,2,,net banking,2023-08-06,2023-08-31
TB104757,2025-08-28,CB1143,PB1108,SB105,6,5.0,upi,2025-08-29,2025-09-17
TB104758,2023-01-03,CB1259,PB1070,SB114,2,20.0,upi,2023-01-03,2023-01-30
TB104759,2024-03-14,CB1126,PB1048,SB115,10,,cash,2024-03-14,2024-04-07
TB104760,2024-03-06,CB1052,PB1012,SB111,2,20.0,net banking,2024-03-08,2024-03-17
TB104761,2023-03-18,CB1203,PB1007,SB103,6,15.0,Net Banking,2023-03-18,2023-03-27
TB104762,2024-08-09,CB1155,PB1107,SB111,3,15.0,cash,2024-08-11,2024-08-16
TB104763,2024-08-04,CB1064,PB1107,SB108,3,0.0,cash,2024-08-05,2024-08-10
TB104764,2024-05-28,CB1074,PB1085,SB108,3,,Cash,2024-05-29,2024-06-17
TB104765,2023-01-09,CB1127,PB1086,SB110,8,0.0,CARD,2023-01-10,2023-02-05
TB104766,2024-07-19,CB1175,PB1107,SB109,10,0.0,net banking,2024-07-20,2024-08-01
TB104767,2023-04-12,CB1026,PB1102,SB108,7,0.0,upi,2023-04-14,2023-05-05
TB104768,2023-04-16,CB1201,PB1025,SB111,2,10.0,Card,2023-04-17,2023-05-05
TB104769,2023-06-02,CB1091,PB1001,SB106,2,,Card,2023-06-03,2023-06-23
TB104770,2024-08-19,CB1205,PB1009,SB113,6,15.0,UPI,2024-08-21,2024-08-24
TB104771,2024-11-22,CB1271,PB1094,SB111,2,,Cash,2024-11-23,2024-12-01
TB104772,2023-09-07,CB1223,PB1051,SB112,4,,UPI,2023-09-07,2023-09-13
TB104773,2023-10-15,CB1169,PB1116,SB114,2,20.0,cash,2023-10-17,2023-10-27
TB104774,2026-02-04,CB1051,PB1086,SB112,10,,net banking,2026-02-04,2026-02-18
TB104775,2026-01-28,CB1091,PB1095,SB110,6,0.0,Card,2026-01-28,2026-02-15
TB104776,2023-12-15,CB1330,PB1088,SB104,2,20.0,Cash,2023-12-15,2024-01-10
TB104777,2023-11-24,CB1258,PB1015,SB110,5,20.0,upi,2023-11-26,2023-12-14
TB104778,2024-08-05,CB1263,PB1047,SB113,4,0.0,CARD,2024-08-05,2024-08-29
TB104779,2023-09-05,CB1165,PB1020,SB101,7,5.0,upi,2023-09-06,2023-10-03
TB104780,2023-11-29,CB1155,PB1114,SB102,8,0.0,Card,2023-12-01,2023-12-01
TB104781,2023-04-16,CB1158,PB1056,SB117,5,20.0,Net Banking,2023-04-18,2023-05-16
TB104782,2025-04-05,CB1038,PB1089,SB118,9,10.0,Card,2025-04-06,2025-04-25
TB104783,2025-08-06,CB1127,PB1085,SB113,2,20.0,net banking,2025-08-06,2025-09-05
TB104784,2024-10-31,CB1160,PB1035,SB104,7,0.0,cash,2024-11-02,2024-12-02
TB104785,2024-01-27,CB1336,PB1004,SB104,9,0.0,upi,2024-01-27,2024-02-19
TB104786,2024-01-26,CB1112,PB1014,SB112,3,10.0,Net Banking,2024-01-26,2024-02-11
TB104787,2025-12-28,CB1094,PB1070,SB109,5,5.0,UPI,2025-12-28,2026-01-25
TB104788,2023-09-14,CB1203,PB1023,SB113,5,,net banking,2023-09-14,2023-10-12
TB104789,2023-06-17,CB1072,PB1041,SB108,1,5.0,Cash,2023-06-19,2023-06-26
TB104790,2023-11-22,CB1021,PB1105,SB115,8,15.0,net banking,2023-11-22,2023-12-09
TB104791,2025-02-27,CB1102,PB1084,SB118,10,5.0,net banking,2025-02-27,2025-03-08
TB104792,2025-05-23,CB1027,PB1070,SB116,5,15.0,net banking,2025-05-25,2025-06-06
TB104793,2023-10-02,CB1092,PB1102,SB110,6,15.0,UPI,2023-10-02,2023-10-03
TB104794,2023-02-11,CB1190,PB1110,SB103,1,5.0,UPI,2023-02-11,2023-03-09
TB104795,2025-10-06,CB1177,PB1036,SB106,3,15.0,Net Banking,2025-10-06,2025-10-15
TB104796,2024-12-10,CB1342,PB1069,SB107,7,0.0,Card,2024-12-11,2025-01-08
TB104797,2025-09-21,CB1298,PB1071,SB111,4,,Card,2025-09-22,2025-10-16
TB104798,2024-03-25,CB1087,PB1102,SB117,9,0.0,CARD,2024-03-27,2024-04-17
TB104799,2025-02-19,CB1236,PB1071,SB114,3,,UPI,2025-02-21,2025-02-27
TB104800,2025-09-06,CB1093,PB1084,SB108,5,0.0,cash,2025-09-08,2025-10-07
TB104801,2025-07-24,CB1315,PB1078,SB112,9,0.0,CARD,2025-07-26,2025-08-02
TB104802,2023-05-25,CB1304,PB1024,SB103,10,15.0,CARD,2023-05-25,2023-06-17
TB104803,2024-10-14,CB1030,PB1045,SB101,8,,net banking,2024-10-14,2024-10-23
TB104804,2023-01-07,CB1286,PB1071,SB110,1,10.0,Cash,2023-01-08,2023-01-23
TB104805,2026-03-29,CB1178,PB1059,SB113,4,15.0,Net Banking,2026-03-31,2026-04-19
TB104806,2025-04-29,CB1280,PB1120,SB101,4,0.0,cash,2025-04-29,2025-05-23
TB104807,2026-03-31,CB1283,PB1036,SB112,5,20.0,Cash,2026-04-01,2026-04-03
TB104808,2023-12-17,CB1171,PB1044,SB104,10,10.0,CARD,2023-12-17,2024-01-14
TB104809,2024-01-22,CB1314,PB1009,SB112,6,,Cash,2024-01-24,2024-01-25
TB104810,2023-07-17,CB1057,PB1118,SB104,6,5.0,UPI,2023-07-19,2023-08-01
TB104811,2025-04-21,CB1345,PB1030,SB114,2,10.0,CARD,2025-04-22,2025-05-01
TB104812,2025-04-03,CB1172,PB1094,SB101,1,20.0,Cash,2025-04-04,2025-04-27
TB104813,2023-05-13,CB1073,PB1031,SB109,3,15.0,Card,2023-05-14,2023-05-21
TB104814,2025-05-09,CB1021,PB1091,SB107,8,20.0,Card,2025-05-11,2025-05-26
TB104815,2024-03-19,CB1072,PB1067,SB103,2,20.0,net banking,2024-03-21,2024-04-16
TB104816,2023-05-10,CB1118,PB1046,SB110,10,20.0,net banking,2023-05-12,2023-06-07
TB104817,2024-10-17,CB1083,PB1057,SB111,2,0.0,Net Banking,2024-10-17,2024-11-16
TB104818,2024-05-15,CB1045,PB1040,SB107,2,5.0,CARD,2024-05-16,2024-06-13
TB104819,2023-08-04,CB1083,PB1031,SB102,7,20.0,Net Banking,2023-08-04,2023-08-21
TB104820,2024-11-15,CB1014,PB1031,SB118,1,10.0,upi,2024-11-17,2024-12-15
TB104821,2025-11-09,CB1153,PB1071,SB112,7,,upi,2025-11-09,2025-11-16
TB104822,2023-03-18,CB1079,PB1039,SB103,9,0.0,Cash,2023-03-18,2023-03-22
TB104823,2023-02-18,CB1069,PB1067,SB109,1,15.0,Net Banking,2023-02-20,2023-02-22
TB104824,2023-05-09,CB1273,PB1058,SB107,8,20.0,Card,2023-05-10,2023-05-30
TB104825,2023-05-12,CB1245,PB1111,SB101,10,20.0,CARD,2023-05-13,2023-05-31
TB104826,2023-09-20,CB1341,PB1064,SB109,5,5.0,CARD,2023-09-20,2023-09-28
TB104827,2024-02-24,CB1023,PB1053,SB112,2,5.0,upi,2024-02-25,2024-03-05
TB104828,2023-04-03,CB1034,PB1002,SB110,1,15.0,upi,2023-04-03,2023-04-12
TB104829,2024-02-13,CB1171,PB1096,SB115,6,10.0,Cash,2024-02-13,2024-02-20
TB104830,2023-09-30,CB1349,PB1017,SB108,3,15.0,cash,2023-09-30,2023-10-23
TB104831,2025-05-16,CB1251,PB1049,SB103,2,5.0,net banking,2025-05-18,2025-06-01
TB104832,2026-02-08,CB1225,PB1118,SB112,8,15.0,upi,2026-02-09,2026-02-24
TB104833,2024-03-21,CB1066,PB1102,SB107,2,15.0,upi,2024-03-23,2024-04-07
TB104834,2025-12-27,CB1330,PB1082,SB106,8,20.0,UPI,2025-12-29,2026-01-05
TB104835,2024-07-22,CB1141,PB1047,SB104,1,5.0,Cash,2024-07-24,2024-08-08
TB104836,2024-10-15,CB1262,PB1104,SB103,7,20.0,net banking,2024-10-16,2024-11-08
TB104837,2024-04-02,CB1016,PB1064,SB113,9,20.0,Cash,2024-04-03,2024-04-06
TB104838,2023-03-24,CB1179,PB1113,SB116,2,,cash,2023-03-24,2023-04-13
TB104839,2025-11-10,CB1055,PB1099,SB118,10,5.0,cash,2025-11-11,2025-11-30
TB104840,2024-05-03,CB1017,PB1047,SB109,3,,Cash,2024-05-05,2024-05-17
TB104841,2024-01-27,CB1042,PB1087,SB111,8,5.0,Cash,2024-01-27,2024-02-14
TB104842,2023-03-05,CB1216,PB1115,SB115,6,20.0,UPI,2023-03-06,2023-03-13
TB104843,2023-10-15,CB1182,PB1026,SB115,2,15.0,Cash,2023-10-15,2023-11-07
TB104844,2024-01-16,CB1350,PB1084,SB112,6,10.0,cash,2024-01-16,2024-02-06
TB104845,2024-03-24,CB1019,PB1058,SB117,5,10.0,Net Banking,2024-03-26,2024-04-05
TB104846,2025-07-22,CB1276,PB1103,SB106,9,20.0,Card,2025-07-23,2025-08-14
TB104847,2023-08-05,CB1072,PB1087,SB101,8,0.0,Cash,2023-08-05,2023-08-28
TB104848,2023-02-14,CB1064,PB1101,SB106,2,15.0,Cash,2023-02-16,2023-02-25
TB104849,2025-04-04,CB1343,PB1063,SB118,6,15.0,UPI,2025-04-04,2025-04-26
TB104850,2024-07-26,CB1283,PB1055,SB114,5,0.0,net banking,2024-07-26,2024-08-25
TB104851,2023-06-17,CB1077,PB1056,SB105,5,10.0,Cash,2023-06-19,2023-07-02
TB104852,2024-09-07,CB1289,PB1071,SB114,5,,net banking,2024-09-08,2024-09-09
TB104853,2023-06-18,CB1258,PB1060,SB115,2,0.0,UPI,2023-06-18,2023-07-13
TB104854,2024-04-17,CB1025,PB1089,SB110,8,10.0,Cash,2024-04-17,2024-04-22
TB104855,2024-04-04,CB1158,PB1108,SB113,3,5.0,Net Banking,2024-04-04,2024-04-18
TB104856,2025-12-21,CB1308,PB1104,SB102,5,15.0,CARD,2025-12-23,2026-01-11
TB104857,2023-04-27,CB1052,PB1103,SB115,9,5.0,net banking,2023-04-28,2023-05-23
TB104858,2025-10-21,CB1207,PB1108,SB106,5,5.0,Cash,2025-10-23,2025-11-10
TB104859,2025-08-14,CB1054,PB1119,SB107,2,20.0,UPI,2025-08-14,2025-08-23
TB104860,2023-07-10,CB1070,PB1032,SB103,4,10.0,Cash,2023-07-12,2023-07-25
TB104861,2025-01-01,CB1262,PB1101,SB104,2,10.0,Card,2025-01-03,2025-01-15
TB104862,2025-08-07,CB1030,PB1003,SB108,8,0.0,Cash,2025-08-08,2025-08-27
TB104863,2024-05-10,CB1182,PB1114,SB113,3,5.0,net banking,2024-05-11,2024-05-19
TB104864,2024-08-29,CB1108,PB1049,SB105,6,,cash,2024-08-29,2024-09-24
TB104865,2023-07-07,CB1064,PB1010,SB111,4,5.0,Cash,2023-07-09,2023-07-30
TB104866,2023-08-12,CB1014,PB1082,SB105,10,0.0,UPI,2023-08-14,2023-08-16
TB104867,2025-02-15,CB1206,PB1084,SB107,4,0.0,UPI,2025-02-15,2025-03-02
TB104868,2023-03-09,CB1039,PB1087,SB110,3,5.0,Cash,2023-03-10,2023-04-06
TB104869,2023-12-02,CB1335,PB1032,SB112,8,15.0,CARD,2023-12-04,2023-12-31
TB104870,2026-02-21,CB1218,PB1016,SB104,6,5.0,Net Banking,2026-02-22,2026-03-15
TB104871,2023-08-11,CB1293,PB1092,SB110,10,,Cash,2023-08-13,2023-08-23
TB104872,2023-10-18,CB1274,PB1036,SB111,2,,cash,2023-10-19,2023-11-13
TB104873,2024-03-05,CB1079,PB1052,SB117,9,10.0,Card,2024-03-06,2024-03-30
TB104874,2025-01-25,CB1314,PB1075,SB110,5,0.0,UPI,2025-01-25,2025-02-11
TB104875,2024-01-10,CB1285,PB1048,SB108,6,5.0,cash,2024-01-10,2024-01-14
TB104876,2025-11-12,CB1331,PB1022,SB117,6,5.0,UPI,2025-11-12,2025-12-04
TB104877,2024-11-19,CB1024,PB1112,SB116,6,15.0,upi,2024-11-19,2024-12-18
TB104878,2025-07-12,CB1068,PB1046,SB106,5,10.0,Cash,2025-07-12,2025-07-23
TB104879,2025-08-27,CB1147,PB1100,SB109,5,15.0,Net Banking,2025-08-28,2025-09-12
TB104880,2024-06-25,CB1219,PB1037,SB102,5,0.0,UPI,2024-06-27,2024-07-04
TB104881,2025-06-09,CB1262,PB1119,SB105,9,20.0,Net Banking,2025-06-09,2025-06-21
TB104882,2024-09-01,CB1187,PB1104,SB112,8,5.0,CARD,2024-09-03,2024-09-16
TB104883,2025-10-14,CB1181,PB1116,SB110,9,5.0,Net Banking,2025-10-15,2025-11-02
TB104884,2023-02-12,CB1012,PB1114,SB109,2,5.0,UPI,2023-02-14,2023-02-17
TB104885,2025-08-16,CB1182,PB1094,SB107,5,10.0,Net Banking,2025-08-16,2025-09-12
TB104886,2023-03-31,CB1294,PB1107,SB108,1,15.0,Card,2023-03-31,2023-04-24
TB104887,2024-06-01,CB1074,PB1051,SB105,10,15.0,cash,2024-06-02,2024-06-02
TB104888,2023-08-02,CB1064,PB1088,SB113,4,10.0,UPI,2023-08-04,2023-08-19
TB104889,2024-03-21,CB1349,PB1089,SB110,4,0.0,CARD,2024-03-21,2024-04-01
TB104890,2025-11-07,CB1236,PB1072,SB112,3,10.0,Card,2025-11-09,2025-11-17
TB104891,2024-05-12,CB1136,PB1073,SB114,10,15.0,Cash,2024-05-13,2024-05-15
TB104892,2024-11-19,CB1320,PB1046,SB115,6,,upi,2024-11-20,2024-12-09
TB104893,2023-12-21,CB1253,PB1091,SB110,2,5.0,Card,2023-12-22,2024-01-14
TB104894,2025-06-18,CB1068,PB1109,SB105,4,20.0,Cash,2025-06-20,2025-06-23
TB104895,2023-02-18,CB1202,PB1111,SB105,4,20.0,net banking,2023-02-18,2023-02-24
TB104896,2025-03-04,CB1016,PB1099,SB109,5,15.0,UPI,2025-03-04,2025-03-18
TB104897,2024-07-23,CB1340,PB1047,SB104,6,15.0,upi,2024-07-25,2024-08-23
TB104898,2023-12-01,CB1041,PB1016,SB101,9,5.0,cash,2023-12-03,2023-12-15
TB104899,2023-01-14,CB1309,PB1021,SB102,9,5.0,net banking,2023-01-14,2023-02-05
TB104900,2024-08-20,CB1183,PB1022,SB117,10,10.0,Card,2024-08-22,2024-09-11
TB104901,2025-06-24,CB1094,PB1027,SB107,5,15.0,cash,2025-06-25,2025-07-10
TB104902,2024-06-26,CB1100,PB1094,SB105,8,5.0,net banking,2024-06-26,2024-07-25
TB104903,2025-12-01,CB1096,PB1011,SB112,10,15.0,upi,2025-12-01,2025-12-20
TB104904,2023-03-26,CB1251,PB1057,SB106,1,15.0,upi,2023-03-26,2023-03-30
TB104905,2024-06-11,CB1268,PB1050,SB113,5,,cash,2024-06-11,2024-07-09
TB104906,2024-03-19,CB1244,PB1032,SB104,6,10.0,UPI,2024-03-20,2024-03-22
TB104907,2024-12-30,CB1287,PB1025,SB103,10,20.0,net banking,2024-12-30,2024-12-30
TB104908,2024-03-30,CB1027,PB1061,SB107,6,20.0,CARD,2024-03-30,2024-04-20
TB104909,2025-08-14,CB1067,PB1079,SB116,2,5.0,CARD,2025-08-15,2025-09-11
TB104910,2024-07-17,CB1175,PB1007,SB106,9,10.0,net banking,2024-07-17,2024-08-09
TB104911,2025-02-03,CB1270,PB1020,SB114,1,,UPI,2025-02-05,2025-02-25
TB104912,2023-01-01,CB1089,PB1004,SB118,3,15.0,net banking,2023-01-03,2023-01-04
TB104913,2023-06-24,CB1300,PB1109,SB109,9,0.0,cash,2023-06-24,2023-07-24
TB104914,2024-01-04,CB1292,PB1053,SB102,6,,Card,2024-01-04,2024-01-23
TB104915,2024-04-25,CB1320,PB1067,SB115,10,10.0,cash,2024-04-25,2024-04-27
TB104916,2023-08-24,CB1016,PB1026,SB106,10,15.0,CARD,2023-08-25,2023-09-05
TB104917,2023-01-29,CB1223,PB1111,SB101,1,20.0,Cash,2023-01-31,2023-02-16
TB104918,2023-05-18,CB1144,PB1016,SB108,3,0.0,UPI,2023-05-19,2023-05-29
TB104919,2023-04-07,CB1217,PB1064,SB112,9,,net banking,2023-04-08,2023-04-24
TB104920,2024-10-26,CB1003,PB1076,SB111,6,20.0,upi,2024-10-27,2024-11-17
TB104921,2024-09-13,CB1225,PB1023,SB108,10,10.0,Net Banking,2024-09-14,2024-09-15
TB104922,2025-04-24,CB1066,PB1058,SB106,7,,Net Banking,2025-04-26,2025-05-05
TB104923,2024-11-25,CB1069,PB1006,SB110,5,0.0,CARD,2024-11-25,2024-12-12
TB104924,2026-02-07,CB1024,PB1088,SB109,6,,Net Banking,2026-02-08,2026-03-04
TB104925,2023-10-27,CB1340,PB1025,SB110,5,15.0,CARD,2023-10-27,2023-11-11
TB104926,2026-03-21,CB1230,PB1033,SB102,7,15.0,net banking,2026-03-22,2026-03-25
TB104927,2026-02-12,CB1289,PB1066,SB112,7,,cash,2026-02-14,2026-03-03
TB104928,2025-07-03,CB1028,PB1051,SB114,2,0.0,net banking,2025-07-04,2025-07-23
TB104929,2023-11-06,CB1230,PB1080,SB108,9,0.0,net banking,2023-11-07,2023-11-16
TB104930,2026-01-06,CB1233,PB1061,SB102,4,10.0,upi,2026-01-08,2026-02-05
TB104931,2023-11-24,CB1221,PB1095,SB109,2,5.0,cash,2023-11-25,2023-12-13
TB104932,2025-12-04,CB1225,PB1070,SB101,4,10.0,Cash,2025-12-04,2026-01-02
TB104933,2025-06-20,CB1322,PB1076,SB107,8,0.0,Net Banking,2025-06-20,2025-06-29
TB104934,2024-12-06,CB1192,PB1051,SB106,8,20.0,Net Banking,2024-12-06,2024-12-31
TB104935,2023-10-13,CB1241,PB1027,SB111,3,5.0,net banking,2023-10-13,2023-11-08
TB104936,2023-08-30,CB1095,PB1010,SB105,8,15.0,CARD,2023-08-30,2023-09-10
TB104937,2023-01-10,CB1338,PB1065,SB112,8,10.0,upi,2023-01-10,2023-01-27
TB104938,2025-01-22,CB1093,PB1044,SB113,5,,Net Banking,2025-01-22,2025-01-26
TB104939,2023-02-10,CB1171,PB1118,SB116,1,20.0,CARD,2023-02-10,2023-02-28
TB104940,2025-04-14,CB1016,PB1026,SB109,4,0.0,upi,2025-04-16,2025-05-05
TB104941,2024-05-18,CB1065,PB1076,SB117,4,10.0,cash,2024-05-20,2024-06-01
TB104942,2025-06-07,CB1316,PB1114,SB115,5,20.0,net banking,2025-06-09,2025-07-08
TB104943,2023-02-26,CB1023,PB1004,SB116,7,0.0,Cash,2023-02-28,2023-03-15
TB104944,2025-02-11,CB1127,PB1112,SB115,4,10.0,UPI,2025-02-11,2025-03-09
TB104945,2023-04-15,CB1339,PB1063,SB110,2,20.0,Cash,2023-04-16,2023-05-09
TB104946,2024-02-08,CB1339,PB1094,SB113,2,15.0,CARD,2024-02-09,2024-02-26
TB104947,2025-10-28,CB1041,PB1117,SB112,3,15.0,net banking,2025-10-30,2025-11-13
TB104948,2025-09-30,CB1131,PB1048,SB117,6,0.0,Net Banking,2025-10-01,2025-10-27
TB104949,2025-05-28,CB1277,PB1093,SB116,5,5.0,Cash,2025-05-28,2025-06-13
TB104950,2023-05-18,CB1186,PB1113,SB108,9,15.0,upi,2023-05-19,2023-05-24
TB104951,2024-05-28,CB1258,PB1065,SB116,10,,Card,2024-05-28,2024-06-20
TB104952,2025-05-06,CB1089,PB1011,SB106,10,10.0,Card,2025-05-06,2025-05-28
TB104953,2024-02-24,CB1269,PB1115,SB106,10,20.0,upi,2024-02-26,2024-03-04
TB104954,2024-10-05,CB1237,PB1090,SB104,1,0.0,CARD,2024-10-07,2024-11-01
TB104955,2023-10-11,CB1140,PB1066,SB109,5,0.0,cash,2023-10-13,2023-11-04
TB104956,2025-05-09,CB1187,PB1107,SB109,2,15.0,upi,2025-05-10,2025-06-08
TB104957,2025-08-09,CB1004,PB1038,SB111,7,15.0,Net Banking,2025-08-11,2025-09-02
TB104958,2026-01-27,CB1044,PB1115,SB104,10,5.0,Net Banking,2026-01-29,2026-02-24
TB104959,2024-09-27,CB1252,PB1118,SB115,7,,Net Banking,2024-09-28,2024-10-12
TB104960,2025-02-01,CB1206,PB1111,SB109,7,15.0,net banking,2025-02-02,2025-02-25
TB104961,2025-03-18,CB1005,PB1065,SB111,3,10.0,Card,2025-03-18,2025-04-04
TB104962,2025-06-11,CB1037,PB1063,SB112,3,10.0,UPI,2025-06-12,2025-06-22
TB104963,2024-08-11,CB1254,PB1068,SB105,9,20.0,net banking,2024-08-13,2024-09-01
TB104964,2023-10-22,CB1073,PB1022,SB101,5,10.0,Net Banking,2023-10-23,2023-11-03
TB104965,2023-06-07,CB1021,PB1054,SB106,6,20.0,net banking,2023-06-09,2023-07-01
TB104966,2024-04-20,CB1018,PB1008,SB113,5,15.0,net banking,2024-04-22,2024-05-08
TB104967,2023-10-14,CB1300,PB1005,SB108,4,15.0,Card,2023-10-15,2023-10-28
TB104968,2023-06-29,CB1046,PB1070,SB107,4,0.0,CARD,2023-06-30,2023-07-07
TB104969,2024-05-10,CB1058,PB1103,SB117,2,0.0,Cash,2024-05-10,2024-06-07
TB104970,2023-02-13,CB1273,PB1042,SB111,9,10.0,net banking,2023-02-14,2023-02-25
TB104971,2024-10-16,CB1183,PB1020,SB113,5,,upi,2024-10-17,2024-10-21
TB104972,2024-12-04,CB1312,PB1059,SB109,7,5.0,cash,2024-12-04,2024-12-12
TB104973,2025-07-20,CB1163,PB1010,SB115,4,20.0,CARD,2025-07-22,2025-08-21
TB104974,2025-10-24,CB1169,PB1045,SB113,4,0.0,Net Banking,2025-10-25,2025-11-16
TB104975,2025-06-03,CB1295,PB1046,SB118,9,5.0,Net Banking,2025-06-03,2025-06-24
TB104976,2024-05-27,CB1073,PB1042,SB113,9,,UPI,2024-05-27,2024-06-10
TB104977,2023-09-09,CB1057,PB1100,SB114,10,,Card,2023-09-11,2023-09-30
TB104978,2024-06-24,CB1325,PB1061,SB114,5,20.0,Card,2024-06-25,2024-07-24
TB104979,2024-02-06,CB1146,PB1018,SB114,9,,cash,2024-02-07,2024-03-03
TB104980,2023-08-28,CB1098,PB1056,SB116,8,20.0,UPI,2023-08-29,2023-09-28
TB104981,2023-07-05,CB1040,PB1078,SB102,8,,cash,2023-07-05,2023-07-09
TB104982,2023-09-18,CB1082,PB1013,SB105,8,20.0,upi,2023-09-18,2023-09-24
TB104983,2025-01-18,CB1325,PB1036,SB112,1,20.0,Net Banking,2025-01-20,2025-01-22
TB104984,2023-12-18,CB1214,PB1089,SB106,5,,Card,2023-12-19,2024-01-14
TB104985,2023-03-15,CB1209,PB1028,SB108,7,10.0,CARD,2023-03-15,2023-03-27
TB104986,2024-12-23,CB1097,PB1094,SB105,5,5.0,Net Banking,2024-12-23,2025-01-08
TB104987,2023-09-20,CB1047,PB1036,SB101,9,,CARD,2023-09-21,2023-09-28
TB104988,2023-04-20,CB1305,PB1097,SB117,6,10.0,Cash,2023-04-22,2023-05-07
TB104989,2023-05-15,CB1073,PB1114,SB110,1,5.0,Cash,2023-05-17,2023-05-25
TB104990,2024-01-24,CB1189,PB1002,SB107,5,15.0,CARD,2024-01-25,2024-01-26
TB104991,2024-01-13,CB1312,PB1102,SB115,10,20.0,UPI,2024-01-15,2024-01-16
TB104992,2023-10-14,CB1104,PB1012,SB101,5,0.0,UPI,2023-10-15,2023-10-23
TB104993,2025-08-16,CB1090,PB1031,SB111,9,,CARD,2025-08-17,2025-08-20
TB104994,2023-09-22,CB1251,PB1056,SB112,4,,cash,2023-09-23,2023-10-08
TB104995,2024-06-10,CB1066,PB1057,SB112,8,0.0,net banking,2024-06-11,2024-06-23
TB104996,2024-04-06,CB1055,PB1037,SB115,9,10.0,upi,2024-04-07,2024-04-17
TB104997,2024-01-04,CB1174,PB1115,SB108,2,15.0,CARD,2024-01-05,2024-01-18
TB104998,2026-03-27,CB1137,PB1023,SB115,10,5.0,UPI,2026-03-29,2026-04-25
TB104999,2023-10-12,CB1107,PB1114,SB109,2,0.0,CARD,2023-10-12,2023-10-23
TB105000,2024-05-26,CB1242,PB1080,SB118,3,15.0,cash,2024-05-28,2024-05-29
TB105001,2025-10-29,CB1243,PB1025,SB107,8,10.0,upi,2025-10-29,2025-11-26
TB105002,2023-09-27,CB1114,PB1058,SB104,1,20.0,upi,2023-09-29,2023-10-26
TB105003,2023-10-31,CB1291,PB1090,SB112,4,20.0,cash,2023-11-01,2023-11-12
TB105004,2025-08-04,CB1093,PB1011,SB103,5,0.0,Net Banking,2025-08-06,2025-09-04
TB105005,2024-01-18,CB1335,PB1093,SB111,7,,upi,2024-01-18,2024-01-19
TB105006,2023-04-04,CB1098,PB1051,SB109,5,10.0,CARD,2023-04-04,2023-04-26
TB105007,2025-03-14,CB1083,PB1096,SB114,4,10.0,upi,2025-03-15,2025-03-24
TB105008,2024-06-01,CB1324,PB1008,SB115,1,,Card,2024-06-01,2024-06-06
TB105009,2023-12-05,CB1123,PB1041,SB106,9,,net banking,2023-12-06,2023-12-18
TB105010,2025-11-07,CB1229,PB1118,SB118,9,,cash,2025-11-07,2025-12-04
TB105011,2025-09-14,CB1097,PB1070,SB112,4,20.0,CARD,2025-09-14,2025-09-15
TB105012,2023-03-22,CB1031,PB1086,SB114,1,20.0,CARD,2023-03-22,2023-03-23
TB105013,2023-10-15,CB1331,PB1061,SB115,7,,cash,2023-10-16,2023-11-01
TB105014,2024-08-03,CB1062,PB1062,SB106,7,20.0,Cash,2024-08-04,2024-08-15
TB105015,2025-08-05,CB1141,PB1103,SB114,5,5.0,CARD,2025-08-07,2025-08-07
TB105016,2024-03-27,CB1182,PB1084,SB114,7,10.0,Cash,2024-03-27,2024-04-18
TB105017,2023-05-14,CB1103,PB1043,SB104,7,,net banking,2023-05-15,2023-05-24
TB105018,2024-10-02,CB1264,PB1047,SB104,2,10.0,net banking,2024-10-03,2024-10-09
TB105019,2025-03-21,CB1290,PB1047,SB114,6,15.0,cash,2025-03-23,2025-04-13
TB105020,2025-04-23,CB1113,PB1058,SB111,4,,Card,2025-04-23,2025-04-24
TB105021,2024-01-09,CB1265,PB1033,SB105,5,15.0,upi,2024-01-11,2024-02-06
TB105022,2023-01-18,CB1167,PB1012,SB109,3,5.0,cash,2023-01-20,2023-01-25
TB105023,2024-12-24,CB1102,PB1059,SB105,6,20.0,CARD,2024-12-25,2025-01-23
TB105024,2025-09-19,CB1036,PB1037,SB105,5,0.0,Net Banking,2025-09-20,2025-10-03
TB105025,2024-09-20,CB1242,PB1006,SB118,10,5.0,upi,2024-09-20,2024-09-21
TB105026,2024-03-27,CB1287,PB1019,SB104,10,5.0,UPI,2024-03-28,2024-04-01
TB105027,2024-02-15,CB1344,PB1025,SB105,5,5.0,Card,2024-02-16,2024-03-07
TB105028,2025-01-26,CB1291,PB1051,SB105,5,,Cash,2025-01-26,2025-01-28
TB105029,2023-02-22,CB1169,PB1026,SB102,10,15.0,net banking,2023-02-23,2023-03-20
TB105030,2026-01-07,CB1256,PB1052,SB115,5,,UPI,2026-01-07,2026-01-28
TB105031,2023-04-14,CB1156,PB1052,SB114,5,5.0,Net Banking,2023-04-15,2023-05-01
TB105032,2025-02-11,CB1114,PB1056,SB101,9,,Cash,2025-02-13,2025-02-22
TB105033,2024-03-06,CB1350,PB1096,SB112,3,20.0,UPI,2024-03-08,2024-03-21
TB105034,2025-12-20,CB1172,PB1101,SB114,3,20.0,Card,2025-12-21,2025-12-31
TB105035,2026-03-15,CB1195,PB1073,SB105,7,5.0,CARD,2026-03-16,2026-04-10
TB105036,2023-10-20,CB1250,PB1032,SB110,3,,Net Banking,2023-10-21,2023-11-04
TB105037,2026-01-11,CB1243,PB1008,SB109,3,,net banking,2026-01-13,2026-02-01
TB105038,2023-12-29,CB1130,PB1082,SB109,4,,Net Banking,2023-12-29,2024-01-22
TB105039,2025-05-02,CB1052,PB1120,SB110,6,0.0,Net Banking,2025-05-03,2025-05-06
TB105040,2023-06-28,CB1203,PB1022,SB117,9,15.0,Net Banking,2023-06-30,2023-07-01
TB105041,2025-11-30,CB1087,PB1035,SB109,10,15.0,Cash,2025-12-02,2025-12-18
TB105042,2023-02-08,CB1185,PB1011,SB117,10,,Net Banking,2023-02-08,2023-03-01
TB105043,2024-10-25,CB1342,PB1039,SB109,4,0.0,UPI,2024-10-26,2024-11-20
TB105044,2026-02-23,CB1052,PB1070,SB108,4,,UPI,2026-02-25,2026-03-04
TB105045,2023-09-06,CB1138,PB1061,SB114,4,,upi,2023-09-07,2023-09-25
TB105046,2023-10-04,CB1253,PB1078,SB108,8,5.0,UPI,2023-10-06,2023-11-01
TB105047,2023-07-06,CB1015,PB1010,SB113,3,5.0,CARD,2023-07-08,2023-08-05
TB105048,2023-07-16,CB1016,PB1001,SB105,3,10.0,CARD,2023-07-18,2023-08-11
TB105049,2023-07-23,CB1100,PB1032,SB113,2,5.0,CARD,2023-07-24,2023-07-28
TB105050,2023-05-17,CB1284,PB1023,SB103,10,0.0,Card,2023-05-18,2023-06-11
TB105051,2025-09-20,CB1282,PB1077,SB114,2,5.0,net banking,2025-09-20,2025-09-25
TB105052,2024-01-19,CB1319,PB1045,SB101,3,0.0,CARD,2024-01-19,2024-02-14
TB105053,2023-07-20,CB1326,PB1041,SB113,8,15.0,UPI,2023-07-22,2023-08-15
TB105054,2023-01-16,CB1336,PB1075,SB103,2,,net banking,2023-01-18,2023-01-18
TB105055,2025-02-09,CB1151,PB1109,SB110,3,5.0,CARD,2025-02-10,2025-03-08
TB105056,2024-06-10,CB1059,PB1048,SB103,8,20.0,cash,2024-06-10,2024-07-05
TB105057,2024-08-06,CB1317,PB1015,SB104,7,10.0,net banking,2024-08-08,2024-08-23
TB105058,2023-04-30,CB1006,PB1018,SB116,-1,20.0,Card,2023-05-02,2023-05-24
TB105059,2025-12-27,CB1028,PB1006,SB108,5,0.0,UPI,2025-12-27,2026-01-24
TB105060,2026-01-21,CB1329,PB1015,SB106,10,10.0,CARD,2026-01-23,2026-01-29
TB105061,2023-12-10,CB1013,PB1048,SB107,1,,Card,2023-12-10,2023-12-22
TB105062,2024-06-27,CB1072,PB1088,SB112,4,20.0,Card,2024-06-29,2024-07-01
TB105063,2025-07-12,CB1336,PB1112,SB102,3,10.0,Card,2025-07-13,2025-07-18
TB105064,2023-06-30,CB1240,PB1073,SB112,7,0.0,Cash,2023-06-30,2023-07-03
TB105065,2023-12-06,CB1086,PB1114,SB113,4,,net banking,2023-12-08,2024-01-07
TB105066,2023-02-24,CB1229,PB1065,SB104,7,0.0,upi,2023-02-24,2023-03-19
TB105067,2025-06-05,CB1211,PB1095,SB105,9,,UPI,2025-06-06,2025-07-01
TB105068,2024-01-03,CB1260,PB1051,SB109,4,10.0,Card,2024-01-04,2024-01-07
TB105069,2025-06-04,CB1088,PB1006,SB110,3,0.0,upi,2025-06-05,2025-06-12
TB105070,2025-09-16,CB1329,PB1110,SB101,4,10.0,Cash,2025-09-18,2025-10-13
TB105071,2023-01-25,CB1312,PB1067,SB109,2,5.0,upi,2023-01-26,2023-02-20
TB105072,2023-05-05,CB1166,PB1102,SB111,8,0.0,UPI,2023-05-07,2023-05-17
TB105073,2025-12-16,CB1281,PB1038,SB114,3,10.0,net banking,2025-12-17,2026-01-02
TB105074,2025-07-03,CB1129,PB1056,SB115,9,15.0,net banking,2025-07-03,2025-07-10
TB105075,2023-04-12,CB1013,PB1084,SB115,4,20.0,Net Banking,2023-04-14,2023-04-14
TB105076,2024-07-12,CB1262,PB1030,SB111,6,0.0,cash,2024-07-14,2024-07-23
TB105077,2023-01-16,CB1086,PB1059,SB115,8,5.0,CARD,2023-01-16,2023-01-31
TB105078,2023-10-09,CB1061,PB1109,SB118,1,20.0,CARD,2023-10-11,2023-10-16
TB105079,2023-09-25,CB1081,PB1009,SB107,2,0.0,Cash,2023-09-25,2023-10-06
TB105080,2023-02-26,CB1274,PB1004,SB103,7,5.0,UPI,2023-02-27,2023-03-27
TB105081,2025-01-15,CB1206,PB1041,SB103,1,10.0,upi,2025-01-15,2025-01-20
TB105082,2025-08-18,CB1040,PB1093,SB103,8,10.0,net banking,2025-08-20,2025-09-11
TB105083,2023-04-11,CB1181,PB1104,SB115,9,10.0,Net Banking,2023-04-13,2023-04-25
TB105084,2025-11-10,CB1084,PB1115,SB109,2,5.0,UPI,2025-11-12,2025-11-24
TB105085,2025-07-06,CB1158,PB1082,SB110,1,20.0,upi,2025-07-08,2025-07-29
TB105086,2024-05-19,CB1296,PB1008,SB104,2,20.0,upi,2024-05-21,2024-06-11
TB105087,2024-07-15,CB1206,PB1060,SB115,8,15.0,Net Banking,2024-07-16,2024-08-07
TB105088,2023-05-26,CB1138,PB1073,SB113,3,10.0,UPI,2023-05-28,2023-06-24
TB105089,2023-07-17,CB1049,PB1058,SB114,3,20.0,Cash,2023-07-18,2023-07-19
TB105090,2024-11-09,CB1021,PB1017,SB105,8,15.0,CARD,2024-11-09,2024-12-08
TB105091,2026-02-10,CB1118,PB1040,SB115,6,,Card,2026-02-10,2026-02-18
TB105092,2025-06-20,CB1098,PB1094,SB105,6,5.0,UPI,2025-06-21,2025-07-12
TB105093,2024-12-24,CB1273,PB1035,SB117,3,,net banking,2024-12-26,2025-01-13
TB105094,2024-04-27,CB1090,PB1059,SB106,8,20.0,CARD,2024-04-28,2024-05-20
TB105095,2024-03-16,CB1322,PB1003,SB106,8,10.0,Cash,2024-03-18,2024-04-10
TB105096,2023-03-03,CB1206,PB1086,SB114,9,20.0,CARD,2023-03-05,2023-03-12
TB105097,2025-12-18,CB1274,PB1037,SB109,5,15.0,Card,2025-12-19,2026-01-12
TB105098,2025-07-20,CB1164,PB1093,SB113,4,20.0,cash,2025-07-20,2025-08-07
TB105099,2023-09-26,CB1284,PB1094,SB118,2,20.0,Net Banking,2023-09-28,2023-10-05
TB105100,2025-07-18,CB1128,PB1043,SB108,8,5.0,CARD,2025-07-19,2025-07-24
TB105101,2024-09-30,CB1029,PB1110,SB104,3,15.0,Net Banking,2024-09-30,2024-10-30
TB105102,2025-05-18,CB1060,PB1034,SB105,1,10.0,upi,2025-05-18,2025-05-25
TB105103,2025-02-05,CB1176,PB1023,SB114,5,5.0,CARD,2025-02-06,2025-02-28
TB105104,2025-04-01,CB1215,PB1024,SB107,9,20.0,CARD,2025-04-01,2025-04-26
TB105105,2025-01-16,CB1137,PB1047,SB112,5,10.0,upi,2025-01-17,2025-01-18
TB105106,2024-09-19,CB1044,PB1010,SB104,3,10.0,net banking,2024-09-19,2024-09-27
TB105107,2024-11-26,CB1151,PB1073,SB111,5,20.0,net banking,2024-11-27,2024-12-25
TB105108,2024-08-14,CB1273,PB1092,SB110,9,0.0,Card,2024-08-14,2024-09-07
TB105109,2024-09-06,CB1188,PB1010,SB106,2,20.0,upi,2024-09-07,2024-09-14
TB105110,2023-09-09,CB1089,PB1116,SB109,10,15.0,Net Banking,2023-09-10,2023-09-18
TB105111,2024-08-13,CB1227,PB1023,SB109,9,20.0,net banking,2024-08-13,2024-08-31
TB105112,2024-02-23,CB1317,PB1068,SB116,10,,cash,2024-02-24,2024-03-01
TB105113,2026-03-13,CB1032,PB1060,SB111,1,5.0,upi,2026-03-13,2026-03-24
TB105114,2024-06-18,CB1271,PB1029,SB109,2,,net banking,2024-06-19,2024-07-19
TB105115,2026-03-10,CB1025,PB1044,SB115,4,,Card,2026-03-10,2026-04-08
TB105116,2024-06-16,CB1014,PB1093,SB117,2,5.0,upi,2024-06-17,2024-07-10
TB105117,2023-10-15,CB1245,PB1069,SB113,4,10.0,Card,2023-10-16,2023-10-28
TB105118,2024-09-23,CB1138,PB1081,SB114,2,0.0,UPI,2024-09-23,2024-10-16
TB105119,2025-05-21,CB1200,PB1015,SB101,10,,Net Banking,2025-05-22,2025-06-14
TB105120,2025-04-26,CB1311,PB1014,SB105,5,15.0,upi,2025-04-26,2025-05-19
TB105121,2025-11-28,CB1198,PB1044,SB101,1,,Net Banking,2025-11-29,2025-12-18
TB105122,2023-06-08,CB1298,PB1002,SB104,6,0.0,upi,2023-06-09,2023-06-23
TB105123,2023-12-04,CB1042,PB1054,SB102,4,5.0,UPI,2023-12-05,2023-12-05
TB105124,2024-06-04,CB1286,PB1119,SB118,3,15.0,Net Banking,2024-06-04,2024-06-09
TB105125,2025-11-13,CB1089,PB1008,SB118,2,5.0,Net Banking,2025-11-13,2025-12-03
TB105126,2023-06-13,CB1281,PB1038,SB105,10,,cash,2023-06-14,2023-07-07
TB105127,2023-03-17,CB1317,PB1078,SB115,7,15.0,Cash,2023-03-18,2023-04-06
TB105128,2023-12-02,CB1147,PB1011,SB109,2,0.0,Cash,2023-12-02,2023-12-31
TB105129,2023-10-07,CB1115,PB1108,SB116,8,0.0,Card,2023-10-08,2023-10-20
TB105130,2024-05-20,CB1035,PB1092,SB112,7,20.0,cash,2024-05-22,2024-06-18
TB105131,2023-12-14,CB1308,PB1035,SB115,10,10.0,cash,2023-12-16,2024-01-07
TB105132,2025-08-21,CB1312,PB1065,SB106,8,5.0,CARD,2025-08-23,2025-09-05
TB105133,2023-02-28,CB1295,PB1061,SB118,8,15.0,CARD,2023-03-01,2023-03-11
TB105134,2025-03-09,CB1160,PB1093,SB104,8,0.0,UPI,2025-03-10,2025-03-23
TB105135,2025-01-25,CB1345,PB1069,SB104,5,20.0,cash,2025-01-27,2025-02-02
TB105136,2023-01-10,CB1029,PB1031,SB111,10,5.0,Net Banking,2023-01-11,2023-02-06
TB105137,2023-02-22,CB1324,PB1053,SB113,9,10.0,Net Banking,2023-02-22,2023-03-10
TB105138,2023-01-31,CB1158,PB1087,SB115,6,5.0,Net Banking,2023-02-02,2023-02-15
TB105139,2023-02-05,CB1045,PB1008,SB103,3,0.0,Cash,2023-02-06,2023-02-16
TB105140,2023-09-23,CB1195,PB1040,SB110,3,,upi,2023-09-24,2023-09-29
TB105141,2025-12-14,CB1177,PB1075,SB110,5,5.0,UPI,2025-12-14,2026-01-11
TB105142,2025-10-24,CB1165,PB1052,SB112,4,20.0,CARD,2025-10-25,2025-11-19
TB105143,2024-11-19,CB1241,PB1099,SB115,4,10.0,cash,2024-11-19,2024-12-14
TB105144,2023-03-19,CB1166,PB1059,SB108,6,15.0,net banking,2023-03-20,2023-04-12
TB105145,2024-05-31,CB1080,PB1043,SB103,6,,Card,2024-06-02,2024-06-27
TB105146,2023-12-16,CB1149,PB1054,SB115,9,,UPI,2023-12-17,2024-01-16
TB105147,2023-06-18,CB1081,PB1110,SB116,3,10.0,Card,2023-06-20,2023-07-05
TB105148,2024-07-14,CB1083,PB1027,SB113,6,15.0,net banking,2024-07-16,2024-08-06
TB105149,2024-06-05,CB1316,PB1007,SB105,10,20.0,UPI,2024-06-07,2024-07-04
TB105150,2024-04-03,CB1020,PB1057,SB101,5,10.0,UPI,2024-04-05,2024-04-21
TB105151,2026-02-21,CB1293,PB1092,SB103,6,0.0,Card,2026-02-22,2026-03-18
TB105152,2024-08-02,CB1241,PB1114,SB111,6,20.0,CARD,2024-08-02,2024-08-15
TB105153,2026-01-17,CB1346,PB1078,SB116,4,,Net Banking,2026-01-18,2026-01-20
TB105154,2024-05-22,CB1214,PB1010,SB110,5,20.0,Card,2024-05-23,2024-05-28
TB105155,2025-06-08,CB1031,PB1066,SB112,5,0.0,Card,2025-06-10,2025-06-15
TB105156,2023-02-15,CB1135,PB1114,SB114,4,5.0,upi,2023-02-16,2023-03-13
TB105157,2023-05-22,CB1254,PB1025,SB115,9,15.0,Card,2023-05-24,2023-06-12
TB105158,2025-12-03,CB1309,PB1115,SB107,6,15.0,CARD,2025-12-03,2025-12-23
TB105159,2025-11-05,CB1034,PB1062,SB103,10,0.0,Net Banking,2025-11-05,2025-11-14
TB105160,2023-04-09,CB1032,PB1065,SB112,4,,Cash,2023-04-09,2023-04-15
TB105161,2024-07-30,CB1128,PB1054,SB114,5,,UPI,2024-07-30,2024-08-15
TB105162,2024-01-06,CB1102,PB1012,SB108,10,,net banking,2024-01-08,2024-01-08
TB105163,2026-02-07,CB1035,PB1005,SB108,3,,Net Banking,2026-02-09,2026-02-10
TB105164,2025-09-21,CB1235,PB1101,SB115,8,15.0,net banking,2025-09-23,2025-10-16
TB105165,2024-05-06,CB1160,PB1046,SB112,7,15.0,Cash,2024-05-07,2024-05-17
TB105166,2024-11-08,CB1129,PB1116,SB117,4,0.0,upi,2024-11-10,2024-12-08
TB105167,2024-11-08,CB1057,PB1014,SB102,6,5.0,Card,2024-11-10,2024-11-18
TB105168,2025-02-20,CB1191,PB1027,SB108,6,20.0,UPI,2025-02-22,2025-02-28
TB105169,2026-01-05,CB1128,PB1025,SB103,4,5.0,CARD,2026-01-07,2026-01-30
TB105170,2025-01-17,CB1336,PB1067,SB111,5,0.0,cash,2025-01-19,2025-02-11
TB105171,2023-02-28,CB1129,PB1003,SB114,7,5.0,Card,2023-03-01,2023-03-01
TB105172,2025-05-15,CB1055,PB1041,SB104,5,15.0,Cash,2025-05-15,2025-05-27
TB105173,2024-09-18,CB1055,PB1120,SB114,3,15.0,Cash,2024-09-20,2024-10-05
TB105174,2026-02-25,CB1233,PB1090,SB115,3,10.0,CARD,2026-02-25,2026-03-20
TB105175,2023-04-22,CB1224,PB1073,SB111,1,10.0,net banking,2023-04-22,2023-05-10
TB105176,2023-12-12,CB1081,PB1030,SB112,1,,CARD,2023-12-13,2023-12-18
TB105177,2025-07-18,CB1192,PB1070,SB106,3,0.0,Cash,2025-07-19,2025-08-12
TB105178,2025-12-22,CB1343,PB1114,SB110,10,0.0,cash,2025-12-24,2026-01-12
TB105179,2023-06-19,CB1320,PB1075,SB103,6,,Cash,2023-06-20,2023-07-11
TB105180,2024-10-04,CB1222,PB1033,SB111,5,10.0,Card,2024-10-05,2024-10-26
TB105181,2024-05-02,CB1038,PB1048,SB106,5,0.0,Cash,2024-05-04,2024-05-04
TB105182,2023-11-16,CB1276,PB1047,SB111,8,15.0,Cash,2023-11-18,2023-12-04
TB105183,2025-10-08,CB1302,PB1061,SB116,9,0.0,cash,2025-10-08,2025-11-02
TB105184,2023-04-03,CB1193,PB1058,SB102,5,,CARD,2023-04-03,2023-05-01
TB105185,2025-05-17,CB1023,PB1096,SB105,6,,UPI,2025-05-18,2025-05-22
TB105186,2023-04-28,CB1237,PB1062,SB102,2,,net banking,2023-04-30,2023-05-09
TB105187,2024-05-09,CB1345,PB1032,SB104,1,15.0,Net Banking,2024-05-10,2024-06-01
TB105188,2023-07-20,CB1250,PB1076,SB105,1,10.0,upi,2023-07-20,2023-08-10
TB105189,2025-02-28,CB1091,PB1063,SB112,6,15.0,Cash,2025-03-01,2025-03-12
TB105190,2024-01-02,CB1065,PB1098,SB118,4,,Net Banking,2024-01-04,2024-01-20
TB105191,2025-09-30,CB1047,PB1046,SB102,6,20.0,Net Banking,2025-10-02,2025-10-30
TB105192,2025-03-12,CB1178,PB1046,SB115,2,20.0,upi,2025-03-14,2025-04-12
TB105193,2024-10-27,CB1042,PB1111,SB114,7,15.0,Net Banking,2024-10-28,2024-11-23
TB105194,2026-02-20,CB1290,PB1031,SB114,1,10.0,CARD,2026-02-22,2026-03-22
TB105195,2025-03-05,CB1175,PB1073,SB112,1,,cash,2025-03-06,2025-03-19
TB105196,2023-09-02,CB1113,PB1027,SB111,2,0.0,Net Banking,2023-09-04,2023-09-17
TB105197,2024-01-20,CB1039,PB1066,SB105,6,10.0,cash,2024-01-20,2024-01-24
TB105198,2025-03-19,CB1066,PB1011,SB105,10,0.0,Net Banking,2025-03-21,2025-04-02
TB105199,2026-03-08,CB1286,PB1108,SB113,5,,net banking,2026-03-09,2026-04-05
TB105200,2026-02-07,CB1260,PB1081,SB114,10,15.0,CARD,2026-02-08,2026-02-24
TB105201,2023-06-24,CB1178,PB1021,SB116,1,5.0,UPI,2023-06-26,2023-07-09
TB105202,2024-06-16,CB1094,PB1024,SB112,10,15.0,upi,2024-06-18,2024-06-24
TB105203,2025-05-14,CB1062,PB1018,SB116,1,5.0,Cash,2025-05-15,2025-05-19
TB105204,2025-04-10,CB1057,PB1063,SB113,1,,CARD,2025-04-12,2025-05-11
TB105205,2023-08-10,CB1218,PB1032,SB115,9,20.0,UPI,2023-08-12,2023-08-14
TB105206,2025-12-09,CB1199,PB1001,SB114,4,10.0,Card,2025-12-10,2025-12-31
TB105207,2023-12-22,CB1179,PB1054,SB116,4,15.0,CARD,2023-12-22,2023-12-22
TB105208,2024-12-23,CB1318,PB1094,SB110,7,10.0,Card,2024-12-24,2025-01-07
TB105209,2025-12-02,CB1153,PB1113,SB101,1,0.0,UPI,2025-12-03,2025-12-28
TB105210,2024-03-20,CB1010,PB1028,SB105,4,15.0,Cash,2024-03-22,2024-03-27
TB105211,2025-12-08,CB1196,PB1027,SB111,5,15.0,Card,2025-12-08,2025-12-30
TB105212,2024-04-14,CB1060,PB1072,SB117,2,15.0,Card,2024-04-15,2024-05-11
TB105213,2023-01-27,CB1220,PB1110,SB111,1,20.0,Net Banking,2023-01-27,2023-02-22
TB105214,2023-10-12,CB1103,PB1118,SB103,6,20.0,upi,2023-10-14,2023-10-16
TB105215,2023-07-12,CB1041,PB1060,SB116,9,5.0,UPI,2023-07-14,2023-08-12
TB105216,2024-03-04,CB1202,PB1030,SB113,7,15.0,Cash,2024-03-06,2024-03-18
TB105217,2025-09-10,CB1082,PB1054,SB111,4,0.0,Cash,2025-09-10,2025-09-26
TB105218,2024-11-19,CB1313,PB1007,SB106,8,5.0,Cash,2024-11-19,2024-11-25
TB105219,2023-03-05,CB1177,PB1082,SB107,4,10.0,upi,2023-03-05,2023-03-20
TB105220,2024-02-16,CB1065,PB1109,SB115,6,10.0,cash,2024-02-16,2024-03-09
TB105221,2025-04-29,CB1324,PB1044,SB102,10,0.0,CARD,2025-04-30,2025-05-26
TB105222,2023-04-22,CB1285,PB1008,SB115,8,20.0,upi,2023-04-23,2023-05-05
TB105223,2023-09-15,CB1078,PB1037,SB110,6,15.0,upi,2023-09-17,2023-10-14
TB105224,2025-10-22,CB1259,PB1031,SB117,10,,Card,2025-10-23,2025-10-28
TB105225,2023-01-09,CB1142,PB1076,SB115,2,10.0,net banking,2023-01-11,2023-01-13
TB105226,2025-10-14,CB1126,PB1052,SB103,2,20.0,Net Banking,2025-10-15,2025-10-23
TB105227,2024-12-21,CB1261,PB1116,SB106,3,10.0,Card,2024-12-22,2025-01-04
TB105228,2025-03-03,CB1337,PB1035,SB101,6,20.0,Card,2025-03-03,2025-03-29
TB105229,2026-02-26,CB1152,PB1025,SB109,10,10.0,cash,2026-02-27,2026-03-16
TB105230,2025-07-27,CB1040,PB1093,SB108,7,15.0,Net Banking,2025-07-28,2025-08-23
TB105231,2024-12-03,CB1299,PB1109,SB103,1,0.0,cash,2024-12-05,2024-12-15
TB105232,2024-12-10,CB1264,PB1025,SB105,8,,CARD,2024-12-12,2024-12-24
TB105233,2026-03-01,CB1303,PB1097,SB107,6,,Net Banking,2026-03-03,2026-03-23
TB105234,2023-02-01,CB1079,PB1082,SB115,2,10.0,UPI,2023-02-01,2023-02-19
TB105235,2025-04-30,CB1344,PB1030,SB114,6,20.0,UPI,2025-05-01,2025-05-04
TB105236,2025-12-23,CB1070,PB1001,SB105,8,0.0,UPI,2025-12-24,2026-01-10
TB105237,2024-04-02,CB1282,PB1013,SB103,9,5.0,Card,2024-04-04,2024-04-26
TB105238,2023-01-24,CB1245,PB1055,SB108,7,15.0,net banking,2023-01-26,2023-02-14
TB105239,2023-12-02,CB1115,PB1038,SB109,8,,CARD,2023-12-02,2023-12-08
TB105240,2025-02-07,CB1236,PB1082,SB104,1,15.0,UPI,2025-02-08,2025-02-21
TB105241,2024-12-12,CB1147,PB1108,SB107,8,10.0,Net Banking,2024-12-13,2025-01-03
TB105242,2025-09-28,CB1201,PB1105,SB115,5,10.0,CARD,2025-09-29,2025-09-30
TB105243,2024-05-14,CB1003,PB1076,SB111,10,10.0,Cash,2024-05-14,2024-05-26
TB105244,2025-05-21,CB1124,PB1092,SB102,8,20.0,cash,2025-05-23,2025-06-12
TB105245,2025-11-25,CB1030,PB1109,SB106,2,20.0,cash,2025-11-27,2025-12-10
TB105246,2024-03-10,CB1217,PB1108,SB114,3,20.0,Card,2024-03-10,2024-03-14
TB105247,2024-10-09,CB1017,PB1073,SB111,1,20.0,UPI,2024-10-10,2024-10-25
TB105248,2024-09-18,CB1198,PB1016,SB111,5,0.0,net banking,2024-09-18,2024-10-15
TB105249,2023-01-27,CB1344,PB1008,SB102,10,0.0,net banking,2023-01-27,2023-01-27
TB105250,2024-03-05,CB1201,PB1057,SB108,5,10.0,Cash,2024-03-07,2024-03-23
TB105251,2025-10-13,CB1119,PB1105,SB102,10,15.0,Cash,2025-10-14,2025-10-21
TB105252,2023-08-03,CB1163,PB1074,SB113,9,20.0,net banking,2023-08-03,2023-08-06
TB105253,2023-05-19,CB1103,PB1002,SB112,2,5.0,Cash,2023-05-21,2023-05-28
TB105254,2023-09-15,CB1336,PB1102,SB106,5,,cash,2023-09-17,2023-10-04
TB105255,2023-05-19,CB1101,PB1097,SB112,1,20.0,Cash,2023-05-19,2023-05-21
TB105256,2023-01-30,CB1145,PB1009,SB106,10,5.0,cash,2023-02-01,2023-02-10
TB105257,2026-03-02,CB1019,PB1094,SB108,10,20.0,Card,2026-03-03,2026-03-22
TB105258,2024-05-20,CB1348,PB1054,SB115,8,,Net Banking,2024-05-22,2024-06-08
TB105259,2025-05-31,CB1269,PB1074,SB111,3,15.0,upi,2025-05-31,2025-06-20
TB105260,2024-02-18,CB1289,PB1079,SB116,4,,CARD,2024-02-19,2024-02-19
TB105261,2025-12-29,CB1011,PB1068,SB104,4,10.0,CARD,2025-12-30,2026-01-08
TB105262,2025-04-14,CB1341,PB1027,SB115,10,,UPI,2025-04-14,2025-04-19
TB105263,2024-01-05,CB1262,PB1022,SB101,4,15.0,net banking,2024-01-06,2024-01-30
TB105264,2023-09-08,CB1041,PB1071,SB111,9,10.0,upi,2023-09-09,2023-10-08
TB105265,2024-03-31,CB1241,PB1066,SB114,2,0.0,UPI,2024-03-31,2024-04-26
TB105266,2024-11-29,CB1232,PB1064,SB103,7,15.0,Card,2024-11-30,2024-12-26
TB105267,2026-02-18,CB1117,PB1008,SB105,1,5.0,net banking,2026-02-20,2026-03-11
TB105268,2024-10-16,CB1258,PB1080,SB106,6,0.0,CARD,2024-10-17,2024-10-25
TB105269,2023-01-27,CB1225,PB1063,SB117,7,0.0,net banking,2023-01-27,2023-02-09
TB105270,2023-08-15,CB1137,PB1098,SB116,3,,Card,2023-08-17,2023-09-13
TB105271,2025-02-13,CB1097,PB1119,SB113,2,15.0,Cash,2025-02-14,2025-02-24
TB105272,2026-03-26,CB1049,PB1089,SB110,6,10.0,cash,2026-03-27,2026-04-11
TB105273,2024-04-13,CB1228,PB1093,SB110,6,5.0,Cash,2024-04-14,2024-04-25
TB105274,2025-11-27,CB1215,PB1084,SB102,3,10.0,upi,2025-11-29,2025-12-03
TB105275,2025-12-02,CB1058,PB1041,SB114,2,0.0,net banking,2025-12-03,2026-01-02
TB105276,2024-05-26,CB1164,PB1059,SB114,2,10.0,Cash,2024-05-26,2024-06-12
TB105277,2025-05-11,CB1031,PB1085,SB114,6,,UPI,2025-05-12,2025-05-13
TB105278,2026-01-20,CB1035,PB1111,SB108,4,,Cash,2026-01-20,2026-02-05
TB105279,2025-06-07,CB1249,PB1041,SB117,3,0.0,Net Banking,2025-06-08,2025-06-30
TB105280,2023-04-16,CB1177,PB1049,SB107,5,,CARD,2023-04-16,2023-05-15
TB105281,2024-02-28,CB1154,PB1080,SB112,4,5.0,Card,2024-03-01,2024-03-19
TB105282,2024-07-25,CB1040,PB1041,SB111,6,0.0,net banking,2024-07-26,2024-08-09
TB105283,2025-12-22,CB1275,PB1070,SB101,4,15.0,CARD,2025-12-24,2025-12-28
TB105284,2023-12-07,CB1238,PB1012,SB113,3,,upi,2023-12-08,2023-12-29
TB105285,2025-12-11,CB1262,PB1117,SB113,3,15.0,net banking,2025-12-13,2026-01-03
TB105286,2024-05-28,CB1111,PB1081,SB116,3,,UPI,2024-05-29,2024-06-11
TB105287,2024-03-04,CB1241,PB1072,SB115,5,10.0,Card,2024-03-06,2024-03-23
TB105288,2025-04-26,CB1063,PB1102,SB105,4,20.0,Card,2025-04-28,2025-05-01
TB105289,2026-03-17,CB1115,PB1018,SB117,3,,UPI,2026-03-18,2026-03-20
TB105290,2025-03-13,CB1129,PB1112,SB104,10,5.0,cash,2025-03-13,2025-03-24
TB105291,2024-07-16,CB1277,PB1079,SB106,2,10.0,cash,2024-07-17,2024-07-28
TB105292,2026-01-08,CB1134,PB1099,SB101,2,5.0,UPI,2026-01-10,2026-02-07
TB105293,2024-04-20,CB1104,PB1116,SB106,1,5.0,Card,2024-04-21,2024-05-03
TB105294,2025-06-01,CB1314,PB1002,SB110,5,10.0,net banking,2025-06-02,2025-06-08
TB105295,2026-01-24,CB1219,PB1107,SB117,2,15.0,Net Banking,2026-01-25,2026-02-05
TB105296,2023-10-13,CB1031,PB1068,SB114,6,5.0,Card,2023-10-13,2023-10-19
TB105297,2026-01-10,CB1198,PB1038,SB107,6,20.0,Cash,2026-01-11,2026-02-09
TB105298,2025-06-16,CB1276,PB1023,SB107,9,,UPI,2025-06-17,2025-06-18
TB105299,2026-03-26,CB1225,PB1023,SB117,9,10.0,Cash,2026-03-26,2026-04-22
TB105300,2025-03-20,CB1202,PB1027,SB103,4,,Net Banking,2025-03-21,2025-04-19
TB105301,2024-02-19,CB1199,PB1006,SB104,5,20.0,net banking,2024-02-19,2024-02-19
TB105302,2023-11-19,CB1008,PB1031,SB107,9,5.0,Net Banking,2023-11-21,2023-12-03
TB105303,2024-09-30,CB1342,PB1064,SB110,5,20.0,upi,2024-10-02,2024-10-03
TB105304,2023-07-04,CB1334,PB1091,SB108,5,5.0,UPI,2023-07-05,2023-07-30
TB105305,2024-04-13,CB1199,PB1053,SB108,2,,Net Banking,2024-04-13,2024-04-14
TB105306,2025-06-02,CB1141,PB1047,SB111,9,5.0,Cash,2025-06-02,2025-06-26
TB105307,2023-05-29,CB1326,PB1043,SB115,9,0.0,Net Banking,2023-05-30,2023-06-23
TB105308,2023-11-08,CB1039,PB1098,SB104,6,20.0,UPI,2023-11-08,2023-12-06
TB105309,2025-11-13,CB1019,PB1049,SB114,2,15.0,UPI,2025-11-14,2025-11-30
TB105310,2023-05-04,CB1152,PB1054,SB101,1,15.0,upi,2023-05-04,2023-05-31
TB105311,2025-06-24,CB1103,PB1066,SB104,6,,Net Banking,2025-06-25,2025-07-14
TB105312,2023-10-02,CB1214,PB1050,SB116,1,0.0,Cash,2023-10-03,2023-10-11
TB105313,2024-10-16,CB1039,PB1056,SB112,3,5.0,UPI,2024-10-17,2024-11-13
TB105314,2023-12-30,CB1269,PB1074,SB107,4,5.0,cash,2024-01-01,2024-01-09
TB105315,2024-06-28,CB1040,PB1103,SB103,8,0.0,UPI,2024-06-30,2024-07-08
TB105316,2025-08-08,CB1013,PB1022,SB108,6,20.0,UPI,2025-08-08,2025-08-27
TB105317,2024-12-09,CB1218,PB1056,SB115,1,,upi,2024-12-11,2025-01-09
TB105318,2024-06-01,CB1337,PB1026,SB104,4,5.0,net banking,2024-06-03,2024-06-13
TB105319,2023-06-15,CB1183,PB1033,SB103,6,20.0,Card,2023-06-16,2023-06-30
TB105320,2026-02-26,CB1297,PB1023,SB106,5,5.0,UPI,2026-02-28,2026-03-22
TB105321,2024-01-04,CB1037,PB1046,SB106,9,,UPI,2024-01-06,2024-02-05
TB105322,2025-11-08,CB1072,PB1015,SB115,6,,Net Banking,2025-11-10,2025-12-07
TB105323,2026-01-26,CB1311,PB1056,SB106,7,5.0,cash,2026-01-26,2026-01-29
TB105324,2023-04-04,CB1117,PB1092,SB105,8,0.0,Cash,2023-04-05,2023-04-29
TB105325,2023-05-10,CB1123,PB1007,SB108,5,20.0,Card,2023-05-10,2023-06-07
TB105326,2025-01-18,CB1129,PB1077,SB113,8,5.0,Card,2025-01-18,2025-02-10
TB105327,2024-05-05,CB1152,PB1007,SB108,5,20.0,net banking,2024-05-07,2024-05-14
TB105328,2025-03-15,CB1300,PB1076,SB109,10,5.0,Card,2025-03-16,2025-03-24
TB105329,2026-02-25,CB1098,PB1029,SB101,1,20.0,Net Banking,2026-02-26,2026-03-21
TB105330,2024-06-05,CB1336,PB1032,SB105,7,20.0,UPI,2024-06-05,2024-06-14
TB105331,2025-11-21,CB1030,PB1097,SB109,6,0.0,net banking,2025-11-22,2025-12-17
TB105332,2023-08-05,CB1061,PB1072,SB105,6,0.0,CARD,2023-08-06,2023-08-24
TB105333,2025-08-13,CB1315,PB1007,SB116,1,0.0,Cash,2025-08-14,2025-08-19
TB105334,2024-08-14,CB1291,PB1014,SB103,4,20.0,net banking,2024-08-15,2024-08-30
TB105335,2023-09-13,CB1016,PB1026,SB109,1,10.0,cash,2023-09-14,2023-10-14
TB105336,2025-03-18,CB1272,PB1051,SB111,5,20.0,net banking,2025-03-20,2025-04-10
TB105337,2024-03-02,CB1194,PB1052,SB113,10,10.0,UPI,2024-03-03,2024-03-12
TB105338,2025-06-25,CB1030,PB1099,SB110,7,15.0,net banking,2025-06-25,2025-07-02
TB105339,2024-06-23,CB1055,PB1070,SB101,9,0.0,CARD,2024-06-23,2024-06-27
TB105340,2025-06-12,CB1328,PB1020,SB112,9,5.0,Card,2025-06-14,2025-07-03
TB105341,2025-12-28,CB1003,PB1040,SB107,5,20.0,CARD,2025-12-30,2026-01-29
TB105342,2025-01-17,CB1203,PB1078,SB111,3,0.0,net banking,2025-01-17,2025-01-29
TB105343,2025-06-22,CB1215,PB1072,SB110,7,,UPI,2025-06-23,2025-06-27
TB105344,2024-03-20,CB1101,PB1052,SB116,7,0.0,upi,2024-03-22,2024-04-14
TB105345,2025-07-30,CB1035,PB1032,SB111,9,10.0,CARD,2025-07-31,2025-08-04
TB105346,2025-09-25,CB1313,PB1107,SB117,3,10.0,CARD,2025-09-26,2025-10-24
TB105347,2024-03-26,CB1124,PB1077,SB112,6,20.0,Card,2024-03-26,2024-04-01
TB105348,2025-03-24,CB1178,PB1025,SB106,9,,net banking,2025-03-24,2025-04-09
TB105349,2024-04-29,CB1044,PB1033,SB116,2,0.0,Cash,2024-04-30,2024-05-22
TB105350,2025-07-21,CB1104,PB1087,SB115,8,,net banking,2025-07-22,2025-07-30
TB105351,2023-03-17,CB1021,PB1074,SB114,10,20.0,net banking,2023-03-18,2023-04-11
TB105352,2025-12-29,CB1200,PB1111,SB111,6,10.0,net banking,2025-12-29,2026-01-17
TB105353,2025-07-12,CB1017,PB1085,SB107,2,15.0,Cash,2025-07-12,2025-07-31
TB105354,2023-02-13,CB1278,PB1116,SB104,7,5.0,UPI,2023-02-14,2023-03-01
TB105355,2025-11-28,CB1346,PB1064,SB111,2,10.0,Net Banking,2025-11-30,2025-11-30
TB105356,2024-07-23,CB1054,PB1115,SB117,3,15.0,net banking,2024-07-23,2024-07-24
TB105357,2025-07-18,CB1296,PB1076,SB104,7,,Net Banking,2025-07-18,2025-08-08
TB105358,2024-10-17,CB1211,PB1032,SB110,4,5.0,upi,2024-10-19,2024-11-02
TB105359,2023-09-01,CB1226,PB1072,SB114,6,20.0,net banking,2023-09-01,2023-09-09
TB105360,2023-08-15,CB1082,PB1071,SB103,8,10.0,Card,2023-08-15,2023-08-27
TB105361,2023-08-29,CB1320,PB1083,SB118,9,15.0,cash,2023-08-29,2023-09-25
TB105362,2023-12-04,CB1033,PB1080,SB113,10,,UPI,2023-12-05,2023-12-23
TB105363,2025-12-21,CB1347,PB1072,SB111,6,,cash,2025-12-22,2025-12-25
TB105364,2024-01-31,CB1143,PB1028,SB115,1,5.0,Net Banking,2024-02-01,2024-02-23
TB105365,2024-02-21,CB1290,PB1052,SB116,6,10.0,UPI,2024-02-21,2024-03-08
TB105366,2025-10-06,CB1131,PB1071,SB104,-1,20.0,Cash,2025-10-06,2025-10-19
TB105367,2024-09-17,CB1019,PB1101,SB115,5,0.0,cash,2024-09-17,2024-09-17
TB105368,2025-04-20,CB1027,PB1094,SB114,2,5.0,Cash,2025-04-20,2025-04-24
TB105369,2023-03-24,CB1082,PB1075,SB114,8,20.0,Card,2023-03-25,2023-04-18
TB105370,2023-12-28,CB1157,PB1020,SB115,6,20.0,CARD,2023-12-30,2024-01-16
TB105371,2024-07-01,CB1295,PB1106,SB105,8,,cash,2024-07-02,2024-07-20
TB105372,2023-08-24,CB1100,PB1104,SB114,8,20.0,Net Banking,2023-08-26,2023-09-24
TB105373,2024-10-20,CB1261,PB1116,SB115,6,,CARD,2024-10-21,2024-11-04
TB105374,2025-09-18,CB1097,PB1076,SB105,6,0.0,cash,2025-09-18,2025-10-17
TB105375,2023-04-23,CB1062,PB1072,SB111,8,15.0,CARD,2023-04-24,2023-05-16
TB105376,2025-04-01,CB1244,PB1038,SB108,2,,UPI,2025-04-01,2025-04-25
TB105377,2024-06-10,CB1194,PB1102,SB102,6,5.0,UPI,2024-06-10,2024-07-10
TB105378,2024-08-24,CB1350,PB1051,SB116,7,0.0,net banking,2024-08-24,2024-08-30
TB105379,2024-12-22,CB1057,PB1020,SB115,8,0.0,net banking,2024-12-22,2025-01-06
TB105380,2023-07-30,CB1005,PB1053,SB110,6,5.0,Card,2023-07-31,2023-08-13
TB105381,2025-07-28,CB1013,PB1089,SB110,10,,CARD,2025-07-28,2025-08-15
TB105382,2025-11-14,CB1209,PB1060,SB113,8,0.0,Card,2025-11-16,2025-12-06
TB105383,2023-12-10,CB1160,PB1032,SB103,6,5.0,Net Banking,2023-12-11,2023-12-12
TB105384,2024-04-20,CB1159,PB1054,SB109,9,10.0,net banking,2024-04-22,2024-04-24
TB105385,2023-09-16,CB1197,PB1104,SB115,5,0.0,Card,2023-09-17,2023-09-30
TB105386,2023-04-02,CB1011,PB1051,SB104,10,15.0,cash,2023-04-04,2023-04-10
TB105387,2024-12-19,CB1034,PB1031,SB109,7,5.0,UPI,2024-12-19,2025-01-09
TB105388,2025-08-23,CB1345,PB1008,SB114,3,5.0,Net Banking,2025-08-23,2025-08-25
TB105389,2025-06-18,CB1336,PB1001,SB111,5,10.0,CARD,2025-06-19,2025-07-01
TB105390,2024-01-02,CB1211,PB1073,SB109,2,,CARD,2024-01-03,2024-01-08
TB105391,2024-11-16,CB1223,PB1117,SB103,9,5.0,net banking,2024-11-16,2024-12-08
TB105392,2026-01-31,CB1035,PB1031,SB117,9,10.0,UPI,2026-02-02,2026-02-02
TB105393,2024-11-12,CB1115,PB1049,SB115,2,5.0,Net Banking,2024-11-13,2024-11-20
TB105394,2024-08-30,CB1210,PB1015,SB111,3,10.0,upi,2024-08-31,2024-09-10
TB105395,2023-03-03,CB1341,PB1047,SB116,6,,UPI,2023-03-04,2023-03-04
TB105396,2025-01-15,CB1288,PB1052,SB118,1,10.0,net banking,2025-01-15,2025-02-03
TB105397,2024-06-30,CB1176,PB1119,SB118,4,5.0,Net Banking,2024-07-01,2024-07-03
TB105398,2023-12-21,CB1078,PB1112,SB113,10,15.0,CARD,2023-12-22,2024-01-08
TB105399,2024-10-04,CB1332,PB1024,SB111,7,0.0,cash,2024-10-05,2024-10-05
TB105400,2023-05-09,CB1229,PB1089,SB112,10,15.0,upi,2023-05-10,2023-05-12
TB105401,2024-02-16,CB1302,PB1043,SB107,5,20.0,upi,2024-02-17,2024-03-16
TB105402,2023-12-20,CB1129,PB1104,SB111,5,5.0,UPI,2023-12-21,2024-01-15
TB105403,2023-05-16,CB1058,PB1026,SB109,3,15.0,Net Banking,2023-05-18,2023-06-02
TB105404,2023-07-02,CB1040,PB1041,SB105,7,,Net Banking,2023-07-03,2023-07-11
TB105405,2024-11-17,CB1346,PB1102,SB109,3,5.0,net banking,2024-11-17,2024-11-21
TB105406,2023-03-22,CB1002,PB1014,SB109,2,20.0,upi,2023-03-24,2023-04-14
TB105407,2023-12-10,CB1316,PB1072,SB118,2,15.0,Cash,2023-12-12,2024-01-04
TB105408,2023-03-31,CB1127,PB1058,SB110,5,,upi,2023-04-02,2023-04-21
TB105409,2023-10-06,CB1308,PB1032,SB101,8,0.0,UPI,2023-10-07,2023-10-23
TB105410,2025-12-03,CB1304,PB1078,SB101,9,20.0,cash,2025-12-03,2025-12-13
TB105411,2025-11-06,CB1009,PB1025,SB107,5,0.0,Cash,2025-11-06,2025-11-23
TB105412,2023-02-21,CB1025,PB1044,SB113,2,20.0,CARD,2023-02-22,2023-02-23
TB105413,2024-11-29,CB1303,PB1076,SB102,7,,Card,2024-12-01,2024-12-17
TB105414,2023-08-05,CB1213,PB1073,SB110,7,0.0,Net Banking,2023-08-05,2023-08-07
TB105415,2023-02-15,CB1083,PB1117,SB110,2,,Net Banking,2023-02-15,2023-03-17
TB105416,2025-07-06,CB1259,PB1015,SB105,3,10.0,cash,2025-07-07,2025-07-31
TB105417,2026-03-05,CB1082,PB1007,SB115,7,5.0,Cash,2026-03-07,2026-04-03
TB105418,2025-11-08,CB1165,PB1077,SB103,10,10.0,Card,2025-11-10,2025-12-05
TB105419,2025-03-07,CB1001,PB1032,SB108,3,20.0,upi,2025-03-07,2025-04-03
TB105420,2024-06-15,CB1182,PB1064,SB104,7,10.0,Net Banking,2024-06-17,2024-06-30
TB105421,2025-03-11,CB1109,PB1003,SB110,2,20.0,cash,2025-03-12,2025-03-27
TB105422,2023-04-28,CB1346,PB1097,SB113,10,20.0,Cash,2023-04-29,2023-05-06
TB105423,2023-07-25,CB1271,PB1050,SB105,1,10.0,cash,2023-07-26,2023-08-03
TB105424,2024-01-25,CB1012,PB1061,SB105,4,5.0,Cash,2024-01-25,2024-02-18
TB105425,2026-02-05,CB1096,PB1053,SB104,2,10.0,CARD,2026-02-06,2026-02-18
TB105426,2026-03-10,CB1129,PB1042,SB118,8,10.0,Net Banking,2026-03-11,2026-04-06
TB105427,2023-08-31,CB1259,PB1026,SB108,6,0.0,Cash,2023-09-02,2023-09-25
TB105428,2023-03-16,CB1325,PB1105,SB109,5,10.0,Card,2023-03-18,2023-03-25
TB105429,2025-08-28,CB1280,PB1119,SB117,10,10.0,upi,2025-08-30,2025-09-15
TB105430,2023-12-19,CB1191,PB1049,SB107,7,20.0,Card,2023-12-19,2024-01-01
TB105431,2025-01-28,CB1073,PB1059,SB114,7,20.0,Card,2025-01-30,2025-02-28
TB105432,2023-10-12,CB1043,PB1104,SB106,4,20.0,net banking,2023-10-12,2023-10-25
TB105433,2024-11-28,CB1273,PB1027,SB112,2,10.0,cash,2024-11-28,2024-12-26
TB105434,2025-08-21,CB1083,PB1116,SB105,1,,UPI,2025-08-23,2025-09-18
TB105435,2023-06-30,CB1216,PB1017,SB110,1,0.0,cash,2023-07-01,2023-07-16
TB105436,2023-02-06,CB1147,PB1035,SB115,10,15.0,CARD,2023-02-06,2023-03-01
TB105437,2025-01-17,CB1329,PB1037,SB108,2,10.0,upi,2025-01-19,2025-01-25
TB105438,2023-03-04,CB1064,PB1106,SB117,4,5.0,Net Banking,2023-03-06,2023-03-12
TB105439,2025-05-24,CB1218,PB1055,SB116,1,20.0,Cash,2025-05-25,2025-06-21
TB105440,2025-08-21,CB1027,PB1092,SB104,3,,upi,2025-08-22,2025-09-11
TB105441,2023-05-06,CB1261,PB1033,SB108,4,20.0,net banking,2023-05-07,2023-05-07
TB105442,2026-02-16,CB1329,PB1070,SB115,2,0.0,net banking,2026-02-16,2026-02-28
TB105443,2025-09-01,CB1097,PB1111,SB110,4,10.0,Card,2025-09-03,2025-09-27
TB105444,2023-09-30,CB1316,PB1017,SB105,4,20.0,Cash,2023-10-01,2023-10-07
TB105445,2023-09-20,CB1231,PB1099,SB106,8,15.0,net banking,2023-09-21,2023-10-19
TB105446,2025-07-23,CB1025,PB1022,SB104,6,15.0,cash,2025-07-24,2025-08-04
TB105447,2024-01-18,CB1159,PB1056,SB102,9,10.0,CARD,2024-01-18,2024-01-21
TB105448,2025-02-14,CB1203,PB1092,SB118,10,5.0,net banking,2025-02-14,2025-03-02
TB105449,2026-01-15,CB1009,PB1098,SB110,3,10.0,net banking,2026-01-17,2026-02-13
TB105450,2024-11-09,CB1287,PB1032,SB112,10,,Cash,2024-11-11,2024-12-01
TB105451,2025-07-04,CB1126,PB1088,SB106,10,15.0,cash,2025-07-05,2025-07-06
TB105452,2024-05-09,CB1077,PB1120,SB111,1,,Cash,2024-05-09,2024-05-29
TB105453,2025-04-14,CB1304,PB1038,SB114,8,15.0,net banking,2025-04-14,2025-05-11
TB105454,2025-07-15,CB1292,PB1067,SB114,9,0.0,CARD,2025-07-17,2025-08-07
TB105455,2025-04-28,CB1294,PB1042,SB110,4,0.0,cash,2025-04-30,2025-05-29
TB105456,2023-10-04,CB1172,PB1096,SB115,9,0.0,Card,2023-10-06,2023-10-08
TB105457,2024-04-15,CB1045,PB1080,SB109,1,,net banking,2024-04-17,2024-04-27
TB105458,2024-03-13,CB1071,PB1052,SB107,7,20.0,Net Banking,2024-03-14,2024-03-29
TB105459,2024-12-24,CB1253,PB1087,SB115,10,20.0,upi,2024-12-25,2025-01-18
TB105460,2025-09-07,CB1070,PB1003,SB102,3,,upi,2025-09-09,2025-09-29
TB105461,2023-02-17,CB1092,PB1065,SB114,5,,Net Banking,2023-02-17,2023-02-20
TB105462,2023-04-29,CB1165,PB1063,SB111,2,10.0,cash,2023-04-30,2023-05-05
TB105463,2023-08-09,CB1290,PB1090,SB113,1,20.0,net banking,2023-08-10,2023-09-06
TB105464,2023-07-21,CB1340,PB1066,SB101,1,,UPI,2023-07-23,2023-08-14
TB105465,2024-06-27,CB1248,PB1116,SB106,9,10.0,Cash,2024-06-29,2024-07-29
TB105466,2023-11-17,CB1302,PB1051,SB114,5,15.0,cash,2023-11-19,2023-11-24
TB105467,2023-09-21,CB1023,PB1045,SB104,4,20.0,net banking,2023-09-23,2023-10-02
TB105468,2023-09-12,CB1033,PB1024,SB107,6,5.0,Cash,2023-09-14,2023-09-28
TB105469,2024-02-26,CB1238,PB1048,SB115,7,5.0,net banking,2024-02-26,2024-03-07
TB105470,2025-10-16,CB1199,PB1103,SB111,3,10.0,net banking,2025-10-17,2025-10-23
TB105471,2024-10-22,CB1005,PB1039,SB115,2,,upi,2024-10-22,2024-10-28
TB105472,2024-06-09,CB1323,PB1115,SB106,2,15.0,UPI,2024-06-09,2024-06-24
TB105473,2025-04-25,CB1306,PB1005,SB116,10,,Cash,2025-04-25,2025-05-25
TB105474,2025-03-18,CB1310,PB1098,SB116,7,,Cash,2025-03-19,2025-04-16
TB105475,2025-08-29,CB1236,PB1016,SB106,2,,Cash,2025-08-29,2025-09-23
TB105476,2024-04-16,CB1337,PB1104,SB108,9,15.0,UPI,2024-04-17,2024-04-29
TB105477,2024-03-22,CB1294,PB1048,SB105,7,5.0,cash,2024-03-22,2024-04-02
TB105478,2024-10-29,CB1251,PB1027,SB111,7,,UPI,2024-10-31,2024-11-14
TB105479,2025-08-29,CB1339,PB1064,SB106,1,0.0,CARD,2025-08-31,2025-09-24
TB105480,2024-09-01,CB1213,PB1096,SB103,5,15.0,Card,2024-09-02,2024-09-28
TB105481,2025-02-14,CB1105,PB1085,SB113,10,20.0,CARD,2025-02-14,2025-02-22
TB105482,2023-08-08,CB1171,PB1051,SB110,8,5.0,Cash,2023-08-10,2023-08-22
TB105483,2024-04-01,CB1164,PB1009,SB111,10,0.0,Net Banking,2024-04-03,2024-04-30
TB105484,2025-04-01,CB1103,PB1050,SB105,7,0.0,upi,2025-04-01,2025-04-01
TB105485,2023-04-21,CB1133,PB1008,SB115,7,0.0,net banking,2023-04-22,2023-05-13
TB105486,2023-04-24,CB1047,PB1027,SB112,2,20.0,CARD,2023-04-25,2023-05-21
TB105487,2025-09-02,CB1310,PB1054,SB112,4,,Card,2025-09-04,2025-09-24
TB105488,2025-09-15,CB1163,PB1075,SB118,10,5.0,Net Banking,2025-09-17,2025-10-15
TB105489,2025-06-21,CB1172,PB1047,SB110,1,,UPI,2025-06-22,2025-07-07
TB105490,2025-08-29,CB1310,PB1050,SB104,10,,cash,2025-08-29,2025-09-03
TB105491,2024-08-21,CB1005,PB1007,SB105,8,5.0,CARD,2024-08-23,2024-09-09
TB105492,2024-03-20,CB1066,PB1051,SB117,4,0.0,CARD,2024-03-22,2024-04-17
TB105493,2025-08-22,CB1033,PB1032,SB114,3,0.0,Cash,2025-08-23,2025-09-05
TB105494,2023-06-05,CB1070,PB1095,SB103,2,15.0,Cash,2023-06-06,2023-06-21
TB105495,2023-12-20,CB1033,PB1093,SB112,6,,Net Banking,2023-12-22,2024-01-11
TB105496,2023-06-24,CB1173,PB1072,SB106,6,,Card,2023-06-25,2023-07-08
TB105497,2024-03-26,CB1280,PB1042,SB118,3,10.0,net banking,2024-03-28,2024-04-08
TB105498,2023-02-22,CB1076,PB1071,SB106,3,0.0,CARD,2023-02-23,2023-03-01
TB105499,2024-04-27,CB1225,PB1068,SB116,9,5.0,upi,2024-04-28,2024-05-28
TB105500,2025-02-06,CB1307,PB1084,SB114,6,5.0,Cash,2025-02-08,2025-03-08
TB105501,2025-09-19,CB1256,PB1035,SB114,5,20.0,Cash,2025-09-19,2025-10-02
TB105502,2025-01-07,CB1267,PB1032,SB104,3,15.0,UPI,2025-01-08,2025-01-09
TB105503,2023-09-09,CB1270,PB1070,SB102,1,10.0,net banking,2023-09-11,2023-10-11
TB105504,2024-10-09,CB1014,PB1096,SB111,6,10.0,upi,2024-10-10,2024-11-02
TB105505,2023-01-25,CB1001,PB1072,SB118,2,0.0,Net Banking,2023-01-26,2023-02-11
TB105506,2025-09-23,CB1256,PB1056,SB103,5,10.0,CARD,2025-09-25,2025-10-10
TB105507,2025-07-03,CB1219,PB1049,SB107,9,,Net Banking,2025-07-05,2025-07-30
TB105508,2024-08-28,CB1113,PB1030,SB110,4,10.0,net banking,2024-08-29,2024-09-22
TB105509,2025-06-25,CB1118,PB1026,SB116,7,20.0,Card,2025-06-26,2025-07-19
TB105510,2023-11-16,CB1059,PB1079,SB103,9,5.0,cash,2023-11-18,2023-12-01
TB105511,2023-01-02,CB1106,PB1071,SB116,5,15.0,CARD,2023-01-02,2023-01-08
TB105512,2024-08-13,CB1060,PB1077,SB110,3,10.0,UPI,2024-08-14,2024-08-15
TB105513,2024-10-16,CB1067,PB1097,SB114,8,10.0,UPI,2024-10-18,2024-10-18
TB105514,2025-09-06,CB1305,PB1010,SB109,3,15.0,cash,2025-09-08,2025-09-26
TB105515,2025-09-23,CB1009,PB1074,SB118,7,15.0,cash,2025-09-24,2025-10-01
TB105516,2023-08-24,CB1153,PB1063,SB108,8,0.0,Net Banking,2023-08-26,2023-09-12
TB105517,2025-06-11,CB1331,PB1068,SB117,8,20.0,cash,2025-06-12,2025-06-18
TB105518,2025-12-09,CB1305,PB1088,SB112,9,10.0,cash,2025-12-10,2026-01-04
TB105519,2025-07-16,CB1275,PB1033,SB109,10,0.0,Cash,2025-07-16,2025-07-23
TB105520,2025-03-10,CB1290,PB1041,SB106,4,15.0,cash,2025-03-10,2025-04-08
TB105521,2025-09-07,CB1143,PB1031,SB115,8,15.0,Card,2025-09-08,2025-09-23
TB105522,2023-06-12,CB1264,PB1059,SB115,5,20.0,cash,2023-06-12,2023-06-19
TB105523,2025-02-24,CB1281,PB1097,SB117,2,20.0,net banking,2025-02-24,2025-03-21
TB105524,2024-11-11,CB1114,PB1017,SB106,9,20.0,UPI,2024-11-12,2024-11-27
TB105525,2023-02-28,CB1164,PB1037,SB112,1,20.0,upi,2023-02-28,2023-03-10
TB105526,2025-06-16,CB1187,PB1037,SB102,9,10.0,cash,2025-06-16,2025-06-28
TB105527,2026-03-07,CB1156,PB1119,SB106,5,5.0,Cash,2026-03-07,2026-03-25
TB105528,2025-04-17,CB1053,PB1018,SB107,8,,CARD,2025-04-17,2025-05-14
TB105529,2024-05-20,CB1122,PB1026,SB112,6,15.0,CARD,2024-05-20,2024-06-13
TB105530,2025-01-24,CB1300,PB1086,SB118,6,15.0,UPI,2025-01-26,2025-02-25
TB105531,2026-03-14,CB1096,PB1094,SB104,9,5.0,Net Banking,2026-03-15,2026-04-09
TB105532,2023-01-01,CB1323,PB1042,SB116,8,20.0,Card,2023-01-03,2023-01-18
TB105533,2025-09-02,CB1025,PB1076,SB116,4,15.0,net banking,2025-09-02,2025-09-16
TB105534,2024-03-25,CB1224,PB1109,SB113,4,20.0,Net Banking,2024-03-27,2024-04-16
TB105535,2023-02-25,CB1256,PB1065,SB111,10,,cash,2023-02-27,2023-03-14
TB105536,2023-01-23,CB1143,PB1047,SB102,5,,net banking,2023-01-23,2023-02-13
TB105537,2023-10-15,CB1014,PB1088,SB103,10,5.0,UPI,2023-10-17,2023-10-29
TB105538,2025-06-23,CB1076,PB1052,SB112,3,,Card,2025-06-25,2025-07-02
TB105539,2025-07-07,CB1198,PB1031,SB101,5,10.0,cash,2025-07-09,2025-07-14
TB105540,2024-09-15,CB1218,PB1064,SB104,6,,upi,2024-09-17,2024-09-19
TB105541,2025-07-28,CB1283,PB1108,SB115,10,5.0,Card,2025-07-29,2025-08-08
TB105542,2024-07-23,CB1303,PB1101,SB118,2,20.0,net banking,2024-07-25,2024-08-04
TB105543,2023-03-12,CB1004,PB1064,SB111,5,20.0,cash,2023-03-14,2023-04-04
TB105544,2024-02-15,CB1101,PB1095,SB113,6,0.0,cash,2024-02-17,2024-03-05
TB105545,2025-09-04,CB1318,PB1048,SB102,4,20.0,net banking,2025-09-04,2025-09-17
TB105546,2023-02-19,CB1210,PB1078,SB114,1,5.0,net banking,2023-02-20,2023-02-22
TB105547,2024-01-08,CB1055,PB1041,SB113,9,5.0,CARD,2024-01-08,2024-02-01
TB105548,2026-02-06,CB1248,PB1111,SB117,3,0.0,cash,2026-02-07,2026-03-04
TB105549,2024-04-04,CB1058,PB1037,SB106,3,20.0,Cash,2024-04-05,2024-04-23
TB105550,2023-06-22,CB1124,PB1001,SB114,8,0.0,CARD,2023-06-22,2023-07-07
TB105551,2026-03-05,CB1272,PB1028,SB102,6,20.0,Net Banking,2026-03-05,2026-03-31
TB105552,2026-02-19,CB1218,PB1100,SB117,4,20.0,upi,2026-02-20,2026-03-13
TB105553,2025-05-17,CB1203,PB1055,SB111,9,5.0,Net Banking,2025-05-18,2025-05-23
TB105554,2023-04-05,CB1180,PB1073,SB112,6,15.0,net banking,2023-04-06,2023-04-21
TB105555,2024-05-13,CB1052,PB1104,SB101,5,10.0,cash,2024-05-15,2024-06-13
TB105556,2025-06-24,CB1182,PB1002,SB110,3,,UPI,2025-06-25,2025-07-23
TB105557,2024-01-02,CB1334,PB1079,SB117,9,,upi,2024-01-03,2024-01-25
TB105558,2023-02-22,CB1271,PB1058,SB105,6,10.0,CARD,2023-02-24,2023-03-13
TB105559,2024-12-02,CB1242,PB1081,SB105,6,10.0,UPI,2024-12-03,2024-12-19
TB105560,2025-12-14,CB1009,PB1102,SB110,2,10.0,upi,2025-12-14,2025-12-18
TB105561,2025-01-27,CB1297,PB1032,SB104,5,15.0,Net Banking,2025-01-27,2025-02-21
TB105562,2025-02-15,CB1220,PB1099,SB104,2,,upi,2025-02-15,2025-03-03
TB105563,2024-12-04,CB1224,PB1012,SB108,7,,Cash,2024-12-06,2024-12-17
TB105564,2023-02-04,CB1024,PB1006,SB102,6,15.0,Cash,2023-02-06,2023-02-14
TB105565,2024-11-18,CB1301,PB1018,SB105,9,0.0,net banking,2024-11-20,2024-11-29
TB105566,2023-02-17,CB1350,PB1005,SB113,10,20.0,Cash,2023-02-18,2023-03-17
TB105567,2024-09-22,CB1333,PB1045,SB117,7,10.0,UPI,2024-09-24,2024-10-01
TB105568,2024-04-06,CB1112,PB1052,SB110,9,5.0,net banking,2024-04-08,2024-04-20
TB105569,2023-10-14,CB1262,PB1118,SB104,6,10.0,net banking,2023-10-14,2023-10-23
TB105570,2023-03-20,CB1179,PB1009,SB110,4,5.0,Card,2023-03-22,2023-04-14
TB105571,2024-06-17,CB1323,PB1107,SB114,10,,Net Banking,2024-06-18,2024-07-08
TB105572,2024-05-22,CB1018,PB1034,SB112,1,0.0,CARD,2024-05-24,2024-06-12
TB105573,2026-01-28,CB1279,PB1103,SB114,9,,net banking,2026-01-28,2026-02-05
TB105574,2023-12-06,CB1295,PB1049,SB104,1,10.0,net banking,2023-12-07,2023-12-10
TB105575,2023-04-15,CB1108,PB1010,SB116,8,20.0,UPI,2023-04-17,2023-05-05
TB105576,2025-10-23,CB1274,PB1117,SB118,7,15.0,upi,2025-10-23,2025-11-20
TB105577,2024-04-01,CB1151,PB1049,SB104,9,,Card,2024-04-01,2024-04-08
TB105578,2026-01-30,CB1196,PB1033,SB111,2,0.0,Cash,2026-01-30,2026-02-10
TB105579,2025-04-17,CB1119,PB1015,SB105,8,10.0,cash,2025-04-18,2025-04-22
TB105580,2024-03-24,CB1207,PB1076,SB117,8,5.0,net banking,2024-03-25,2024-03-28
TB105581,2025-03-19,CB1182,PB1119,SB116,10,5.0,Cash,2025-03-19,2025-04-12
TB105582,2025-09-27,CB1031,PB1081,SB117,9,0.0,net banking,2025-09-28,2025-10-09
TB105583,2023-09-03,CB1046,PB1098,SB111,4,5.0,net banking,2023-09-04,2023-10-02
TB105584,2023-07-12,CB1196,PB1106,SB103,3,10.0,Cash,2023-07-13,2023-07-14
TB105585,2024-06-01,CB1019,PB1109,SB109,6,15.0,Cash,2024-06-02,2024-06-04
TB105586,2023-08-03,CB1146,PB1045,SB117,5,15.0,Card,2023-08-04,2023-08-09
TB105587,2025-04-28,CB1132,PB1012,SB104,6,10.0,CARD,2025-04-30,2025-05-19
TB105588,2025-08-06,CB1260,PB1063,SB114,10,10.0,Card,2025-08-08,2025-08-09
TB105589,2023-02-12,CB1228,PB1032,SB113,4,20.0,cash,2023-02-14,2023-02-20
TB105590,2023-12-04,CB1344,PB1054,SB101,8,5.0,net banking,2023-12-05,2024-01-02
TB105591,2024-07-30,CB1224,PB1034,SB109,5,0.0,UPI,2024-08-01,2024-08-22
TB105592,2023-12-15,CB1181,PB1025,SB110,4,0.0,Card,2023-12-16,2024-01-07
TB105593,2024-10-28,CB1286,PB1026,SB105,2,15.0,Net Banking,2024-10-29,2024-11-08
TB105594,2023-11-09,CB1063,PB1111,SB112,5,20.0,cash,2023-11-09,2023-11-15
TB105595,2023-05-29,CB1140,PB1120,SB105,6,,cash,2023-05-29,2023-06-16
TB105596,2023-10-17,CB1206,PB1116,SB118,6,0.0,UPI,2023-10-18,2023-10-28
TB105597,2025-11-11,CB1007,PB1057,SB106,3,20.0,net banking,2025-11-12,2025-12-02
TB105598,2023-05-28,CB1158,PB1005,SB106,4,5.0,CARD,2023-05-28,2023-06-09
TB105599,2025-09-27,CB1078,PB1053,SB116,4,0.0,Card,2025-09-29,2025-10-28
TB105600,2025-07-13,CB1065,PB1058,SB115,7,5.0,Net Banking,2025-07-13,2025-07-20
TB105601,2025-06-18,CB1260,PB1102,SB117,6,20.0,upi,2025-06-19,2025-07-02
TB105602,2024-08-22,CB1151,PB1075,SB105,8,15.0,Cash,2024-08-23,2024-09-09
TB105603,2024-07-03,CB1104,PB1054,SB116,2,5.0,cash,2024-07-05,2024-07-24
TB105604,2025-10-10,CB1210,PB1065,SB109,7,,UPI,2025-10-10,2025-11-06
TB105605,2024-11-07,CB1225,PB1083,SB117,7,,CARD,2024-11-07,2024-11-19
TB105606,2024-01-18,CB1064,PB1116,SB107,7,0.0,upi,2024-01-18,2024-01-24
TB105607,2025-09-17,CB1125,PB1039,SB102,6,0.0,CARD,2025-09-18,2025-10-07
TB105608,2026-02-09,CB1103,PB1014,SB111,4,5.0,upi,2026-02-11,2026-02-28
TB105609,2025-11-14,CB1144,PB1070,SB101,7,15.0,Card,2025-11-14,2025-11-17
TB105610,2024-05-26,CB1062,PB1112,SB108,1,20.0,cash,2024-05-27,2024-05-31
TB105611,2024-02-02,CB1343,PB1115,SB108,5,10.0,net banking,2024-02-02,2024-02-05
TB105612,2026-01-19,CB1134,PB1104,SB103,4,15.0,cash,2026-01-19,2026-01-30
TB105613,2023-06-22,CB1007,PB1065,SB114,7,15.0,Card,2023-06-22,2023-07-13
TB105614,2024-04-27,CB1149,PB1051,SB102,1,10.0,Card,2024-04-29,2024-05-11
TB105615,2025-04-20,CB1254,PB1071,SB105,5,5.0,Card,2025-04-22,2025-04-27
TB105616,2024-11-20,CB1219,PB1083,SB104,3,20.0,CARD,2024-11-20,2024-12-10
TB105617,2024-11-21,CB1034,PB1008,SB117,3,15.0,Cash,2024-11-21,2024-12-21
TB105618,2023-03-09,CB1298,PB1064,SB101,10,15.0,Net Banking,2023-03-09,2023-03-19
TB105619,2023-10-06,CB1020,PB1073,SB116,2,20.0,cash,2023-10-08,2023-10-27
TB105620,2024-01-12,CB1192,PB1007,SB118,7,15.0,CARD,2024-01-13,2024-01-29
TB105621,2025-05-07,CB1345,PB1120,SB106,9,15.0,upi,2025-05-09,2025-05-11
TB105622,2024-08-18,CB1101,PB1007,SB117,8,5.0,net banking,2024-08-18,2024-09-01
TB105623,2023-06-19,CB1010,PB1025,SB101,10,5.0,Card,2023-06-20,2023-07-14
TB105624,2023-02-23,CB1091,PB1051,SB102,7,,net banking,2023-02-23,2023-03-05
TB105625,2023-01-15,CB1253,PB1037,SB117,5,,cash,2023-01-17,2023-01-22
TB105626,2025-07-08,CB1272,PB1079,SB106,9,,upi,2025-07-10,2025-07-26
TB105627,2024-04-18,CB1061,PB1114,SB111,9,5.0,Card,2024-04-18,2024-05-02
TB105628,2023-11-09,CB1070,PB1074,SB115,3,5.0,Card,2023-11-11,2023-12-06
TB105629,2024-11-02,CB1304,PB1086,SB108,5,0.0,Cash,2024-11-03,2024-11-04
TB105630,2025-09-29,CB1260,PB1069,SB113,2,5.0,Cash,2025-09-30,2025-10-09
TB105631,2025-01-09,CB1027,PB1008,SB116,9,15.0,Card,2025-01-11,2025-01-19
TB105632,2024-07-06,CB1307,PB1107,SB117,7,15.0,CARD,2024-07-07,2024-07-13
TB105633,2025-09-06,CB1332,PB1003,SB109,6,,cash,2025-09-07,2025-09-18
TB105634,2026-01-19,CB1020,PB1002,SB116,6,15.0,net banking,2026-01-19,2026-02-05
TB105635,2023-03-06,CB1060,PB1057,SB105,4,0.0,upi,2023-03-08,2023-03-26
TB105636,2023-06-09,CB1257,PB1001,SB110,10,10.0,CARD,2023-06-09,2023-07-03
TB105637,2024-03-05,CB1298,PB1054,SB109,7,10.0,UPI,2024-03-05,2024-03-08
TB105638,2023-08-25,CB1016,PB1012,SB107,7,10.0,CARD,2023-08-25,2023-08-27
TB105639,2024-10-31,CB1090,PB1104,SB113,3,15.0,UPI,2024-10-31,2024-10-31
TB105640,2026-03-07,CB1067,PB1098,SB113,5,15.0,Net Banking,2026-03-07,2026-03-09
TB105641,2024-04-09,CB1150,PB1007,SB118,2,15.0,Card,2024-04-09,2024-04-12
TB105642,2024-01-25,CB1044,PB1089,SB115,8,0.0,upi,2024-01-25,2024-01-25
TB105643,2024-08-27,CB1024,PB1043,SB104,5,,cash,2024-08-28,2024-09-11
TB105644,2023-03-01,CB1003,PB1108,SB111,1,20.0,Net Banking,2023-03-03,2023-03-05
TB105645,2025-06-22,CB1214,PB1029,SB112,3,10.0,cash,2025-06-22,2025-07-12
TB105646,2023-06-28,CB1186,PB1024,SB109,4,15.0,upi,2023-06-29,2023-07-24
TB105647,2024-05-06,CB1096,PB1104,SB117,3,0.0,Net Banking,2024-05-08,2024-06-07
TB105648,2025-09-07,CB1168,PB1096,SB114,7,15.0,UPI,2025-09-07,2025-09-08
TB105649,2023-12-12,CB1188,PB1114,SB115,4,5.0,net banking,2023-12-13,2023-12-31
TB105650,2025-06-27,CB1297,PB1006,SB112,5,,net banking,2025-06-28,2025-06-30
TB105651,2023-06-25,CB1066,PB1092,SB116,3,5.0,net banking,2023-06-26,2023-07-06
TB105652,2024-12-13,CB1270,PB1060,SB117,6,0.0,upi,2024-12-13,2024-12-25
TB105653,2025-04-01,CB1245,PB1014,SB111,2,5.0,upi,2025-04-03,2025-04-20
TB105654,2023-07-11,CB1060,PB1021,SB110,5,5.0,Cash,2023-07-11,2023-07-19
TB105655,2025-01-16,CB1112,PB1010,SB107,8,15.0,net banking,2025-01-17,2025-02-16
TB105656,2023-06-02,CB1048,PB1074,SB101,5,,Net Banking,2023-06-04,2023-06-19
TB105657,2025-04-03,CB1336,PB1007,SB118,6,10.0,cash,2025-04-05,2025-04-15
TB105658,2025-09-01,CB1131,PB1001,SB104,4,0.0,upi,2025-09-03,2025-09-29
TB105659,2025-10-06,CB1015,PB1050,SB104,8,0.0,CARD,2025-10-07,2025-11-04
TB105660,2023-03-17,CB1232,PB1028,SB118,3,,CARD,2023-03-17,2023-03-20
TB105661,2023-07-05,CB1233,PB1021,SB101,2,20.0,CARD,2023-07-07,2023-08-06
TB105662,2024-10-13,CB1217,PB1034,SB101,6,15.0,UPI,2024-10-14,2024-11-01
TB105663,2023-05-11,CB1149,PB1110,SB105,6,,Net Banking,2023-05-13,2023-05-15
TB105664,2023-04-28,CB1077,PB1110,SB110,9,15.0,upi,2023-04-30,2023-05-28
TB105665,2023-09-09,CB1139,PB1098,SB106,4,10.0,Cash,2023-09-10,2023-10-07
TB105666,2023-05-23,CB1150,PB1085,SB113,6,15.0,Net Banking,2023-05-23,2023-05-31
TB105667,2023-10-23,CB1065,PB1030,SB102,3,20.0,Net Banking,2023-10-24,2023-11-22
TB105668,2024-08-24,CB1217,PB1118,SB117,2,0.0,Cash,2024-08-24,2024-09-16
TB105669,2025-03-30,CB1179,PB1013,SB111,10,20.0,Card,2025-03-30,2025-04-06
TB105670,2024-05-02,CB1201,PB1041,SB105,7,,upi,2024-05-03,2024-06-01
TB105671,2025-10-11,CB1097,PB1098,SB108,6,10.0,upi,2025-10-12,2025-10-25
TB105672,2025-06-06,CB1221,PB1005,SB111,1,10.0,Cash,2025-06-07,2025-06-25
TB105673,2023-07-31,CB1335,PB1014,SB108,8,5.0,Cash,2023-07-31,2023-08-22
TB105674,2025-05-20,CB1007,PB1064,SB118,2,5.0,UPI,2025-05-22,2025-06-19
TB105675,2025-09-17,CB1232,PB1096,SB113,6,20.0,UPI,2025-09-19,2025-10-02
TB105676,2023-08-17,CB1008,PB1036,SB104,4,20.0,cash,2023-08-19,2023-09-13
TB105677,2024-07-23,CB1256,PB1031,SB108,5,15.0,Cash,2024-07-25,2024-08-03
TB105678,2024-04-01,CB1241,PB1032,SB114,10,,net banking,2024-04-02,2024-04-22
TB105679,2023-03-12,CB1185,PB1020,SB112,9,15.0,CARD,2023-03-12,2023-04-02
TB105680,2023-06-06,CB1164,PB1007,SB109,8,,UPI,2023-06-08,2023-07-03
TB105681,2026-02-28,CB1060,PB1067,SB111,2,0.0,Net Banking,2026-02-28,2026-03-15
TB105682,2026-02-14,CB1330,PB1003,SB112,5,15.0,Card,2026-02-16,2026-03-10
TB105683,2026-03-02,CB1017,PB1077,SB112,6,,net banking,2026-03-02,2026-03-12
TB105684,2026-03-14,CB1137,PB1058,SB105,9,0.0,Net Banking,2026-03-14,2026-03-30
TB105685,2025-03-26,CB1311,PB1078,SB106,4,15.0,Cash,2025-03-28,2025-03-29
TB105686,2023-06-07,CB1047,PB1077,SB112,2,,Cash,2023-06-08,2023-07-08
TB105687,2023-03-14,CB1091,PB1095,SB116,7,,UPI,2023-03-16,2023-04-08
TB105688,2025-11-11,CB1202,PB1065,SB107,1,,upi,2025-11-13,2025-12-06
TB105689,2023-09-09,CB1236,PB1120,SB111,2,,Card,2023-09-09,2023-10-09
TB105690,2026-02-09,CB1124,PB1011,SB106,4,5.0,cash,2026-02-09,2026-03-05
TB105691,2025-03-10,CB1002,PB1106,SB107,6,5.0,cash,2025-03-11,2025-03-26
TB105692,2025-05-28,CB1060,PB1034,SB103,8,5.0,CARD,2025-05-28,2025-06-10
TB105693,2024-07-25,CB1097,PB1019,SB107,8,,cash,2024-07-25,2024-08-09
TB105694,2025-10-04,CB1093,PB1117,SB104,5,15.0,Cash,2025-10-04,2025-10-26
TB105695,2023-11-06,CB1018,PB1057,SB108,3,10.0,net banking,2023-11-06,2023-11-25
TB105696,2024-06-18,CB1234,PB1009,SB110,9,,Card,2024-06-18,2024-06-29
TB105697,2024-12-02,CB1291,PB1018,SB111,6,,CARD,2024-12-02,2024-12-29
TB105698,2023-01-05,CB1252,PB1064,SB108,9,10.0,Net Banking,2023-01-07,2023-01-18
TB105699,2024-08-27,CB1108,PB1059,SB112,8,5.0,net banking,2024-08-29,2024-09-23
TB105700,2023-11-02,CB1217,PB1088,SB103,2,,Card,2023-11-02,2023-11-18
TB105701,2023-11-01,CB1053,PB1085,SB103,2,10.0,CARD,2023-11-01,2023-11-08
TB105702,2024-02-29,CB1169,PB1025,SB112,8,0.0,UPI,2024-02-29,2024-03-03
TB105703,2023-12-31,CB1269,PB1107,SB110,5,20.0,upi,2024-01-01,2024-01-13
TB105704,2023-12-16,CB1093,PB1030,SB106,3,,UPI,2023-12-16,2023-12-20
TB105705,2026-02-16,CB1165,PB1114,SB116,9,5.0,UPI,2026-02-17,2026-03-14
TB105706,2026-03-24,CB1128,PB1062,SB101,2,20.0,cash,2026-03-25,2026-03-31
TB105707,2026-02-24,CB1246,PB1080,SB106,4,20.0,upi,2026-02-25,2026-03-27
TB105708,2024-04-06,CB1096,PB1018,SB113,9,,UPI,2024-04-06,2024-04-19
TB105709,2025-11-22,CB1229,PB1009,SB112,4,20.0,upi,2025-11-22,2025-12-11
TB105710,2024-04-19,CB1155,PB1035,SB118,9,15.0,CARD,2024-04-19,2024-05-18
TB105711,2026-01-11,CB1333,PB1057,SB108,5,15.0,upi,2026-01-11,2026-01-17
TB105712,2023-07-16,CB1032,PB1086,SB109,8,5.0,Cash,2023-07-16,2023-08-10
TB105713,2025-03-21,CB1158,PB1004,SB115,6,10.0,net banking,2025-03-21,2025-03-30
TB105714,2023-02-01,CB1165,PB1084,SB117,6,5.0,Card,2023-02-01,2023-02-11
TB105715,2024-02-23,CB1342,PB1016,SB117,2,,UPI,2024-02-24,2024-03-12
TB105716,2026-02-11,CB1265,PB1042,SB102,4,,Card,2026-02-11,2026-03-01
TB105717,2025-12-31,CB1284,PB1098,SB106,10,15.0,cash,2026-01-01,2026-01-16
TB105718,2025-11-21,CB1238,PB1009,SB112,4,10.0,Net Banking,2025-11-22,2025-12-15
TB105719,2024-08-26,CB1018,PB1058,SB101,4,5.0,Net Banking,2024-08-26,2024-09-05
TB105720,2025-04-21,CB1331,PB1114,SB113,1,15.0,CARD,2025-04-22,2025-05-13
TB105721,2024-04-22,CB1221,PB1090,SB103,2,20.0,upi,2024-04-22,2024-04-25
TB105722,2024-11-11,CB1305,PB1032,SB116,1,5.0,CARD,2024-11-12,2024-12-05
TB105723,2023-08-22,CB1118,PB1063,SB116,1,,upi,2023-08-22,2023-08-30
TB105724,2025-08-13,CB1293,PB1081,SB107,8,5.0,UPI,2025-08-13,2025-09-06
TB105725,2025-04-28,CB1071,PB1113,SB102,10,20.0,UPI,2025-04-28,2025-05-23
TB105726,2024-08-10,CB1245,PB1019,SB104,1,5.0,Net Banking,2024-08-11,2024-08-27
TB105727,2024-01-09,CB1066,PB1039,SB114,5,,Cash,2024-01-10,2024-01-24
TB105728,2025-09-06,CB1032,PB1099,SB114,6,10.0,cash,2025-09-06,2025-09-10
TB105729,2023-10-03,CB1172,PB1092,SB108,1,20.0,Net Banking,2023-10-05,2023-10-26
TB105730,2025-06-22,CB1013,PB1105,SB115,3,0.0,Card,2025-06-24,2025-07-14
TB105731,2023-03-12,CB1339,PB1078,SB101,9,15.0,CARD,2023-03-14,2023-03-25
TB105732,2024-10-04,CB1276,PB1013,SB114,1,10.0,Cash,2024-10-06,2024-10-28
TB105733,2024-07-22,CB1276,PB1100,SB103,8,10.0,net banking,2024-07-23,2024-08-05
TB105734,2024-06-23,CB1134,PB1008,SB112,6,0.0,upi,2024-06-24,2024-06-29
TB105735,2025-01-27,CB1248,PB1103,SB109,7,10.0,UPI,2025-01-29,2025-02-19
TB105736,2026-03-01,CB1331,PB1064,SB111,7,0.0,CARD,2026-03-01,2026-03-02
TB105737,2023-03-14,CB1322,PB1011,SB110,5,5.0,UPI,2023-03-14,2023-03-16
TB105738,2024-12-15,CB1199,PB1081,SB116,1,20.0,UPI,2024-12-17,2025-01-06
TB105739,2026-03-15,CB1222,PB1046,SB110,5,10.0,Cash,2026-03-15,2026-04-10
TB105740,2023-01-12,CB1020,PB1003,SB110,5,0.0,Net Banking,2023-01-12,2023-01-12
TB105741,2024-06-05,CB1198,PB1068,SB107,8,20.0,Cash,2024-06-06,2024-06-14
TB105742,2026-01-01,CB1209,PB1003,SB110,6,5.0,Card,2026-01-02,2026-01-13
TB105743,2024-07-31,CB1228,PB1055,SB102,6,5.0,upi,2024-08-01,2024-08-14
TB105744,2024-01-30,CB1309,PB1043,SB103,8,,upi,2024-02-01,2024-02-02
TB105745,2025-11-04,CB1197,PB1046,SB106,2,,cash,2025-11-04,2025-11-09
TB105746,2023-05-03,CB1290,PB1043,SB101,6,0.0,Cash,2023-05-05,2023-05-26
TB105747,2024-05-07,CB1037,PB1100,SB116,8,0.0,Cash,2024-05-07,2024-05-17
TB105748,2023-05-26,CB1247,PB1103,SB116,5,,Net Banking,2023-05-28,2023-06-10
TB105749,2024-01-22,CB1081,PB1090,SB108,4,0.0,upi,2024-01-22,2024-02-11
TB105750,2025-07-28,CB1186,PB1040,SB113,3,0.0,upi,2025-07-29,2025-08-13
TB105751,2025-04-26,CB1195,PB1076,SB114,5,10.0,Cash,2025-04-28,2025-05-06
TB105752,2025-01-18,CB1129,PB1088,SB110,3,20.0,upi,2025-01-20,2025-02-05
TB105753,2026-01-15,CB1046,PB1110,SB108,2,20.0,net banking,2026-01-15,2026-01-20
TB105754,2023-09-18,CB1253,PB1120,SB106,5,,net banking,2023-09-19,2023-10-19
TB105755,2024-10-26,CB1154,PB1068,SB110,5,,UPI,2024-10-28,2024-10-30
TB105756,2023-01-11,CB1174,PB1109,SB118,7,10.0,Cash,2023-01-13,2023-02-03
TB105757,2025-04-09,CB1330,PB1096,SB110,3,20.0,net banking,2025-04-09,2025-05-07
TB105758,2026-02-21,CB1245,PB1051,SB116,4,15.0,Net Banking,2026-02-21,2026-03-13
TB105759,2024-06-05,CB1272,PB1006,SB111,8,5.0,CARD,2024-06-07,2024-06-22
TB105760,2024-07-15,CB1052,PB1110,SB118,10,0.0,net banking,2024-07-15,2024-07-26
TB105761,2023-09-09,CB1229,PB1040,SB115,10,20.0,Net Banking,2023-09-10,2023-09-14
TB105762,2025-07-26,CB1030,PB1089,SB103,7,,upi,2025-07-27,2025-08-09
TB105763,2024-01-24,CB1065,PB1044,SB107,5,15.0,upi,2024-01-25,2024-01-30
TB105764,2025-07-07,CB1008,PB1068,SB112,8,20.0,Net Banking,2025-07-08,2025-08-04
TB105765,2025-07-05,CB1322,PB1048,SB114,1,0.0,CARD,2025-07-06,2025-07-24
TB105766,2025-05-01,CB1143,PB1101,SB115,5,,net banking,2025-05-02,2025-05-03
TB105767,2025-09-12,CB1231,PB1109,SB115,6,0.0,UPI,2025-09-12,2025-09-20
TB105768,2023-10-04,CB1044,PB1047,SB112,1,,Cash,2023-10-05,2023-11-04
TB105769,2024-06-08,CB1319,PB1113,SB118,10,0.0,cash,2024-06-10,2024-06-19
TB105770,2025-07-27,CB1323,PB1028,SB116,7,10.0,Cash,2025-07-28,2025-08-01
TB105771,2024-07-01,CB1173,PB1094,SB111,6,10.0,net banking,2024-07-03,2024-07-20
TB105772,2025-03-10,CB1174,PB1089,SB109,4,5.0,Card,2025-03-12,2025-03-25
TB105773,2023-01-07,CB1290,PB1116,SB111,1,10.0,CARD,2023-01-09,2023-02-06
TB105774,2023-01-21,CB1241,PB1017,SB117,8,5.0,Card,2023-01-23,2023-02-06
TB105775,2025-08-30,CB1285,PB1064,SB102,9,10.0,Cash,2025-08-31,2025-09-18
TB105776,2023-11-19,CB1207,PB1003,SB108,7,,Net Banking,2023-11-21,2023-12-19
TB105777,2025-05-17,CB1238,PB1056,SB110,3,0.0,Cash,2025-05-19,2025-06-05
TB105778,2026-01-12,CB1101,PB1089,SB112,5,20.0,UPI,2026-01-12,2026-02-01
TB105779,2023-04-26,CB1222,PB1046,SB108,2,15.0,net banking,2023-04-27,2023-05-16
TB105780,2025-10-12,CB1072,PB1036,SB116,5,20.0,upi,2025-10-13,2025-11-03
TB105781,2025-05-10,CB1058,PB1050,SB107,10,0.0,Net Banking,2025-05-11,2025-05-29
TB105782,2024-11-14,CB1089,PB1044,SB106,8,,cash,2024-11-14,2024-12-11
TB105783,2023-03-15,CB1179,PB1055,SB116,2,20.0,UPI,2023-03-15,2023-03-27
TB105784,2025-09-10,CB1028,PB1062,SB102,4,5.0,UPI,2025-09-12,2025-09-28
TB105785,2025-12-08,CB1297,PB1003,SB105,5,5.0,CARD,2025-12-08,2025-12-14
TB105786,2025-09-10,CB1294,PB1111,SB106,7,5.0,Cash,2025-09-11,2025-09-18
TB105787,2024-07-30,CB1195,PB1087,SB112,2,0.0,upi,2024-07-30,2024-08-16
TB105788,2023-08-30,CB1154,PB1054,SB109,10,5.0,UPI,2023-09-01,2023-09-23
TB105789,2024-05-21,CB1284,PB1060,SB104,3,20.0,Cash,2024-05-21,2024-05-24
TB105790,2025-06-09,CB1043,PB1084,SB105,2,10.0,UPI,2025-06-10,2025-06-28
TB105791,2024-01-22,CB1189,PB1078,SB113,1,,Net Banking,2024-01-22,2024-02-09
TB105792,2025-06-05,CB1112,PB1074,SB110,3,10.0,CARD,2025-06-07,2025-06-25
TB105793,2026-02-16,CB1183,PB1113,SB110,8,,Card,2026-02-18,2026-02-24
TB105794,2025-12-21,CB1243,PB1093,SB116,4,15.0,CARD,2025-12-23,2026-01-01
TB105795,2024-09-19,CB1028,PB1095,SB108,6,,UPI,2024-09-21,2024-10-08
TB105796,2024-01-03,CB1233,PB1074,SB107,2,5.0,upi,2024-01-04,2024-01-19
TB105797,2025-04-01,CB1181,PB1026,SB106,6,0.0,Net Banking,2025-04-01,2025-04-12
TB105798,2025-06-27,CB1336,PB1082,SB110,5,5.0,CARD,2025-06-29,2025-07-18
TB105799,2025-08-12,CB1250,PB1076,SB108,8,20.0,Cash,2025-08-12,2025-08-24
TB105800,2023-06-12,CB1227,PB1022,SB117,7,20.0,net banking,2023-06-12,2023-07-09
TB105801,2025-09-10,CB1316,PB1011,SB102,7,20.0,Cash,2025-09-11,2025-09-26
TB105802,2023-02-06,CB1306,PB1049,SB113,3,,cash,2023-02-07,2023-02-19
TB105803,2024-01-10,CB1249,PB1029,SB103,6,0.0,UPI,2024-01-12,2024-01-21
TB105804,2023-10-16,CB1040,PB1091,SB101,5,0.0,net banking,2023-10-16,2023-10-25
TB105805,2023-07-29,CB1144,PB1032,SB108,10,5.0,net banking,2023-07-31,2023-08-02
TB105806,2023-04-26,CB1271,PB1119,SB104,8,10.0,Cash,2023-04-26,2023-05-09
TB105807,2025-03-21,CB1016,PB1011,SB107,6,10.0,cash,2025-03-21,2025-04-15
TB105808,2024-03-04,CB1059,PB1093,SB111,1,0.0,Cash,2024-03-04,2024-03-25
TB105809,2025-01-26,CB1113,PB1062,SB102,2,5.0,UPI,2025-01-27,2025-02-10
TB105810,2023-05-15,CB1291,PB1025,SB103,5,15.0,net banking,2023-05-17,2023-06-08
TB105811,2025-01-06,CB1120,PB1001,SB106,8,0.0,upi,2025-01-07,2025-02-06
TB105812,2025-06-30,CB1305,PB1062,SB102,4,5.0,upi,2025-06-30,2025-07-14
TB105813,2023-01-12,CB1088,PB1053,SB106,10,10.0,upi,2023-01-12,2023-02-02
TB105814,2026-02-03,CB1347,PB1115,SB109,3,5.0,UPI,2026-02-05,2026-03-04
TB105815,2023-01-01,CB1196,PB1043,SB109,9,5.0,Net Banking,2023-01-02,2023-01-04
TB105816,2025-04-05,CB1044,PB1035,SB108,6,,cash,2025-04-05,2025-04-10
TB105817,2026-01-16,CB1043,PB1009,SB118,8,10.0,UPI,2026-01-18,2026-01-19
TB105818,2023-03-08,CB1162,PB1096,SB108,2,0.0,upi,2023-03-09,2023-03-19
TB105819,2023-08-19,CB1322,PB1053,SB102,10,10.0,Card,2023-08-21,2023-09-20
TB105820,2025-09-13,CB1254,PB1063,SB114,5,5.0,Net Banking,2025-09-14,2025-10-03
TB105821,2023-04-12,CB1193,PB1020,SB111,6,20.0,net banking,2023-04-13,2023-04-21
TB105822,2024-12-17,CB1092,PB1040,SB113,3,10.0,Cash,2024-12-17,2025-01-12
TB105823,2023-04-27,CB1213,PB1097,SB104,9,10.0,net banking,2023-04-28,2023-05-16
TB105824,2024-11-22,CB1082,PB1064,SB116,9,0.0,upi,2024-11-23,2024-12-21
TB105825,2023-08-26,CB1196,PB1008,SB112,2,20.0,UPI,2023-08-27,2023-09-13
TB105826,2023-06-04,CB1182,PB1117,SB116,6,,UPI,2023-06-06,2023-06-21
TB105827,2026-02-14,CB1196,PB1109,SB111,9,15.0,UPI,2026-02-14,2026-02-26
TB105828,2024-06-21,CB1154,PB1116,SB109,2,10.0,Card,2024-06-22,2024-07-15
TB105829,2024-06-17,CB1323,PB1003,SB117,8,15.0,UPI,2024-06-17,2024-07-10
TB105830,2024-12-10,CB1117,PB1057,SB117,2,10.0,Net Banking,2024-12-10,2024-12-12
TB105831,2023-12-29,CB1228,PB1006,SB110,10,10.0,Card,2023-12-30,2024-01-15
TB105832,2024-06-05,CB1341,PB1065,SB104,10,,Cash,2024-06-05,2024-06-18
TB105833,2023-11-03,CB1041,PB1057,SB101,9,15.0,UPI,2023-11-03,2023-11-17
TB105834,2025-05-28,CB1219,PB1047,SB116,4,10.0,Card,2025-05-30,2025-06-01
TB105835,2024-04-07,CB1201,PB1053,SB104,8,,UPI,2024-04-09,2024-05-02
TB105836,2024-10-02,CB1166,PB1005,SB101,2,15.0,net banking,2024-10-03,2024-10-06
TB105837,2025-06-04,CB1179,PB1097,SB104,8,,UPI,2025-06-04,2025-06-06
TB105838,2023-01-12,CB1129,PB1023,SB117,9,15.0,Cash,2023-01-13,2023-02-11
TB105839,2025-01-23,CB1272,PB1081,SB114,2,15.0,net banking,2025-01-24,2025-02-07
TB105840,2025-09-14,CB1068,PB1089,SB103,8,15.0,Card,2025-09-14,2025-09-27
TB105841,2023-12-29,CB1301,PB1111,SB104,5,5.0,Cash,2023-12-31,2024-01-24
TB105842,2024-02-25,CB1078,PB1015,SB112,10,,Card,2024-02-25,2024-03-26
TB105843,2025-07-15,CB1249,PB1069,SB108,10,10.0,CARD,2025-07-15,2025-08-07
TB105844,2025-05-15,CB1269,PB1087,SB104,1,10.0,Card,2025-05-16,2025-06-14
TB105845,2023-04-03,CB1147,PB1089,SB115,5,20.0,Net Banking,2023-04-04,2023-04-22
TB105846,2025-12-28,CB1344,PB1100,SB106,3,0.0,cash,2025-12-30,2025-12-30
TB105847,2025-04-09,CB1213,PB1013,SB101,4,20.0,UPI,2025-04-09,2025-04-10
TB105848,2023-11-01,CB1036,PB1109,SB113,1,,Card,2023-11-02,2023-11-17
TB105849,2023-04-07,CB1235,PB1008,SB108,4,15.0,cash,2023-04-09,2023-04-29
TB105850,2024-11-21,CB1163,PB1016,SB113,2,20.0,net banking,2024-11-23,2024-12-04
TB105851,2025-02-14,CB1078,PB1074,SB113,7,,cash,2025-02-14,2025-02-27
TB105852,2026-01-14,CB1198,PB1110,SB102,4,,Card,2026-01-15,2026-02-13
TB105853,2025-01-06,CB1250,PB1025,SB105,9,15.0,UPI,2025-01-06,2025-02-02
TB105854,2023-10-31,CB1024,PB1104,SB118,6,10.0,UPI,2023-10-31,2023-11-10
TB105855,2025-03-04,CB1225,PB1072,SB115,10,0.0,CARD,2025-03-06,2025-03-14
TB105856,2026-02-18,CB1103,PB1082,SB110,9,0.0,upi,2026-02-19,2026-03-20
TB105857,2023-04-25,CB1200,PB1042,SB118,7,0.0,Cash,2023-04-25,2023-05-15
TB105858,2025-11-21,CB1119,PB1004,SB101,10,5.0,Cash,2025-11-22,2025-12-22
TB105859,2025-05-31,CB1333,PB1092,SB114,6,,UPI,2025-05-31,2025-06-07
TB105860,2025-12-28,CB1020,PB1050,SB109,8,,CARD,2025-12-30,2026-01-21
TB105861,2025-08-21,CB1145,PB1060,SB102,5,0.0,cash,2025-08-22,2025-09-10
TB105862,2026-02-09,CB1008,PB1017,SB116,8,10.0,UPI,2026-02-09,2026-02-10
TB105863,2023-11-24,CB1059,PB1025,SB101,6,10.0,UPI,2023-11-25,2023-12-08
TB105864,2024-10-18,CB1320,PB1070,SB111,2,0.0,net banking,2024-10-20,2024-11-14
TB105865,2024-11-03,CB1261,PB1100,SB101,9,5.0,Cash,2024-11-04,2024-11-19
TB105866,2024-01-04,CB1082,PB1066,SB106,7,0.0,cash,2024-01-05,2024-01-14
TB105867,2023-01-06,CB1115,PB1024,SB101,6,10.0,cash,2023-01-07,2023-01-12
TB105868,2023-10-14,CB1190,PB1115,SB102,6,0.0,upi,2023-10-16,2023-10-27
TB105869,2024-01-22,CB1042,PB1012,SB115,8,10.0,net banking,2024-01-23,2024-01-28
TB105870,2024-12-08,CB1107,PB1111,SB104,2,10.0,Cash,2024-12-08,2024-12-31
TB105871,2023-06-29,CB1149,PB1014,SB105,2,10.0,UPI,2023-07-01,2023-07-01
TB105872,2023-01-07,CB1141,PB1095,SB112,1,,upi,2023-01-08,2023-01-16
TB105873,2024-11-09,CB1111,PB1103,SB105,4,20.0,net banking,2024-11-10,2024-11-28
TB105874,2025-04-13,CB1288,PB1074,SB109,7,5.0,net banking,2025-04-15,2025-05-04
TB105875,2024-04-08,CB1022,PB1073,SB105,4,20.0,cash,2024-04-10,2024-04-24
TB105876,2023-12-31,CB1027,PB1047,SB114,7,0.0,CARD,2023-12-31,2024-01-19
TB105877,2025-04-22,CB1155,PB1107,SB104,3,0.0,CARD,2025-04-22,2025-05-06
TB105878,2025-09-04,CB1045,PB1018,SB111,10,10.0,upi,2025-09-04,2025-09-23
TB105879,2026-03-08,CB1297,PB1037,SB107,7,15.0,Net Banking,2026-03-08,2026-04-05
TB105880,2024-09-01,CB1348,PB1089,SB107,6,15.0,upi,2024-09-01,2024-10-01
TB105881,2024-09-19,CB1144,PB1048,SB114,10,10.0,upi,2024-09-21,2024-10-21
TB105882,2025-01-23,CB1164,PB1014,SB110,10,20.0,Net Banking,2025-01-23,2025-02-16
TB105883,2024-04-21,CB1230,PB1080,SB118,9,0.0,net banking,2024-04-23,2024-05-22
TB105884,2025-04-21,CB1066,PB1026,SB101,1,,Cash,2025-04-21,2025-04-28
TB105885,2023-11-15,CB1269,PB1081,SB108,9,5.0,upi,2023-11-15,2023-11-22
TB105886,2026-03-13,CB1014,PB1079,SB105,6,5.0,net banking,2026-03-14,2026-03-14
TB105887,2023-02-03,CB1126,PB1100,SB118,5,0.0,Net Banking,2023-02-04,2023-02-04
TB105888,2025-02-16,CB1021,PB1104,SB116,8,10.0,Card,2025-02-17,2025-03-05
TB105889,2025-03-07,CB1162,PB1062,SB117,8,5.0,Net Banking,2025-03-07,2025-03-30
TB105890,2025-05-23,CB1183,PB1027,SB116,1,20.0,CARD,2025-05-23,2025-06-05
TB105891,2025-12-21,CB1076,PB1026,SB107,9,20.0,UPI,2025-12-21,2026-01-16
TB105892,2026-03-01,CB1298,PB1070,SB106,10,0.0,Cash,2026-03-02,2026-03-02
TB105893,2025-08-08,CB1186,PB1013,SB117,8,,Net Banking,2025-08-09,2025-08-10
TB105894,2023-10-11,CB1339,PB1081,SB114,9,20.0,CARD,2023-10-11,2023-10-11
TB105895,2025-04-06,CB1259,PB1084,SB103,3,,Net Banking,2025-04-07,2025-04-23
TB105896,2026-01-20,CB1194,PB1100,SB113,1,0.0,upi,2026-01-22,2026-02-03
TB105897,2023-11-23,CB1084,PB1048,SB106,5,0.0,Cash,2023-11-24,2023-12-12
TB105898,2025-02-11,CB1280,PB1100,SB103,7,0.0,net banking,2025-02-12,2025-02-28
TB105899,2023-10-02,CB1341,PB1079,SB115,2,10.0,net banking,2023-10-02,2023-10-22
TB105900,2023-01-18,CB1032,PB1068,SB107,9,0.0,Cash,2023-01-18,2023-01-21
TB105901,2026-02-18,CB1178,PB1114,SB109,9,20.0,Cash,2026-02-20,2026-02-20
TB105902,2025-12-22,CB1140,PB1115,SB118,1,20.0,CARD,2025-12-23,2026-01-09
TB105903,2024-01-30,CB1194,PB1118,SB115,9,10.0,Card,2024-01-31,2024-02-13
TB105904,2025-03-03,CB1036,PB1086,SB117,4,0.0,UPI,2025-03-03,2025-03-08
TB105905,2025-05-14,CB1153,PB1008,SB111,7,,net banking,2025-05-16,2025-05-29
TB105906,2024-09-13,CB1256,PB1093,SB118,9,0.0,UPI,2024-09-13,2024-10-03
TB105907,2024-03-09,CB1124,PB1057,SB104,6,5.0,Card,2024-03-10,2024-03-26
TB105908,2025-05-06,CB1255,PB1003,SB110,9,20.0,upi,2025-05-08,2025-06-05
TB105909,2024-11-14,CB1121,PB1081,SB115,2,20.0,CARD,2024-11-15,2024-11-30
TB105910,2023-06-09,CB1245,PB1086,SB111,2,5.0,Net Banking,2023-06-10,2023-07-06
TB105911,2023-10-09,CB1142,PB1093,SB109,10,20.0,CARD,2023-10-10,2023-10-25
TB105912,2024-02-07,CB1231,PB1029,SB102,3,20.0,cash,2024-02-07,2024-02-22
TB105913,2025-09-05,CB1271,PB1040,SB101,1,5.0,net banking,2025-09-06,2025-09-19
TB105914,2025-12-02,CB1007,PB1098,SB104,5,15.0,cash,2025-12-03,2025-12-25
TB105915,2025-06-24,CB1072,PB1015,SB116,7,15.0,cash,2025-06-25,2025-07-04
TB105916,2025-05-25,CB1176,PB1085,SB110,6,5.0,Card,2025-05-26,2025-06-15
TB105917,2024-06-22,CB1233,PB1023,SB106,7,15.0,UPI,2024-06-23,2024-07-10
TB105918,2025-08-06,CB1242,PB1079,SB109,7,,UPI,2025-08-06,2025-08-10
TB105919,2025-06-06,CB1134,PB1014,SB108,6,0.0,Card,2025-06-08,2025-06-08
TB105920,2025-06-16,CB1209,PB1086,SB118,9,5.0,CARD,2025-06-18,2025-07-17
TB105921,2024-04-29,CB1342,PB1097,SB117,9,5.0,Net Banking,2024-05-01,2024-05-05
TB105922,2023-10-10,CB1217,PB1084,SB117,5,,Net Banking,2023-10-10,2023-10-21
TB105923,2024-01-18,CB1031,PB1030,SB112,2,15.0,Net Banking,2024-01-20,2024-02-02
TB105924,2025-02-02,CB1027,PB1072,SB110,9,,CARD,2025-02-03,2025-02-11
TB105925,2025-10-01,CB1297,PB1021,SB114,5,0.0,Card,2025-10-03,2025-11-01
TB105926,2025-09-12,CB1332,PB1052,SB102,1,10.0,UPI,2025-09-12,2025-10-02
TB105927,2023-06-08,CB1147,PB1110,SB113,7,15.0,UPI,2023-06-08,2023-07-04
TB105928,2025-06-07,CB1291,PB1117,SB103,1,20.0,UPI,2025-06-07,2025-06-16
TB105929,2023-04-07,CB1183,PB1107,SB111,7,15.0,Cash,2023-04-09,2023-04-12
TB105930,2024-11-26,CB1020,PB1007,SB104,4,,net banking,2024-11-27,2024-12-26
TB105931,2025-11-28,CB1336,PB1095,SB116,3,15.0,Cash,2025-11-29,2025-12-26
TB105932,2023-11-17,CB1093,PB1106,SB105,6,,cash,2023-11-17,2023-12-16
TB105933,2026-01-31,CB1029,PB1064,SB107,4,15.0,Card,2026-02-02,2026-02-18
TB105934,2023-08-12,CB1292,PB1114,SB104,7,10.0,UPI,2023-08-13,2023-08-25
TB105935,2025-07-05,CB1034,PB1111,SB104,7,20.0,net banking,2025-07-05,2025-07-25
TB105936,2023-07-10,CB1328,PB1019,SB112,1,10.0,UPI,2023-07-10,2023-07-31
TB105937,2023-02-15,CB1235,PB1054,SB109,3,5.0,CARD,2023-02-16,2023-02-24
TB105938,2024-09-27,CB1174,PB1018,SB114,7,10.0,cash,2024-09-29,2024-10-19
TB105939,2023-05-05,CB1252,PB1087,SB109,8,10.0,upi,2023-05-06,2023-05-12
TB105940,2023-06-17,CB1192,PB1090,SB112,9,5.0,CARD,2023-06-18,2023-06-18
TB105941,2026-01-30,CB1184,PB1077,SB118,6,15.0,net banking,2026-02-01,2026-02-24
TB105942,2024-10-10,CB1031,PB1034,SB103,3,,cash,2024-10-12,2024-11-10
TB105943,2024-10-23,CB1117,PB1007,SB104,3,20.0,Net Banking,2024-10-23,2024-11-22
TB105944,2024-07-14,CB1322,PB1018,SB116,4,0.0,net banking,2024-07-16,2024-07-23
TB105945,2024-07-25,CB1117,PB1100,SB105,4,10.0,Cash,2024-07-26,2024-08-15
TB105946,2024-12-07,CB1256,PB1089,SB110,7,20.0,UPI,2024-12-09,2024-12-23
TB105947,2024-08-27,CB1135,PB1082,SB113,3,15.0,Cash,2024-08-28,2024-09-27
TB105948,2025-09-11,CB1109,PB1085,SB110,9,,upi,2025-09-11,2025-10-06
TB105949,2026-02-26,CB1012,PB1005,SB115,2,15.0,Cash,2026-02-26,2026-03-11
TB105950,2024-08-20,CB1297,PB1073,SB108,3,20.0,upi,2024-08-20,2024-09-08
TB105951,2025-02-15,CB1066,PB1065,SB105,2,5.0,Net Banking,2025-02-17,2025-02-25
TB105952,2024-12-29,CB1026,PB1118,SB106,8,20.0,Cash,2024-12-31,2025-01-11
TB105953,2025-11-22,CB1330,PB1047,SB116,6,0.0,upi,2025-11-24,2025-11-26
TB105954,2025-01-10,CB1136,PB1087,SB112,4,10.0,Net Banking,2025-01-12,2025-02-04
TB105955,2024-12-18,CB1147,PB1027,SB109,4,5.0,Cash,2024-12-18,2025-01-07
TB105956,2023-04-25,CB1264,PB1099,SB101,1,15.0,Net Banking,2023-04-27,2023-05-24
TB105957,2024-03-19,CB1303,PB1043,SB110,4,,CARD,2024-03-19,2024-04-18
TB105958,2024-10-22,CB1167,PB1080,SB101,5,,net banking,2024-10-23,2024-11-09
TB105959,2024-03-04,CB1268,PB1021,SB103,3,0.0,upi,2024-03-06,2024-03-29
TB105960,2023-05-27,CB1049,PB1085,SB117,3,10.0,upi,2023-05-27,2023-06-08
TB105961,2024-10-16,CB1259,PB1075,SB107,9,15.0,net banking,2024-10-17,2024-10-25
TB105962,2025-07-22,CB1015,PB1057,SB101,6,0.0,cash,2025-07-22,2025-08-06
TB105963,2023-02-10,CB1343,PB1028,SB106,7,5.0,net banking,2023-02-12,2023-02-24
TB105964,2025-04-08,CB1067,PB1055,SB111,4,10.0,net banking,2025-04-08,2025-05-07
TB105965,2023-11-10,CB1269,PB1007,SB109,10,15.0,net banking,2023-11-10,2023-12-10
TB105966,2023-03-24,CB1226,PB1078,SB117,4,20.0,net banking,2023-03-25,2023-04-10
TB105967,2025-10-10,CB1318,PB1076,SB114,4,5.0,CARD,2025-10-12,2025-10-22
TB105968,2025-03-07,CB1154,PB1047,SB109,9,0.0,Cash,2025-03-09,2025-04-03
TB105969,2023-08-09,CB1345,PB1029,SB117,9,20.0,cash,2023-08-11,2023-09-05
TB105970,2025-07-15,CB1270,PB1022,SB113,3,20.0,Card,2025-07-17,2025-08-14
TB105971,2023-02-06,CB1162,PB1078,SB111,2,10.0,Card,2023-02-06,2023-02-19
TB105972,2025-09-13,CB1051,PB1047,SB111,8,20.0,CARD,2025-09-14,2025-09-28
TB105973,2024-01-31,CB1294,PB1100,SB108,8,,upi,2024-01-31,2024-02-02
TB105974,2024-03-12,CB1197,PB1113,SB103,6,15.0,Net Banking,2024-03-14,2024-03-23
TB105975,2023-07-14,CB1073,PB1015,SB101,1,10.0,UPI,2023-07-15,2023-07-27
TB105976,2023-03-30,CB1158,PB1085,SB112,7,20.0,net banking,2023-03-30,2023-04-14
TB105977,2023-04-26,CB1167,PB1030,SB117,3,0.0,UPI,2023-04-26,2023-05-07
TB105978,2025-05-13,CB1170,PB1116,SB107,1,20.0,net banking,2025-05-13,2025-05-16
TB105979,2025-02-23,CB1240,PB1082,SB106,9,5.0,net banking,2025-02-25,2025-03-03
TB105980,2024-08-10,CB1092,PB1051,SB117,3,15.0,net banking,2024-08-12,2024-09-07
TB105981,2024-10-11,CB1084,PB1086,SB109,6,0.0,CARD,2024-10-11,2024-10-13
TB105982,2026-01-08,CB1228,PB1042,SB115,1,,CARD,2026-01-09,2026-01-13
TB105983,2023-07-18,CB1129,PB1084,SB109,5,,upi,2023-07-19,2023-08-15
TB105984,2026-03-02,CB1348,PB1074,SB113,6,10.0,Card,2026-03-03,2026-03-24
TB105985,2024-06-22,CB1004,PB1074,SB105,5,20.0,net banking,2024-06-24,2024-06-30
TB105986,2025-07-03,CB1118,PB1086,SB114,8,10.0,cash,2025-07-05,2025-07-07
TB105987,2023-01-12,CB1346,PB1015,SB118,6,0.0,Card,2023-01-14,2023-01-28
TB105988,2024-12-16,CB1099,PB1012,SB118,1,0.0,Net Banking,2024-12-16,2025-01-05
TB105989,2025-07-16,CB1297,PB1014,SB109,6,15.0,Cash,2025-07-16,2025-07-16
TB105990,2025-02-03,CB1209,PB1104,SB113,10,0.0,net banking,2025-02-04,2025-02-17
TB105991,2025-02-09,CB1028,PB1092,SB109,6,0.0,CARD,2025-02-09,2025-03-11
TB105992,2024-07-11,CB1095,PB1051,SB112,1,0.0,cash,2024-07-11,2024-08-04
TB105993,2025-07-17,CB1190,PB1054,SB113,8,10.0,cash,2025-07-18,2025-08-09
TB105994,2025-07-26,CB1330,PB1062,SB116,10,5.0,Cash,2025-07-26,2025-08-18
TB105995,2023-06-21,CB1267,PB1042,SB101,7,0.0,Card,2023-06-21,2023-07-01
TB105996,2024-05-09,CB1219,PB1098,SB106,5,20.0,upi,2024-05-09,2024-05-10
TB105997,2024-09-28,CB1215,PB1108,SB104,1,,Net Banking,2024-09-30,2024-10-15
TB105998,2024-11-15,CB1007,PB1042,SB107,4,15.0,Cash,2024-11-15,2024-12-12
TB105999,2023-12-04,CB1271,PB1009,SB114,8,0.0,Card,2023-12-06,2023-12-25
TB106000,2026-03-31,CB1058,PB1046,SB102,7,20.0,net banking,2026-03-31,2026-04-01
TB106001,2023-08-17,CB1204,PB1078,SB102,2,15.0,CARD,2023-08-17,2023-08-30
TB106002,2025-06-06,CB1031,PB1035,SB104,10,10.0,upi,2025-06-07,2025-06-08
TB106003,2025-07-31,CB1227,PB1078,SB114,8,20.0,CARD,2025-08-02,2025-08-28
TB106004,2023-08-01,CB1227,PB1005,SB113,7,10.0,UPI,2023-08-03,2023-08-21
TB106005,2026-01-30,CB1036,PB1111,SB105,7,20.0,Card,2026-01-31,2026-02-08
TB106006,2025-11-13,CB1278,PB1067,SB110,8,20.0,net banking,2025-11-13,2025-11-13
TB106007,2025-07-15,CB1079,PB1033,SB107,9,20.0,net banking,2025-07-17,2025-08-03
TB106008,2024-12-14,CB1276,PB1088,SB114,7,20.0,Card,2024-12-16,2024-12-28
TB106009,2025-07-04,CB1120,PB1002,SB102,3,20.0,net banking,2025-07-05,2025-08-03
TB106010,2023-05-13,CB1303,PB1046,SB101,6,15.0,upi,2023-05-14,2023-05-22
TB106011,2024-02-03,CB1337,PB1012,SB103,3,15.0,cash,2024-02-03,2024-02-15
TB106012,2025-02-21,CB1034,PB1036,SB101,9,,Card,2025-02-22,2025-03-18
TB106013,2025-12-31,CB1158,PB1078,SB104,7,10.0,CARD,2025-12-31,2026-01-30
TB106014,2025-07-09,CB1291,PB1036,SB106,1,10.0,CARD,2025-07-09,2025-07-22
TB106015,2023-08-05,CB1328,PB1031,SB116,7,20.0,upi,2023-08-06,2023-09-04
TB106016,2024-04-01,CB1033,PB1047,SB104,10,,upi,2024-04-01,2024-04-29
TB106017,2024-05-09,CB1014,PB1036,SB115,1,20.0,UPI,2024-05-10,2024-06-04
TB106018,2024-09-14,CB1307,PB1034,SB102,5,10.0,cash,2024-09-15,2024-10-08
TB106019,2026-01-23,CB1115,PB1079,SB109,10,0.0,Card,2026-01-23,2026-02-02
TB106020,2025-10-09,CB1319,PB1088,SB106,2,0.0,Net Banking,2025-10-11,2025-10-29
TB106021,2025-12-31,CB1257,PB1109,SB114,10,0.0,UPI,2026-01-02,2026-01-03
TB106022,2025-05-15,CB1042,PB1055,SB114,5,10.0,Net Banking,2025-05-17,2025-05-19
TB106023,2023-07-16,CB1312,PB1036,SB106,3,15.0,UPI,2023-07-16,2023-07-31
TB106024,2025-04-18,CB1176,PB1095,SB117,1,20.0,cash,2025-04-19,2025-04-20
TB106025,2026-02-09,CB1131,PB1080,SB116,1,,net banking,2026-02-09,2026-02-17
TB106026,2024-10-22,CB1004,PB1005,SB108,5,5.0,UPI,2024-10-24,2024-11-08
TB106027,2024-02-09,CB1212,PB1012,SB115,9,0.0,cash,2024-02-09,2024-02-20
TB106028,2026-02-17,CB1159,PB1079,SB110,3,5.0,net banking,2026-02-19,2026-03-04
TB106029,2025-05-08,CB1139,PB1076,SB112,10,0.0,CARD,2025-05-09,2025-05-29
TB106030,2024-01-06,CB1020,PB1011,SB101,10,20.0,Card,2024-01-07,2024-01-09
TB106031,2025-04-06,CB1069,PB1019,SB115,10,10.0,net banking,2025-04-06,2025-04-12
TB106032,2025-08-27,CB1157,PB1109,SB106,10,10.0,Net Banking,2025-08-27,2025-09-13
TB106033,2025-11-02,CB1190,PB1034,SB107,6,20.0,Cash,2025-11-02,2025-11-09
TB106034,2024-06-08,CB1124,PB1067,SB101,2,5.0,upi,2024-06-10,2024-07-05
TB106035,2023-09-05,CB1208,PB1078,SB109,8,10.0,upi,2023-09-06,2023-09-26
TB106036,2025-01-29,CB1186,PB1048,SB108,9,20.0,Card,2025-01-29,2025-02-04
TB106037,2024-02-24,CB1111,PB1079,SB116,9,0.0,CARD,2024-02-25,2024-03-07
TB106038,2023-08-29,CB1077,PB1088,SB108,6,5.0,Card,2023-08-30,2023-09-09
TB106039,2024-07-24,CB1050,PB1095,SB107,3,,cash,2024-07-24,2024-08-01
TB106040,2025-09-15,CB1224,PB1022,SB118,6,15.0,UPI,2025-09-17,2025-10-15
TB106041,2025-10-02,CB1010,PB1002,SB114,6,5.0,Cash,2025-10-02,2025-10-30
TB106042,2024-10-29,CB1157,PB1101,SB117,1,20.0,Card,2024-10-30,2024-11-22
TB106043,2024-08-22,CB1082,PB1067,SB113,9,,Card,2024-08-22,2024-09-06
TB106044,2025-01-18,CB1093,PB1074,SB107,8,20.0,net banking,2025-01-20,2025-01-31
TB106045,2023-02-17,CB1260,PB1060,SB107,6,5.0,Net Banking,2023-02-18,2023-03-18
TB106046,2023-02-09,CB1276,PB1018,SB105,6,10.0,Net Banking,2023-02-11,2023-02-12
TB106047,2023-10-22,CB1210,PB1059,SB112,2,,UPI,2023-10-22,2023-11-20
TB106048,2023-05-11,CB1326,PB1058,SB101,3,5.0,CARD,2023-05-11,2023-05-22
TB106049,2024-09-07,CB1245,PB1119,SB111,8,10.0,Net Banking,2024-09-07,2024-10-03
TB106050,2026-01-20,CB1109,PB1095,SB116,7,,upi,2026-01-22,2026-02-13
TB106051,2024-04-29,CB1242,PB1002,SB117,9,20.0,UPI,2024-04-30,2024-05-18
TB106052,2024-11-12,CB1299,PB1071,SB103,9,5.0,Card,2024-11-12,2024-11-28
TB106053,2023-11-04,CB1200,PB1103,SB111,10,5.0,net banking,2023-11-06,2023-12-01
TB106054,2025-01-14,CB1200,PB1035,SB110,8,,cash,2025-01-14,2025-02-07
TB106055,2023-08-22,CB1080,PB1022,SB105,7,10.0,UPI,2023-08-22,2023-09-11
TB106056,2026-01-14,CB1132,PB1087,SB109,7,10.0,Card,2026-01-16,2026-01-22
TB106057,2026-03-04,CB1108,PB1067,SB102,2,15.0,net banking,2026-03-06,2026-03-29
TB106058,2023-06-03,CB1222,PB1073,SB107,1,15.0,Cash,2023-06-05,2023-06-26
TB106059,2024-11-27,CB1103,PB1067,SB105,9,15.0,Card,2024-11-27,2024-11-28
TB106060,2023-05-25,CB1194,PB1002,SB110,9,20.0,Card,2023-05-26,2023-05-30
TB106061,2025-09-19,CB1055,PB1097,SB102,8,,CARD,2025-09-21,2025-10-02
TB106062,2025-05-13,CB1185,PB1049,SB111,1,,Net Banking,2025-05-15,2025-05-21
TB106063,2023-12-27,CB1197,PB1079,SB110,10,0.0,upi,2023-12-28,2024-01-17
TB106064,2023-10-15,CB1271,PB1070,SB101,9,5.0,Net Banking,2023-10-15,2023-10-25
TB106065,2023-03-05,CB1236,PB1013,SB110,1,0.0,Card,2023-03-07,2023-03-09
TB106066,2024-02-23,CB1212,PB1066,SB101,4,0.0,cash,2024-02-25,2024-03-08
TB106067,2026-02-17,CB1140,PB1027,SB116,5,10.0,Card,2026-02-19,2026-03-07
TB106068,2023-08-20,CB1254,PB1110,SB114,8,15.0,CARD,2023-08-20,2023-08-25
TB106069,2026-02-18,CB1039,PB1088,SB117,10,0.0,UPI,2026-02-18,2026-03-14
TB106070,2024-09-15,CB1024,PB1099,SB116,4,10.0,net banking,2024-09-15,2024-10-01
TB106071,2024-11-05,CB1091,PB1016,SB118,5,,upi,2024-11-06,2024-11-22
TB106072,2026-02-12,CB1143,PB1060,SB106,8,20.0,upi,2026-02-12,2026-02-14
TB106073,2024-04-12,CB1183,PB1080,SB115,7,5.0,Cash,2024-04-12,2024-04-15
TB106074,2025-03-04,CB1109,PB1014,SB105,3,0.0,upi,2025-03-04,2025-03-10
TB106075,2025-09-29,CB1158,PB1023,SB108,1,15.0,Card,2025-10-01,2025-10-04
TB106076,2025-10-08,CB1048,PB1112,SB103,9,20.0,cash,2025-10-09,2025-10-25
TB106077,2023-12-08,CB1134,PB1015,SB113,1,5.0,cash,2023-12-08,2023-12-21
TB106078,2023-09-24,CB1284,PB1114,SB104,2,15.0,UPI,2023-09-25,2023-09-30
TB106079,2026-03-23,CB1010,PB1116,SB103,1,0.0,net banking,2026-03-24,2026-03-31
TB106080,2024-01-06,CB1327,PB1022,SB105,7,5.0,CARD,2024-01-07,2024-01-09
TB106081,2026-01-17,CB1340,PB1058,SB102,4,0.0,Card,2026-01-19,2026-01-19
TB106082,2023-03-03,CB1306,PB1040,SB101,2,20.0,upi,2023-03-05,2023-03-25
TB106083,2024-07-21,CB1121,PB1105,SB113,2,15.0,UPI,2024-07-22,2024-08-10
TB106084,2025-08-11,CB1019,PB1081,SB110,3,15.0,cash,2025-08-12,2025-08-16
TB106085,2023-04-10,CB1004,PB1056,SB107,9,20.0,cash,2023-04-12,2023-05-04
TB106086,2024-04-13,CB1014,PB1015,SB113,6,5.0,Card,2024-04-13,2024-05-13
TB106087,2025-05-12,CB1160,PB1108,SB109,1,0.0,Net Banking,2025-05-12,2025-05-22
TB106088,2023-09-02,CB1341,PB1010,SB111,6,0.0,upi,2023-09-03,2023-09-10
TB106089,2024-02-28,CB1303,PB1051,SB115,1,5.0,CARD,2024-02-28,2024-03-20
TB106090,2023-04-23,CB1001,PB1062,SB110,5,5.0,upi,2023-04-25,2023-05-21
TB106091,2024-02-17,CB1213,PB1044,SB108,7,,CARD,2024-02-18,2024-03-07
TB106092,2026-02-27,CB1339,PB1067,SB112,4,15.0,net banking,2026-02-27,2026-03-06
TB106093,2024-07-23,CB1302,PB1041,SB117,2,20.0,UPI,2024-07-23,2024-07-30
TB106094,2023-01-24,CB1053,PB1051,SB105,5,20.0,Net Banking,2023-01-24,2023-02-18
TB106095,2025-09-26,CB1221,PB1067,SB108,5,0.0,upi,2025-09-27,2025-09-28
TB106096,2024-07-02,CB1116,PB1074,SB109,1,0.0,cash,2024-07-03,2024-07-14
TB106097,2025-01-08,CB1199,PB1111,SB110,5,,Card,2025-01-10,2025-02-01
TB106098,2023-05-01,CB1011,PB1018,SB107,10,0.0,Card,2023-05-01,2023-05-17
TB106099,2023-01-05,CB1308,PB1067,SB118,2,10.0,UPI,2023-01-05,2023-01-17
TB106100,2025-04-11,CB1250,PB1099,SB112,2,20.0,UPI,2025-04-13,2025-04-13
TB106101,2025-07-23,CB1083,PB1050,SB115,10,,net banking,2025-07-24,2025-07-27
TB106102,2024-12-26,CB1201,PB1083,SB106,2,15.0,Card,2024-12-26,2025-01-03
TB106103,2025-11-21,CB1310,PB1087,SB114,4,10.0,cash,2025-11-23,2025-12-23
TB106104,2025-05-20,CB1328,PB1064,SB106,9,,UPI,2025-05-22,2025-06-19
TB106105,2023-10-19,CB1042,PB1114,SB101,8,20.0,CARD,2023-10-19,2023-10-27
TB106106,2025-02-24,CB1250,PB1049,SB110,5,5.0,upi,2025-02-26,2025-03-08
TB106107,2024-06-01,CB1059,PB1088,SB115,8,5.0,Cash,2024-06-02,2024-06-27
TB106108,2024-11-21,CB1298,PB1048,SB112,6,10.0,UPI,2024-11-21,2024-11-23
TB106109,2026-02-20,CB1010,PB1055,SB112,10,5.0,Cash,2026-02-20,2026-02-21
TB106110,2025-08-21,CB1070,PB1104,SB115,5,15.0,Card,2025-08-21,2025-08-31
TB106111,2024-06-04,CB1020,PB1101,SB101,2,,Card,2024-06-04,2024-06-17
TB106112,2024-06-18,CB1060,PB1034,SB114,9,,Cash,2024-06-19,2024-06-20
TB106113,2025-06-24,CB1004,PB1057,SB110,7,5.0,upi,2025-06-24,2025-06-28
TB106114,2025-10-04,CB1086,PB1023,SB112,1,15.0,Card,2025-10-04,2025-10-29
TB106115,2024-11-18,CB1097,PB1033,SB103,2,5.0,net banking,2024-11-19,2024-12-18
TB106116,2025-05-12,CB1295,PB1045,SB110,1,20.0,upi,2025-05-12,2025-05-17
TB106117,2025-10-04,CB1050,PB1050,SB108,1,,net banking,2025-10-05,2025-10-13
TB106118,2023-03-16,CB1284,PB1022,SB118,5,20.0,upi,2023-03-17,2023-04-10
TB106119,2025-07-01,CB1313,PB1096,SB113,4,5.0,upi,2025-07-01,2025-07-20
TB106120,2023-02-23,CB1334,PB1085,SB112,7,20.0,Net Banking,2023-02-25,2023-03-02
TB106121,2023-08-12,CB1146,PB1050,SB109,7,0.0,Net Banking,2023-08-12,2023-09-06
TB106122,2025-09-09,CB1183,PB1049,SB106,9,15.0,cash,2025-09-10,2025-09-18
TB106123,2023-04-08,CB1349,PB1010,SB110,1,10.0,CARD,2023-04-10,2023-04-18
TB106124,2026-03-20,CB1240,PB1113,SB101,6,5.0,Card,2026-03-22,2026-04-09
TB106125,2025-11-19,CB1267,PB1045,SB111,3,0.0,upi,2025-11-20,2025-11-23
TB106126,2024-05-28,CB1166,PB1088,SB111,3,,Card,2024-05-28,2024-06-13
TB106127,2023-01-23,CB1210,PB1044,SB104,9,,upi,2023-01-23,2023-01-28
TB106128,2026-02-26,CB1272,PB1110,SB107,3,10.0,UPI,2026-02-28,2026-03-01
TB106129,2024-11-24,CB1113,PB1114,SB101,8,15.0,CARD,2024-11-24,2024-11-24
TB106130,2023-04-19,CB1010,PB1014,SB114,5,20.0,net banking,2023-04-19,2023-05-06
TB106131,2025-08-08,CB1298,PB1111,SB104,2,5.0,UPI,2025-08-09,2025-08-27
TB106132,2024-11-03,CB1297,PB1059,SB102,2,15.0,cash,2024-11-03,2024-11-30
TB106133,2025-09-20,CB1143,PB1004,SB114,6,10.0,upi,2025-09-21,2025-10-20
TB106134,2024-09-25,CB1242,PB1027,SB118,7,15.0,Cash,2024-09-25,2024-10-11
TB106135,2024-05-18,CB1191,PB1053,SB116,6,,Net Banking,2024-05-18,2024-06-11
TB106136,2024-10-06,CB1084,PB1073,SB113,10,15.0,Card,2024-10-08,2024-11-06
TB106137,2025-04-17,CB1112,PB1022,SB109,8,,CARD,2025-04-17,2025-04-22
TB106138,2025-09-28,CB1041,PB1074,SB102,10,,cash,2025-09-28,2025-10-04
TB106139,2025-04-17,CB1136,PB1009,SB108,2,10.0,Cash,2025-04-18,2025-05-12
TB106140,2024-01-27,CB1266,PB1084,SB108,7,15.0,Card,2024-01-27,2024-02-24
TB106141,2026-03-28,CB1044,PB1083,SB114,9,15.0,UPI,2026-03-30,2026-04-13
TB106142,2024-12-26,CB1053,PB1061,SB101,10,0.0,Card,2024-12-28,2025-01-17
TB106143,2024-07-02,CB1124,PB1057,SB109,7,5.0,CARD,2024-07-02,2024-07-29
TB106144,2025-08-05,CB1112,PB1010,SB117,2,0.0,Cash,2025-08-05,2025-08-22
TB106145,2024-01-30,CB1346,PB1062,SB104,6,5.0,Net Banking,2024-01-31,2024-02-02
TB106146,2026-02-24,CB1056,PB1095,SB110,2,0.0,net banking,2026-02-24,2026-03-09
TB106147,2025-02-20,CB1131,PB1060,SB118,4,15.0,net banking,2025-02-20,2025-02-20
TB106148,2024-04-13,CB1144,PB1106,SB111,2,10.0,cash,2024-04-15,2024-04-26
TB106149,2025-05-05,CB1334,PB1013,SB113,2,5.0,cash,2025-05-06,2025-05-20
TB106150,2023-12-27,CB1327,PB1093,SB101,8,5.0,UPI,2023-12-28,2024-01-09
TB106151,2026-01-22,CB1115,PB1071,SB107,5,20.0,UPI,2026-01-24,2026-02-09
TB106152,2023-09-13,CB1243,PB1065,SB104,6,,Net Banking,2023-09-14,2023-10-01
TB106153,2025-02-03,CB1025,PB1114,SB109,9,20.0,upi,2025-02-04,2025-02-04
TB106154,2025-11-06,CB1145,PB1037,SB113,3,0.0,Card,2025-11-08,2025-11-27
TB106155,2026-02-12,CB1034,PB1060,SB107,7,5.0,Cash,2026-02-14,2026-03-11
TB106156,2025-02-12,CB1112,PB1098,SB114,8,20.0,CARD,2025-02-12,2025-03-13
TB106157,2023-06-10,CB1265,PB1011,SB107,2,5.0,net banking,2023-06-11,2023-06-29
TB106158,2023-10-01,CB1267,PB1096,SB101,4,,Cash,2023-10-01,2023-10-19
TB106159,2024-11-26,CB1329,PB1068,SB108,1,5.0,Cash,2024-11-26,2024-12-16
TB106160,2026-03-08,CB1147,PB1063,SB114,7,0.0,Cash,2026-03-08,2026-03-28
TB106161,2024-01-14,CB1209,PB1072,SB104,9,5.0,CARD,2024-01-16,2024-01-31
TB106162,2024-04-23,CB1083,PB1082,SB116,3,,upi,2024-04-25,2024-05-10
TB106163,2026-02-17,CB1338,PB1075,SB106,4,10.0,cash,2026-02-17,2026-02-28
TB106164,2025-10-28,CB1046,PB1026,SB113,3,0.0,net banking,2025-10-30,2025-11-06
TB106165,2023-05-10,CB1126,PB1065,SB110,4,,upi,2023-05-11,2023-05-12
TB106166,2025-08-27,CB1080,PB1066,SB116,1,15.0,Cash,2025-08-29,2025-09-12
TB106167,2023-01-30,CB1272,PB1066,SB103,5,15.0,UPI,2023-01-31,2023-02-05
TB106168,2024-11-24,CB1046,PB1054,SB116,10,5.0,upi,2024-11-26,2024-11-26
TB106169,2023-12-22,CB1228,PB1079,SB108,4,,cash,2023-12-24,2024-01-09
TB106170,2026-03-07,CB1080,PB1102,SB106,9,0.0,net banking,2026-03-07,2026-04-06
TB106171,2025-11-24,CB1179,PB1032,SB111,10,15.0,CARD,2025-11-24,2025-12-02
TB106172,2025-05-13,CB1125,PB1100,SB106,3,,UPI,2025-05-15,2025-05-31
TB106173,2025-06-17,CB1213,PB1013,SB103,9,10.0,cash,2025-06-17,2025-07-07
TB106174,2025-06-03,CB1027,PB1105,SB113,4,5.0,net banking,2025-06-05,2025-07-01
TB106175,2026-02-05,CB1144,PB1050,SB116,10,,UPI,2026-02-05,2026-02-07
TB106176,2023-06-23,CB1288,PB1114,SB101,3,0.0,Cash,2023-06-24,2023-07-16
TB106177,2024-08-26,CB1288,PB1026,SB114,1,5.0,Card,2024-08-27,2024-08-30
TB106178,2024-08-06,CB1169,PB1052,SB106,9,10.0,CARD,2024-08-08,2024-08-22
TB106179,2025-07-07,CB1036,PB1062,SB108,7,20.0,Card,2025-07-09,2025-07-29
TB106180,2025-07-14,CB1097,PB1079,SB111,7,0.0,upi,2025-07-15,2025-07-28
TB106181,2024-05-06,CB1026,PB1055,SB112,10,20.0,net banking,2024-05-07,2024-05-24
TB106182,2024-08-20,CB1281,PB1033,SB108,10,15.0,Net Banking,2024-08-20,2024-09-11
TB106183,2025-04-08,CB1244,PB1095,SB112,4,,Net Banking,2025-04-10,2025-04-17
TB106184,2023-06-25,CB1176,PB1062,SB115,4,10.0,net banking,2023-06-27,2023-07-05
TB106185,2025-10-12,CB1313,PB1036,SB111,3,20.0,CARD,2025-10-14,2025-10-25
TB106186,2025-04-27,CB1099,PB1057,SB110,9,,Cash,2025-04-27,2025-05-14
TB106187,2026-01-13,CB1318,PB1114,SB113,4,5.0,UPI,2026-01-15,2026-02-12
TB106188,2024-07-31,CB1003,PB1024,SB112,6,10.0,Net Banking,2024-07-31,2024-08-08
TB106189,2025-10-13,CB1246,PB1104,SB117,2,5.0,Card,2025-10-15,2025-10-16
TB106190,2024-11-12,CB1204,PB1098,SB104,2,20.0,UPI,2024-11-14,2024-12-01
TB106191,2024-04-24,CB1083,PB1076,SB110,4,15.0,UPI,2024-04-25,2024-05-18
TB106192,2024-04-01,CB1156,PB1028,SB116,1,,Cash,2024-04-03,2024-04-29
TB106193,2023-07-04,CB1282,PB1002,SB117,10,15.0,Net Banking,2023-07-06,2023-07-11
TB106194,2024-10-14,CB1269,PB1053,SB104,1,0.0,net banking,2024-10-15,2024-11-11
TB106195,2023-01-07,CB1106,PB1080,SB107,9,,upi,2023-01-08,2023-02-04
TB106196,2024-04-26,CB1086,PB1087,SB116,1,10.0,cash,2024-04-26,2024-05-15
TB106197,2024-08-18,CB1207,PB1048,SB115,2,0.0,cash,2024-08-18,2024-08-29
TB106198,2025-01-17,CB1194,PB1028,SB105,9,10.0,upi,2025-01-18,2025-02-02
TB106199,2023-01-23,CB1343,PB1096,SB101,8,,cash,2023-01-25,2023-02-23
TB106200,2025-03-18,CB1246,PB1027,SB117,6,10.0,Cash,2025-03-18,2025-04-14
TB106201,2023-08-26,CB1015,PB1096,SB114,1,15.0,Net Banking,2023-08-26,2023-09-13
TB106202,2023-08-27,CB1338,PB1044,SB107,2,,upi,2023-08-28,2023-09-25
TB106203,2025-06-21,CB1151,PB1038,SB112,3,0.0,Net Banking,2025-06-22,2025-07-04
TB106204,2025-08-06,CB1044,PB1038,SB107,9,0.0,CARD,2025-08-08,2025-08-26
TB106205,2025-03-03,CB1171,PB1109,SB112,8,10.0,Cash,2025-03-05,2025-03-19
TB106206,2025-03-16,CB1138,PB1100,SB106,4,20.0,Net Banking,2025-03-16,2025-03-28
TB106207,2023-02-13,CB1280,PB1021,SB110,9,5.0,Net Banking,2023-02-14,2023-02-20
TB106208,2025-03-30,CB1060,PB1066,SB115,9,0.0,cash,2025-03-31,2025-04-23
TB106209,2025-11-25,CB1149,PB1082,SB101,2,10.0,CARD,2025-11-27,2025-11-28
TB106210,2025-05-08,CB1228,PB1034,SB111,9,10.0,upi,2025-05-08,2025-06-07
TB106211,2023-10-10,CB1124,PB1111,SB115,10,0.0,UPI,2023-10-12,2023-10-24
TB106212,2023-12-04,CB1107,PB1113,SB101,10,,Cash,2023-12-04,2023-12-24
TB106213,2024-08-25,CB1044,PB1102,SB107,3,0.0,Cash,2024-08-25,2024-09-24
TB106214,2024-10-24,CB1313,PB1077,SB101,10,15.0,UPI,2024-10-25,2024-11-20
TB106215,2025-08-31,CB1286,PB1063,SB105,7,15.0,CARD,2025-08-31,2025-09-10
TB106216,2023-04-28,CB1179,PB1058,SB117,7,5.0,CARD,2023-04-29,2023-05-19
TB106217,2025-06-24,CB1056,PB1101,SB102,6,,Cash,2025-06-26,2025-06-28
TB106218,2023-07-22,CB1248,PB1049,SB116,8,15.0,cash,2023-07-22,2023-08-03
TB106219,2024-02-18,CB1139,PB1112,SB113,3,,net banking,2024-02-20,2024-02-24
TB106220,2024-03-22,CB1242,PB1041,SB111,7,20.0,net banking,2024-03-23,2024-03-25
TB106221,2023-08-31,CB1172,PB1034,SB101,5,20.0,Card,2023-08-31,2023-08-31
TB106222,2026-01-07,CB1153,PB1027,SB118,5,,Card,2026-01-09,2026-01-28
TB106223,2025-02-11,CB1143,PB1016,SB108,10,15.0,Net Banking,2025-02-13,2025-02-27
TB106224,2025-03-03,CB1219,PB1108,SB117,9,20.0,Net Banking,2025-03-04,2025-03-12
TB106225,2023-01-17,CB1218,PB1030,SB103,9,15.0,Cash,2023-01-19,2023-02-12
TB106226,2023-09-08,CB1300,PB1005,SB110,6,5.0,UPI,2023-09-10,2023-10-02
TB106227,2024-07-30,CB1096,PB1059,SB102,5,15.0,net banking,2024-07-31,2024-08-08
TB106228,2023-10-10,CB1078,PB1062,SB118,6,10.0,Net Banking,2023-10-11,2023-10-20
TB106229,2023-05-11,CB1236,PB1106,SB106,5,10.0,net banking,2023-05-11,2023-05-30
TB106230,2024-07-21,CB1315,PB1032,SB104,2,10.0,Cash,2024-07-21,2024-08-04
TB106231,2025-02-20,CB1087,PB1072,SB101,9,15.0,CARD,2025-02-20,2025-02-27
TB106232,2024-10-05,CB1059,PB1087,SB101,10,20.0,cash,2024-10-06,2024-10-22
TB106233,2025-12-31,CB1241,PB1046,SB101,1,15.0,upi,2026-01-01,2026-01-16
TB106234,2024-01-27,CB1111,PB1108,SB106,10,,cash,2024-01-29,2024-02-18
TB106235,2025-03-17,CB1156,PB1099,SB113,8,20.0,CARD,2025-03-18,2025-04-13
TB106236,2023-07-08,CB1266,PB1052,SB106,2,15.0,Net Banking,2023-07-09,2023-08-02
TB106237,2025-04-12,CB1211,PB1009,SB113,9,,CARD,2025-04-14,2025-04-28
TB106238,2024-04-08,CB1062,PB1031,SB101,9,5.0,CARD,2024-04-10,2024-04-22
TB106239,2023-10-19,CB1156,PB1088,SB117,3,15.0,Net Banking,2023-10-21,2023-11-15
TB106240,2024-09-12,CB1204,PB1047,SB109,7,10.0,net banking,2024-09-12,2024-10-01
TB106241,2025-07-15,CB1202,PB1039,SB109,4,10.0,CARD,2025-07-15,2025-08-08
TB106242,2024-06-09,CB1053,PB1017,SB104,5,10.0,net banking,2024-06-11,2024-07-01
TB106243,2025-02-17,CB1040,PB1090,SB106,1,20.0,CARD,2025-02-17,2025-02-18
TB106244,2024-06-05,CB1013,PB1102,SB106,1,20.0,UPI,2024-06-07,2024-06-12
TB106245,2024-12-28,CB1014,PB1037,SB112,6,15.0,Net Banking,2024-12-28,2025-01-24
TB106246,2025-12-10,CB1021,PB1005,SB103,10,15.0,Card,2025-12-11,2025-12-30
TB106247,2024-03-23,CB1154,PB1002,SB109,3,10.0,upi,2024-03-23,2024-03-25
TB106248,2024-10-03,CB1137,PB1089,SB105,9,10.0,net banking,2024-10-05,2024-10-19
TB106249,2025-05-16,CB1246,PB1058,SB107,3,0.0,CARD,2025-05-18,2025-05-31
TB106250,2024-04-08,CB1316,PB1040,SB105,7,10.0,UPI,2024-04-08,2024-05-04
TB106251,2023-07-11,CB1230,PB1051,SB113,6,10.0,upi,2023-07-13,2023-07-21
TB106252,2025-04-28,CB1187,PB1007,SB114,10,5.0,Cash,2025-04-30,2025-05-21
TB106253,2023-05-14,CB1158,PB1009,SB116,9,0.0,CARD,2023-05-14,2023-05-20
TB106254,2024-01-05,CB1109,PB1033,SB114,3,10.0,cash,2024-01-07,2024-01-20
TB106255,2025-01-11,CB1066,PB1105,SB102,2,,CARD,2025-01-12,2025-01-25
TB106256,2026-01-14,CB1346,PB1023,SB114,8,15.0,Cash,2026-01-15,2026-02-07
TB106257,2024-09-11,CB1263,PB1080,SB106,10,0.0,upi,2024-09-13,2024-09-14
TB106258,2024-09-06,CB1174,PB1113,SB109,4,10.0,Card,2024-09-08,2024-09-14
TB106259,2024-12-03,CB1273,PB1086,SB114,3,15.0,UPI,2024-12-05,2024-12-27
TB106260,2025-10-13,CB1260,PB1037,SB115,4,0.0,cash,2025-10-15,2025-10-31
TB106261,2023-05-30,CB1238,PB1087,SB109,1,10.0,upi,2023-05-30,2023-06-22
TB106262,2025-10-27,CB1275,PB1114,SB105,6,0.0,Cash,2025-10-29,2025-11-08
TB106263,2023-04-17,CB1214,PB1092,SB112,5,10.0,upi,2023-04-18,2023-05-09
TB106264,2023-09-26,CB1339,PB1081,SB114,1,20.0,upi,2023-09-26,2023-10-08
TB106265,2023-07-16,CB1304,PB1059,SB107,6,,net banking,2023-07-18,2023-08-17
TB106266,2023-11-15,CB1061,PB1041,SB118,4,0.0,Cash,2023-11-16,2023-11-23
TB106267,2025-02-14,CB1139,PB1115,SB105,5,20.0,UPI,2025-02-15,2025-02-22
TB106268,2024-10-18,CB1300,PB1022,SB107,1,0.0,upi,2024-10-19,2024-11-09
TB106269,2026-03-23,CB1287,PB1064,SB108,8,0.0,UPI,2026-03-24,2026-04-22
TB106270,2024-12-01,CB1020,PB1031,SB109,1,20.0,CARD,2024-12-03,2024-12-09
TB106271,2024-01-17,CB1073,PB1004,SB111,7,5.0,cash,2024-01-19,2024-02-07
TB106272,2025-01-23,CB1076,PB1114,SB117,7,,Cash,2025-01-25,2025-02-05
TB106273,2025-10-16,CB1280,PB1089,SB108,8,10.0,CARD,2025-10-17,2025-10-29
TB106274,2024-05-12,CB1037,PB1004,SB112,4,10.0,upi,2024-05-14,2024-06-01
TB106275,2026-01-09,CB1281,PB1057,SB117,8,10.0,Card,2026-01-11,2026-01-27
TB106276,2025-12-20,CB1247,PB1024,SB117,6,20.0,CARD,2025-12-20,2026-01-10
TB106277,2025-07-01,CB1288,PB1078,SB118,2,0.0,Net Banking,2025-07-03,2025-07-09
TB106278,2025-01-10,CB1150,PB1052,SB101,9,20.0,net banking,2025-01-12,2025-02-01
TB106279,2024-08-21,CB1343,PB1041,SB113,3,15.0,net banking,2024-08-22,2024-09-18
TB106280,2023-01-08,CB1051,PB1069,SB117,8,5.0,net banking,2023-01-08,2023-02-06
TB106281,2024-12-31,CB1297,PB1071,SB102,1,10.0,Card,2025-01-02,2025-01-16
TB106282,2023-03-12,CB1024,PB1033,SB113,3,,UPI,2023-03-13,2023-03-23
TB106283,2025-08-05,CB1324,PB1052,SB109,1,20.0,Cash,2025-08-06,2025-08-12
TB106284,2025-09-10,CB1022,PB1020,SB110,3,20.0,Cash,2025-09-11,2025-09-17
TB106285,2024-07-04,CB1326,PB1013,SB116,4,15.0,upi,2024-07-04,2024-07-25
TB106286,2026-01-13,CB1062,PB1009,SB106,1,,UPI,2026-01-15,2026-02-03
TB106287,2024-02-06,CB1349,PB1084,SB103,10,5.0,Net Banking,2024-02-07,2024-02-22
TB106288,2024-06-01,CB1327,PB1100,SB113,2,15.0,Net Banking,2024-06-01,2024-06-29
TB106289,2025-05-10,CB1251,PB1089,SB108,1,0.0,cash,2025-05-11,2025-05-26
TB106290,2024-01-10,CB1070,PB1090,SB101,6,15.0,CARD,2024-01-11,2024-01-21
TB106291,2023-08-06,CB1334,PB1001,SB103,1,5.0,Net Banking,2023-08-08,2023-09-05
TB106292,2023-06-13,CB1092,PB1012,SB111,4,20.0,Card,2023-06-15,2023-07-12
TB106293,2026-03-10,CB1036,PB1104,SB113,5,15.0,Net Banking,2026-03-10,2026-03-11
TB106294,2024-07-02,CB1194,PB1004,SB110,9,0.0,Card,2024-07-02,2024-08-01
TB106295,2026-02-13,CB1252,PB1018,SB107,7,0.0,Card,2026-02-15,2026-02-22
TB106296,2024-09-07,CB1144,PB1061,SB104,5,,UPI,2024-09-08,2024-10-04
TB106297,2025-02-18,CB1221,PB1059,SB108,1,15.0,net banking,2025-02-18,2025-03-15
TB106298,2025-07-17,CB1038,PB1033,SB104,3,20.0,upi,2025-07-19,2025-08-05
TB106299,2023-03-22,CB1014,PB1065,SB109,10,5.0,net banking,2023-03-22,2023-04-05
TB106300,2025-12-27,CB1336,PB1013,SB115,2,,UPI,2025-12-29,2025-12-30
TB106301,2024-12-07,CB1170,PB1070,SB112,7,15.0,net banking,2024-12-08,2024-12-16
TB106302,2025-01-16,CB1116,PB1052,SB115,4,0.0,cash,2025-01-17,2025-02-04
TB106303,2024-07-26,CB1011,PB1105,SB107,2,20.0,net banking,2024-07-27,2024-08-25
TB106304,2025-12-19,CB1162,PB1021,SB107,7,,UPI,2025-12-20,2026-01-06
TB106305,2026-01-06,CB1100,PB1034,SB107,4,10.0,UPI,2026-01-06,2026-01-15
TB106306,2024-06-24,CB1014,PB1101,SB115,3,20.0,UPI,2024-06-26,2024-07-22
TB106307,2023-01-05,CB1179,PB1044,SB109,8,15.0,net banking,2023-01-05,2023-01-09
TB106308,2024-12-12,CB1223,PB1104,SB110,10,,upi,2024-12-12,2025-01-06
TB106309,2025-05-19,CB1042,PB1014,SB116,6,5.0,Card,2025-05-19,2025-06-04
TB106310,2024-02-19,CB1084,PB1012,SB116,9,10.0,Card,2024-02-19,2024-02-25
TB106311,2025-03-06,CB1279,PB1099,SB102,1,5.0,Cash,2025-03-06,2025-03-27
TB106312,2026-02-07,CB1264,PB1092,SB114,9,0.0,upi,2026-02-09,2026-03-01
TB106313,2023-08-08,CB1011,PB1039,SB110,9,10.0,CARD,2023-08-08,2023-09-01
TB106314,2023-05-04,CB1248,PB1017,SB103,8,,upi,2023-05-05,2023-05-15
TB106315,2023-10-01,CB1265,PB1014,SB101,7,,upi,2023-10-02,2023-10-05
TB106316,2025-07-18,CB1189,PB1017,SB103,4,15.0,cash,2025-07-19,2025-08-16
TB106317,2023-11-08,CB1059,PB1010,SB101,8,5.0,net banking,2023-11-09,2023-11-24
TB106318,2023-01-14,CB1331,PB1056,SB109,9,15.0,Net Banking,2023-01-15,2023-02-01
TB106319,2024-09-21,CB1180,PB1112,SB110,4,15.0,Net Banking,2024-09-21,2024-09-30
TB106320,2026-01-29,CB1150,PB1024,SB111,8,5.0,Card,2026-01-31,2026-02-10
TB106321,2024-10-12,CB1299,PB1107,SB116,9,15.0,net banking,2024-10-13,2024-10-27
TB106322,2024-03-28,CB1046,PB1050,SB113,6,20.0,UPI,2024-03-30,2024-04-25
TB106323,2024-04-04,CB1337,PB1062,SB101,4,,upi,2024-04-06,2024-04-11
TB106324,2024-06-26,CB1181,PB1092,SB102,10,0.0,net banking,2024-06-28,2024-07-21
TB106325,2023-06-07,CB1313,PB1049,SB108,10,0.0,Card,2023-06-08,2023-06-28
TB106326,2024-04-02,CB1252,PB1020,SB111,8,10.0,Net Banking,2024-04-02,2024-04-22
TB106327,2023-06-04,CB1177,PB1088,SB108,10,10.0,CARD,2023-06-06,2023-06-08
TB106328,2025-10-31,CB1350,PB1105,SB101,3,15.0,Net Banking,2025-11-01,2025-11-03
TB106329,2024-01-15,CB1165,PB1093,SB114,2,20.0,Net Banking,2024-01-17,2024-02-09
TB106330,2023-04-20,CB1295,PB1069,SB102,1,5.0,cash,2023-04-22,2023-05-18
TB106331,2023-06-21,CB1103,PB1036,SB107,5,5.0,Net Banking,2023-06-23,2023-07-09
TB106332,2024-05-26,CB1268,PB1064,SB115,1,20.0,CARD,2024-05-27,2024-06-09
TB106333,2024-08-05,CB1049,PB1091,SB114,5,10.0,net banking,2024-08-06,2024-08-10
TB106334,2025-03-04,CB1149,PB1031,SB101,8,20.0,Net Banking,2025-03-04,2025-03-07
TB106335,2024-08-08,CB1328,PB1026,SB105,10,5.0,Net Banking,2024-08-09,2024-08-18
TB106336,2025-12-17,CB1248,PB1004,SB106,9,10.0,cash,2025-12-17,2026-01-09
TB106337,2023-08-02,CB1302,PB1006,SB118,9,5.0,Cash,2023-08-03,2023-08-24
TB106338,2024-12-14,CB1072,PB1057,SB116,7,5.0,CARD,2024-12-15,2024-12-31
TB106339,2024-04-02,CB1267,PB1013,SB105,6,5.0,net banking,2024-04-02,2024-04-29
TB106340,2025-03-16,CB1132,PB1103,SB104,1,10.0,net banking,2025-03-17,2025-03-24
TB106341,2024-05-31,CB1175,PB1092,SB106,7,15.0,Card,2024-06-01,2024-06-30
TB106342,2024-09-13,CB1265,PB1103,SB111,7,20.0,upi,2024-09-14,2024-10-11
TB106343,2025-04-24,CB1190,PB1010,SB115,8,0.0,upi,2025-04-26,2025-05-01
TB106344,2024-05-21,CB1323,PB1071,SB110,3,,cash,2024-05-22,2024-06-13
TB106345,2024-06-17,CB1004,PB1081,SB101,6,0.0,cash,2024-06-19,2024-07-03
TB106346,2025-06-19,CB1023,PB1063,SB114,9,10.0,Net Banking,2025-06-20,2025-07-11
TB106347,2024-10-01,CB1059,PB1029,SB118,5,20.0,CARD,2024-10-03,2024-10-17
TB106348,2023-09-01,CB1254,PB1069,SB108,1,15.0,CARD,2023-09-01,2023-09-15
TB106349,2024-12-18,CB1327,PB1118,SB105,3,20.0,Cash,2024-12-20,2024-12-29
TB106350,2025-01-12,CB1061,PB1050,SB101,9,20.0,CARD,2025-01-12,2025-01-21
TB106351,2025-01-16,CB1218,PB1090,SB112,8,0.0,Cash,2025-01-16,2025-01-25
TB106352,2025-04-14,CB1053,PB1083,SB104,2,10.0,UPI,2025-04-14,2025-05-09
TB106353,2023-07-24,CB1291,PB1083,SB103,4,15.0,Card,2023-07-25,2023-08-15
TB106354,2026-03-27,CB1161,PB1067,SB109,4,,Cash,2026-03-29,2026-04-24
TB106355,2026-02-20,CB1069,PB1059,SB116,2,,upi,2026-02-22,2026-02-22
TB106356,2023-10-05,CB1165,PB1050,SB117,2,,cash,2023-10-06,2023-10-21
TB106357,2024-02-03,CB1349,PB1058,SB110,2,20.0,Cash,2024-02-05,2024-02-05
TB106358,2025-09-25,CB1270,PB1001,SB107,1,10.0,UPI,2025-09-27,2025-10-26
TB106359,2026-01-06,CB1290,PB1082,SB102,3,5.0,Net Banking,2026-01-08,2026-01-31
TB106360,2024-06-19,CB1167,PB1072,SB110,7,20.0,UPI,2024-06-19,2024-07-08
TB106361,2023-11-13,CB1216,PB1033,SB111,8,5.0,Card,2023-11-15,2023-12-03
TB106362,2025-05-01,CB1067,PB1068,SB101,8,20.0,Card,2025-05-03,2025-05-13
TB106363,2024-05-02,CB1215,PB1023,SB114,6,15.0,UPI,2024-05-04,2024-06-01
TB106364,2023-01-28,CB1279,PB1004,SB104,10,10.0,UPI,2023-01-30,2023-01-30
TB106365,2023-01-15,CB1171,PB1119,SB107,1,0.0,net banking,2023-01-17,2023-01-24
TB106366,2026-01-06,CB1246,PB1081,SB106,9,15.0,Card,2026-01-06,2026-01-23
TB106367,2023-04-15,CB1032,PB1110,SB118,2,15.0,upi,2023-04-15,2023-04-15
TB106368,2025-05-18,CB1105,PB1112,SB115,3,5.0,Net Banking,2025-05-20,2025-06-12
TB106369,2025-03-12,CB1036,PB1045,SB103,5,10.0,UPI,2025-03-12,2025-03-15
TB106370,2025-07-01,CB1233,PB1094,SB105,3,,Card,2025-07-01,2025-07-27
TB106371,2024-09-23,CB1111,PB1043,SB118,7,20.0,CARD,2024-09-23,2024-10-14
TB106372,2024-09-19,CB1103,PB1072,SB118,7,,net banking,2024-09-21,2024-09-26
TB106373,2024-07-05,CB1046,PB1007,SB105,10,10.0,CARD,2024-07-07,2024-07-17
TB106374,2024-05-06,CB1179,PB1059,SB105,9,20.0,CARD,2024-05-07,2024-05-18
TB106375,2024-06-21,CB1312,PB1013,SB114,9,5.0,upi,2024-06-22,2024-07-12
TB106376,2023-02-24,CB1188,PB1027,SB101,8,20.0,Card,2023-02-25,2023-03-07
TB106377,2025-04-18,CB1308,PB1086,SB102,10,,Cash,2025-04-18,2025-04-26
TB106378,2023-05-13,CB1322,PB1085,SB106,6,20.0,UPI,2023-05-14,2023-05-28
TB106379,2024-01-19,CB1350,PB1094,SB104,10,20.0,Cash,2024-01-20,2024-02-08
TB106380,2024-11-03,CB1037,PB1072,SB104,2,20.0,net banking,2024-11-04,2024-12-03
TB106381,2023-11-28,CB1155,PB1069,SB116,9,10.0,Cash,2023-11-30,2023-12-08
TB106382,2024-06-11,CB1090,PB1054,SB106,10,0.0,Net Banking,2024-06-11,2024-07-07
TB106383,2024-12-10,CB1337,PB1024,SB101,8,0.0,UPI,2024-12-12,2024-12-29
TB106384,2026-02-15,CB1234,PB1103,SB101,6,0.0,upi,2026-02-17,2026-03-10
TB106385,2026-03-13,CB1229,PB1042,SB105,6,5.0,Card,2026-03-14,2026-03-23
TB106386,2024-11-07,CB1326,PB1054,SB117,6,,UPI,2024-11-08,2024-12-04
TB106387,2026-01-25,CB1001,PB1014,SB111,1,20.0,upi,2026-01-26,2026-02-08
TB106388,2023-09-19,CB1096,PB1038,SB110,5,5.0,net banking,2023-09-19,2023-10-01
TB106389,2023-03-18,CB1293,PB1089,SB102,2,10.0,Net Banking,2023-03-18,2023-03-22
TB106390,2025-07-07,CB1218,PB1007,SB112,5,,net banking,2025-07-07,2025-07-16
TB106391,2025-09-19,CB1246,PB1063,SB110,9,10.0,net banking,2025-09-19,2025-10-15
TB106392,2025-03-02,CB1109,PB1043,SB115,9,0.0,Card,2025-03-02,2025-04-01
TB106393,2026-01-03,CB1346,PB1008,SB102,2,20.0,Net Banking,2026-01-05,2026-01-05
TB106394,2024-05-26,CB1322,PB1099,SB103,5,15.0,UPI,2024-05-27,2024-06-16
TB106395,2024-06-24,CB1081,PB1025,SB101,3,,cash,2024-06-24,2024-06-25
TB106396,2026-02-28,CB1128,PB1028,SB114,8,10.0,Card,2026-03-01,2026-03-29
TB106397,2025-10-23,CB1185,PB1094,SB112,8,10.0,cash,2025-10-24,2025-11-05
TB106398,2023-10-12,CB1166,PB1050,SB118,9,15.0,cash,2023-10-13,2023-10-29
TB106399,2023-02-20,CB1137,PB1065,SB116,7,15.0,Card,2023-02-22,2023-03-24
TB106400,2025-03-31,CB1058,PB1029,SB102,8,20.0,UPI,2025-04-01,2025-04-28
TB106401,2023-04-21,CB1208,PB1083,SB109,5,10.0,cash,2023-04-21,2023-05-01
TB106402,2024-05-25,CB1261,PB1045,SB105,10,15.0,Cash,2024-05-25,2024-06-03
TB106403,2025-11-07,CB1147,PB1105,SB104,1,15.0,Cash,2025-11-08,2025-11-17
TB106404,2025-01-31,CB1109,PB1098,SB107,7,,net banking,2025-01-31,2025-02-10
TB106405,2023-03-24,CB1034,PB1067,SB104,2,10.0,Net Banking,2023-03-25,2023-04-13
TB106406,2023-09-05,CB1187,PB1084,SB112,8,,cash,2023-09-05,2023-09-22
TB106407,2026-02-28,CB1269,PB1014,SB107,10,5.0,CARD,2026-03-01,2026-03-06
TB106408,2023-11-07,CB1236,PB1109,SB115,10,20.0,upi,2023-11-08,2023-11-10
TB106409,2023-06-15,CB1227,PB1090,SB115,7,0.0,Cash,2023-06-17,2023-06-17
TB106410,2024-02-01,CB1320,PB1001,SB117,9,10.0,cash,2024-02-02,2024-02-03
TB106411,2023-11-14,CB1213,PB1074,SB109,4,10.0,net banking,2023-11-15,2023-11-18
TB106412,2024-06-01,CB1246,PB1050,SB117,5,,CARD,2024-06-03,2024-06-09
TB106413,2025-11-01,CB1270,PB1086,SB116,2,15.0,net banking,2025-11-02,2025-11-04
TB106414,2025-02-23,CB1269,PB1087,SB102,6,,Cash,2025-02-24,2025-03-26
TB106415,2024-01-23,CB1325,PB1041,SB106,7,20.0,upi,2024-01-23,2024-02-17
TB106416,2025-07-04,CB1165,PB1025,SB103,1,0.0,Card,2025-07-06,2025-07-29
TB106417,2025-05-09,CB1154,PB1008,SB105,8,10.0,Cash,2025-05-09,2025-05-20
TB106418,2024-11-19,CB1217,PB1074,SB111,8,20.0,cash,2024-11-21,2024-12-02
TB106419,2026-03-03,CB1265,PB1012,SB108,7,5.0,UPI,2026-03-03,2026-03-23
TB106420,2025-10-12,CB1056,PB1101,SB117,4,15.0,CARD,2025-10-14,2025-10-21
TB106421,2024-12-14,CB1088,PB1095,SB108,2,10.0,Cash,2024-12-16,2025-01-14
TB106422,2024-11-02,CB1091,PB1104,SB112,4,5.0,UPI,2024-11-04,2024-11-26
TB106423,2024-01-06,CB1040,PB1118,SB104,8,10.0,Net Banking,2024-01-07,2024-01-18
TB106424,2024-01-02,CB1171,PB1014,SB110,4,10.0,Card,2024-01-04,2024-01-18
TB106425,2025-11-19,CB1029,PB1020,SB107,8,5.0,upi,2025-11-20,2025-11-26
TB106426,2025-08-09,CB1269,PB1096,SB103,3,0.0,UPI,2025-08-10,2025-08-30
TB106427,2025-02-17,CB1199,PB1030,SB110,8,,Cash,2025-02-17,2025-03-13
TB106428,2024-03-01,CB1002,PB1024,SB113,7,,CARD,2024-03-01,2024-03-09
TB106429,2024-05-18,CB1038,PB1091,SB113,5,15.0,Card,2024-05-20,2024-05-31
TB106430,2026-01-25,CB1088,PB1043,SB105,1,15.0,upi,2026-01-27,2026-02-26
TB106431,2025-01-07,CB1348,PB1082,SB108,5,0.0,cash,2025-01-09,2025-02-01
TB106432,2023-07-15,CB1343,PB1049,SB117,4,,cash,2023-07-16,2023-07-20
TB106433,2023-03-31,CB1275,PB1047,SB106,5,,Net Banking,2023-04-01,2023-04-24
TB106434,2023-04-16,CB1171,PB1037,SB116,4,5.0,Card,2023-04-18,2023-05-16
TB106435,2023-12-12,CB1122,PB1006,SB113,6,10.0,upi,2023-12-13,2023-12-14
TB106436,2023-08-26,CB1137,PB1047,SB117,1,0.0,Card,2023-08-26,2023-09-14
TB106437,2025-08-27,CB1101,PB1035,SB102,3,,net banking,2025-08-28,2025-09-24
TB106438,2023-03-15,CB1113,PB1043,SB112,4,20.0,cash,2023-03-16,2023-03-29
TB106439,2025-04-02,CB1285,PB1009,SB117,10,10.0,Card,2025-04-02,2025-04-18
TB106440,2026-02-13,CB1289,PB1100,SB115,10,5.0,Cash,2026-02-14,2026-03-14
TB106441,2025-12-21,CB1023,PB1112,SB112,1,20.0,cash,2025-12-22,2026-01-09
TB106442,2025-09-27,CB1269,PB1001,SB115,4,5.0,Card,2025-09-29,2025-10-29
TB106443,2025-04-11,CB1345,PB1037,SB101,10,0.0,Cash,2025-04-13,2025-04-25
TB106444,2024-05-30,CB1053,PB1059,SB111,1,10.0,UPI,2024-05-31,2024-06-28
TB106445,2024-11-13,CB1166,PB1067,SB102,6,15.0,Net Banking,2024-11-14,2024-12-05
TB106446,2024-10-23,CB1255,PB1111,SB105,10,15.0,Card,2024-10-25,2024-11-23
TB106447,2024-02-18,CB1130,PB1031,SB101,1,5.0,UPI,2024-02-18,2024-02-27
TB106448,2025-03-28,CB1054,PB1112,SB102,10,0.0,Net Banking,2025-03-28,2025-04-19
TB106449,2026-02-28,CB1196,PB1098,SB108,4,0.0,cash,2026-03-01,2026-03-27
TB106450,2023-06-10,CB1076,PB1107,SB102,5,0.0,Card,2023-06-12,2023-07-07
TB106451,2026-01-26,CB1111,PB1021,SB118,3,5.0,Net Banking,2026-01-27,2026-01-30
TB106452,2023-09-05,CB1326,PB1037,SB111,3,,Cash,2023-09-06,2023-09-06
TB106453,2023-10-07,CB1080,PB1022,SB110,10,,CARD,2023-10-07,2023-10-15
TB106454,2023-02-15,CB1029,PB1002,SB101,3,,upi,2023-02-15,2023-02-22
TB106455,2024-01-26,CB1088,PB1070,SB106,10,20.0,Cash,2024-01-26,2024-02-09
TB106456,2024-04-27,CB1251,PB1073,SB104,10,,CARD,2024-04-28,2024-04-29
TB106457,2024-11-18,CB1166,PB1049,SB104,10,5.0,net banking,2024-11-18,2024-12-12
TB106458,2025-04-21,CB1141,PB1053,SB116,9,10.0,Net Banking,2025-04-21,2025-05-09
TB106459,2024-08-08,CB1233,PB1059,SB112,10,20.0,CARD,2024-08-08,2024-09-05
TB106460,2025-02-08,CB1283,PB1025,SB101,1,10.0,net banking,2025-02-08,2025-03-08
TB106461,2023-03-23,CB1122,PB1049,SB102,4,15.0,Card,2023-03-25,2023-03-26
TB106462,2025-09-20,CB1217,PB1061,SB106,6,0.0,Net Banking,2025-09-20,2025-10-19
TB106463,2023-05-22,CB1096,PB1076,SB105,7,5.0,Cash,2023-05-23,2023-06-15
TB106464,2024-10-19,CB1241,PB1091,SB115,10,20.0,net banking,2024-10-21,2024-11-11
TB106465,2024-02-05,CB1154,PB1025,SB117,3,,Card,2024-02-07,2024-03-01
TB106466,2023-05-12,CB1082,PB1022,SB106,10,5.0,Card,2023-05-13,2023-05-26
TB106467,2025-12-21,CB1101,PB1065,SB111,2,20.0,Card,2025-12-21,2025-12-27
TB106468,2023-12-01,CB1198,PB1019,SB116,1,20.0,UPI,2023-12-01,2023-12-11
TB106469,2024-08-19,CB1143,PB1039,SB103,2,,Card,2024-08-19,2024-09-16
TB106470,2024-09-29,CB1303,PB1020,SB109,3,5.0,cash,2024-09-30,2024-10-29
TB106471,2025-03-05,CB1341,PB1106,SB108,9,0.0,CARD,2025-03-06,2025-03-27
TB106472,2024-12-14,CB1315,PB1089,SB107,3,15.0,CARD,2024-12-14,2024-12-22
TB106473,2025-07-29,CB1176,PB1071,SB108,4,10.0,CARD,2025-07-30,2025-08-02
TB106474,2025-12-05,CB1187,PB1101,SB103,10,,UPI,2025-12-06,2025-12-22
TB106475,2024-11-28,CB1328,PB1096,SB109,10,0.0,cash,2024-11-28,2024-12-22
TB106476,2026-02-23,CB1031,PB1066,SB106,6,20.0,cash,2026-02-24,2026-03-07
TB106477,2025-09-03,CB1008,PB1001,SB116,4,5.0,UPI,2025-09-03,2025-09-10
TB106478,2026-02-19,CB1224,PB1078,SB110,9,0.0,Cash,2026-02-20,2026-03-19
TB106479,2025-03-17,CB1323,PB1097,SB112,8,10.0,Card,2025-03-19,2025-04-02
TB106480,2023-07-20,CB1331,PB1049,SB112,6,5.0,UPI,2023-07-21,2023-08-07
TB106481,2026-02-12,CB1070,PB1086,SB105,10,15.0,net banking,2026-02-14,2026-03-10
TB106482,2023-01-02,CB1347,PB1088,SB112,3,10.0,Cash,2023-01-04,2023-01-09
TB106483,2023-07-31,CB1189,PB1046,SB114,1,,Card,2023-07-31,2023-08-23
TB106484,2024-09-13,CB1229,PB1054,SB117,7,15.0,UPI,2024-09-13,2024-09-17
TB106485,2026-03-12,CB1292,PB1052,SB110,6,0.0,net banking,2026-03-13,2026-04-12
TB106486,2023-03-14,CB1088,PB1108,SB110,5,15.0,cash,2023-03-14,2023-03-20
TB106487,2024-02-11,CB1164,PB1035,SB108,7,0.0,Card,2024-02-13,2024-02-17
TB106488,2025-04-15,CB1153,PB1112,SB102,4,10.0,CARD,2025-04-17,2025-04-19
TB106489,2025-09-06,CB1098,PB1102,SB104,5,5.0,UPI,2025-09-06,2025-09-17
TB106490,2023-05-14,CB1127,PB1084,SB101,9,15.0,cash,2023-05-15,2023-06-05
TB106491,2024-05-08,CB1084,PB1047,SB106,3,0.0,Net Banking,2024-05-10,2024-06-09
TB106492,2024-07-18,CB1282,PB1060,SB102,8,10.0,Net Banking,2024-07-20,2024-08-03
TB106493,2025-06-16,CB1149,PB1037,SB106,7,,Net Banking,2025-06-18,2025-07-08
TB106494,2024-04-21,CB1236,PB1068,SB103,1,,UPI,2024-04-21,2024-05-05
TB106495,2023-05-22,CB1151,PB1108,SB110,3,0.0,UPI,2023-05-24,2023-05-25
TB106496,2025-01-31,CB1066,PB1014,SB104,5,,net banking,2025-02-01,2025-02-20
TB106497,2024-09-21,CB1014,PB1036,SB109,1,,upi,2024-09-23,2024-10-11
TB106498,2023-04-22,CB1225,PB1022,SB107,1,,upi,2023-04-24,2023-05-18
TB106499,2024-08-23,CB1292,PB1077,SB107,5,0.0,UPI,2024-08-25,2024-08-30
TB106500,2025-04-28,CB1067,PB1010,SB102,2,10.0,net banking,2025-04-29,2025-04-30
TB106501,2023-03-24,CB1039,PB1004,SB112,4,10.0,cash,2023-03-26,2023-04-22
TB106502,2023-01-20,CB1263,PB1059,SB118,9,10.0,cash,2023-01-20,2023-01-22
TB106503,2023-03-21,CB1228,PB1104,SB112,7,0.0,upi,2023-03-22,2023-04-04
TB106504,2024-07-01,CB1177,PB1120,SB103,4,20.0,cash,2024-07-01,2024-07-09
TB106505,2025-04-05,CB1137,PB1093,SB105,2,10.0,net banking,2025-04-05,2025-04-23
TB106506,2025-08-29,CB1176,PB1100,SB108,2,5.0,Net Banking,2025-08-29,2025-09-19
TB106507,2023-08-24,CB1061,PB1011,SB114,2,10.0,Card,2023-08-24,2023-09-23
TB106508,2025-08-22,CB1316,PB1025,SB109,6,5.0,upi,2025-08-22,2025-08-30
TB106509,2023-03-15,CB1167,PB1002,SB109,7,,net banking,2023-03-16,2023-03-19
TB106510,2024-01-18,CB1019,PB1064,SB107,2,5.0,net banking,2024-01-19,2024-01-30
TB106511,2023-06-02,CB1075,PB1042,SB102,8,0.0,Cash,2023-06-02,2023-06-06
TB106512,2024-10-19,CB1011,PB1071,SB117,5,5.0,Net Banking,2024-10-21,2024-11-13
TB106513,2023-03-12,CB1066,PB1041,SB108,10,15.0,CARD,2023-03-14,2023-04-02
TB106514,2025-04-14,CB1299,PB1095,SB108,1,,upi,2025-04-14,2025-04-17
TB106515,2023-07-21,CB1014,PB1104,SB117,1,10.0,upi,2023-07-23,2023-08-18
TB106516,2023-12-04,CB1057,PB1102,SB105,8,20.0,Card,2023-12-06,2024-01-02
TB106517,2025-11-23,CB1172,PB1091,SB109,2,10.0,Card,2025-11-25,2025-12-09
TB106518,2024-12-29,CB1170,PB1106,SB102,5,5.0,Card,2024-12-30,2025-01-19
TB106519,2025-04-09,CB1246,PB1032,SB118,3,,Net Banking,2025-04-10,2025-04-18
TB106520,2025-03-17,CB1033,PB1113,SB103,9,10.0,UPI,2025-03-18,2025-04-15
TB106521,2024-11-15,CB1328,PB1094,SB105,10,5.0,net banking,2024-11-15,2024-12-15
TB106522,2023-10-31,CB1253,PB1061,SB116,7,0.0,CARD,2023-11-01,2023-11-07
TB106523,2025-02-28,CB1006,PB1064,SB101,2,20.0,Card,2025-03-01,2025-03-15
TB106524,2024-05-29,CB1325,PB1046,SB103,4,20.0,CARD,2024-05-29,2024-06-14
TB106525,2024-01-27,CB1233,PB1074,SB106,6,0.0,UPI,2024-01-29,2024-02-22
TB106526,2026-02-24,CB1198,PB1011,SB113,7,5.0,Card,2026-02-24,2026-03-17
TB106527,2023-02-03,CB1167,PB1094,SB104,10,5.0,Card,2023-02-03,2023-02-17
TB106528,2025-02-20,CB1350,PB1072,SB114,1,15.0,Net Banking,2025-02-22,2025-03-20
TB106529,2023-08-15,CB1139,PB1001,SB108,9,0.0,UPI,2023-08-15,2023-09-11
TB106530,2026-03-09,CB1201,PB1115,SB116,8,,CARD,2026-03-09,2026-03-30
TB106531,2025-04-23,CB1118,PB1114,SB107,7,20.0,CARD,2025-04-23,2025-05-17
TB106532,2024-12-10,CB1330,PB1064,SB114,7,15.0,UPI,2024-12-10,2024-12-22
TB106533,2024-11-28,CB1333,PB1005,SB111,1,20.0,UPI,2024-11-29,2024-11-29
TB106534,2023-04-20,CB1321,PB1080,SB106,7,0.0,cash,2023-04-22,2023-04-28
TB106535,2023-04-09,CB1019,PB1045,SB112,9,20.0,Net Banking,2023-04-11,2023-05-03
TB106536,2024-08-27,CB1294,PB1096,SB110,10,0.0,upi,2024-08-28,2024-09-22
TB106537,2023-09-17,CB1201,PB1007,SB112,2,15.0,UPI,2023-09-18,2023-09-24
TB106538,2024-01-04,CB1022,PB1057,SB113,10,20.0,upi,2024-01-06,2024-01-26
TB106539,2023-08-29,CB1313,PB1113,SB118,5,0.0,CARD,2023-08-31,2023-09-16
TB106540,2025-04-25,CB1008,PB1031,SB105,10,10.0,upi,2025-04-26,2025-05-12
TB106541,2025-07-10,CB1061,PB1099,SB116,2,20.0,Net Banking,2025-07-11,2025-07-19
TB106542,2025-06-17,CB1143,PB1025,SB116,1,0.0,cash,2025-06-18,2025-06-29
TB106543,2024-02-12,CB1229,PB1046,SB105,6,0.0,Card,2024-02-14,2024-03-12
TB106544,2024-10-21,CB1287,PB1051,SB102,4,20.0,CARD,2024-10-21,2024-11-12
TB106545,2023-05-01,CB1285,PB1055,SB115,5,15.0,cash,2023-05-01,2023-05-14
TB106546,2025-03-21,CB1167,PB1010,SB111,4,10.0,CARD,2025-03-22,2025-04-21
TB106547,2024-06-13,CB1104,PB1077,SB105,5,15.0,net banking,2024-06-15,2024-07-07
TB106548,2023-01-03,CB1235,PB1070,SB102,1,5.0,UPI,2023-01-05,2023-01-08
TB106549,2024-02-29,CB1060,PB1001,SB108,1,0.0,Card,2024-03-01,2024-03-18
TB106550,2023-01-12,CB1050,PB1105,SB113,5,5.0,UPI,2023-01-14,2023-01-18
TB106551,2023-02-20,CB1267,PB1069,SB112,8,10.0,upi,2023-02-22,2023-03-08
TB106552,2025-03-31,CB1256,PB1113,SB113,1,20.0,Cash,2025-04-01,2025-04-03
TB106553,2024-10-01,CB1144,PB1029,SB110,1,20.0,Net Banking,2024-10-02,2024-10-30
TB106554,2023-06-03,CB1065,PB1089,SB106,3,,net banking,2023-06-04,2023-07-04
TB106555,2025-06-28,CB1175,PB1035,SB102,1,0.0,Card,2025-06-28,2025-07-11
TB106556,2025-02-20,CB1333,PB1039,SB114,9,5.0,cash,2025-02-20,2025-03-15
TB106557,2024-11-09,CB1301,PB1041,SB113,9,0.0,Net Banking,2024-11-11,2024-11-15
TB106558,2024-05-27,CB1343,PB1075,SB115,4,5.0,Cash,2024-05-29,2024-06-16
TB106559,2024-12-22,CB1273,PB1006,SB106,2,20.0,CARD,2024-12-22,2025-01-19
TB106560,2026-01-13,CB1044,PB1101,SB110,7,15.0,Cash,2026-01-14,2026-01-31
TB106561,2024-06-06,CB1343,PB1087,SB115,4,,CARD,2024-06-06,2024-06-29
TB106562,2025-02-12,CB1032,PB1066,SB111,10,0.0,net banking,2025-02-14,2025-03-06
TB106563,2024-11-26,CB1309,PB1040,SB115,8,,Net Banking,2024-11-26,2024-12-20
TB106564,2024-03-18,CB1335,PB1033,SB106,4,,UPI,2024-03-18,2024-04-03
TB106565,2023-01-27,CB1329,PB1063,SB118,3,20.0,cash,2023-01-27,2023-02-05
TB106566,2023-11-18,CB1163,PB1009,SB106,2,15.0,upi,2023-11-18,2023-11-27
TB106567,2025-05-23,CB1268,PB1120,SB114,1,,UPI,2025-05-24,2025-06-05
TB106568,2023-07-01,CB1259,PB1114,SB115,6,15.0,Card,2023-07-01,2023-07-13
TB106569,2024-09-27,CB1185,PB1071,SB105,7,10.0,CARD,2024-09-27,2024-10-20
TB106570,2026-02-14,CB1322,PB1085,SB110,1,,Cash,2026-02-15,2026-02-23
TB106571,2024-11-20,CB1282,PB1052,SB107,10,5.0,CARD,2024-11-20,2024-12-12
TB106572,2024-06-03,CB1012,PB1067,SB104,10,15.0,Cash,2024-06-04,2024-07-04
TB106573,2024-08-25,CB1071,PB1078,SB113,1,15.0,cash,2024-08-27,2024-09-12
TB106574,2024-04-06,CB1040,PB1045,SB107,4,20.0,UPI,2024-04-06,2024-04-27
TB106575,2025-09-08,CB1317,PB1006,SB110,2,20.0,net banking,2025-09-08,2025-09-22
TB106576,2025-11-23,CB1184,PB1008,SB117,2,0.0,CARD,2025-11-24,2025-12-24
TB106577,2024-05-03,CB1092,PB1078,SB117,2,10.0,Card,2024-05-04,2024-05-29
TB106578,2024-05-30,CB1107,PB1026,SB116,9,0.0,upi,2024-05-31,2024-06-08
TB106579,2024-09-15,CB1075,PB1114,SB112,5,,UPI,2024-09-17,2024-10-02
TB106580,2025-07-26,CB1024,PB1106,SB107,3,20.0,cash,2025-07-27,2025-08-03
TB106581,2023-05-02,CB1261,PB1055,SB115,8,0.0,net banking,2023-05-04,2023-05-26
TB106582,2024-11-12,CB1098,PB1096,SB111,6,0.0,net banking,2024-11-13,2024-11-13
TB106583,2025-02-24,CB1201,PB1110,SB115,4,,CARD,2025-02-26,2025-02-27
TB106584,2024-03-20,CB1130,PB1061,SB109,3,10.0,upi,2024-03-21,2024-03-23
TB106585,2024-12-30,CB1077,PB1079,SB111,4,15.0,Net Banking,2024-12-30,2025-01-25
TB106586,2025-05-01,CB1261,PB1113,SB106,5,,Cash,2025-05-03,2025-05-05
TB106587,2024-05-10,CB1039,PB1057,SB117,6,20.0,Card,2024-05-11,2024-05-20
TB106588,2025-07-09,CB1243,PB1026,SB102,8,,Net Banking,2025-07-11,2025-07-22
TB106589,2023-05-20,CB1041,PB1064,SB109,1,15.0,upi,2023-05-21,2023-06-17
TB106590,2025-02-12,CB1032,PB1106,SB105,1,,cash,2025-02-13,2025-02-13
TB106591,2025-04-24,CB1308,PB1084,SB114,6,5.0,Card,2025-04-26,2025-05-12
TB106592,2025-07-02,CB1243,PB1062,SB116,9,,Net Banking,2025-07-04,2025-07-11
TB106593,2024-11-03,CB1153,PB1061,SB104,4,5.0,Cash,2024-11-04,2024-11-04
TB106594,2024-12-06,CB1140,PB1085,SB101,8,5.0,Card,2024-12-06,2025-01-03
TB106595,2025-12-24,CB1183,PB1103,SB114,7,5.0,cash,2025-12-26,2026-01-20
TB106596,2024-01-06,CB1246,PB1047,SB113,7,,Card,2024-01-08,2024-01-15
TB106597,2025-07-19,CB1346,PB1106,SB109,6,10.0,UPI,2025-07-20,2025-08-13
TB106598,2024-04-24,CB1294,PB1032,SB115,9,,cash,2024-04-25,2024-05-13
TB106599,2025-01-03,CB1322,PB1022,SB106,5,15.0,UPI,2025-01-04,2025-01-11
TB106600,2026-03-30,CB1132,PB1114,SB109,6,0.0,net banking,2026-03-31,2026-04-14
TB106601,2025-03-25,CB1313,PB1085,SB101,4,,upi,2025-03-26,2025-04-11
TB106602,2026-02-25,CB1311,PB1022,SB115,7,15.0,UPI,2026-02-27,2026-03-19
TB106603,2024-07-12,CB1076,PB1111,SB117,6,20.0,net banking,2024-07-12,2024-07-28
TB106604,2023-05-09,CB1120,PB1035,SB109,9,,CARD,2023-05-10,2023-06-03
TB106605,2023-02-20,CB1340,PB1060,SB108,10,20.0,cash,2023-02-20,2023-03-18
TB106606,2024-09-28,CB1032,PB1020,SB109,5,5.0,UPI,2024-09-29,2024-10-26
TB106607,2024-09-09,CB1198,PB1090,SB118,9,20.0,UPI,2024-09-11,2024-09-24
TB106608,2026-01-09,CB1131,PB1085,SB106,4,15.0,net banking,2026-01-11,2026-01-25
TB106609,2023-12-06,CB1058,PB1045,SB115,2,15.0,net banking,2023-12-07,2023-12-21
TB106610,2024-02-01,CB1175,PB1114,SB114,2,20.0,upi,2024-02-02,2024-02-27
TB106611,2025-04-06,CB1109,PB1049,SB116,8,,upi,2025-04-06,2025-04-08
TB106612,2024-04-25,CB1102,PB1009,SB110,8,,UPI,2024-04-27,2024-05-13
TB106613,2024-03-17,CB1204,PB1055,SB114,2,,upi,2024-03-17,2024-04-04
TB106614,2025-05-18,CB1317,PB1093,SB118,7,,Net Banking,2025-05-18,2025-05-27
TB106615,2025-09-09,CB1258,PB1018,SB106,2,,Cash,2025-09-10,2025-09-15
TB106616,2025-08-09,CB1065,PB1033,SB116,3,,Net Banking,2025-08-11,2025-08-31
TB106617,2026-02-04,CB1053,PB1051,SB115,8,0.0,upi,2026-02-05,2026-02-19
TB106618,2024-07-02,CB1236,PB1079,SB105,6,20.0,cash,2024-07-04,2024-07-25
TB106619,2025-07-23,CB1099,PB1041,SB105,3,,UPI,2025-07-25,2025-08-05
TB106620,2023-02-23,CB1115,PB1100,SB115,2,10.0,CARD,2023-02-25,2023-03-03
TB106621,2024-05-29,CB1245,PB1107,SB104,5,5.0,upi,2024-05-30,2024-06-07
TB106622,2024-12-09,CB1034,PB1072,SB104,3,5.0,cash,2024-12-10,2024-12-26
TB106623,2023-06-22,CB1231,PB1106,SB101,1,20.0,Net Banking,2023-06-23,2023-06-25
TB106624,2025-07-23,CB1102,PB1106,SB104,10,15.0,CARD,2025-07-24,2025-08-13
TB106625,2023-07-19,CB1125,PB1071,SB107,6,10.0,CARD,2023-07-20,2023-08-17
TB106626,2025-03-30,CB1005,PB1110,SB108,6,10.0,cash,2025-03-31,2025-04-05
TB106627,2024-05-16,CB1046,PB1005,SB104,3,,Card,2024-05-16,2024-06-07
TB106628,2024-11-21,CB1168,PB1099,SB103,8,15.0,Cash,2024-11-22,2024-12-14
TB106629,2025-01-03,CB1022,PB1030,SB104,8,15.0,net banking,2025-01-05,2025-01-29
TB106630,2023-01-04,CB1190,PB1071,SB107,3,20.0,Card,2023-01-05,2023-01-18
TB106631,2023-03-26,CB1169,PB1040,SB112,4,10.0,Net Banking,2023-03-26,2023-04-23
TB106632,2024-01-31,CB1262,PB1066,SB108,10,15.0,Net Banking,2024-02-01,2024-02-28
TB106633,2025-10-22,CB1343,PB1040,SB110,5,15.0,upi,2025-10-23,2025-10-30
TB106634,2023-03-04,CB1212,PB1111,SB115,3,5.0,CARD,2023-03-06,2023-03-18
TB106635,2026-03-02,CB1012,PB1036,SB105,7,0.0,Cash,2026-03-02,2026-03-22
TB106636,2023-10-28,CB1046,PB1079,SB106,2,5.0,Cash,2023-10-30,2023-11-18
TB106637,2025-07-04,CB1026,PB1056,SB116,6,5.0,Card,2025-07-05,2025-08-04
TB106638,2023-05-03,CB1258,PB1062,SB105,4,,upi,2023-05-05,2023-05-23
TB106639,2023-07-13,CB1262,PB1020,SB117,4,0.0,CARD,2023-07-13,2023-08-11
TB106640,2023-03-25,CB1319,PB1045,SB110,6,0.0,net banking,2023-03-25,2023-04-05
TB106641,2025-05-22,CB1322,PB1050,SB117,1,20.0,UPI,2025-05-22,2025-06-04
TB106642,2024-05-01,CB1004,PB1111,SB111,1,,Cash,2024-05-01,2024-05-10
TB106643,2025-05-10,CB1061,PB1105,SB109,4,0.0,CARD,2025-05-12,2025-05-12
TB106644,2024-05-07,CB1135,PB1026,SB106,8,10.0,upi,2024-05-08,2024-05-08
TB106645,2023-08-09,CB1295,PB1043,SB105,5,10.0,upi,2023-08-09,2023-09-07
TB106646,2025-08-28,CB1195,PB1108,SB102,10,0.0,upi,2025-08-30,2025-09-22
TB106647,2024-04-26,CB1330,PB1054,SB111,8,0.0,Card,2024-04-27,2024-05-06
TB106648,2023-02-07,CB1325,PB1027,SB113,9,10.0,UPI,2023-02-08,2023-02-26
TB106649,2026-03-13,CB1267,PB1002,SB104,7,0.0,upi,2026-03-13,2026-04-10
TB106650,2024-11-27,CB1010,PB1080,SB113,7,,Cash,2024-11-29,2024-12-05
TB106651,2024-03-06,CB1336,PB1035,SB116,4,10.0,CARD,2024-03-08,2024-03-17
TB106652,2023-09-16,CB1018,PB1015,SB112,7,20.0,CARD,2023-09-16,2023-09-16
TB106653,2024-11-16,CB1184,PB1029,SB106,1,,cash,2024-11-16,2024-12-11
TB106654,2025-06-03,CB1280,PB1095,SB118,9,10.0,UPI,2025-06-05,2025-06-10
TB106655,2024-09-07,CB1211,PB1036,SB118,5,0.0,cash,2024-09-09,2024-09-24
TB106656,2024-10-22,CB1292,PB1094,SB107,7,,Card,2024-10-23,2024-10-26
TB106657,2024-08-02,CB1345,PB1101,SB110,8,10.0,upi,2024-08-02,2024-08-28
TB106658,2023-06-14,CB1102,PB1073,SB104,6,5.0,UPI,2023-06-16,2023-07-04
TB106659,2024-04-25,CB1203,PB1105,SB113,2,20.0,net banking,2024-04-27,2024-05-17
TB106660,2025-06-21,CB1080,PB1010,SB117,6,20.0,cash,2025-06-23,2025-06-23
TB106661,2025-10-29,CB1134,PB1089,SB107,1,,Cash,2025-10-30,2025-11-15
TB106662,2023-10-23,CB1347,PB1085,SB117,9,0.0,Card,2023-10-25,2023-10-25
TB106663,2024-10-30,CB1248,PB1066,SB107,6,,UPI,2024-11-01,2024-11-27
TB106664,2024-01-28,CB1242,PB1027,SB103,8,5.0,Card,2024-01-29,2024-01-29
TB106665,2023-04-16,CB1210,PB1073,SB110,9,20.0,cash,2023-04-17,2023-05-17
TB106666,2024-02-25,CB1267,PB1059,SB118,5,15.0,upi,2024-02-27,2024-02-28
TB106667,2024-01-22,CB1179,PB1089,SB104,10,,Cash,2024-01-23,2024-01-23
TB106668,2023-01-30,CB1284,PB1013,SB108,2,,Net Banking,2023-01-31,2023-02-01
TB106669,2023-06-03,CB1020,PB1036,SB117,1,0.0,cash,2023-06-04,2023-07-02
TB106670,2024-09-15,CB1350,PB1025,SB109,3,0.0,upi,2024-09-17,2024-10-08
TB106671,2023-01-18,CB1085,PB1041,SB111,6,10.0,CARD,2023-01-20,2023-02-07
TB106672,2026-03-17,CB1221,PB1011,SB109,6,10.0,Cash,2026-03-18,2026-03-22
TB106673,2023-07-27,CB1278,PB1058,SB102,10,,upi,2023-07-27,2023-08-17
TB106674,2023-04-30,CB1063,PB1043,SB105,3,,Cash,2023-05-02,2023-05-08
TB106675,2023-08-09,CB1057,PB1013,SB110,2,15.0,CARD,2023-08-10,2023-09-04
TB106676,2023-11-19,CB1307,PB1052,SB111,1,,Card,2023-11-20,2023-12-14
TB106677,2025-04-22,CB1212,PB1092,SB110,7,0.0,upi,2025-04-22,2025-04-26
TB106678,2023-05-04,CB1107,PB1029,SB101,3,0.0,upi,2023-05-04,2023-05-06
TB106679,2025-05-09,CB1189,PB1081,SB113,6,15.0,net banking,2025-05-10,2025-05-28
TB106680,2024-05-18,CB1199,PB1065,SB110,4,20.0,upi,2024-05-18,2024-05-25
TB106681,2024-08-23,CB1087,PB1023,SB117,7,10.0,UPI,2024-08-23,2024-09-01
TB106682,2025-09-23,CB1161,PB1026,SB117,1,20.0,UPI,2025-09-24,2025-10-15
TB106683,2024-12-02,CB1315,PB1098,SB109,1,10.0,Card,2024-12-04,2024-12-23
TB106684,2025-12-10,CB1119,PB1051,SB105,9,15.0,cash,2025-12-12,2025-12-14
TB106685,2025-07-01,CB1257,PB1063,SB106,1,0.0,net banking,2025-07-02,2025-07-07
TB106686,2024-08-10,CB1299,PB1011,SB112,6,0.0,net banking,2024-08-10,2024-09-09
TB106687,2026-03-18,CB1192,PB1044,SB111,2,,upi,2026-03-20,2026-04-12
TB106688,2026-02-04,CB1086,PB1080,SB114,6,10.0,Cash,2026-02-05,2026-02-23
TB106689,2024-05-20,CB1050,PB1062,SB107,3,5.0,Card,2024-05-22,2024-06-01
TB106690,2026-02-03,CB1246,PB1119,SB106,9,10.0,UPI,2026-02-04,2026-02-08
TB106691,2023-11-28,CB1039,PB1083,SB115,10,5.0,Card,2023-11-28,2023-12-26
TB106692,2025-02-25,CB1135,PB1019,SB102,4,0.0,Cash,2025-02-26,2025-03-22
TB106693,2024-11-18,CB1055,PB1038,SB112,4,0.0,Net Banking,2024-11-19,2024-12-05
TB106694,2023-10-08,CB1112,PB1008,SB105,1,5.0,Cash,2023-10-10,2023-10-21
TB106695,2023-05-14,CB1058,PB1027,SB103,2,0.0,Cash,2023-05-14,2023-05-14
TB106696,2025-05-18,CB1043,PB1037,SB108,3,10.0,net banking,2025-05-19,2025-06-14
TB106697,2025-09-06,CB1191,PB1043,SB105,1,,Card,2025-09-08,2025-09-29
TB106698,2025-09-06,CB1219,PB1007,SB110,3,,net banking,2025-09-07,2025-09-07
TB106699,2025-03-29,CB1314,PB1075,SB117,8,,net banking,2025-03-31,2025-04-29
TB106700,2024-01-12,CB1224,PB1083,SB110,10,,upi,2024-01-13,2024-01-25
TB106701,2023-05-11,CB1223,PB1101,SB110,8,0.0,Net Banking,2023-05-11,2023-05-22
TB106702,2025-07-14,CB1098,PB1028,SB114,7,15.0,UPI,2025-07-14,2025-08-05
TB106703,2023-03-24,CB1145,PB1064,SB111,10,0.0,UPI,2023-03-25,2023-03-28
TB106704,2024-12-30,CB1049,PB1009,SB105,1,5.0,net banking,2025-01-01,2025-01-06
TB106705,2023-01-17,CB1190,PB1120,SB108,3,5.0,CARD,2023-01-19,2023-01-28
TB106706,2023-10-11,CB1156,PB1030,SB107,2,20.0,upi,2023-10-11,2023-11-04
TB106707,2025-04-12,CB1341,PB1061,SB110,10,15.0,Cash,2025-04-12,2025-04-25
TB106708,2025-04-26,CB1059,PB1015,SB117,8,0.0,cash,2025-04-28,2025-05-13
TB106709,2023-05-20,CB1280,PB1116,SB115,8,10.0,Card,2023-05-20,2023-05-23
TB106710,2024-05-06,CB1061,PB1042,SB112,8,5.0,Net Banking,2024-05-08,2024-05-09
TB106711,2023-01-22,CB1108,PB1052,SB106,3,10.0,Cash,2023-01-22,2023-02-03
TB106712,2024-11-25,CB1193,PB1095,SB107,5,,net banking,2024-11-27,2024-12-14
TB106713,2023-05-22,CB1255,PB1045,SB101,9,,UPI,2023-05-23,2023-06-06
TB106714,2025-01-01,CB1035,PB1114,SB116,2,15.0,Cash,2025-01-03,2025-01-25
TB106715,2024-09-20,CB1250,PB1106,SB109,3,0.0,Cash,2024-09-21,2024-09-22
TB106716,2023-12-15,CB1312,PB1106,SB107,8,5.0,Net Banking,2023-12-16,2023-12-25
TB106717,2025-03-09,CB1159,PB1069,SB113,5,0.0,net banking,2025-03-10,2025-04-09
TB106718,2023-08-28,CB1209,PB1009,SB117,2,20.0,Card,2023-08-28,2023-09-14
TB106719,2025-09-30,CB1152,PB1106,SB115,4,,net banking,2025-10-02,2025-10-16
TB106720,2024-08-13,CB1150,PB1048,SB105,9,15.0,net banking,2024-08-15,2024-08-28
TB106721,2024-04-26,CB1328,PB1067,SB117,2,,upi,2024-04-28,2024-05-05
TB106722,2024-10-12,CB1062,PB1105,SB107,5,10.0,cash,2024-10-13,2024-10-28
TB106723,2024-07-21,CB1176,PB1085,SB115,6,,net banking,2024-07-23,2024-08-16
TB106724,2023-03-03,CB1244,PB1115,SB115,1,20.0,UPI,2023-03-05,2023-03-19
TB106725,2024-09-24,CB1108,PB1004,SB101,6,10.0,upi,2024-09-26,2024-10-16
TB106726,2025-09-20,CB1078,PB1061,SB106,2,10.0,cash,2025-09-20,2025-09-23
TB106727,2023-12-26,CB1321,PB1071,SB112,10,5.0,Net Banking,2023-12-26,2024-01-15
TB106728,2025-07-06,CB1188,PB1047,SB111,1,10.0,Card,2025-07-08,2025-07-12
TB106729,2024-10-30,CB1325,PB1069,SB112,5,15.0,Net Banking,2024-10-30,2024-11-14
TB106730,2024-10-18,CB1158,PB1117,SB105,7,,Cash,2024-10-18,2024-11-16
TB106731,2024-03-18,CB1070,PB1101,SB105,9,5.0,UPI,2024-03-19,2024-03-28
TB106732,2024-01-14,CB1002,PB1054,SB110,2,10.0,Net Banking,2024-01-14,2024-01-15
TB106733,2023-03-27,CB1081,PB1092,SB102,6,15.0,upi,2023-03-28,2023-04-02
TB106734,2024-07-24,CB1319,PB1053,SB115,1,15.0,CARD,2024-07-26,2024-08-09
TB106735,2025-06-18,CB1294,PB1031,SB106,1,0.0,upi,2025-06-18,2025-06-29
TB106736,2026-03-19,CB1100,PB1102,SB106,10,,UPI,2026-03-20,2026-04-01
TB106737,2025-02-05,CB1022,PB1051,SB113,6,15.0,upi,2025-02-07,2025-02-07
TB106738,2024-11-18,CB1343,PB1045,SB105,5,10.0,CARD,2024-11-20,2024-12-06
TB106739,2025-03-23,CB1053,PB1116,SB101,2,10.0,UPI,2025-03-24,2025-04-11
TB106740,2023-12-16,CB1252,PB1052,SB102,7,20.0,Cash,2023-12-16,2024-01-02
TB106741,2023-04-30,CB1050,PB1108,SB112,3,5.0,upi,2023-05-01,2023-05-05
TB106742,2025-08-12,CB1243,PB1076,SB106,7,20.0,Net Banking,2025-08-13,2025-08-16
TB106743,2023-02-26,CB1120,PB1011,SB109,6,15.0,CARD,2023-02-27,2023-03-15
TB106744,2024-07-07,CB1024,PB1116,SB110,8,0.0,CARD,2024-07-07,2024-07-12
TB106745,2023-06-11,CB1087,PB1022,SB105,8,15.0,net banking,2023-06-13,2023-06-14
TB106746,2024-06-03,CB1260,PB1073,SB107,6,20.0,Net Banking,2024-06-05,2024-07-04
TB106747,2025-09-23,CB1017,PB1011,SB116,7,20.0,Net Banking,2025-09-24,2025-09-29
TB106748,2025-08-22,CB1110,PB1116,SB117,8,20.0,UPI,2025-08-24,2025-09-20
TB106749,2023-08-30,CB1335,PB1045,SB106,1,5.0,Card,2023-08-30,2023-09-01
TB106750,2024-03-01,CB1076,PB1027,SB115,3,10.0,net banking,2024-03-03,2024-03-10
TB106751,2024-11-17,CB1016,PB1051,SB108,9,10.0,Card,2024-11-17,2024-11-25
TB106752,2024-06-24,CB1205,PB1071,SB109,10,,Net Banking,2024-06-25,2024-07-12
TB106753,2023-03-12,CB1215,PB1014,SB113,3,0.0,cash,2023-03-13,2023-04-09
TB106754,2024-10-27,CB1300,PB1032,SB107,8,5.0,net banking,2024-10-29,2024-11-07
TB106755,2023-04-25,CB1040,PB1095,SB113,7,10.0,UPI,2023-04-25,2023-04-28
TB106756,2024-09-30,CB1026,PB1020,SB114,2,15.0,cash,2024-10-01,2024-10-22
TB106757,2024-06-23,CB1136,PB1026,SB116,1,20.0,net banking,2024-06-24,2024-06-26
TB106758,2023-03-09,CB1235,PB1119,SB102,7,,cash,2023-03-09,2023-03-28
TB106759,2023-01-22,CB1122,PB1058,SB106,3,15.0,Cash,2023-01-22,2023-02-01
TB106760,2025-03-24,CB1005,PB1038,SB118,7,10.0,cash,2025-03-26,2025-04-03
TB106761,2023-06-26,CB1208,PB1041,SB113,1,20.0,CARD,2023-06-26,2023-07-14
TB106762,2023-12-27,CB1310,PB1010,SB104,8,15.0,upi,2023-12-27,2024-01-17
TB106763,2025-10-03,CB1178,PB1078,SB106,3,0.0,net banking,2025-10-05,2025-10-15
TB106764,2024-01-01,CB1150,PB1018,SB105,10,15.0,Card,2024-01-03,2024-01-05
TB106765,2023-10-18,CB1037,PB1071,SB115,5,20.0,cash,2023-10-19,2023-10-26
TB106766,2025-09-06,CB1192,PB1087,SB116,7,15.0,Card,2025-09-07,2025-09-09
TB106767,2023-11-24,CB1267,PB1111,SB108,9,10.0,Net Banking,2023-11-26,2023-12-04
TB106768,2025-06-05,CB1111,PB1031,SB110,9,20.0,UPI,2025-06-05,2025-06-20
TB106769,2025-11-18,CB1262,PB1028,SB113,8,5.0,upi,2025-11-18,2025-12-11
TB106770,2024-12-21,CB1213,PB1067,SB113,7,5.0,Net Banking,2024-12-23,2025-01-10
TB106771,2025-11-26,CB1302,PB1048,SB114,8,0.0,cash,2025-11-26,2025-12-13
TB106772,2024-05-03,CB1074,PB1063,SB112,3,0.0,UPI,2024-05-03,2024-05-03
TB106773,2024-02-18,CB1144,PB1061,SB101,1,,Card,2024-02-20,2024-03-04
TB106774,2026-02-21,CB1045,PB1034,SB105,8,5.0,upi,2026-02-21,2026-02-28
TB106775,2024-03-18,CB1256,PB1106,SB108,3,15.0,Card,2024-03-19,2024-03-28
TB106776,2023-10-22,CB1319,PB1036,SB111,9,,Cash,2023-10-24,2023-11-06
TB106777,2023-11-20,CB1313,PB1032,SB108,3,15.0,Net Banking,2023-11-21,2023-12-17
TB106778,2026-03-21,CB1016,PB1087,SB116,5,5.0,Card,2026-03-23,2026-03-29
TB106779,2025-11-20,CB1314,PB1065,SB104,6,20.0,Net Banking,2025-11-20,2025-12-15
TB106780,2023-06-04,CB1260,PB1105,SB101,10,0.0,UPI,2023-06-06,2023-06-22
TB106781,2024-06-22,CB1202,PB1093,SB106,4,5.0,net banking,2024-06-22,2024-07-11
TB106782,2023-10-28,CB1066,PB1024,SB116,6,10.0,cash,2023-10-29,2023-11-22
TB106783,2024-06-14,CB1069,PB1089,SB116,4,15.0,Card,2024-06-14,2024-06-26
TB106784,2024-01-15,CB1122,PB1019,SB111,6,10.0,UPI,2024-01-15,2024-01-18
TB106785,2023-07-17,CB1096,PB1073,SB115,4,20.0,Cash,2023-07-18,2023-08-06
TB106786,2025-01-10,CB1174,PB1105,SB103,7,,Net Banking,2025-01-10,2025-01-12
TB106787,2023-01-09,CB1304,PB1101,SB111,5,5.0,upi,2023-01-11,2023-01-23
TB106788,2024-04-05,CB1003,PB1095,SB111,7,15.0,net banking,2024-04-05,2024-04-23
TB106789,2024-10-24,CB1203,PB1096,SB110,7,20.0,net banking,2024-10-24,2024-11-13
TB106790,2023-05-15,CB1109,PB1117,SB105,2,20.0,UPI,2023-05-17,2023-05-19
TB106791,2025-07-17,CB1061,PB1075,SB103,10,,Cash,2025-07-17,2025-07-23
TB106792,2025-03-29,CB1211,PB1120,SB107,1,10.0,Net Banking,2025-03-30,2025-04-28
TB106793,2025-11-07,CB1235,PB1113,SB114,7,0.0,cash,2025-11-08,2025-12-06
TB106794,2024-12-28,CB1306,PB1049,SB114,2,20.0,net banking,2024-12-30,2025-01-18
TB106795,2025-04-11,CB1102,PB1049,SB109,3,5.0,Cash,2025-04-11,2025-05-04
TB106796,2026-03-17,CB1149,PB1031,SB115,2,10.0,UPI,2026-03-19,2026-04-06
TB106797,2024-07-04,CB1080,PB1038,SB104,5,,Net Banking,2024-07-04,2024-08-01
TB106798,2023-11-15,CB1240,PB1061,SB109,8,0.0,Cash,2023-11-16,2023-11-22
TB106799,2023-10-30,CB1349,PB1039,SB105,3,0.0,upi,2023-10-30,2023-11-03
TB106800,2025-09-09,CB1015,PB1118,SB108,10,0.0,Cash,2025-09-09,2025-09-25
TB106801,2025-06-27,CB1052,PB1005,SB106,6,15.0,cash,2025-06-27,2025-06-30
TB106802,2026-01-11,CB1008,PB1065,SB107,6,20.0,CARD,2026-01-11,2026-02-03
TB106803,2023-12-11,CB1161,PB1027,SB111,5,0.0,upi,2023-12-12,2023-12-15
TB106804,2024-03-21,CB1345,PB1091,SB110,4,15.0,CARD,2024-03-22,2024-04-11
TB106805,2023-05-15,CB1345,PB1081,SB103,10,0.0,Net Banking,2023-05-17,2023-05-31
TB106806,2024-04-16,CB1229,PB1081,SB103,5,10.0,cash,2024-04-16,2024-05-10
TB106807,2024-06-17,CB1086,PB1042,SB110,9,,upi,2024-06-17,2024-06-24
TB106808,2025-09-19,CB1346,PB1019,SB102,3,20.0,Net Banking,2025-09-20,2025-10-07
TB106809,2026-01-09,CB1131,PB1044,SB118,10,,UPI,2026-01-09,2026-01-27
TB106810,2023-12-22,CB1236,PB1016,SB118,6,10.0,Net Banking,2023-12-24,2024-01-22
TB106811,2026-03-19,CB1044,PB1055,SB106,9,20.0,cash,2026-03-21,2026-03-24
TB106812,2024-08-23,CB1155,PB1042,SB108,2,5.0,Net Banking,2024-08-25,2024-09-13
TB106813,2024-11-24,CB1223,PB1015,SB108,9,5.0,Net Banking,2024-11-24,2024-11-30
TB106814,2025-08-12,CB1221,PB1013,SB114,2,15.0,UPI,2025-08-14,2025-08-23
TB106815,2024-10-14,CB1350,PB1003,SB116,8,5.0,CARD,2024-10-15,2024-10-22
TB106816,2025-02-22,CB1133,PB1062,SB101,8,5.0,Net Banking,2025-02-23,2025-02-25
TB106817,2025-02-06,CB1056,PB1059,SB117,3,0.0,Cash,2025-02-06,2025-03-03
TB106818,2023-01-01,CB1231,PB1018,SB114,10,15.0,net banking,2023-01-03,2023-01-24
TB106819,2023-10-16,CB1221,PB1022,SB107,9,0.0,upi,2023-10-16,2023-10-24
TB106820,2023-08-05,CB1324,PB1058,SB111,9,15.0,Net Banking,2023-08-07,2023-08-19
TB106821,2024-06-12,CB1060,PB1078,SB105,1,10.0,cash,2024-06-13,2024-07-13
TB106822,2024-12-06,CB1172,PB1042,SB101,8,0.0,Cash,2024-12-06,2025-01-03
TB106823,2025-03-11,CB1120,PB1070,SB109,5,0.0,UPI,2025-03-11,2025-03-24
TB106824,2024-04-09,CB1194,PB1062,SB111,3,15.0,Cash,2024-04-11,2024-05-08
TB106825,2024-12-08,CB1298,PB1038,SB103,1,20.0,Cash,2024-12-09,2024-12-22
TB106826,2023-09-23,CB1316,PB1046,SB113,1,,CARD,2023-09-24,2023-10-23
TB106827,2025-04-16,CB1261,PB1043,SB111,4,0.0,Card,2025-04-18,2025-05-11
TB106828,2025-11-04,CB1108,PB1020,SB114,2,5.0,net banking,2025-11-06,2025-11-11
TB106829,2025-11-14,CB1184,PB1069,SB112,4,10.0,upi,2025-11-14,2025-12-12
TB106830,2025-08-06,CB1186,PB1066,SB113,9,5.0,Card,2025-08-07,2025-08-20
TB106831,2023-10-18,CB1117,PB1063,SB114,5,,CARD,2023-10-19,2023-11-10
TB106832,2025-05-12,CB1050,PB1010,SB115,8,20.0,upi,2025-05-13,2025-05-18
TB106833,2025-06-14,CB1306,PB1097,SB111,6,5.0,cash,2025-06-15,2025-07-12
TB106834,2024-02-04,CB1218,PB1086,SB117,1,10.0,cash,2024-02-06,2024-02-14
TB106835,2025-10-26,CB1276,PB1053,SB108,5,20.0,UPI,2025-10-28,2025-11-01
TB106836,2026-03-21,CB1267,PB1043,SB111,3,,Cash,2026-03-23,2026-04-06
TB106837,2023-09-06,CB1154,PB1117,SB108,10,5.0,upi,2023-09-07,2023-09-25
TB106838,2024-10-01,CB1082,PB1117,SB103,5,0.0,cash,2024-10-03,2024-10-25
TB106839,2024-05-31,CB1206,PB1060,SB113,10,0.0,Card,2024-06-01,2024-06-24
TB106840,2024-09-29,CB1134,PB1005,SB110,8,10.0,UPI,2024-09-29,2024-10-16
TB106841,2025-01-27,CB1326,PB1089,SB115,8,,UPI,2025-01-27,2025-02-19
TB106842,2024-02-16,CB1195,PB1120,SB108,7,15.0,UPI,2024-02-17,2024-02-25
TB106843,2025-07-16,CB1312,PB1063,SB111,10,15.0,upi,2025-07-18,2025-08-15
TB106844,2023-01-01,CB1051,PB1080,SB110,6,15.0,UPI,2023-01-03,2023-01-03
TB106845,2025-09-25,CB1209,PB1014,SB112,5,5.0,UPI,2025-09-25,2025-10-21
TB106846,2024-07-10,CB1256,PB1007,SB117,2,,Card,2024-07-10,2024-08-01
TB106847,2026-02-28,CB1074,PB1106,SB111,10,0.0,upi,2026-02-28,2026-03-04
TB106848,2024-03-07,CB1300,PB1089,SB112,3,0.0,UPI,2024-03-09,2024-03-09
TB106849,2023-05-12,CB1132,PB1116,SB115,8,10.0,Card,2023-05-14,2023-05-16
TB106850,2026-03-17,CB1165,PB1017,SB108,6,10.0,net banking,2026-03-17,2026-04-08
TB106851,2025-10-29,CB1130,PB1079,SB116,1,20.0,cash,2025-10-29,2025-11-20
TB106852,2025-09-10,CB1193,PB1119,SB118,6,10.0,Cash,2025-09-12,2025-10-06
TB106853,2024-08-03,CB1101,PB1027,SB108,4,15.0,Cash,2024-08-03,2024-08-29
TB106854,2025-04-28,CB1107,PB1092,SB110,1,20.0,CARD,2025-04-29,2025-05-01
TB106855,2023-04-19,CB1107,PB1006,SB104,2,10.0,Net Banking,2023-04-21,2023-04-25
TB106856,2023-04-11,CB1298,PB1006,SB107,5,10.0,cash,2023-04-12,2023-05-03
TB106857,2026-03-05,CB1249,PB1088,SB116,2,10.0,CARD,2026-03-05,2026-04-01
TB106858,2024-02-22,CB1323,PB1006,SB115,4,,upi,2024-02-23,2024-03-16
TB106859,2026-01-25,CB1321,PB1109,SB118,2,5.0,Card,2026-01-27,2026-02-22
TB106860,2023-07-08,CB1341,PB1025,SB106,7,0.0,CARD,2023-07-09,2023-07-30
TB106861,2023-05-18,CB1326,PB1086,SB117,8,15.0,upi,2023-05-20,2023-06-18
TB106862,2023-06-23,CB1032,PB1020,SB108,9,0.0,CARD,2023-06-25,2023-07-20
TB106863,2025-03-28,CB1346,PB1018,SB112,1,15.0,net banking,2025-03-30,2025-04-20
TB106864,2024-10-10,CB1159,PB1035,SB103,7,10.0,upi,2024-10-10,2024-11-04
TB106865,2024-01-23,CB1268,PB1051,SB108,3,15.0,Net Banking,2024-01-24,2024-02-02
TB106866,2023-11-29,CB1119,PB1065,SB109,3,0.0,Card,2023-11-30,2023-12-25
TB106867,2023-04-28,CB1319,PB1010,SB109,6,15.0,cash,2023-04-28,2023-04-30
TB106868,2023-01-21,CB1336,PB1025,SB112,1,20.0,net banking,2023-01-23,2023-01-24
TB106869,2023-10-11,CB1124,PB1079,SB111,10,15.0,CARD,2023-10-13,2023-11-10
TB106870,2026-03-26,CB1197,PB1109,SB116,1,0.0,CARD,2026-03-28,2026-04-22
TB106871,2024-03-26,CB1228,PB1050,SB111,3,20.0,CARD,2024-03-26,2024-04-24
TB106872,2024-08-28,CB1154,PB1074,SB113,3,0.0,Net Banking,2024-08-30,2024-09-20
TB106873,2025-12-03,CB1121,PB1072,SB112,3,,cash,2025-12-05,2025-12-23
TB106874,2024-11-09,CB1001,PB1088,SB104,2,0.0,cash,2024-11-11,2024-11-16
TB106875,2024-09-27,CB1159,PB1063,SB105,9,10.0,UPI,2024-09-28,2024-10-22
TB106876,2025-07-03,CB1282,PB1110,SB115,2,10.0,UPI,2025-07-04,2025-07-05
TB106877,2024-01-22,CB1334,PB1058,SB115,2,5.0,cash,2024-01-24,2024-01-28
TB106878,2023-04-22,CB1272,PB1031,SB103,10,10.0,UPI,2023-04-22,2023-05-03
TB106879,2024-03-03,CB1055,PB1093,SB102,5,,CARD,2024-03-03,2024-03-03
TB106880,2025-09-23,CB1077,PB1117,SB115,1,0.0,Card,2025-09-23,2025-10-09
TB106881,2024-11-30,CB1080,PB1056,SB107,2,10.0,net banking,2024-12-01,2024-12-11
TB106882,2023-04-25,CB1219,PB1099,SB107,10,15.0,CARD,2023-04-27,2023-04-28
TB106883,2023-02-17,CB1240,PB1050,SB114,2,10.0,Net Banking,2023-02-17,2023-02-22
TB106884,2025-12-26,CB1085,PB1063,SB110,2,5.0,Net Banking,2025-12-28,2026-01-16
TB106885,2023-11-25,CB1156,PB1047,SB112,4,5.0,Card,2023-11-25,2023-12-22
TB106886,2025-01-22,CB1082,PB1009,SB106,7,10.0,cash,2025-01-23,2025-02-21
TB106887,2023-03-09,CB1156,PB1112,SB110,10,,upi,2023-03-11,2023-04-08
TB106888,2024-09-03,CB1219,PB1109,SB107,8,5.0,net banking,2024-09-04,2024-09-15
TB106889,2026-02-11,CB1214,PB1120,SB110,6,5.0,cash,2026-02-13,2026-03-11
TB106890,2026-01-17,CB1224,PB1054,SB112,8,10.0,cash,2026-01-18,2026-02-16
TB106891,2025-10-14,CB1061,PB1072,SB114,6,0.0,cash,2025-10-15,2025-11-07
TB106892,2023-04-18,CB1212,PB1119,SB109,10,20.0,cash,2023-04-19,2023-05-03
TB106893,2023-05-17,CB1161,PB1079,SB105,1,20.0,cash,2023-05-17,2023-05-28
TB106894,2025-04-25,CB1085,PB1055,SB109,5,0.0,Net Banking,2025-04-27,2025-05-11
TB106895,2025-10-20,CB1025,PB1101,SB110,9,0.0,Net Banking,2025-10-22,2025-11-02
TB106896,2025-04-14,CB1113,PB1065,SB106,7,,cash,2025-04-14,2025-05-06
TB106897,2023-03-06,CB1073,PB1098,SB115,7,0.0,cash,2023-03-08,2023-03-17
TB106898,2023-01-01,CB1328,PB1079,SB106,-1,5.0,Card,2023-01-03,2023-01-23
TB106899,2024-11-16,CB1288,PB1002,SB106,4,5.0,Cash,2024-11-16,2024-11-19
TB106900,2024-06-27,CB1253,PB1049,SB108,3,15.0,cash,2024-06-29,2024-07-25
TB106901,2023-07-16,CB1303,PB1110,SB116,5,15.0,upi,2023-07-17,2023-08-02
TB106902,2024-10-07,CB1169,PB1036,SB112,10,5.0,CARD,2024-10-09,2024-10-12
TB106903,2026-01-23,CB1170,PB1065,SB110,4,,upi,2026-01-24,2026-01-31
TB106904,2025-06-06,CB1331,PB1083,SB111,6,5.0,Card,2025-06-08,2025-06-19
TB106905,2023-10-01,CB1041,PB1017,SB101,6,15.0,UPI,2023-10-03,2023-10-25
TB106906,2023-05-15,CB1295,PB1059,SB108,5,15.0,upi,2023-05-17,2023-05-19
TB106907,2023-09-08,CB1123,PB1027,SB114,7,20.0,UPI,2023-09-08,2023-09-17
TB106908,2026-03-02,CB1028,PB1041,SB101,2,,Cash,2026-03-04,2026-03-23
TB106909,2024-10-21,CB1317,PB1084,SB115,2,15.0,Cash,2024-10-23,2024-11-16
TB106910,2023-05-07,CB1316,PB1063,SB112,6,,CARD,2023-05-07,2023-06-03
TB106911,2024-06-20,CB1140,PB1022,SB103,10,10.0,UPI,2024-06-22,2024-07-01
TB106912,2024-09-05,CB1151,PB1105,SB103,9,,Card,2024-09-05,2024-09-05
TB106913,2026-01-21,CB1139,PB1073,SB102,6,15.0,net banking,2026-01-23,2026-02-21
TB106914,2026-01-25,CB1018,PB1091,SB112,6,10.0,Cash,2026-01-26,2026-01-31
TB106915,2023-09-02,CB1025,PB1074,SB107,10,0.0,net banking,2023-09-03,2023-10-01
TB106916,2025-01-27,CB1227,PB1107,SB113,1,15.0,UPI,2025-01-28,2025-02-21
TB106917,2025-04-03,CB1301,PB1036,SB104,7,,CARD,2025-04-03,2025-05-02
TB106918,2025-01-17,CB1285,PB1027,SB113,5,20.0,cash,2025-01-17,2025-01-22
TB106919,2025-01-07,CB1082,PB1063,SB115,9,10.0,UPI,2025-01-09,2025-02-04
TB106920,2025-04-18,CB1213,PB1077,SB104,3,5.0,cash,2025-04-20,2025-05-09
TB106921,2025-03-06,CB1307,PB1004,SB114,5,,UPI,2025-03-08,2025-03-29
TB106922,2025-12-08,CB1064,PB1003,SB101,7,15.0,Card,2025-12-10,2025-12-15
TB106923,2024-04-06,CB1014,PB1119,SB109,3,0.0,cash,2024-04-07,2024-05-03
TB106924,2025-02-24,CB1106,PB1091,SB109,8,10.0,Cash,2025-02-26,2025-03-01
TB106925,2024-02-03,CB1103,PB1027,SB116,7,,cash,2024-02-05,2024-02-16
TB106926,2026-03-07,CB1304,PB1089,SB103,5,,CARD,2026-03-09,2026-03-31
TB106927,2026-01-12,CB1255,PB1112,SB101,9,,upi,2026-01-14,2026-01-29
TB106928,2026-02-23,CB1062,PB1093,SB108,2,,CARD,2026-02-25,2026-02-27
TB106929,2025-08-27,CB1107,PB1026,SB104,3,,Cash,2025-08-29,2025-09-08
TB106930,2024-04-26,CB1007,PB1086,SB115,8,0.0,upi,2024-04-26,2024-05-04
TB106931,2023-10-24,CB1214,PB1031,SB108,10,15.0,net banking,2023-10-25,2023-11-10
TB106932,2023-03-25,CB1346,PB1023,SB106,4,0.0,UPI,2023-03-27,2023-04-19
TB106933,2025-11-05,CB1145,PB1067,SB110,5,0.0,CARD,2025-11-05,2025-11-10
TB106934,2024-10-13,CB1288,PB1013,SB114,9,15.0,Cash,2024-10-13,2024-11-01
TB106935,2024-12-24,CB1073,PB1086,SB111,5,0.0,UPI,2024-12-25,2024-12-28
TB106936,2023-01-31,CB1262,PB1038,SB106,3,,Card,2023-02-02,2023-02-27
TB106937,2024-07-17,CB1277,PB1103,SB108,2,0.0,upi,2024-07-17,2024-08-01
TB106938,2024-05-03,CB1108,PB1033,SB102,5,,CARD,2024-05-04,2024-05-19
TB106939,2023-05-02,CB1294,PB1022,SB111,8,,upi,2023-05-03,2023-05-26
TB106940,2025-10-16,CB1267,PB1015,SB108,6,5.0,Net Banking,2025-10-16,2025-10-23
TB106941,2025-10-22,CB1042,PB1081,SB111,1,5.0,Card,2025-10-22,2025-11-15
TB106942,2025-09-23,CB1148,PB1052,SB106,6,20.0,upi,2025-09-25,2025-10-08
TB106943,2023-07-09,CB1325,PB1007,SB114,1,15.0,Card,2023-07-10,2023-08-09
TB106944,2023-03-31,CB1138,PB1002,SB115,3,0.0,Net Banking,2023-04-02,2023-04-06
TB106945,2025-06-05,CB1342,PB1105,SB107,6,,Net Banking,2025-06-06,2025-06-29
TB106946,2023-11-09,CB1171,PB1006,SB104,4,0.0,upi,2023-11-11,2023-11-15
TB106947,2024-05-06,CB1278,PB1118,SB111,7,20.0,UPI,2024-05-07,2024-05-15
TB106948,2023-09-29,CB1261,PB1075,SB109,5,20.0,cash,2023-10-01,2023-10-03
TB106949,2024-07-10,CB1143,PB1095,SB115,10,,Card,2024-07-12,2024-08-10
TB106950,2024-12-21,CB1148,PB1063,SB109,1,5.0,Cash,2024-12-22,2025-01-05
TB106951,2023-09-15,CB1211,PB1030,SB109,6,15.0,UPI,2023-09-17,2023-09-20
TB106952,2024-06-22,CB1155,PB1034,SB110,5,0.0,Net Banking,2024-06-23,2024-07-03
TB106953,2025-01-13,CB1150,PB1095,SB111,2,20.0,Card,2025-01-14,2025-01-23
TB106954,2024-10-11,CB1274,PB1086,SB113,9,20.0,Cash,2024-10-11,2024-11-02
TB106955,2025-02-15,CB1313,PB1030,SB101,9,0.0,Cash,2025-02-16,2025-03-15
TB106956,2024-05-02,CB1080,PB1010,SB108,5,20.0,upi,2024-05-02,2024-05-17
TB106957,2024-04-03,CB1256,PB1044,SB109,10,20.0,CARD,2024-04-04,2024-04-26
TB106958,2024-03-15,CB1226,PB1095,SB104,3,15.0,cash,2024-03-16,2024-03-31
TB106959,2024-05-29,CB1085,PB1041,SB101,2,10.0,CARD,2024-05-29,2024-06-03
TB106960,2025-12-15,CB1096,PB1037,SB116,2,10.0,Card,2025-12-17,2025-12-23
TB106961,2024-01-05,CB1023,PB1057,SB110,3,15.0,upi,2024-01-05,2024-02-01
TB106962,2025-09-16,CB1346,PB1007,SB114,1,15.0,CARD,2025-09-17,2025-09-23
TB106963,2023-11-27,CB1340,PB1081,SB118,9,20.0,net banking,2023-11-27,2023-12-16
TB106964,2025-07-22,CB1050,PB1001,SB117,3,10.0,cash,2025-07-22,2025-07-29
TB106965,2025-12-20,CB1188,PB1046,SB118,8,,Card,2025-12-20,2026-01-19
TB106966,2025-04-30,CB1310,PB1036,SB112,9,0.0,upi,2025-04-30,2025-05-05
TB106967,2023-05-05,CB1289,PB1091,SB117,9,10.0,upi,2023-05-07,2023-05-23
TB106968,2025-12-16,CB1318,PB1035,SB106,10,0.0,upi,2025-12-16,2026-01-14
TB106969,2025-10-14,CB1070,PB1100,SB101,5,5.0,Net Banking,2025-10-16,2025-11-02
TB106970,2024-06-06,CB1336,PB1115,SB111,10,,cash,2024-06-06,2024-06-12
TB106971,2024-01-21,CB1289,PB1087,SB115,5,5.0,upi,2024-01-22,2024-01-28
TB106972,2025-06-29,CB1026,PB1107,SB107,5,0.0,Card,2025-06-29,2025-07-19
TB106973,2024-08-19,CB1013,PB1079,SB103,1,5.0,net banking,2024-08-19,2024-08-27
TB106974,2024-04-05,CB1069,PB1038,SB108,4,5.0,UPI,2024-04-05,2024-04-17
TB106975,2025-11-22,CB1088,PB1040,SB109,8,,net banking,2025-11-24,2025-12-19
TB106976,2025-10-26,CB1249,PB1016,SB105,1,20.0,upi,2025-10-26,2025-11-21
TB106977,2023-12-09,CB1302,PB1056,SB103,9,20.0,UPI,2023-12-10,2023-12-25
TB106978,2023-10-28,CB1258,PB1108,SB106,10,0.0,net banking,2023-10-29,2023-11-25
TB106979,2023-11-30,CB1185,PB1023,SB102,10,,net banking,2023-12-01,2023-12-10
TB106980,2025-02-25,CB1183,PB1019,SB118,2,,CARD,2025-02-27,2025-03-17
TB106981,2023-06-24,CB1253,PB1065,SB112,8,20.0,upi,2023-06-24,2023-07-23
TB106982,2025-05-22,CB1274,PB1007,SB102,2,0.0,cash,2025-05-23,2025-06-03
TB106983,2024-07-19,CB1225,PB1050,SB102,8,5.0,upi,2024-07-20,2024-07-20
TB106984,2023-09-16,CB1174,PB1108,SB116,3,15.0,cash,2023-09-16,2023-09-19
TB106985,2023-07-08,CB1198,PB1111,SB114,4,0.0,cash,2023-07-08,2023-07-09
TB106986,2025-08-23,CB1330,PB1031,SB118,8,20.0,Cash,2025-08-24,2025-08-31
TB106987,2025-07-12,CB1138,PB1103,SB112,9,0.0,upi,2025-07-14,2025-08-09
TB106988,2025-03-06,CB1055,PB1023,SB103,3,0.0,Card,2025-03-06,2025-04-02
TB106989,2024-01-29,CB1170,PB1106,SB104,3,15.0,upi,2024-01-30,2024-02-05
TB106990,2023-10-13,CB1106,PB1097,SB103,1,20.0,UPI,2023-10-15,2023-11-05
TB106991,2023-11-12,CB1013,PB1047,SB102,8,5.0,Net Banking,2023-11-13,2023-11-17
TB106992,2025-07-19,CB1347,PB1045,SB106,3,20.0,Card,2025-07-21,2025-07-30
TB106993,2026-03-25,CB1173,PB1105,SB109,7,10.0,net banking,2026-03-25,2026-04-04
TB106994,2025-02-09,CB1309,PB1012,SB110,7,0.0,cash,2025-02-09,2025-03-06
TB106995,2024-12-25,CB1198,PB1044,SB108,4,0.0,cash,2024-12-27,2025-01-26
TB106996,2024-07-31,CB1082,PB1033,SB114,8,5.0,Net Banking,2024-07-31,2024-08-26
TB106997,2025-07-14,CB1210,PB1117,SB116,3,5.0,Net Banking,2025-07-15,2025-08-07
TB106998,2023-06-01,CB1302,PB1002,SB109,8,,cash,2023-06-02,2023-06-11
TB106999,2024-11-17,CB1088,PB1089,SB102,5,5.0,cash,2024-11-17,2024-12-11
TB107000,2025-05-24,CB1310,PB1058,SB118,5,10.0,UPI,2025-05-25,2025-05-29
TB106501,2023-03-24,CB1039,PB1004,SB112,4,10.0,cash,2023-03-26,2023-04-22
TB102945,2023-01-09,CB1329,PB1112,SB117,2,5.0,Net Banking,2023-01-09,2023-01-24
TB102025,2025-10-10,CB1142,PB1066,SB114,10,20.0,CARD,2025-10-11,2025-11-09
TB100264,2023-10-10,CB1340,PB1062,SB117,6,20.0,Net Banking,2023-10-12,2023-10-18
TB104351,2025-10-12,CB1251,PB1026,SB113,9,5.0,CARD,2025-10-14,2025-10-31
TB103425,2023-12-04,CB1004,PB1102,SB114,3,20.0,Cash,2023-12-06,2023-12-22
TB106749,2023-08-30,CB1335,PB1045,SB106,1,5.0,Card,2023-08-30,2023-09-01
TB106216,2023-04-28,CB1179,PB1058,SB117,7,5.0,CARD,2023-04-29,2023-05-19
TB106363,2024-05-02,CB1215,PB1023,SB114,6,15.0,UPI,2024-05-04,2024-06-01
TB105590,2023-12-04,CB1344,PB1054,SB101,8,5.0,net banking,2023-12-05,2024-01-02
TB100133,2024-04-20,CB1131,PB1086,SB101,8,10.0,net banking,2024-04-21,2024-05-11
TB106407,2026-02-28,CB1269,PB1014,SB107,10,5.0,CARD,2026-03-01,2026-03-06
TB104280,2023-11-12,CB1346,PB1022,SB118,4,0.0,net banking,2023-11-12,2023-11-19
TB102399,2026-01-18,CB1324,PB1090,SB109,10,,UPI,2026-01-20,2026-01-22
TB105713,2025-03-21,CB1158,PB1004,SB115,6,10.0,net banking,2025-03-21,2025-03-30
TB103255,2023-01-11,CB1271,PB1053,SB118,4,5.0,Net Banking,2023-01-11,2023-02-05
TB106027,2024-02-09,CB1212,PB1012,SB115,9,0.0,cash,2024-02-09,2024-02-20
TB102265,2023-04-22,CB1101,PB1112,SB115,9,5.0,Net Banking,2023-04-23,2023-05-06
TB101942,2023-09-28,CB1078,PB1014,SB117,3,0.0,Card,2023-09-29,2023-10-01
TB100764,2023-07-31,CB1012,PB1074,SB110,5,,CARD,2023-08-02,2023-08-26
